order_item_id,order_id,product_id,quantity,price_per_unit
1,18949,225,1,72.93
2,62561,182,1,551.45
3,30753,550,1,95.95
4,29195,277,1,161.99
5,77426,234,2,104.53
6,90160,450,4,101.61
7,89960,644,2,67.31
8,75112,827,1,161.51
9,89584,56,1,2429.03
10,90510,130,2,1270.67
11,41445,368,1,192.86
12,32501,790,1,418.19
13,62055,193,1,2329.58
14,73476,170,1,1435.76
15,9185,307,1,108.22
16,82116,501,1,345.02
17,70924,443,1,210.88
18,1044,738,1,140.26
19,42385,302,1,110.6
20,3814,416,1,237.73
21,56025,375,1,94.51
22,59914,144,1,893.7
23,72808,252,1,88.87
24,17764,417,1,183.3
25,87236,351,2,106.17
26,69560,593,1,38.05
27,13306,50,1,699.69
28,7569,676,1,195.28
29,52163,220,3,2128.96
30,37967,566,3,74.04
31,69487,367,1,217.01
32,1578,697,1,62.96
33,66858,847,2,82.79
34,12751,340,1,47.41
35,2082,505,2,338.31
36,11599,270,2,76.57
37,91761,232,1,106.09
38,52961,590,1,35.21
39,21298,208,1,1599.96
40,54380,16,2,697
41,80717,81,1,2179.45
42,30874,488,1,179.28
43,91307,549,2,67.03
44,34902,654,1,126.06
45,91289,55,1,1450.93
46,94024,316,1,139.67
47,12834,67,1,612.82
48,31112,674,1,91.61
49,80384,560,2,77.29
50,55799,165,1,493.52
51,1309,819,1,67.91
52,48621,638,1,57.93
53,31926,626,1,53.36
54,81616,801,1,280.08
55,51718,67,2,612.82
56,15952,416,1,237.73
57,4711,694,1,57.93
58,98688,540,2,32.85
59,28409,340,1,47.41
60,51098,672,1,160.18
61,41302,158,1,1853.29
62,1802,249,2,218.37
63,19529,112,1,654.43
64,73623,545,1,77.05
65,74729,166,1,2080.6
66,26884,528,3,45.58
67,8039,510,1,359.27
68,62591,30,1,358.22
69,19927,816,1,212.43
70,21286,659,1,109.2
71,62123,70,2,2884.14
72,58667,30,1,358.22
73,46431,194,1,1529.24
74,25653,604,1,28.08
75,30687,645,1,42.2
76,62863,774,1,175.76
77,77170,262,1,238.23
78,42875,182,1,551.45
79,52521,470,1,543.54
80,73760,545,1,77.05
81,98438,506,1,138.24
82,47670,254,2,79.63
83,54880,497,1,291.81
84,60777,712,1,101.6
85,18872,849,1,207.15
86,88648,178,1,1039.95
87,59584,298,1,66.54
88,99581,504,2,410.46
89,20233,612,4,99.88
90,63235,586,1,42.98
91,33190,334,2,50.93
92,73118,55,1,1450.93
93,10689,224,5,86.46
94,76050,379,1,410.89
95,90435,789,1,194.77
96,95026,564,3,14.35
97,13589,549,3,67.03
98,21820,111,1,875.42
99,6883,809,2,191.41
100,31422,584,1,50.02
101,49824,383,3,311.85
102,4512,693,1,89.35
103,56980,393,1,210.09
104,96475,811,1,465.41
105,47969,102,2,1536.79
106,68608,333,3,23.12
107,54959,572,1,97.56
108,34767,186,2,1591.62
109,2762,258,1,139.68
110,49299,766,1,229.2
111,84608,416,1,237.73
112,61884,836,1,182
113,46570,181,1,960.96
114,79733,81,1,2179.45
115,60151,820,1,158.47
116,44961,598,1,37.17
117,1642,248,1,220.15
118,54125,421,1,396.57
119,60468,504,1,410.46
120,59437,192,1,2315.69
121,91977,519,2,587.38
122,23832,429,1,202.76
123,16476,642,1,66.69
124,21780,636,1,81.59
125,99996,194,2,1529.24
126,7700,217,1,934.5
127,23530,312,2,43.29
128,52462,326,5,148.27
129,71331,690,1,51.49
130,55245,416,3,237.73
131,1291,85,1,910.42
132,93305,501,1,345.02
133,10721,194,1,1529.24
134,71547,547,1,31.12
135,64313,229,2,188.3
136,86243,430,4,118.66
137,2341,290,1,120.4
138,45151,127,2,2023.32
139,99809,469,1,160.55
140,17966,109,1,776.74
141,55026,735,1,70.91
142,9688,457,1,43.15
143,57552,210,2,653.61
144,17974,297,2,155.34
145,58098,115,1,1529.93
146,57750,271,1,164.71
147,8980,370,1,41.18
148,68178,122,3,2310.87
149,38028,847,1,82.79
150,54544,436,2,346.44
151,46712,599,2,38.98
152,73388,239,1,130.06
153,85848,502,1,271.9
154,9296,514,1,446.84
155,37187,472,1,553.66
156,62785,344,2,95.79
157,36804,713,1,84.65
158,78292,786,2,385.84
159,82183,135,2,2540.95
160,37125,779,1,285.39
161,90482,792,3,234.78
162,2103,29,1,1439.04
163,74646,635,1,40.19
164,75898,604,1,28.08
165,58443,43,1,310.32
166,84649,239,1,130.06
167,19440,336,1,33.43
168,67285,299,1,125.98
169,56643,611,3,20.37
170,90966,168,1,702.77
171,31116,716,1,170.57
172,46621,262,1,238.23
173,44266,789,2,194.77
174,78712,487,4,77.32
175,40323,149,1,376.32
176,48144,258,1,139.68
177,87043,107,1,1082
178,65900,621,1,38.29
179,18173,250,1,176.33
180,17794,437,2,95.45
181,22329,333,1,23.12
182,14519,5,1,644.02
183,43525,46,1,1597.63
184,67396,605,1,31.92
185,67296,783,1,136.46
186,82040,368,2,192.86
187,99936,415,1,313.17
188,69788,744,1,207.32
189,61760,467,1,180.84
190,86948,208,2,1599.96
191,18841,606,1,61.43
192,57615,493,2,178.11
193,35452,847,1,82.79
194,12401,121,2,1989.62
195,86690,190,1,798.17
196,91105,272,1,164.9
197,25315,659,1,109.2
198,71030,495,1,243.47
199,39777,401,1,111.92
200,65958,738,1,140.26
201,40549,577,2,34.72
202,77573,507,1,484.32
203,92351,682,1,59.6
204,35532,749,1,384.4
205,41363,547,4,31.12
206,91810,145,1,867.39
207,9381,377,2,431.36
208,18336,221,1,132.3
209,54630,468,3,448.77
210,96557,35,1,2688.65
211,18604,73,1,133.34
212,68694,708,1,138.81
213,67398,824,1,176.02
214,71648,36,3,1992.63
215,40270,490,1,466.11
216,19307,418,1,195.16
217,23339,26,1,1921.56
218,60389,841,2,37.29
219,48712,138,1,1696.84
220,68520,89,3,2273.66
221,85266,120,1,1327.9
222,39232,610,2,85.31
223,81774,371,1,110.74
224,30348,694,1,57.93
225,56493,240,1,61.03
226,86502,695,1,41.43
227,41838,376,3,191.89
228,7279,408,1,42.37
229,45991,527,4,57.31
230,20128,804,1,241.93
231,75879,160,1,1762.02
232,22049,452,2,281.11
233,35402,333,3,23.12
234,29709,173,1,1273.32
235,49931,123,1,922.12
236,12524,200,2,1905.88
237,93257,379,1,410.89
238,35061,569,1,118.44
239,5746,4,1,1452.58
240,49662,142,1,814.09
241,7383,602,1,45.99
242,26020,174,1,772.9
243,92793,630,1,43.94
244,63477,20,3,877.84
245,17434,489,1,526.38
246,81792,186,1,1591.62
247,87749,225,1,72.93
248,62262,90,1,1196.13
249,24234,502,1,271.9
250,86978,347,1,128.17
251,73240,414,1,287.44
252,66972,457,3,43.15
253,25222,561,1,86.98
254,63195,636,1,81.59
255,24016,339,4,101.75
256,36002,120,4,1327.9
257,61428,507,1,484.32
258,96225,534,3,70.5
259,71078,492,1,307.86
260,78455,113,1,2468.65
261,50673,135,1,2540.95
262,9608,255,1,59.87
263,50607,117,1,1977.83
264,39747,189,1,1308.31
265,50939,805,1,183.52
266,21489,330,3,70.71
267,12013,652,4,93.32
268,3874,603,1,37.61
269,63215,20,1,877.84
270,2240,583,4,64.38
271,21017,838,1,165.94
272,5846,414,4,287.44
273,4984,129,2,147.78
274,28107,17,1,899.25
275,12877,289,1,75.66
276,48279,761,1,107.7
277,35388,498,1,98.36
278,24458,352,2,177.33
279,93948,374,1,337.45
280,80863,654,2,126.06
281,11398,47,2,911.63
282,19081,787,1,233.8
283,3408,170,1,1435.76
284,59598,82,2,1507.07
285,55898,13,4,2070.93
286,80863,783,2,136.46
287,49682,314,2,217.82
288,98723,109,4,776.74
289,46416,172,1,220.1
290,76915,181,1,960.96
291,53618,410,1,105.83
292,43813,2,3,2587.65
293,80262,301,1,36.64
294,60035,633,1,89.89
295,36973,733,2,112.26
296,60604,68,4,1973.25
297,33048,73,2,133.34
298,18480,754,1,158.39
299,57084,638,1,57.93
300,40783,546,2,52.46
301,58392,605,2,31.92
302,18634,692,2,78.86
303,90660,513,1,506.02
304,68412,196,3,974.84
305,55484,457,1,43.15
306,69738,362,1,129.66
307,24845,31,1,1472.03
308,37664,370,3,41.18
309,45417,763,1,135.61
310,98554,630,1,43.94
311,69705,9,1,1457.94
312,28010,72,1,724.9
313,15872,32,1,672.62
314,50501,475,2,268.5
315,89837,518,2,408.38
316,11443,181,3,960.96
317,72176,781,1,274.7
318,50130,235,1,63.67
319,73420,412,3,525.95
320,74488,558,1,18.15
321,78078,275,2,107.44
322,55256,629,3,19.84
323,64886,251,1,76.69
324,61132,484,1,311.22
325,68685,321,1,113.48
326,79572,192,1,2315.69
327,59318,392,1,224.55
328,14863,372,1,52.26
329,9019,622,1,40.46
330,36796,21,2,1481.54
331,80949,320,2,71.03
332,70341,142,1,814.09
333,43442,103,3,916.04
334,25073,244,1,86.8
335,1560,63,1,2058.51
336,19807,585,1,78.72
337,52808,317,1,92.22
338,54631,716,1,170.57
339,86991,560,4,77.29
340,35340,29,1,1439.04
341,28159,557,2,33.37
342,17197,808,1,399.03
343,75141,257,1,204.86
344,33587,121,3,1989.62
345,78455,542,1,75.76
346,34984,509,1,525.62
347,15139,203,1,655.23
348,62805,420,1,373.76
349,59205,699,1,47.24
350,72394,581,2,61.28
351,91422,632,1,159.73
352,60637,791,1,108.25
353,84769,323,1,132.78
354,86260,132,1,765.52
355,97048,163,4,1530.22
356,99245,347,2,128.17
357,67087,634,1,92.64
358,50416,49,1,1342.93
359,79275,90,2,1196.13
360,85978,632,1,159.73
361,17585,493,3,178.11
362,78199,556,3,56.33
363,95919,423,1,105.79
364,59318,702,2,29.47
365,1610,126,2,1112.26
366,57922,205,1,1469.58
367,80905,624,1,63.62
368,19972,515,2,77.15
369,71236,723,2,32.72
370,74112,114,1,1991.76
371,8314,69,2,449.82
372,21746,366,1,89.01
373,99936,586,1,42.98
374,77321,143,2,1244.23
375,75431,733,1,112.26
376,5251,836,1,182
377,58734,462,1,321.21
378,91838,188,1,1360.41
379,93249,411,1,192
380,63681,713,1,84.65
381,14715,136,2,930.82
382,91245,59,4,353.67
383,6324,693,1,89.35
384,79563,52,4,1892.01
385,68576,828,1,161.68
386,69625,819,2,67.91
387,86846,59,1,353.67
388,68733,282,1,82.43
389,55185,621,1,38.29
390,33977,183,1,2443.07
391,45771,530,1,110.63
392,80930,277,4,161.99
393,2385,718,1,185.18
394,83762,572,2,97.56
395,12480,572,1,97.56
396,21939,449,1,211.58
397,47696,100,1,538.09
398,94916,697,1,62.96
399,83382,725,2,98.54
400,6171,408,3,42.37
401,1839,110,2,456.84
402,88498,543,1,42.06
403,20651,22,1,609.78
404,91432,842,1,262.8
405,10579,233,1,118.05
406,39008,815,2,360.06
407,12144,269,1,85.34
408,96633,374,1,337.45
409,32721,648,1,114.52
410,61386,286,1,31.89
411,52559,597,1,82.6
412,30753,244,1,86.8
413,89236,516,3,61.04
414,58337,112,1,654.43
415,23777,511,1,304.85
416,85790,298,2,66.54
417,90652,42,1,1240.21
418,1495,53,1,2521.54
419,62995,147,1,1476.49
420,19307,219,3,1567.32
421,13088,301,1,36.64
422,84184,197,2,1756.06
423,20464,508,1,416.15
424,47667,451,1,387.94
425,94376,622,1,40.46
426,28922,827,1,161.51
427,34256,76,1,1764.12
428,23161,619,1,100.91
429,84874,833,2,104.08
430,31027,611,2,20.37
431,8197,828,5,161.68
432,86022,799,2,275.79
433,64363,368,1,192.86
434,7813,228,1,89.98
435,12353,244,2,86.8
436,82669,838,1,165.94
437,42343,303,2,112.09
438,98186,306,2,226.09
439,52435,169,1,336.57
440,19389,278,1,130.88
441,74055,496,1,203.6
442,11346,296,1,109.15
443,82404,49,1,1342.93
444,85758,747,1,171.96
445,35035,249,1,218.37
446,33325,588,1,32.82
447,74797,677,1,40.98
448,1948,172,3,220.1
449,56856,670,2,62.57
450,12037,124,4,543.3
451,3583,557,2,33.37
452,73266,95,1,1879.95
453,82699,720,1,123.41
454,41923,309,1,161.23
455,87888,485,2,292.09
456,75830,415,1,313.17
457,34675,842,1,262.8
458,71015,700,3,85.88
459,66097,543,2,42.06
460,91193,367,1,217.01
461,54250,199,1,2273.14
462,53327,594,1,51.42
463,33627,372,1,52.26
464,29488,791,1,108.25
465,29727,760,1,316.13
466,72057,203,1,655.23
467,45979,438,1,415.7
468,74472,264,1,108.54
469,23691,311,1,96.54
470,66842,542,1,75.76
471,32466,712,1,101.6
472,12583,465,2,542.03
473,17557,218,1,1811.21
474,63858,214,2,769.16
475,52393,805,1,183.52
476,66368,87,1,1765.71
477,73740,456,2,254.58
478,2405,65,3,861.03
479,71818,318,2,60.45
480,93606,434,1,110.92
481,69616,205,1,1469.58
482,15445,640,1,73.07
483,30206,699,2,47.24
484,57799,267,1,139.87
485,41619,284,1,46.63
486,38000,335,2,35.02
487,61208,447,1,584.32
488,53354,144,1,893.7
489,37232,50,1,699.69
490,16747,597,1,82.6
491,15058,756,1,318.76
492,11001,511,1,304.85
493,1389,640,1,73.07
494,9997,289,1,75.66
495,53609,72,1,724.9
496,18368,389,1,372.78
497,26622,214,5,769.16
498,87008,618,1,45.85
499,13126,507,2,484.32
500,66476,812,1,342.03
501,8677,174,1,772.9
502,52563,823,1,158.01
503,2870,472,2,553.66
504,40335,451,3,387.94
505,87140,838,1,165.94
506,37289,796,4,361.44
507,29000,551,1,67.02
508,17059,408,1,42.37
509,82621,427,1,235.15
510,79785,84,1,416.48
511,44986,211,1,1347.08
512,78275,695,1,41.43
513,79485,90,1,1196.13
514,1674,791,1,108.25
515,10813,779,1,285.39
516,58337,662,1,198.38
517,68552,623,1,53.5
518,4039,158,3,1853.29
519,34951,462,1,321.21
520,88471,396,1,503.93
521,93654,277,1,161.99
522,71004,137,1,1286.59
523,50927,661,4,70.59
524,71934,590,2,35.21
525,63087,199,2,2273.14
526,72306,181,1,960.96
527,11481,760,1,316.13
528,51309,223,1,46.56
529,39542,531,1,101.94
530,31785,827,2,161.51
531,78922,810,2,94.15
532,83422,331,1,84.86
533,95848,151,1,2364.58
534,20974,224,3,86.46
535,13515,148,1,1254.83
536,66152,515,3,77.15
537,90154,150,3,857.31
538,71837,240,2,61.03
539,40486,92,1,1722.95
540,56511,334,1,50.93
541,71092,374,1,337.45
542,37057,186,1,1591.62
543,12338,747,1,171.96
544,7215,84,1,416.48
545,59856,392,1,224.55
546,8716,297,1,155.34
547,76311,492,4,307.86
548,41014,536,1,128.45
549,10783,731,1,48.57
550,79347,341,2,104.39
551,3524,825,4,218.42
552,96839,521,1,74.48
553,67561,650,1,88.13
554,22878,757,2,246.69
555,20329,209,1,128.3
556,76943,58,3,720
557,17135,655,1,79.63
558,11077,487,1,77.32
559,23360,745,1,131.36
560,89143,265,3,183.58
561,37408,59,1,353.67
562,23158,14,1,748.83
563,17418,133,1,566.35
564,67303,4,1,1452.58
565,96637,720,1,123.41
566,72651,493,1,178.11
567,45379,232,2,106.09
568,45428,451,1,387.94
569,82836,347,1,128.17
570,99181,674,1,91.61
571,26408,373,2,107.49
572,34818,833,1,104.08
573,6105,770,1,332.54
574,92155,469,1,160.55
575,22376,823,1,158.01
576,95867,776,4,107.12
577,21062,35,1,2688.65
578,13252,827,1,161.51
579,43457,520,1,133.3
580,63515,384,1,455.69
581,53705,750,1,248.2
582,24138,81,1,2179.45
583,9781,723,1,32.72
584,19627,251,1,76.69
585,11277,177,1,1666.57
586,75369,47,1,911.63
587,35083,597,1,82.6
588,51171,727,4,45.19
589,78270,519,3,587.38
590,83094,666,1,47.03
591,82226,37,4,899.87
592,70167,503,3,188.72
593,75983,475,1,268.5
594,34759,355,1,41.47
595,48685,96,1,1237.53
596,87867,847,1,82.79
597,18837,39,2,1650.03
598,43138,177,1,1666.57
599,30473,395,1,199.29
600,80888,211,1,1347.08
601,81295,455,3,115.87
602,92708,390,2,406.02
603,4466,732,1,139.82
604,82856,21,1,1481.54
605,54826,590,1,35.21
606,34533,35,1,2688.65
607,80376,113,1,2468.65
608,72901,112,1,654.43
609,75192,709,1,59.25
610,10749,475,2,268.5
611,17846,777,1,130.57
612,29981,526,2,62.16
613,13138,630,5,43.94
614,33165,666,5,47.03
615,11292,532,1,157.74
616,37214,453,1,228.77
617,17053,621,2,38.29
618,88502,792,1,234.78
619,58572,485,5,292.09
620,59216,664,1,57.36
621,49717,101,1,297.32
622,52683,807,1,406.4
623,48158,433,1,307
624,12685,105,1,2361.4
625,74976,841,1,37.29
626,60631,555,1,112.86
627,70624,624,2,63.62
628,81545,767,1,303.89
629,18830,826,1,394.47
630,26526,213,1,1572.75
631,58403,687,2,98.13
632,83128,797,1,404.47
633,84694,689,1,130.61
634,89043,199,1,2273.14
635,73980,420,1,373.76
636,9058,100,2,538.09
637,60400,526,1,62.16
638,86037,295,2,52.91
639,21294,244,1,86.8
640,34801,641,2,20.23
641,72512,522,2,54.38
642,22757,347,1,128.17
643,28143,375,2,94.51
644,26237,76,1,1764.12
645,76057,18,2,1298.49
646,21315,4,2,1452.58
647,99703,648,1,114.52
648,54501,578,2,123.63
649,93131,55,4,1450.93
650,18703,53,1,2521.54
651,30958,288,1,112.41
652,88952,725,1,98.54
653,54808,706,1,201.34
654,30981,530,2,110.63
655,88771,777,2,130.57
656,86996,828,1,161.68
657,39152,724,1,125.26
658,96216,459,1,85.05
659,47178,263,1,55.16
660,17133,396,1,503.93
661,32483,247,1,94.97
662,35731,226,1,70.24
663,92113,136,4,930.82
664,82265,741,1,194.97
665,2703,831,1,129.32
666,25715,699,2,47.24
667,14133,821,1,323.12
668,26018,613,1,78.12
669,65593,784,1,161.33
670,5999,193,1,2329.58
671,24955,432,3,378.9
672,1638,188,3,1360.41
673,35765,677,2,40.98
674,49749,534,3,70.5
675,7834,294,2,85.44
676,50599,670,2,62.57
677,61916,76,1,1764.12
678,57546,664,1,57.36
679,74832,415,1,313.17
680,4952,575,2,110.2
681,19745,20,2,877.84
682,72139,635,2,40.19
683,92989,490,1,466.11
684,41619,97,1,1294.45
685,66755,629,1,19.84
686,23212,177,1,1666.57
687,30328,207,1,522.28
688,38134,518,2,408.38
689,97288,618,1,45.85
690,64026,674,1,91.61
691,1643,223,2,46.56
692,47478,364,1,112.89
693,95620,309,2,161.23
694,72380,341,1,104.39
695,86727,829,2,292.82
696,44880,229,1,188.3
697,11747,813,1,98.39
698,18869,638,1,57.93
699,38971,330,4,70.71
700,86771,188,1,1360.41
701,33837,164,3,1320.66
702,1066,77,3,1880.83
703,82930,174,2,772.9
704,16637,209,1,128.3
705,68626,707,3,66.73
706,58333,450,1,101.61
707,89523,645,2,42.2
708,83969,563,1,33.62
709,83067,309,2,161.23
710,70453,253,1,175.8
711,24626,737,1,74.87
712,47698,648,1,114.52
713,27174,673,1,35.45
714,75361,290,2,120.4
715,18454,44,2,2369.39
716,50054,736,1,154.75
717,70955,850,1,237.95
718,16170,846,1,180.75
719,99464,19,2,1121.09
720,30076,26,3,1921.56
721,38034,714,1,77.2
722,52502,182,1,551.45
723,4568,108,2,1836.25
724,7265,406,1,470.57
725,16854,229,1,188.3
726,86134,198,3,2315.24
727,70878,696,1,103.81
728,36471,556,1,56.33
729,69175,610,1,85.31
730,77184,811,1,465.41
731,33279,753,1,249.45
732,76845,314,1,217.82
733,78876,431,1,130.19
734,64113,364,1,112.89
735,35617,136,1,930.82
736,14596,358,3,119.54
737,57521,632,1,159.73
738,23045,765,1,54.88
739,38575,757,1,246.69
740,9913,614,1,27.16
741,33310,198,1,2315.24
742,32067,276,1,105.92
743,61549,117,1,1977.83
744,35137,227,1,224.15
745,96675,686,1,96.04
746,91321,832,1,191.89
747,41083,279,1,140.86
748,84494,269,1,85.34
749,7089,185,1,823.93
750,32212,650,2,88.13
751,73873,558,1,18.15
752,98137,654,4,126.06
753,27627,591,1,33.88
754,5895,516,2,61.04
755,97871,60,1,934.39
756,64685,355,2,41.47
757,92881,531,1,101.94
758,78395,504,1,410.46
759,45978,409,2,479.24
760,83197,290,5,120.4
761,36805,305,3,145.78
762,88698,799,1,275.79
763,78989,288,1,112.41
764,14538,745,2,131.36
765,65411,772,1,346.25
766,43842,12,2,2721.53
767,32347,669,3,51.43
768,99649,575,1,110.2
769,21739,366,1,89.01
770,15708,315,1,171.61
771,20030,346,1,124.74
772,67144,444,1,209.61
773,33442,196,1,974.84
774,27034,825,1,218.42
775,56112,763,1,135.61
776,18276,582,2,141.03
777,20386,276,1,105.92
778,51773,355,1,41.47
779,46838,159,1,791.31
780,63579,353,3,132.5
781,15620,59,1,353.67
782,21222,16,1,697
783,63340,85,3,910.42
784,2534,433,1,307
785,51044,355,2,41.47
786,67361,174,2,772.9
787,6895,810,2,94.15
788,43456,451,1,387.94
789,20303,271,2,164.71
790,62247,552,2,108.39
791,90161,724,1,125.26
792,59782,817,1,236.52
793,45303,377,2,431.36
794,5484,29,1,1439.04
795,65291,819,1,67.91
796,88828,556,1,56.33
797,13908,99,2,268.9
798,5167,257,2,204.86
799,69995,249,1,218.37
800,75475,406,3,470.57
801,43748,23,1,879.34
802,34132,107,1,1082
803,69113,598,2,37.17
804,87021,76,1,1764.12
805,32067,385,2,364.27
806,28853,727,1,45.19
807,47862,679,1,187.47
808,86930,598,2,37.17
809,67603,134,1,955.11
810,55338,370,1,41.18
811,62081,481,1,312.06
812,32807,340,3,47.41
813,32927,405,1,192.25
814,34150,279,2,140.86
815,20708,756,1,318.76
816,41018,356,2,129.5
817,20052,13,1,2070.93
818,77494,542,1,75.76
819,98975,610,3,85.31
820,91360,33,1,421.17
821,19325,109,1,776.74
822,91236,92,1,1722.95
823,12194,758,1,217.14
824,8337,819,1,67.91
825,7041,216,1,790.68
826,18793,176,1,679.98
827,20822,123,2,922.12
828,54082,448,2,374.32
829,63491,297,2,155.34
830,11593,590,1,35.21
831,57288,806,1,292.37
832,49910,486,2,475.47
833,32110,354,2,58.86
834,94235,354,1,58.86
835,1789,363,1,99.37
836,21072,387,1,179.63
837,88695,9,1,1457.94
838,82432,623,1,53.5
839,2511,245,2,23.66
840,41827,502,1,271.9
841,38417,837,1,390.61
842,4103,484,1,311.22
843,53363,696,1,103.81
844,24210,390,1,406.02
845,88250,463,1,370.25
846,13012,787,1,233.8
847,29804,509,1,525.62
848,77289,316,2,139.67
849,19603,523,1,136.72
850,70436,154,1,1229.13
851,50966,561,1,86.98
852,62067,770,2,332.54
853,12965,802,1,107.98
854,63019,547,1,31.12
855,86893,585,1,78.72
856,21273,671,1,49.76
857,75081,837,1,390.61
858,71889,38,1,512.7
859,88555,725,1,98.54
860,45321,85,2,910.42
861,75878,174,1,772.9
862,68024,216,2,790.68
863,71557,643,2,54.43
864,36694,220,1,2128.96
865,78010,154,1,1229.13
866,48331,304,2,128.59
867,9817,805,1,183.52
868,21709,386,3,403.91
869,94201,765,2,54.88
870,29362,385,1,364.27
871,98778,539,1,60.5
872,63033,274,1,195.72
873,83754,261,1,124.59
874,12696,703,1,68.35
875,31405,142,1,814.09
876,66068,764,1,295.63
877,26633,499,1,561.17
878,90507,816,1,212.43
879,75783,295,1,52.91
880,88616,704,1,44.41
881,94338,411,2,192
882,55127,77,1,1880.83
883,62599,80,2,557.08
884,22155,107,1,1082
885,63586,453,1,228.77
886,57295,544,1,83.09
887,17217,82,1,1507.07
888,6836,717,1,143.37
889,24414,542,1,75.76
890,21289,738,1,140.26
891,95507,577,1,34.72
892,55161,492,2,307.86
893,4035,73,1,133.34
894,78906,530,2,110.63
895,37993,557,1,33.37
896,98047,582,1,141.03
897,31002,777,1,130.57
898,20476,670,1,62.57
899,29509,611,2,20.37
900,46045,380,2,179.57
901,83931,356,2,129.5
902,82393,519,1,587.38
903,83040,244,1,86.8
904,94655,66,4,1334.73
905,56549,272,1,164.9
906,86883,447,3,584.32
907,9584,77,1,1880.83
908,28406,600,1,20.67
909,21443,200,2,1905.88
910,8785,801,1,280.08
911,6713,455,4,115.87
912,12144,220,2,2128.96
913,36665,839,1,232.84
914,56978,251,1,76.69
915,19852,830,2,191.83
916,87062,215,1,1720.21
917,2710,226,2,70.24
918,35520,192,1,2315.69
919,40380,329,1,93.74
920,52261,547,1,31.12
921,32910,120,1,1327.9
922,42264,305,3,145.78
923,7545,707,2,66.73
924,56130,38,1,512.7
925,65348,116,1,2211.09
926,30325,465,1,542.03
927,53134,784,2,161.33
928,60178,132,1,765.52
929,73964,542,1,75.76
930,54621,679,1,187.47
931,13440,807,1,406.4
932,98278,229,1,188.3
933,51737,83,1,943.76
934,28033,32,1,672.62
935,58594,297,1,155.34
936,28394,233,2,118.05
937,39793,427,2,235.15
938,54847,139,1,999.63
939,27299,233,1,118.05
940,20785,172,1,220.1
941,97747,353,2,132.5
942,95642,143,2,1244.23
943,2881,701,3,92.7
944,39287,12,1,2721.53
945,62937,77,1,1880.83
946,11855,59,1,353.67
947,81418,291,1,30.01
948,68404,832,1,191.89
949,17827,175,1,1556.96
950,65296,23,1,879.34
951,22653,581,1,61.28
952,50500,626,1,53.36
953,21797,290,3,120.4
954,88212,349,3,87.41
955,60278,468,1,448.77
956,45313,350,1,126.51
957,75548,180,1,605.56
958,21793,639,3,60.83
959,10722,806,1,292.37
960,2140,100,1,538.09
961,9184,714,1,77.2
962,8348,790,1,418.19
963,55116,828,1,161.68
964,90211,845,1,106.71
965,42360,459,1,85.05
966,79981,749,3,384.4
967,78425,199,1,2273.14
968,69684,827,1,161.51
969,80737,536,1,128.45
970,94343,125,3,775.3
971,30263,411,1,192
972,63470,653,1,100.32
973,25118,12,1,2721.53
974,77149,800,2,396.56
975,62637,385,2,364.27
976,4462,749,1,384.4
977,16425,289,2,75.66
978,40163,742,2,149.39
979,24814,598,1,37.17
980,77489,463,5,370.25
981,63883,787,1,233.8
982,86459,301,1,36.64
983,97064,839,1,232.84
984,97830,667,1,58.31
985,63539,313,1,28.06
986,36339,401,1,111.92
987,85538,356,1,129.5
988,35061,688,1,62.01
989,51987,756,2,318.76
990,68590,30,1,358.22
991,12296,639,1,60.83
992,69315,30,5,358.22
993,95821,537,1,107.95
994,8798,125,2,775.3
995,34124,510,2,359.27
996,37588,307,2,108.22
997,15347,197,1,1756.06
998,83095,177,1,1666.57
999,96122,92,5,1722.95
1000,44222,666,2,47.03
1001,10442,730,1,48.49
1002,3433,827,2,161.51
1003,60532,42,1,1240.21
1004,18261,451,1,387.94
1005,53436,843,1,116.02
1006,2189,59,1,353.67
1007,79518,169,2,336.57
1008,62543,272,1,164.9
1009,99229,814,2,395.25
1010,73035,599,1,38.98
1011,11322,700,1,85.88
1012,63188,209,1,128.3
1013,20655,686,1,96.04
1014,13653,400,1,374.97
1015,75591,573,2,55.72
1016,59955,248,1,220.15
1017,30619,215,1,1720.21
1018,87318,662,1,198.38
1019,9072,436,1,346.44
1020,98102,426,1,277.42
1021,8866,786,1,385.84
1022,57953,371,2,110.74
1023,44189,803,1,231.37
1024,8647,368,2,192.86
1025,96887,195,1,957.51
1026,42594,711,1,128.83
1027,56643,102,3,1536.79
1028,4719,600,3,20.67
1029,42979,535,2,95.48
1030,17558,255,1,59.87
1031,83960,105,1,2361.4
1032,85718,15,1,694.06
1033,20745,739,1,80.56
1034,59781,350,1,126.51
1035,81345,656,2,43.4
1036,33427,396,3,503.93
1037,24947,178,1,1039.95
1038,15580,780,2,254.38
1039,96454,169,2,336.57
1040,76303,81,1,2179.45
1041,56046,127,1,2023.32
1042,97209,425,1,85.89
1043,32037,472,1,553.66
1044,74023,527,1,57.31
1045,42216,256,1,114.71
1046,14558,294,1,85.44
1047,82754,806,1,292.37
1048,12880,139,4,999.63
1049,38590,33,3,421.17
1050,77503,216,2,790.68
1051,78505,413,2,526.63
1052,92318,343,2,60.44
1053,73913,795,2,42.45
1054,28945,734,1,91.41
1055,67368,682,1,59.6
1056,71013,151,1,2364.58
1057,29386,97,2,1294.45
1058,57342,343,1,60.44
1059,86872,823,1,158.01
1060,7541,136,1,930.82
1061,37655,711,1,128.83
1062,82849,435,1,101.95
1063,6244,65,2,861.03
1064,30769,138,2,1696.84
1065,9089,503,2,188.72
1066,49577,668,1,48.09
1067,93605,485,2,292.09
1068,85869,52,2,1892.01
1069,47748,363,3,99.37
1070,68578,188,2,1360.41
1071,29257,431,1,130.19
1072,68363,253,3,175.8
1073,3929,453,1,228.77
1074,72309,418,2,195.16
1075,3247,288,2,112.41
1076,40775,677,2,40.98
1077,35510,131,1,1094.67
1078,81467,664,1,57.36
1079,57160,438,1,415.7
1080,83775,258,2,139.68
1081,13536,480,2,266.64
1082,5982,700,1,85.88
1083,39287,478,1,279.21
1084,21017,282,2,82.43
1085,20669,224,1,86.46
1086,69523,428,1,463.98
1087,72614,192,3,2315.69
1088,28806,803,3,231.37
1089,2722,176,1,679.98
1090,32785,245,1,23.66
1091,48603,543,1,42.06
1092,14955,411,3,192
1093,30199,790,1,418.19
1094,45496,750,1,248.2
1095,98948,554,2,71.05
1096,95147,379,2,410.89
1097,41334,44,1,2369.39
1098,94287,101,2,297.32
1099,77471,112,1,654.43
1100,24335,356,1,129.5
1101,84809,713,1,84.65
1102,6485,366,1,89.01
1103,68225,617,1,24.15
1104,20219,681,1,140.36
1105,21684,360,1,117.81
1106,39970,689,1,130.61
1107,2063,269,3,85.34
1108,92279,132,1,765.52
1109,21337,53,2,2521.54
1110,38596,487,1,77.32
1111,68360,649,1,134.51
1112,27229,688,1,62.01
1113,14596,387,1,179.63
1114,87652,721,1,173.77
1115,22343,777,1,130.57
1116,61304,636,1,81.59
1117,34208,176,1,679.98
1118,17889,636,1,81.59
1119,50799,211,2,1347.08
1120,31843,191,1,500.92
1121,98609,150,4,857.31
1122,7637,17,1,899.25
1123,10791,211,1,1347.08
1124,36805,365,1,207.2
1125,90583,111,1,875.42
1126,38544,492,1,307.86
1127,97125,840,3,251.11
1128,65867,276,2,105.92
1129,94623,122,2,2310.87
1130,38001,73,1,133.34
1131,99653,783,1,136.46
1132,42781,308,2,80.43
1133,20729,591,1,33.88
1134,10202,447,1,584.32
1135,12578,469,1,160.55
1136,30009,322,2,143.41
1137,61674,752,2,411.24
1138,96888,624,1,63.62
1139,22077,135,4,2540.95
1140,97805,778,1,286.32
1141,29714,159,2,791.31
1142,38681,34,1,2576.39
1143,56112,740,1,73.03
1144,27109,372,1,52.26
1145,1469,132,3,765.52
1146,4323,160,1,1762.02
1147,31491,456,1,254.58
1148,13653,677,3,40.98
1149,31709,199,1,2273.14
1150,90739,231,1,161.14
1151,74467,444,1,209.61
1152,12867,495,1,243.47
1153,68395,754,1,158.39
1154,29960,245,1,23.66
1155,9776,95,2,1879.95
1156,24114,54,2,2305.48
1157,77097,395,1,199.29
1158,92157,708,1,138.81
1159,78324,292,1,32.35
1160,65908,537,1,107.95
1161,6657,361,3,89.29
1162,5746,436,1,346.44
1163,51970,674,1,91.61
1164,22605,815,1,360.06
1165,15347,215,1,1720.21
1166,44015,521,1,74.48
1167,47018,372,3,52.26
1168,21377,142,1,814.09
1169,49978,583,1,64.38
1170,5062,674,2,91.61
1171,83053,467,1,180.84
1172,55438,257,1,204.86
1173,85133,363,1,99.37
1174,73276,88,1,1539.42
1175,55484,351,1,106.17
1176,35564,175,1,1556.96
1177,96491,53,2,2521.54
1178,4103,575,1,110.2
1179,7540,346,1,124.74
1180,90871,146,2,320.86
1181,28491,144,1,893.7
1182,93233,336,3,33.43
1183,68810,549,1,67.03
1184,72961,388,1,144.01
1185,95441,634,1,92.64
1186,25692,778,1,286.32
1187,56861,253,1,175.8
1188,60503,125,1,775.3
1189,68337,831,1,129.32
1190,83837,171,1,1633.75
1191,54008,288,2,112.41
1192,51354,147,1,1476.49
1193,18436,503,1,188.72
1194,38389,331,1,84.86
1195,93765,810,1,94.15
1196,95225,324,1,74.81
1197,71311,380,1,179.57
1198,12935,460,1,119.48
1199,97331,437,1,95.45
1200,22605,126,2,1112.26
1201,44727,636,1,81.59
1202,4096,297,1,155.34
1203,16941,20,1,877.84
1204,2272,321,1,113.48
1205,30751,320,1,71.03
1206,82760,153,1,621.19
1207,80198,432,1,378.9
1208,28288,271,1,164.71
1209,47078,466,2,211.09
1210,78343,33,1,421.17
1211,54669,615,1,112.27
1212,36725,736,1,154.75
1213,68508,339,1,101.75
1214,43329,707,1,66.73
1215,44950,170,1,1435.76
1216,97242,424,2,255.29
1217,30732,273,1,180.43
1218,69945,176,1,679.98
1219,21459,312,1,43.29
1220,23767,323,1,132.78
1221,60551,499,2,561.17
1222,34310,115,1,1529.93
1223,22395,105,1,2361.4
1224,17556,477,1,96.07
1225,80513,617,1,24.15
1226,83328,738,1,140.26
1227,91729,428,1,463.98
1228,4537,360,2,117.81
1229,47440,839,2,232.84
1230,15191,228,1,89.98
1231,86018,493,3,178.11
1232,29261,508,1,416.15
1233,55488,735,2,70.91
1234,98343,446,1,522.5
1235,71034,647,1,101.3
1236,26243,546,3,52.46
1237,82849,554,2,71.05
1238,15566,514,2,446.84
1239,48642,285,1,118.28
1240,32852,217,1,934.5
1241,92959,708,4,138.81
1242,35544,680,1,151.72
1243,93599,721,2,173.77
1244,20052,848,2,495.21
1245,4631,426,1,277.42
1246,72580,510,1,359.27
1247,47597,177,2,1666.57
1248,9231,83,1,943.76
1249,89782,201,1,1549.7
1250,49285,28,1,1277.56
1251,70116,832,2,191.89
1252,21430,1,1,1018.58
1253,64690,310,1,73.64
1254,25917,374,2,337.45
1255,37720,615,2,112.27
1256,79139,687,3,98.13
1257,77074,531,1,101.94
1258,21455,748,1,220.43
1259,16626,107,1,1082
1260,85285,325,1,213.64
1261,36160,101,1,297.32
1262,3043,752,2,411.24
1263,87304,393,1,210.09
1264,59846,801,1,280.08
1265,54284,258,1,139.68
1266,41403,694,1,57.93
1267,4214,310,2,73.64
1268,49978,544,2,83.09
1269,73035,151,1,2364.58
1270,12988,484,2,311.22
1271,27858,844,1,432.51
1272,98849,270,2,76.57
1273,18908,209,1,128.3
1274,51122,402,2,476.71
1275,68611,464,1,291.69
1276,42099,570,1,51.63
1277,17469,774,1,175.76
1278,84790,361,2,89.29
1279,32697,767,2,303.89
1280,7818,619,1,100.91
1281,53546,543,1,42.06
1282,96159,706,1,201.34
1283,12612,393,1,210.09
1284,26722,847,3,82.79
1285,28934,269,1,85.34
1286,67805,361,1,89.29
1287,4313,657,1,62.42
1288,19033,562,1,40.76
1289,34381,491,1,240.43
1290,37505,359,1,206.65
1291,13700,592,1,79.56
1292,1926,279,2,140.86
1293,93072,48,1,1289.14
1294,59111,760,1,316.13
1295,59920,215,1,1720.21
1296,81854,772,1,346.25
1297,35674,165,3,493.52
1298,84888,640,2,73.07
1299,65722,292,1,32.35
1300,83025,469,1,160.55
1301,41514,777,1,130.57
1302,36609,112,1,654.43
1303,71500,823,1,158.01
1304,15003,230,4,127.46
1305,67820,300,1,44.81
1306,80397,217,1,934.5
1307,57660,186,3,1591.62
1308,17091,460,2,119.48
1309,96778,557,1,33.37
1310,91484,820,1,158.47
1311,1558,342,1,101.64
1312,34228,345,2,90.74
1313,70695,585,1,78.72
1314,81951,117,2,1977.83
1315,7556,743,1,297.24
1316,83283,142,1,814.09
1317,27743,439,1,349.13
1318,93509,395,5,199.29
1319,71151,50,2,699.69
1320,67918,92,1,1722.95
1321,83762,84,1,416.48
1322,14068,443,1,210.88
1323,96475,378,1,57.89
1324,78802,9,1,1457.94
1325,87283,135,4,2540.95
1326,14744,834,3,115.52
1327,67260,688,1,62.01
1328,75791,721,1,173.77
1329,38613,423,1,105.79
1330,64877,361,2,89.29
1331,10202,53,1,2521.54
1332,89541,815,2,360.06
1333,38904,442,1,585.83
1334,50617,476,1,603.44
1335,58168,339,2,101.75
1336,96778,839,1,232.84
1337,81028,729,2,53.27
1338,7787,756,1,318.76
1339,55277,299,2,125.98
1340,50541,493,2,178.11
1341,55269,657,1,62.42
1342,45695,771,1,93.15
1343,11891,185,1,823.93
1344,21629,340,2,47.41
1345,32149,15,2,694.06
1346,91586,7,2,398.8
1347,3847,397,2,441.12
1348,37492,604,1,28.08
1349,31188,102,1,1536.79
1350,65569,12,1,2721.53
1351,38231,374,1,337.45
1352,68811,286,1,31.89
1353,77960,625,1,77.06
1354,43898,35,1,2688.65
1355,68696,476,2,603.44
1356,98836,598,2,37.17
1357,84143,378,1,57.89
1358,19444,643,1,54.43
1359,77079,27,1,726.61
1360,19385,66,1,1334.73
1361,5059,768,1,364.34
1362,32151,97,2,1294.45
1363,54554,717,2,143.37
1364,12569,20,1,877.84
1365,52413,827,1,161.51
1366,76861,321,1,113.48
1367,47484,816,1,212.43
1368,85396,552,1,108.39
1369,32510,126,1,1112.26
1370,66359,633,1,89.89
1371,92742,656,1,43.4
1372,40107,563,1,33.62
1373,80705,786,2,385.84
1374,72708,568,2,59.32
1375,54135,18,4,1298.49
1376,13881,15,4,694.06
1377,54246,459,2,85.05
1378,60893,98,3,1113.05
1379,75463,333,1,23.12
1380,56586,455,1,115.87
1381,48618,396,1,503.93
1382,69516,37,1,899.87
1383,97250,293,1,168.08
1384,24206,486,1,475.47
1385,9215,546,1,52.46
1386,26988,597,1,82.6
1387,97445,526,4,62.16
1388,88555,463,1,370.25
1389,81255,49,1,1342.93
1390,19756,310,1,73.64
1391,1906,389,1,372.78
1392,60386,516,1,61.04
1393,48553,343,3,60.44
1394,13972,85,1,910.42
1395,36495,628,2,92.54
1396,6733,17,1,899.25
1397,86079,192,2,2315.69
1398,5577,216,1,790.68
1399,36576,80,2,557.08
1400,64988,402,3,476.71
1401,16704,124,2,543.3
1402,96423,392,4,224.55
1403,92149,721,1,173.77
1404,58814,528,2,45.58
1405,9444,148,2,1254.83
1406,81088,524,1,106.66
1407,74260,494,1,148.01
1408,41413,833,1,104.08
1409,29640,138,1,1696.84
1410,48014,119,1,2295.88
1411,40220,582,1,141.03
1412,47171,714,1,77.2
1413,60894,194,3,1529.24
1414,45116,742,2,149.39
1415,11255,1,2,1018.58
1416,40201,568,1,59.32
1417,24991,143,1,1244.23
1418,43777,327,1,114.31
1419,72127,772,1,346.25
1420,37214,90,1,1196.13
1421,36466,6,1,643.98
1422,12932,767,5,303.89
1423,51845,89,1,2273.66
1424,96478,494,1,148.01
1425,17976,280,1,161.38
1426,65272,374,1,337.45
1427,33141,574,1,77.48
1428,55598,484,1,311.22
1429,43426,136,2,930.82
1430,56910,795,2,42.45
1431,63416,520,1,133.3
1432,87458,8,1,2190.96
1433,32750,203,2,655.23
1434,22369,605,2,31.92
1435,2500,250,1,176.33
1436,41304,381,1,119.17
1437,45540,630,3,43.94
1438,50893,485,1,292.09
1439,59811,400,1,374.97
1440,89871,407,1,216.15
1441,34434,139,1,999.63
1442,53108,460,1,119.48
1443,45093,406,2,470.57
1444,45734,51,2,2718.95
1445,73867,315,1,171.61
1446,87941,829,1,292.82
1447,45571,564,2,14.35
1448,39153,463,2,370.25
1449,97043,147,1,1476.49
1450,31829,796,2,361.44
1451,84840,439,1,349.13
1452,43290,675,3,77.03
1453,2307,392,1,224.55
1454,47128,251,2,76.69
1455,64668,601,1,36.85
1456,21284,849,2,207.15
1457,93695,643,1,54.43
1458,4510,336,1,33.43
1459,89182,741,1,194.97
1460,40318,112,1,654.43
1461,30493,216,1,790.68
1462,30659,597,2,82.6
1463,29923,174,1,772.9
1464,38692,157,1,1620.62
1465,72349,831,1,129.32
1466,30375,717,1,143.37
1467,80613,802,2,107.98
1468,58694,525,1,106.03
1469,5606,244,1,86.8
1470,31491,122,1,2310.87
1471,38001,10,2,1709.69
1472,86399,410,2,105.83
1473,89674,666,2,47.03
1474,58124,428,1,463.98
1475,71542,510,1,359.27
1476,62965,590,1,35.21
1477,82830,176,1,679.98
1478,42701,809,1,191.41
1479,16611,657,2,62.42
1480,31429,40,1,1136.17
1481,95409,4,1,1452.58
1482,37214,326,1,148.27
1483,61986,697,1,62.96
1484,41378,544,1,83.09
1485,25340,535,1,95.48
1486,80131,398,2,230.52
1487,39778,136,1,930.82
1488,8408,689,1,130.61
1489,14115,819,1,67.91
1490,77960,374,1,337.45
1491,35582,286,1,31.89
1492,83045,587,1,26.35
1493,76383,579,3,64.34
1494,92640,50,3,699.69
1495,24393,710,4,114.92
1496,65688,62,2,845.49
1497,85124,413,1,526.63
1498,85916,412,2,525.95
1499,23373,371,1,110.74
1500,88765,570,2,51.63
1501,23644,579,1,64.34
1502,24638,604,1,28.08
1503,23204,465,1,542.03
1504,14844,818,1,176.25
1505,47749,352,1,177.33
1506,61097,625,4,77.06
1507,28479,709,1,59.25
1508,64882,450,1,101.61
1509,26709,473,1,75.58
1510,69022,834,1,115.52
1511,57548,393,1,210.09
1512,93674,814,1,395.25
1513,78042,616,1,122.24
1514,85227,28,1,1277.56
1515,77176,395,1,199.29
1516,69839,401,2,111.92
1517,45373,24,1,1004.36
1518,65860,740,1,73.03
1519,68459,333,1,23.12
1520,98146,233,1,118.05
1521,1101,359,1,206.65
1522,80477,442,2,585.83
1523,3785,717,1,143.37
1524,28060,759,2,375.56
1525,73193,427,1,235.15
1526,98338,308,1,80.43
1527,43738,551,1,67.02
1528,36092,123,3,922.12
1529,5967,337,1,177.03
1530,82760,117,1,1977.83
1531,4637,511,1,304.85
1532,41334,27,2,726.61
1533,34852,802,1,107.98
1534,24056,415,1,313.17
1535,7540,134,2,955.11
1536,52550,401,1,111.92
1537,15213,461,1,118.87
1538,28748,744,1,207.32
1539,31299,159,2,791.31
1540,83221,453,1,228.77
1541,20265,100,1,538.09
1542,94642,170,1,1435.76
1543,44388,357,2,28.52
1544,26098,437,1,95.45
1545,24730,121,2,1989.62
1546,11935,370,4,41.18
1547,85547,203,2,655.23
1548,88206,186,1,1591.62
1549,21637,472,1,553.66
1550,4009,300,2,44.81
1551,53796,279,1,140.86
1552,21342,668,1,48.09
1553,73628,708,1,138.81
1554,58594,644,3,67.31
1555,79823,775,2,320.37
1556,84175,217,1,934.5
1557,84263,141,1,2665.48
1558,84555,191,4,500.92
1559,15416,687,1,98.13
1560,73278,521,1,74.48
1561,21498,55,1,1450.93
1562,15972,217,1,934.5
1563,54655,161,1,1006.83
1564,92542,726,1,145.95
1565,86162,777,1,130.57
1566,86968,582,1,141.03
1567,52777,258,2,139.68
1568,22519,777,1,130.57
1569,77779,762,1,152.14
1570,45539,186,1,1591.62
1571,71330,411,1,192
1572,28876,72,2,724.9
1573,66446,238,1,27.65
1574,82907,436,1,346.44
1575,11772,708,1,138.81
1576,70149,140,1,2736.66
1577,96469,55,1,1450.93
1578,98147,120,1,1327.9
1579,29359,839,5,232.84
1580,10522,41,1,571.32
1581,74737,142,1,814.09
1582,24440,421,1,396.57
1583,64944,820,1,158.47
1584,78168,664,2,57.36
1585,59261,823,2,158.01
1586,55520,77,1,1880.83
1587,40323,719,2,42.9
1588,55998,171,1,1633.75
1589,83737,760,3,316.13
1590,28514,588,1,32.82
1591,4217,281,1,187.62
1592,79416,183,1,2443.07
1593,60389,255,1,59.87
1594,13388,249,1,218.37
1595,37616,633,1,89.89
1596,80364,615,5,112.27
1597,78550,553,1,70.14
1598,54729,743,1,297.24
1599,88675,780,3,254.38
1600,41308,376,1,191.89
1601,28737,181,1,960.96
1602,55162,445,2,409.82
1603,93921,307,1,108.22
1604,19665,829,2,292.82
1605,49476,325,1,213.64
1606,79518,177,1,1666.57
1607,19774,464,1,291.69
1608,2394,718,2,185.18
1609,19018,130,2,1270.67
1610,16058,325,3,213.64
1611,80253,167,1,926.76
1612,16647,442,1,585.83
1613,48115,322,1,143.41
1614,11441,644,1,67.31
1615,63924,521,1,74.48
1616,33055,724,1,125.26
1617,9144,317,1,92.22
1618,30899,457,1,43.15
1619,82259,3,1,1772.05
1620,26022,607,1,40.2
1621,7678,524,1,106.66
1622,29199,126,1,1112.26
1623,7817,329,1,93.74
1624,32359,658,1,71.4
1625,74234,278,2,130.88
1626,38820,111,2,875.42
1627,26119,715,1,69.75
1628,33535,546,1,52.46
1629,31767,665,1,39.3
1630,79957,695,1,41.43
1631,8008,821,2,323.12
1632,99120,442,1,585.83
1633,35310,204,1,2321.47
1634,5908,347,1,128.17
1635,22639,754,1,158.39
1636,56575,432,1,378.9
1637,81584,72,2,724.9
1638,16429,834,1,115.52
1639,96721,329,1,93.74
1640,75416,557,1,33.37
1641,81078,724,1,125.26
1642,88559,611,1,20.37
1643,41023,827,1,161.51
1644,57969,338,1,141.2
1645,93475,242,1,213.16
1646,19860,419,1,332.33
1647,8298,151,1,2364.58
1648,40961,778,2,286.32
1649,2540,410,4,105.83
1650,31192,721,2,173.77
1651,69082,697,3,62.96
1652,90924,93,1,1850.93
1653,24894,283,2,87.55
1654,29000,439,1,349.13
1655,33673,358,2,119.54
1656,73168,553,1,70.14
1657,22888,539,1,60.5
1658,99221,306,2,226.09
1659,60178,828,1,161.68
1660,23122,122,1,2310.87
1661,38469,574,2,77.48
1662,74219,176,4,679.98
1663,6828,234,1,104.53
1664,49222,719,2,42.9
1665,46698,577,1,34.72
1666,99036,43,2,310.32
1667,29880,46,1,1597.63
1668,47538,325,1,213.64
1669,19117,456,3,254.58
1670,32828,105,2,2361.4
1671,19222,342,1,101.64
1672,37691,567,1,55.35
1673,77115,822,1,25.42
1674,27725,13,1,2070.93
1675,27238,259,1,116.9
1676,32486,39,1,1650.03
1677,7822,446,2,522.5
1678,59707,242,1,213.16
1679,20694,575,2,110.2
1680,1240,4,1,1452.58
1681,73171,705,1,32.06
1682,15145,82,1,1507.07
1683,49834,729,1,53.27
1684,48192,52,3,1892.01
1685,54838,657,1,62.42
1686,96056,677,1,40.98
1687,24088,70,1,2884.14
1688,52172,842,3,262.8
1689,12401,384,1,455.69
1690,61766,794,1,243.61
1691,64199,644,1,67.31
1692,93939,737,1,74.87
1693,46591,314,1,217.82
1694,12194,56,1,2429.03
1695,21393,95,2,1879.95
1696,78270,77,1,1880.83
1697,71552,649,2,134.51
1698,25241,574,1,77.48
1699,27224,520,4,133.3
1700,45149,337,2,177.03
1701,34278,99,2,268.9
1702,70672,637,2,92.71
1703,18169,101,2,297.32
1704,54900,530,3,110.63
1705,30617,627,1,61.59
1706,63920,672,1,160.18
1707,83953,501,1,345.02
1708,86396,642,2,66.69
1709,83152,715,2,69.75
1710,8474,609,2,65.41
1711,28248,483,1,240.01
1712,25323,827,1,161.51
1713,70582,72,1,724.9
1714,31808,529,1,23.4
1715,32965,354,3,58.86
1716,42701,60,1,934.39
1717,64265,832,1,191.89
1718,76226,470,2,543.54
1719,91450,160,2,1762.02
1720,18980,719,1,42.9
1721,57032,83,3,943.76
1722,62982,483,1,240.01
1723,23070,697,1,62.96
1724,66454,551,1,67.02
1725,47133,378,2,57.89
1726,37981,836,1,182
1727,58462,479,2,552.74
1728,50220,713,2,84.65
1729,11010,605,1,31.92
1730,4924,577,1,34.72
1731,49461,342,1,101.64
1732,82708,747,1,171.96
1733,90663,370,1,41.18
1734,41714,67,1,612.82
1735,8966,302,2,110.6
1736,1042,551,1,67.02
1737,52807,155,1,2869.59
1738,63714,470,2,543.54
1739,32854,781,1,274.7
1740,85236,844,1,432.51
1741,24874,121,1,1989.62
1742,78713,211,1,1347.08
1743,21873,156,1,798.5
1744,58299,114,2,1991.76
1745,33926,105,1,2361.4
1746,28149,642,1,66.69
1747,61278,428,1,463.98
1748,95805,824,1,176.02
1749,12668,724,1,125.26
1750,34567,765,1,54.88
1751,6221,434,1,110.92
1752,40612,747,1,171.96
1753,40791,748,2,220.43
1754,99998,385,1,364.27
1755,58583,631,1,120.31
1756,48077,311,1,96.54
1757,77024,360,1,117.81
1758,97886,732,1,139.82
1759,94295,82,1,1507.07
1760,86018,251,1,76.69
1761,93845,692,2,78.86
1762,21623,298,1,66.54
1763,21750,425,1,85.89
1764,56190,486,3,475.47
1765,26245,750,2,248.2
1766,76051,798,2,227.6
1767,80515,189,2,1308.31
1768,33706,3,2,1772.05
1769,92817,262,5,238.23
1770,22505,504,1,410.46
1771,59939,831,1,129.32
1772,28019,48,1,1289.14
1773,58261,626,1,53.36
1774,57411,370,1,41.18
1775,39367,306,1,226.09
1776,61423,542,1,75.76
1777,83750,277,1,161.99
1778,42973,831,1,129.32
1779,36486,739,1,80.56
1780,55167,463,1,370.25
1781,2730,244,2,86.8
1782,12648,78,1,448.34
1783,50820,86,2,934.14
1784,35018,355,1,41.47
1785,40817,607,1,40.2
1786,16806,71,1,1883.64
1787,30576,587,1,26.35
1788,65587,841,1,37.29
1789,73220,480,1,266.64
1790,46224,187,1,2020.76
1791,61429,756,2,318.76
1792,91624,493,1,178.11
1793,34592,354,1,58.86
1794,55325,313,1,28.06
1795,88817,209,2,128.3
1796,39538,83,2,943.76
1797,23334,263,1,55.16
1798,39759,484,1,311.22
1799,80305,421,1,396.57
1800,5973,3,1,1772.05
1801,90460,98,1,1113.05
1802,19304,736,1,154.75
1803,60276,806,1,292.37
1804,42497,352,1,177.33
1805,4949,645,3,42.2
1806,40005,488,2,179.28
1807,9678,346,1,124.74
1808,53163,397,1,441.12
1809,70219,165,1,493.52
1810,72955,598,4,37.17
1811,13770,381,1,119.17
1812,35520,549,2,67.03
1813,14626,433,2,307
1814,18327,192,1,2315.69
1815,45492,147,1,1476.49
1816,14179,363,1,99.37
1817,52798,563,1,33.62
1818,57469,211,1,1347.08
1819,89458,672,1,160.18
1820,67573,112,1,654.43
1821,72609,575,1,110.2
1822,45228,777,3,130.57
1823,83498,10,1,1709.69
1824,38125,223,3,46.56
1825,74863,33,1,421.17
1826,60326,761,2,107.7
1827,86199,504,3,410.46
1828,42905,771,1,93.15
1829,26533,745,1,131.36
1830,11696,480,2,266.64
1831,37354,786,1,385.84
1832,10864,35,1,2688.65
1833,69648,741,1,194.97
1834,94029,810,1,94.15
1835,19342,535,1,95.48
1836,70748,293,4,168.08
1837,80930,149,1,376.32
1838,94444,473,3,75.58
1839,23915,341,1,104.39
1840,24162,539,1,60.5
1841,98564,478,1,279.21
1842,30520,414,1,287.44
1843,11959,114,1,1991.76
1844,67433,585,1,78.72
1845,28846,539,1,60.5
1846,31804,848,1,495.21
1847,7832,27,1,726.61
1848,23840,559,3,93.58
1849,96460,52,1,1892.01
1850,57482,664,1,57.36
1851,98506,674,1,91.61
1852,89815,705,1,32.06
1853,36832,464,1,291.69
1854,58833,515,1,77.15
1855,2729,553,1,70.14
1856,12587,367,1,217.01
1857,91977,498,2,98.36
1858,91011,714,1,77.2
1859,24786,804,1,241.93
1860,68852,6,5,643.98
1861,71068,687,2,98.13
1862,15053,760,1,316.13
1863,23759,759,1,375.56
1864,49030,492,1,307.86
1865,38727,365,2,207.2
1866,69287,462,2,321.21
1867,86341,335,1,35.02
1868,33890,635,1,40.19
1869,62566,423,2,105.79
1870,92157,70,5,2884.14
1871,78389,24,1,1004.36
1872,5446,237,1,74.92
1873,49390,298,1,66.54
1874,45742,275,2,107.44
1875,22491,583,2,64.38
1876,75431,99,1,268.9
1877,27659,626,1,53.36
1878,30133,584,1,50.02
1879,60029,151,1,2364.58
1880,9997,579,1,64.34
1881,98138,283,1,87.55
1882,98978,594,2,51.42
1883,63571,204,1,2321.47
1884,26367,328,1,124.01
1885,52080,423,1,105.79
1886,85869,491,1,240.43
1887,52604,85,1,910.42
1888,44960,236,1,145.03
1889,20409,615,1,112.27
1890,92421,780,1,254.38
1891,38145,678,2,75.52
1892,75834,536,1,128.45
1893,27199,389,1,372.78
1894,5379,87,1,1765.71
1895,9372,340,1,47.41
1896,45140,275,1,107.44
1897,18436,799,1,275.79
1898,21943,124,1,543.3
1899,92437,608,1,52.97
1900,14884,558,1,18.15
1901,6432,601,1,36.85
1902,49951,753,3,249.45
1903,61654,565,1,51.83
1904,12146,610,1,85.31
1905,62508,20,1,877.84
1906,20686,21,1,1481.54
1907,71852,229,1,188.3
1908,97755,154,1,1229.13
1909,14793,843,1,116.02
1910,48287,406,1,470.57
1911,95546,33,1,421.17
1912,38882,783,2,136.46
1913,96639,26,2,1921.56
1914,21112,822,1,25.42
1915,18496,212,1,1668.95
1916,23692,640,1,73.07
1917,65092,673,2,35.45
1918,92749,555,1,112.86
1919,57122,10,1,1709.69
1920,60960,107,1,1082
1921,41975,769,2,160.34
1922,55282,295,1,52.91
1923,68995,157,1,1620.62
1924,98568,236,1,145.03
1925,60807,149,1,376.32
1926,28241,27,1,726.61
1927,94083,39,1,1650.03
1928,55731,71,1,1883.64
1929,73502,438,2,415.7
1930,57362,183,1,2443.07
1931,97700,809,2,191.41
1932,70973,96,1,1237.53
1933,66779,118,1,702.86
1934,39069,494,1,148.01
1935,31483,786,4,385.84
1936,53157,816,3,212.43
1937,64480,79,1,990.72
1938,12590,540,1,32.85
1939,7103,228,2,89.98
1940,3130,223,2,46.56
1941,1297,477,2,96.07
1942,39069,212,2,1668.95
1943,30720,6,1,643.98
1944,63686,336,1,33.43
1945,90696,467,1,180.84
1946,21629,551,2,67.02
1947,93768,360,2,117.81
1948,84874,386,1,403.91
1949,45212,461,1,118.87
1950,8874,402,1,476.71
1951,61536,331,2,84.86
1952,53544,819,1,67.91
1953,17629,596,2,62.64
1954,46439,794,1,243.61
1955,25578,547,1,31.12
1956,31816,74,3,2015.09
1957,28195,475,1,268.5
1958,20229,809,3,191.41
1959,87397,190,1,798.17
1960,7637,469,1,160.55
1961,18904,68,1,1973.25
1962,18890,665,2,39.3
1963,45539,685,1,170.52
1964,44015,617,1,24.15
1965,83702,700,1,85.88
1966,27380,1,1,1018.58
1967,46003,136,1,930.82
1968,73918,15,1,694.06
1969,50393,99,2,268.9
1970,24685,620,1,92.65
1971,18389,275,1,107.44
1972,80424,766,2,229.2
1973,49295,636,1,81.59
1974,57070,458,1,245.35
1975,41304,843,2,116.02
1976,75956,457,1,43.15
1977,79769,386,2,403.91
1978,54154,741,1,194.97
1979,4277,643,2,54.43
1980,27109,86,1,934.14
1981,30779,706,1,201.34
1982,7938,238,1,27.65
1983,47604,517,1,211.65
1984,78553,745,1,131.36
1985,22318,319,2,57.84
1986,68178,433,1,307
1987,15920,128,1,2170.64
1988,40802,631,1,120.31
1989,50822,636,4,81.59
1990,7259,810,3,94.15
1991,84730,480,2,266.64
1992,70348,46,1,1597.63
1993,79321,473,1,75.58
1994,40062,185,1,823.93
1995,6446,779,1,285.39
1996,33728,615,2,112.27
1997,33535,658,1,71.4
1998,98886,721,1,173.77
1999,87974,363,1,99.37
2000,73797,629,1,19.84
2001,59580,713,1,84.65
2002,69254,26,2,1921.56
2003,58933,822,2,25.42
2004,60276,730,1,48.49
2005,10186,698,1,99.51
2006,54429,424,1,255.29
2007,53713,25,1,1165.72
2008,61862,109,1,776.74
2009,85565,91,3,565.72
2010,86146,591,1,33.88
2011,68835,74,2,2015.09
2012,4164,33,1,421.17
2013,16862,280,1,161.38
2014,31377,58,1,720
2015,35317,126,1,1112.26
2016,92656,796,1,361.44
2017,57788,712,1,101.6
2018,99026,840,1,251.11
2019,53391,33,1,421.17
2020,41233,802,1,107.98
2021,47352,622,4,40.46
2022,70942,614,1,27.16
2023,51377,391,1,595.91
2024,17114,762,1,152.14
2025,5200,179,1,2506.19
2026,95982,809,1,191.41
2027,36013,625,1,77.06
2028,19391,663,1,103.09
2029,75273,616,1,122.24
2030,52456,390,1,406.02
2031,33289,404,1,418.74
2032,79540,27,1,726.61
2033,36181,25,2,1165.72
2034,48626,112,2,654.43
2035,99250,636,1,81.59
2036,31896,812,1,342.03
2037,52435,521,1,74.48
2038,88765,368,1,192.86
2039,59058,799,1,275.79
2040,93764,307,1,108.22
2041,11830,26,1,1921.56
2042,12239,152,1,794.45
2043,40921,537,3,107.95
2044,52037,35,1,2688.65
2045,78433,43,1,310.32
2046,24481,453,1,228.77
2047,11228,500,2,584.81
2048,53735,250,5,176.33
2049,70903,166,1,2080.6
2050,48699,105,1,2361.4
2051,19478,393,1,210.09
2052,99492,692,1,78.86
2053,81883,319,1,57.84
2054,13251,505,2,338.31
2055,10596,496,2,203.6
2056,8679,267,1,139.87
2057,31819,251,1,76.69
2058,66883,241,1,206.75
2059,5534,3,1,1772.05
2060,82108,679,2,187.47
2061,76836,412,3,525.95
2062,37464,755,1,103.54
2063,30613,794,1,243.61
2064,96895,207,4,522.28
2065,54630,762,1,152.14
2066,95686,823,1,158.01
2067,4991,457,1,43.15
2068,50665,608,1,52.97
2069,75650,384,2,455.69
2070,34345,437,2,95.45
2071,23089,495,1,243.47
2072,63759,702,1,29.47
2073,59058,473,1,75.58
2074,95796,843,3,116.02
2075,68537,8,1,2190.96
2076,45510,193,1,2329.58
2077,27835,52,1,1892.01
2078,99601,553,1,70.14
2079,70895,50,3,699.69
2080,21964,279,1,140.86
2081,46428,188,1,1360.41
2082,99594,733,2,112.26
2083,45085,199,1,2273.14
2084,73765,291,1,30.01
2085,47694,657,4,62.42
2086,50942,118,3,702.86
2087,50315,28,2,1277.56
2088,15733,182,2,551.45
2089,81425,366,1,89.01
2090,32983,286,1,31.89
2091,81399,418,1,195.16
2092,40650,427,2,235.15
2093,48925,772,1,346.25
2094,7076,315,1,171.61
2095,60686,330,1,70.71
2096,99452,782,1,220.16
2097,51222,328,3,124.01
2098,77544,444,1,209.61
2099,20229,593,1,38.05
2100,10633,346,2,124.74
2101,32700,216,4,790.68
2102,75873,445,2,409.82
2103,57506,38,1,512.7
2104,68566,181,2,960.96
2105,64405,255,1,59.87
2106,27764,196,1,974.84
2107,53285,115,2,1529.93
2108,43319,512,1,226.59
2109,50429,515,1,77.15
2110,4262,162,5,1527.43
2111,56725,632,1,159.73
2112,28740,288,1,112.41
2113,20583,507,1,484.32
2114,42346,98,1,1113.05
2115,71112,804,2,241.93
2116,25791,766,1,229.2
2117,46605,137,1,1286.59
2118,79342,500,1,584.81
2119,66216,153,3,621.19
2120,22682,230,2,127.46
2121,37965,402,2,476.71
2122,92672,153,3,621.19
2123,5120,644,2,67.31
2124,72932,471,2,44.33
2125,56541,686,5,96.04
2126,72498,292,3,32.35
2127,99465,424,1,255.29
2128,62587,37,1,899.87
2129,94737,726,1,145.95
2130,67333,609,3,65.41
2131,60503,213,1,1572.75
2132,34829,580,1,44.39
2133,48703,328,4,124.01
2134,43890,576,2,129.84
2135,84917,166,2,2080.6
2136,46208,184,2,2233.97
2137,66516,717,1,143.37
2138,47198,257,2,204.86
2139,58850,833,1,104.08
2140,16229,570,1,51.63
2141,8177,192,1,2315.69
2142,53134,514,1,446.84
2143,36462,436,1,346.44
2144,73719,767,1,303.89
2145,45490,1,2,1018.58
2146,24816,157,1,1620.62
2147,33192,137,1,1286.59
2148,48700,35,1,2688.65
2149,66289,712,1,101.6
2150,66957,810,1,94.15
2151,45778,201,1,1549.7
2152,10307,528,1,45.58
2153,98534,269,1,85.34
2154,15535,107,1,1082
2155,42713,323,2,132.78
2156,36587,275,1,107.44
2157,66303,191,1,500.92
2158,67728,643,1,54.43
2159,95148,520,3,133.3
2160,57735,121,1,1989.62
2161,56280,61,1,1043.37
2162,35894,274,1,195.72
2163,28300,47,1,911.63
2164,63634,483,2,240.01
2165,3374,175,1,1556.96
2166,62039,618,1,45.85
2167,27997,98,5,1113.05
2168,28567,617,2,24.15
2169,80669,790,2,418.19
2170,15626,722,1,50.76
2171,75069,164,1,1320.66
2172,79241,511,1,304.85
2173,85926,582,1,141.03
2174,60627,665,1,39.3
2175,44371,6,3,643.98
2176,85596,601,2,36.85
2177,18153,566,1,74.04
2178,67707,111,2,875.42
2179,53106,447,1,584.32
2180,83607,129,2,147.78
2181,34923,242,1,213.16
2182,47654,821,2,323.12
2183,98106,325,1,213.64
2184,29394,669,4,51.43
2185,47574,803,1,231.37
2186,78428,844,2,432.51
2187,19524,90,1,1196.13
2188,43341,45,1,825.27
2189,85768,567,2,55.35
2190,96107,221,1,132.3
2191,94689,355,1,41.47
2192,7494,231,1,161.14
2193,99826,691,1,66.88
2194,73163,551,1,67.02
2195,91099,275,1,107.44
2196,7618,128,1,2170.64
2197,87394,338,1,141.2
2198,25069,46,1,1597.63
2199,94213,654,1,126.06
2200,32551,31,1,1472.03
2201,12144,251,1,76.69
2202,42140,24,1,1004.36
2203,61099,713,1,84.65
2204,42800,440,2,100.41
2205,77059,745,2,131.36
2206,5741,252,1,88.87
2207,18725,614,4,27.16
2208,63210,594,1,51.42
2209,33942,684,1,112.82
2210,91553,163,1,1530.22
2211,51620,459,2,85.05
2212,58326,177,1,1666.57
2213,30334,376,1,191.89
2214,19311,714,1,77.2
2215,21180,31,1,1472.03
2216,41270,38,1,512.7
2217,56442,464,1,291.69
2218,98494,511,1,304.85
2219,43323,193,1,2329.58
2220,98054,534,2,70.5
2221,72852,154,1,1229.13
2222,64370,145,1,867.39
2223,11915,492,2,307.86
2224,9948,401,1,111.92
2225,82532,26,1,1921.56
2226,79026,550,1,95.95
2227,41489,345,1,90.74
2228,71581,8,1,2190.96
2229,62903,360,1,117.81
2230,19529,119,1,2295.88
2231,39251,800,1,396.56
2232,2183,575,1,110.2
2233,91703,440,2,100.41
2234,89996,645,1,42.2
2235,55635,100,1,538.09
2236,93279,453,1,228.77
2237,49740,53,1,2521.54
2238,66557,556,1,56.33
2239,24941,449,1,211.58
2240,97503,48,1,1289.14
2241,22749,129,2,147.78
2242,25353,256,3,114.71
2243,20333,254,2,79.63
2244,63504,822,1,25.42
2245,68889,351,1,106.17
2246,38854,511,1,304.85
2247,75395,258,1,139.68
2248,69291,308,1,80.43
2249,31964,680,2,151.72
2250,86525,711,1,128.83
2251,85838,461,1,118.87
2252,30705,565,2,51.83
2253,75727,469,1,160.55
2254,47234,671,1,49.76
2255,26620,209,1,128.3
2256,14875,800,3,396.56
2257,36816,223,2,46.56
2258,4367,507,1,484.32
2259,50995,808,1,399.03
2260,18770,748,2,220.43
2261,12602,564,1,14.35
2262,86883,319,5,57.84
2263,13019,775,1,320.37
2264,60260,495,2,243.47
2265,17267,108,2,1836.25
2266,66818,240,1,61.03
2267,18014,596,1,62.64
2268,33259,22,1,609.78
2269,69382,296,2,109.15
2270,60328,345,2,90.74
2271,90711,340,1,47.41
2272,14423,125,1,775.3
2273,93136,148,1,1254.83
2274,44727,597,1,82.6
2275,46022,782,1,220.16
2276,63056,176,1,679.98
2277,9566,22,1,609.78
2278,53134,632,1,159.73
2279,25238,96,1,1237.53
2280,94593,608,1,52.97
2281,56046,454,1,480.12
2282,75112,172,3,220.1
2283,53491,674,1,91.61
2284,93082,259,3,116.9
2285,80737,492,1,307.86
2286,56826,417,1,183.3
2287,91643,507,1,484.32
2288,70509,783,1,136.46
2289,45223,281,2,187.62
2290,65435,354,4,58.86
2291,18500,799,1,275.79
2292,85639,232,1,106.09
2293,8666,45,1,825.27
2294,80717,785,1,117.09
2295,80603,796,4,361.44
2296,9395,30,1,358.22
2297,67222,3,1,1772.05
2298,12162,55,4,1450.93
2299,64138,353,1,132.5
2300,69740,763,1,135.61
2301,20892,470,1,543.54
2302,53964,589,1,32.73
2303,87895,582,1,141.03
2304,74512,348,5,34.82
2305,44534,184,1,2233.97
2306,92099,295,1,52.91
2307,43502,480,1,266.64
2308,58321,284,2,46.63
2309,64329,490,1,466.11
2310,1571,592,1,79.56
2311,49754,448,1,374.32
2312,75643,741,1,194.97
2313,3787,475,1,268.5
2314,39010,561,1,86.98
2315,8696,367,1,217.01
2316,90102,811,1,465.41
2317,9388,382,1,344.3
2318,59181,311,2,96.54
2319,9012,415,4,313.17
2320,87430,453,2,228.77
2321,51293,123,1,922.12
2322,80791,58,3,720
2323,24583,673,2,35.45
2324,22978,10,1,1709.69
2325,4262,564,1,14.35
2326,11167,288,2,112.41
2327,37633,627,1,61.59
2328,8832,549,1,67.03
2329,4989,18,1,1298.49
2330,1433,287,3,100.46
2331,49737,438,1,415.7
2332,69521,684,2,112.82
2333,71756,640,2,73.07
2334,60970,597,1,82.6
2335,12809,690,2,51.49
2336,99274,702,1,29.47
2337,37364,797,1,404.47
2338,85209,244,3,86.8
2339,63542,692,1,78.86
2340,26838,561,2,86.98
2341,57984,474,2,466.85
2342,86904,21,1,1481.54
2343,95992,450,1,101.61
2344,8053,28,2,1277.56
2345,56556,295,2,52.91
2346,30741,723,1,32.72
2347,74882,783,2,136.46
2348,96641,272,1,164.9
2349,21012,144,1,893.7
2350,72235,130,2,1270.67
2351,61780,371,1,110.74
2352,40001,766,1,229.2
2353,84454,276,1,105.92
2354,62634,337,2,177.03
2355,96896,61,1,1043.37
2356,64060,559,1,93.58
2357,71649,642,2,66.69
2358,55298,397,2,441.12
2359,99966,163,2,1530.22
2360,98623,185,1,823.93
2361,53014,521,4,74.48
2362,75265,682,1,59.6
2363,39492,50,1,699.69
2364,54515,120,1,1327.9
2365,3459,596,1,62.64
2366,15879,329,2,93.74
2367,59969,150,1,857.31
2368,60278,256,2,114.71
2369,16398,759,1,375.56
2370,81372,398,1,230.52
2371,38441,630,1,43.94
2372,72073,184,1,2233.97
2373,85802,521,2,74.48
2374,59629,275,2,107.44
2375,16729,623,2,53.5
2376,44427,720,1,123.41
2377,12689,493,1,178.11
2378,68709,542,1,75.76
2379,74555,2,1,2587.65
2380,66403,455,1,115.87
2381,59477,312,1,43.29
2382,62354,134,1,955.11
2383,12216,792,1,234.78
2384,16914,241,1,206.75
2385,34534,357,1,28.52
2386,3247,281,1,187.62
2387,24207,383,1,311.85
2388,75923,466,1,211.09
2389,98668,486,3,475.47
2390,33247,284,4,46.63
2391,8556,708,1,138.81
2392,93227,835,1,205.95
2393,28049,768,1,364.34
2394,24482,538,2,43.54
2395,40077,317,1,92.22
2396,44186,778,1,286.32
2397,44318,35,1,2688.65
2398,4053,423,1,105.79
2399,29093,158,1,1853.29
2400,26471,697,1,62.96
2401,69022,78,2,448.34
2402,89097,712,1,101.6
2403,2275,133,1,566.35
2404,15980,403,4,259.54
2405,39157,317,1,92.22
2406,87174,674,1,91.61
2407,94376,646,1,158.39
2408,97508,217,1,934.5
2409,33105,782,1,220.16
2410,81138,54,1,2305.48
2411,3469,253,1,175.8
2412,11780,199,2,2273.14
2413,7017,758,2,217.14
2414,23612,684,1,112.82
2415,11443,700,1,85.88
2416,9800,121,2,1989.62
2417,10667,175,1,1556.96
2418,81349,419,1,332.33
2419,89925,170,1,1435.76
2420,25076,546,1,52.46
2421,39773,557,1,33.37
2422,94488,160,1,1762.02
2423,48411,156,1,798.5
2424,24947,783,2,136.46
2425,30287,415,1,313.17
2426,15252,723,1,32.72
2427,63878,246,1,201.57
2428,73614,695,5,41.43
2429,65101,579,2,64.34
2430,57648,3,1,1772.05
2431,23739,82,1,1507.07
2432,77899,817,2,236.52
2433,30172,330,1,70.71
2434,78415,695,1,41.43
2435,15671,326,1,148.27
2436,34718,766,1,229.2
2437,55214,387,2,179.63
2438,41819,142,1,814.09
2439,18121,344,1,95.79
2440,85713,529,1,23.4
2441,97517,220,1,2128.96
2442,33378,394,1,387.51
2443,63282,123,1,922.12
2444,88147,788,1,176.78
2445,99573,341,1,104.39
2446,80219,740,1,73.03
2447,29332,713,1,84.65
2448,16040,107,2,1082
2449,11476,317,2,92.22
2450,51594,648,1,114.52
2451,65303,89,1,2273.66
2452,5984,718,1,185.18
2453,35286,471,1,44.33
2454,86625,399,1,372.92
2455,55036,581,1,61.28
2456,86079,275,1,107.44
2457,78864,37,1,899.87
2458,33482,761,1,107.7
2459,80493,514,2,446.84
2460,8430,204,1,2321.47
2461,20056,189,1,1308.31
2462,33916,790,3,418.19
2463,53462,510,1,359.27
2464,29921,219,1,1567.32
2465,45243,831,2,129.32
2466,67756,605,3,31.92
2467,75482,848,1,495.21
2468,23563,293,1,168.08
2469,25954,236,1,145.03
2470,33298,191,1,500.92
2471,49348,450,1,101.61
2472,44534,576,1,129.84
2473,53863,733,1,112.26
2474,27608,145,4,867.39
2475,71127,2,1,2587.65
2476,16527,593,2,38.05
2477,19302,572,3,97.56
2478,87643,47,2,911.63
2479,98941,399,1,372.92
2480,66949,138,1,1696.84
2481,6516,638,1,57.93
2482,20686,783,1,136.46
2483,55086,686,1,96.04
2484,97943,838,1,165.94
2485,65428,142,1,814.09
2486,58547,624,1,63.62
2487,46977,524,1,106.66
2488,97288,285,2,118.28
2489,61109,122,1,2310.87
2490,81675,698,1,99.51
2491,32058,585,1,78.72
2492,1558,321,1,113.48
2493,53289,707,1,66.73
2494,16608,299,1,125.98
2495,48115,631,3,120.31
2496,62879,272,1,164.9
2497,14126,359,2,206.65
2498,40597,321,3,113.48
2499,75476,8,1,2190.96
2500,38356,609,3,65.41
2501,55136,425,1,85.89
2502,44434,118,1,702.86
2503,32855,335,1,35.02
2504,48398,719,1,42.9
2505,75740,19,1,1121.09
2506,46621,749,4,384.4
2507,54225,807,1,406.4
2508,82578,540,1,32.85
2509,29080,751,1,95.53
2510,58719,796,2,361.44
2511,18063,312,3,43.29
2512,44431,215,1,1720.21
2513,85189,316,1,139.67
2514,9231,64,1,987.78
2515,63477,825,1,218.42
2516,3691,552,1,108.39
2517,20420,330,1,70.71
2518,31003,705,2,32.06
2519,99283,112,4,654.43
2520,99058,7,2,398.8
2521,97355,633,3,89.89
2522,90071,630,1,43.94
2523,73488,275,1,107.44
2524,7521,789,1,194.77
2525,38983,161,1,1006.83
2526,1402,574,1,77.48
2527,95368,282,1,82.43
2528,53671,199,1,2273.14
2529,86988,452,1,281.11
2530,34957,186,1,1591.62
2531,4914,698,1,99.51
2532,68685,815,1,360.06
2533,75223,766,2,229.2
2534,65847,771,1,93.15
2535,22942,159,1,791.31
2536,96088,616,3,122.24
2537,94803,117,1,1977.83
2538,77318,827,1,161.51
2539,51942,665,1,39.3
2540,21077,200,2,1905.88
2541,46026,371,1,110.74
2542,49930,175,1,1556.96
2543,78879,814,1,395.25
2544,48454,553,1,70.14
2545,8036,810,1,94.15
2546,49504,284,2,46.63
2547,3519,496,1,203.6
2548,5104,623,1,53.5
2549,20561,410,1,105.83
2550,49031,637,1,92.71
2551,13653,655,2,79.63
2552,8529,371,1,110.74
2553,86100,54,2,2305.48
2554,4809,66,1,1334.73
2555,31050,777,1,130.57
2556,52593,74,1,2015.09
2557,68383,148,2,1254.83
2558,89911,19,4,1121.09
2559,77866,217,1,934.5
2560,20523,635,2,40.19
2561,75117,197,1,1756.06
2562,58452,476,2,603.44
2563,77237,595,1,116.88
2564,22849,759,1,375.56
2565,39343,644,1,67.31
2566,37774,382,1,344.3
2567,13353,534,1,70.5
2568,29907,336,1,33.43
2569,95448,89,4,2273.66
2570,80959,813,1,98.39
2571,28261,716,2,170.57
2572,62198,83,1,943.76
2573,83480,44,1,2369.39
2574,66732,214,2,769.16
2575,96896,671,3,49.76
2576,99706,708,1,138.81
2577,5757,149,1,376.32
2578,92793,630,1,43.94
2579,17359,362,2,129.66
2580,55339,48,1,1289.14
2581,20619,13,1,2070.93
2582,99881,107,2,1082
2583,67936,654,1,126.06
2584,67202,395,2,199.29
2585,75221,74,3,2015.09
2586,70766,52,1,1892.01
2587,41523,478,2,279.21
2588,29584,679,2,187.47
2589,97140,768,1,364.34
2590,6713,36,2,1992.63
2591,72673,5,1,644.02
2592,9981,534,2,70.5
2593,79863,184,1,2233.97
2594,12394,213,1,1572.75
2595,4211,550,2,95.95
2596,19222,36,1,1992.63
2597,20248,403,4,259.54
2598,54013,702,1,29.47
2599,65221,20,2,877.84
2600,60579,183,1,2443.07
2601,28398,605,4,31.92
2602,84586,200,1,1905.88
2603,15042,108,1,1836.25
2604,12403,25,1,1165.72
2605,46854,717,1,143.37
2606,36531,712,2,101.6
2607,58883,364,1,112.89
2608,29465,472,1,553.66
2609,17617,592,1,79.56
2610,9768,412,1,525.95
2611,19722,732,1,139.82
2612,15836,53,1,2521.54
2613,64020,378,1,57.89
2614,68056,306,1,226.09
2615,12688,443,2,210.88
2616,48685,434,1,110.92
2617,47299,307,1,108.22
2618,93224,288,1,112.41
2619,47621,405,2,192.25
2620,42064,32,1,672.62
2621,90489,722,1,50.76
2622,6778,521,1,74.48
2623,51826,567,4,55.35
2624,90915,22,1,609.78
2625,36947,448,2,374.32
2626,66016,789,1,194.77
2627,38947,615,1,112.27
2628,6490,775,1,320.37
2629,98055,97,2,1294.45
2630,1858,845,2,106.71
2631,79082,129,1,147.78
2632,73088,68,2,1973.25
2633,69922,261,3,124.59
2634,88393,29,1,1439.04
2635,62680,534,1,70.5
2636,13295,746,1,379.49
2637,87486,377,1,431.36
2638,81260,193,1,2329.58
2639,34965,751,2,95.53
2640,92427,357,1,28.52
2641,97986,830,1,191.83
2642,15287,758,1,217.14
2643,74158,159,2,791.31
2644,53811,204,1,2321.47
2645,38151,509,1,525.62
2646,86439,65,2,861.03
2647,58999,465,4,542.03
2648,65408,591,1,33.88
2649,19218,735,2,70.91
2650,1752,453,1,228.77
2651,46240,772,1,346.25
2652,97902,272,1,164.9
2653,54481,421,1,396.57
2654,45858,267,1,139.87
2655,86330,473,3,75.58
2656,67345,56,2,2429.03
2657,76452,38,1,512.7
2658,92394,210,1,653.61
2659,1487,742,1,149.39
2660,33658,437,1,95.45
2661,33773,59,1,353.67
2662,33905,133,1,566.35
2663,92037,577,1,34.72
2664,26913,516,1,61.04
2665,45411,579,1,64.34
2666,86947,478,2,279.21
2667,40278,831,2,129.32
2668,31425,501,1,345.02
2669,49216,12,1,2721.53
2670,78025,253,1,175.8
2671,56602,106,1,810.12
2672,16130,334,1,50.93
2673,44016,481,1,312.06
2674,23620,723,2,32.72
2675,5373,578,1,123.63
2676,22554,190,4,798.17
2677,45663,410,1,105.83
2678,64511,748,1,220.43
2679,38617,196,2,974.84
2680,4949,604,1,28.08
2681,12949,723,2,32.72
2682,36031,363,2,99.37
2683,83178,336,1,33.43
2684,21185,504,2,410.46
2685,57187,328,1,124.01
2686,68304,354,1,58.86
2687,98534,422,1,395.38
2688,60566,489,3,526.38
2689,51932,237,1,74.92
2690,90863,427,2,235.15
2691,63311,636,2,81.59
2692,5024,115,1,1529.93
2693,97281,136,1,930.82
2694,35917,437,1,95.45
2695,79027,784,1,161.33
2696,84209,624,2,63.62
2697,63461,280,1,161.38
2698,20106,708,1,138.81
2699,64048,741,1,194.97
2700,76574,103,1,916.04
2701,66151,156,1,798.5
2702,81968,558,1,18.15
2703,7326,630,1,43.94
2704,66130,586,1,42.98
2705,69136,181,1,960.96
2706,49891,659,1,109.2
2707,64210,640,2,73.07
2708,49624,283,1,87.55
2709,36301,689,2,130.61
2710,56629,91,1,565.72
2711,18792,446,1,522.5
2712,49702,463,2,370.25
2713,71544,338,1,141.2
2714,28300,202,3,476.93
2715,13510,574,1,77.48
2716,3147,659,2,109.2
2717,17344,542,1,75.76
2718,83056,350,2,126.51
2719,40995,345,1,90.74
2720,33697,444,1,209.61
2721,41670,277,1,161.99
2722,53860,260,1,47.28
2723,93145,713,2,84.65
2724,90574,293,3,168.08
2725,55074,498,2,98.36
2726,4084,345,1,90.74
2727,87859,404,1,418.74
2728,28864,108,1,1836.25
2729,96213,46,1,1597.63
2730,83349,555,3,112.86
2731,82091,759,1,375.56
2732,32536,756,1,318.76
2733,70448,262,1,238.23
2734,23852,231,1,161.14
2735,35729,606,1,61.43
2736,58119,815,3,360.06
2737,33515,764,1,295.63
2738,35088,238,1,27.65
2739,30080,635,1,40.19
2740,62160,16,4,697
2741,71769,87,3,1765.71
2742,48610,13,1,2070.93
2743,53892,641,2,20.23
2744,20902,210,1,653.61
2745,7731,709,1,59.25
2746,63421,272,1,164.9
2747,45369,711,1,128.83
2748,5484,25,1,1165.72
2749,5745,25,2,1165.72
2750,11457,349,1,87.41
2751,18560,659,1,109.2
2752,48771,496,1,203.6
2753,77618,100,1,538.09
2754,88229,260,1,47.28
2755,15928,738,1,140.26
2756,17599,407,2,216.15
2757,77831,569,1,118.44
2758,2136,580,1,44.39
2759,96640,630,1,43.94
2760,83005,493,1,178.11
2761,86539,422,2,395.38
2762,16092,645,3,42.2
2763,54254,722,2,50.76
2764,69535,86,1,934.14
2765,4054,611,3,20.37
2766,4010,481,1,312.06
2767,31482,182,3,551.45
2768,78607,312,2,43.29
2769,24560,676,1,195.28
2770,64878,288,1,112.41
2771,24755,677,1,40.98
2772,73449,779,1,285.39
2773,28565,655,2,79.63
2774,33895,647,1,101.3
2775,61851,753,2,249.45
2776,46054,701,1,92.7
2777,10784,780,1,254.38
2778,80220,130,2,1270.67
2779,53014,595,1,116.88
2780,64201,450,1,101.61
2781,25592,479,1,552.74
2782,46943,341,2,104.39
2783,34654,101,2,297.32
2784,80876,798,1,227.6
2785,55141,463,1,370.25
2786,85929,809,1,191.41
2787,59753,795,4,42.45
2788,34053,79,1,990.72
2789,10439,397,1,441.12
2790,65901,509,1,525.62
2791,9835,213,1,1572.75
2792,31228,286,2,31.89
2793,44310,87,4,1765.71
2794,88184,168,1,702.77
2795,52304,549,3,67.03
2796,73107,682,2,59.6
2797,91350,656,1,43.4
2798,29378,799,2,275.79
2799,9597,578,1,123.63
2800,18037,224,2,86.46
2801,36689,251,1,76.69
2802,11388,483,1,240.01
2803,94028,282,1,82.43
2804,48495,426,1,277.42
2805,34786,745,1,131.36
2806,36602,238,1,27.65
2807,21437,276,2,105.92
2808,59141,251,1,76.69
2809,43174,86,1,934.14
2810,72693,110,1,456.84
2811,38043,517,1,211.65
2812,34399,295,1,52.91
2813,17167,190,2,798.17
2814,74914,593,2,38.05
2815,91447,417,2,183.3
2816,1582,656,3,43.4
2817,75581,798,1,227.6
2818,6380,454,1,480.12
2819,94875,254,1,79.63
2820,77831,65,1,861.03
2821,61883,71,3,1883.64
2822,40126,640,3,73.07
2823,71546,315,1,171.61
2824,28968,122,1,2310.87
2825,12404,397,1,441.12
2826,17988,152,1,794.45
2827,37505,626,1,53.36
2828,40038,534,1,70.5
2829,58713,9,3,1457.94
2830,34769,819,2,67.91
2831,26025,688,2,62.01
2832,87540,679,2,187.47
2833,63791,442,1,585.83
2834,26497,820,1,158.47
2835,81842,227,2,224.15
2836,85984,670,1,62.57
2837,25199,26,1,1921.56
2838,96169,177,1,1666.57
2839,68149,536,4,128.45
2840,41153,772,1,346.25
2841,69194,668,2,48.09
2842,21218,10,2,1709.69
2843,83531,241,1,206.75
2844,83040,469,1,160.55
2845,60531,385,1,364.27
2846,72907,218,1,1811.21
2847,30281,183,1,2443.07
2848,62763,238,2,27.65
2849,13214,217,2,934.5
2850,12932,551,1,67.02
2851,46063,755,2,103.54
2852,27523,639,2,60.83
2853,62890,595,1,116.88
2854,57347,527,1,57.31
2855,51609,544,1,83.09
2856,77157,171,1,1633.75
2857,94874,173,2,1273.32
2858,14552,785,1,117.09
2859,5801,416,1,237.73
2860,64363,704,1,44.41
2861,29259,44,1,2369.39
2862,61488,754,1,158.39
2863,7785,624,1,63.62
2864,56358,326,1,148.27
2865,7699,769,1,160.34
2866,89854,644,1,67.31
2867,61548,615,2,112.27
2868,84018,576,1,129.84
2869,48865,787,1,233.8
2870,20229,322,1,143.41
2871,17817,658,1,71.4
2872,87774,463,1,370.25
2873,17317,43,2,310.32
2874,54336,621,1,38.29
2875,60891,553,1,70.14
2876,83099,659,2,109.2
2877,16448,722,1,50.76
2878,88249,309,1,161.23
2879,26257,623,4,53.5
2880,46241,310,1,73.64
2881,74515,132,1,765.52
2882,27034,34,1,2576.39
2883,72703,817,1,236.52
2884,73726,486,2,475.47
2885,63583,661,4,70.59
2886,93764,795,2,42.45
2887,38133,779,4,285.39
2888,74578,779,1,285.39
2889,9962,648,2,114.52
2890,43577,733,1,112.26
2891,92428,185,2,823.93
2892,11577,827,1,161.51
2893,55420,783,1,136.46
2894,44054,126,1,1112.26
2895,27416,165,1,493.52
2896,31531,171,1,1633.75
2897,74347,495,1,243.47
2898,82565,795,1,42.45
2899,89779,586,1,42.98
2900,91427,56,1,2429.03
2901,90531,10,1,1709.69
2902,2407,796,1,361.44
2903,30098,630,4,43.94
2904,39462,666,1,47.03
2905,43329,245,1,23.66
2906,79766,778,1,286.32
2907,97382,179,1,2506.19
2908,91056,264,1,108.54
2909,84170,201,1,1549.7
2910,48999,758,1,217.14
2911,33127,707,1,66.73
2912,11820,661,1,70.59
2913,38645,407,1,216.15
2914,45217,601,3,36.85
2915,57482,794,2,243.61
2916,2103,197,2,1756.06
2917,49080,325,1,213.64
2918,56301,381,1,119.17
2919,63602,117,1,1977.83
2920,22191,619,1,100.91
2921,65794,684,2,112.82
2922,21632,120,1,1327.9
2923,45224,781,2,274.7
2924,60434,562,2,40.76
2925,25727,721,1,173.77
2926,73677,673,1,35.45
2927,9339,788,4,176.78
2928,80460,630,1,43.94
2929,50864,442,1,585.83
2930,6744,802,1,107.98
2931,87231,47,1,911.63
2932,75655,787,1,233.8
2933,76293,784,1,161.33
2934,5295,126,1,1112.26
2935,69941,447,1,584.32
2936,96094,34,1,2576.39
2937,63549,452,3,281.11
2938,28861,627,2,61.59
2939,51062,695,2,41.43
2940,45048,684,1,112.82
2941,52712,551,1,67.02
2942,13188,814,1,395.25
2943,97943,722,1,50.76
2944,89429,216,1,790.68
2945,12869,627,1,61.59
2946,2453,725,3,98.54
2947,70453,504,2,410.46
2948,8281,240,2,61.03
2949,12396,409,2,479.24
2950,64467,332,3,152.61
2951,6108,366,3,89.01
2952,67060,104,1,1266.38
2953,32767,466,2,211.09
2954,15182,451,2,387.94
2955,35002,646,1,158.39
2956,6109,488,1,179.28
2957,1738,16,2,697
2958,74275,799,3,275.79
2959,10071,179,1,2506.19
2960,86220,573,1,55.72
2961,9003,91,2,565.72
2962,45624,153,1,621.19
2963,55897,7,1,398.8
2964,27174,835,1,205.95
2965,25466,730,2,48.49
2966,21595,377,3,431.36
2967,55668,209,1,128.3
2968,69652,334,1,50.93
2969,70365,708,1,138.81
2970,10442,693,1,89.35
2971,53596,99,1,268.9
2972,13563,615,1,112.27
2973,84008,752,1,411.24
2974,70138,120,1,1327.9
2975,76966,238,1,27.65
2976,52898,256,1,114.71
2977,11749,502,2,271.9
2978,2047,285,1,118.28
2979,27997,630,1,43.94
2980,80304,697,3,62.96
2981,25056,352,3,177.33
2982,59502,533,1,152.22
2983,89836,567,2,55.35
2984,86916,398,2,230.52
2985,52679,5,1,644.02
2986,94103,738,1,140.26
2987,81167,538,1,43.54
2988,34906,341,2,104.39
2989,6058,500,1,584.81
2990,99179,233,1,118.05
2991,64051,455,1,115.87
2992,60797,583,3,64.38
2993,96145,693,1,89.35
2994,78286,768,2,364.34
2995,80605,291,2,30.01
2996,95225,186,5,1591.62
2997,78773,758,1,217.14
2998,80465,635,1,40.19
2999,53229,754,1,158.39
3000,23091,109,1,776.74
3001,86502,154,1,1229.13
3002,98601,595,1,116.88
3003,90180,126,1,1112.26
3004,97540,817,1,236.52
3005,93303,73,1,133.34
3006,61889,111,1,875.42
3007,55657,687,1,98.13
3008,48775,312,1,43.29
3009,82043,201,1,1549.7
3010,3945,681,1,140.36
3011,72190,645,1,42.2
3012,59029,379,1,410.89
3013,64501,288,1,112.41
3014,86902,817,1,236.52
3015,59697,829,1,292.82
3016,53909,318,1,60.45
3017,76185,483,3,240.01
3018,68304,578,1,123.63
3019,11399,157,1,1620.62
3020,82199,687,2,98.13
3021,23625,78,1,448.34
3022,97886,66,1,1334.73
3023,42966,659,1,109.2
3024,31746,658,1,71.4
3025,52163,106,1,810.12
3026,85596,321,1,113.48
3027,46579,659,1,109.2
3028,43506,426,2,277.42
3029,92746,71,2,1883.64
3030,37163,677,1,40.98
3031,57148,626,1,53.36
3032,71243,417,4,183.3
3033,99409,53,1,2521.54
3034,44400,802,1,107.98
3035,6739,275,1,107.44
3036,70637,27,2,726.61
3037,87349,374,1,337.45
3038,11646,76,1,1764.12
3039,4776,357,1,28.52
3040,54990,780,1,254.38
3041,28737,6,1,643.98
3042,2285,438,1,415.7
3043,44527,245,1,23.66
3044,46502,475,1,268.5
3045,36885,204,2,2321.47
3046,46605,209,2,128.3
3047,72830,714,1,77.2
3048,75685,176,1,679.98
3049,90284,597,1,82.6
3050,3188,587,1,26.35
3051,82288,713,1,84.65
3052,59951,235,1,63.67
3053,58124,49,1,1342.93
3054,96042,42,1,1240.21
3055,59947,601,1,36.85
3056,79966,175,1,1556.96
3057,24178,727,1,45.19
3058,77329,450,1,101.61
3059,93782,300,1,44.81
3060,65958,124,1,543.3
3061,32425,376,1,191.89
3062,21258,179,4,2506.19
3063,43642,635,1,40.19
3064,77825,752,1,411.24
3065,94922,133,1,566.35
3066,35191,632,1,159.73
3067,79485,29,1,1439.04
3068,77129,24,1,1004.36
3069,56336,314,1,217.82
3070,52076,799,1,275.79
3071,62171,377,1,431.36
3072,20915,17,1,899.25
3073,66254,265,1,183.58
3074,90050,278,1,130.88
3075,91838,326,2,148.27
3076,61801,465,1,542.03
3077,39795,524,1,106.66
3078,3087,632,1,159.73
3079,85666,825,4,218.42
3080,24998,606,2,61.43
3081,34518,64,3,987.78
3082,11783,404,3,418.74
3083,33844,764,3,295.63
3084,96941,211,1,1347.08
3085,7106,315,3,171.61
3086,32348,713,1,84.65
3087,93717,681,1,140.36
3088,69671,528,1,45.58
3089,54906,458,1,245.35
3090,60554,494,1,148.01
3091,88059,806,2,292.37
3092,72570,291,1,30.01
3093,2906,638,2,57.93
3094,30771,375,2,94.51
3095,41278,722,2,50.76
3096,55153,586,1,42.98
3097,89174,387,2,179.63
3098,10867,750,1,248.2
3099,95763,199,1,2273.14
3100,59036,429,2,202.76
3101,31733,93,1,1850.93
3102,68290,508,1,416.15
3103,10658,676,1,195.28
3104,94689,448,1,374.32
3105,56919,484,1,311.22
3106,70375,189,1,1308.31
3107,61674,835,1,205.95
3108,37549,850,1,237.95
3109,32695,364,1,112.89
3110,45660,269,1,85.34
3111,2827,599,3,38.98
3112,20225,448,1,374.32
3113,87886,406,1,470.57
3114,59182,780,1,254.38
3115,89261,586,3,42.98
3116,7224,81,2,2179.45
3117,83926,605,2,31.92
3118,43329,266,1,148.88
3119,92421,336,3,33.43
3120,29563,194,1,1529.24
3121,51945,345,1,90.74
3122,61468,784,2,161.33
3123,27925,38,3,512.7
3124,3347,716,1,170.57
3125,44715,31,1,1472.03
3126,50273,101,2,297.32
3127,74288,352,1,177.33
3128,34544,359,1,206.65
3129,2264,816,1,212.43
3130,11438,77,1,1880.83
3131,5735,829,1,292.82
3132,97943,736,1,154.75
3133,9012,342,1,101.64
3134,11586,352,1,177.33
3135,78355,96,1,1237.53
3136,70590,840,1,251.11
3137,58981,470,3,543.54
3138,85354,698,2,99.51
3139,84765,69,1,449.82
3140,42652,457,1,43.15
3141,59998,586,3,42.98
3142,91399,573,1,55.72
3143,66472,1,2,1018.58
3144,71723,671,1,49.76
3145,43033,797,1,404.47
3146,96964,524,2,106.66
3147,79060,514,1,446.84
3148,6946,525,1,106.03
3149,68580,160,2,1762.02
3150,11966,714,4,77.2
3151,44984,404,1,418.74
3152,90472,314,1,217.82
3153,21665,128,1,2170.64
3154,56284,84,1,416.48
3155,72458,326,1,148.27
3156,1365,746,1,379.49
3157,90967,406,2,470.57
3158,71710,404,1,418.74
3159,41332,509,1,525.62
3160,29199,720,2,123.41
3161,14611,680,1,151.72
3162,49063,729,1,53.27
3163,41317,374,1,337.45
3164,8396,424,2,255.29
3165,65407,200,1,1905.88
3166,97317,103,1,916.04
3167,81119,108,1,1836.25
3168,19258,195,1,957.51
3169,36162,129,1,147.78
3170,36373,651,2,36.69
3171,28103,162,1,1527.43
3172,81700,596,1,62.64
3173,3976,360,1,117.81
3174,57442,488,1,179.28
3175,83745,74,3,2015.09
3176,94304,836,1,182
3177,42991,360,4,117.81
3178,60651,444,1,209.61
3179,8678,512,1,226.59
3180,63427,31,1,1472.03
3181,94703,401,4,111.92
3182,19774,742,1,149.39
3183,53089,285,1,118.28
3184,4160,752,1,411.24
3185,24317,58,1,720
3186,57367,389,1,372.78
3187,94703,647,1,101.3
3188,84064,337,1,177.03
3189,49875,46,1,1597.63
3190,28263,166,1,2080.6
3191,79716,425,2,85.89
3192,68138,130,1,1270.67
3193,30829,409,1,479.24
3194,56490,32,2,672.62
3195,64095,527,2,57.31
3196,97619,68,1,1973.25
3197,93189,496,1,203.6
3198,88298,657,2,62.42
3199,75133,395,1,199.29
3200,64167,298,1,66.54
3201,18918,629,2,19.84
3202,79241,614,1,27.16
3203,82452,285,1,118.28
3204,96238,331,1,84.86
3205,18133,390,1,406.02
3206,50277,143,1,1244.23
3207,51122,626,1,53.36
3208,52853,197,4,1756.06
3209,83460,533,3,152.22
3210,5239,409,1,479.24
3211,2398,110,4,456.84
3212,41781,660,1,98.01
3213,11698,713,1,84.65
3214,89030,109,1,776.74
3215,15751,265,2,183.58
3216,44666,386,1,403.91
3217,66891,772,1,346.25
3218,64738,639,1,60.83
3219,18009,343,2,60.44
3220,32113,419,1,332.33
3221,28139,464,3,291.69
3222,18557,467,1,180.84
3223,30387,479,2,552.74
3224,85232,416,1,237.73
3225,61646,467,1,180.84
3226,90607,333,1,23.12
3227,56236,779,2,285.39
3228,16278,355,1,41.47
3229,27420,542,1,75.76
3230,17381,39,1,1650.03
3231,88108,677,1,40.98
3232,88470,130,2,1270.67
3233,17187,477,1,96.07
3234,35360,402,1,476.71
3235,13879,584,1,50.02
3236,71222,733,1,112.26
3237,26762,12,1,2721.53
3238,76582,775,1,320.37
3239,4966,220,1,2128.96
3240,27367,242,1,213.16
3241,13274,114,1,1991.76
3242,74220,356,1,129.5
3243,58072,235,1,63.67
3244,62358,740,2,73.03
3245,36608,387,1,179.63
3246,15778,289,1,75.66
3247,74814,296,1,109.15
3248,71078,206,1,167.72
3249,68337,133,2,566.35
3250,66703,314,2,217.82
3251,53599,605,1,31.92
3252,61558,110,1,456.84
3253,82737,574,1,77.48
3254,83187,44,1,2369.39
3255,62782,381,1,119.17
3256,20729,346,1,124.74
3257,29631,677,2,40.98
3258,41484,748,1,220.43
3259,56703,55,4,1450.93
3260,87848,399,1,372.92
3261,17964,22,2,609.78
3262,2020,815,1,360.06
3263,38219,413,1,526.63
3264,97157,785,1,117.09
3265,91156,388,1,144.01
3266,19611,184,1,2233.97
3267,20477,506,1,138.24
3268,30090,551,1,67.02
3269,59751,378,3,57.89
3270,85645,769,1,160.34
3271,12381,585,1,78.72
3272,85821,121,1,1989.62
3273,86364,804,1,241.93
3274,69819,638,1,57.93
3275,65668,555,1,112.86
3276,12637,86,1,934.14
3277,61331,666,2,47.03
3278,48867,655,1,79.63
3279,29140,756,2,318.76
3280,67632,217,3,934.5
3281,55640,604,2,28.08
3282,14759,17,2,899.25
3283,44883,494,1,148.01
3284,21489,744,1,207.32
3285,58093,166,2,2080.6
3286,40082,450,2,101.61
3287,58462,386,2,403.91
3288,80052,484,1,311.22
3289,55332,8,1,2190.96
3290,38784,258,2,139.68
3291,14166,51,2,2718.95
3292,71513,433,1,307
3293,72271,697,1,62.96
3294,80394,746,4,379.49
3295,15771,353,2,132.5
3296,32425,370,1,41.18
3297,57625,37,1,899.87
3298,74076,734,1,91.41
3299,28202,423,1,105.79
3300,55241,754,1,158.39
3301,69151,410,2,105.83
3302,76135,786,1,385.84
3303,68194,213,1,1572.75
3304,33255,361,3,89.29
3305,15459,305,1,145.78
3306,43533,718,2,185.18
3307,99916,275,1,107.44
3308,59058,152,1,794.45
3309,21968,728,1,135.75
3310,88284,466,1,211.09
3311,47567,324,2,74.81
3312,63671,47,1,911.63
3313,66433,18,1,1298.49
3314,58043,675,1,77.03
3315,77916,199,1,2273.14
3316,36840,531,1,101.94
3317,93291,534,3,70.5
3318,12671,442,2,585.83
3319,13472,182,1,551.45
3320,78053,595,2,116.88
3321,96924,644,1,67.31
3322,51299,314,1,217.82
3323,50856,147,1,1476.49
3324,43762,559,1,93.58
3325,5197,350,1,126.51
3326,94961,622,3,40.46
3327,87430,244,1,86.8
3328,41365,670,1,62.57
3329,16143,354,1,58.86
3330,41191,785,1,117.09
3331,67624,141,2,2665.48
3332,6862,416,1,237.73
3333,60000,324,4,74.81
3334,83046,395,1,199.29
3335,37649,640,1,73.07
3336,95111,399,1,372.92
3337,62734,612,2,99.88
3338,7807,579,1,64.34
3339,23405,250,1,176.33
3340,96311,396,1,503.93
3341,59744,42,2,1240.21
3342,9611,45,1,825.27
3343,97796,643,1,54.43
3344,4604,822,1,25.42
3345,20232,625,1,77.06
3346,7239,80,2,557.08
3347,20099,779,2,285.39
3348,2296,732,1,139.82
3349,27818,413,1,526.63
3350,48929,378,2,57.89
3351,55458,9,1,1457.94
3352,90410,787,1,233.8
3353,13906,497,1,291.81
3354,41141,179,1,2506.19
3355,68380,674,1,91.61
3356,12014,445,1,409.82
3357,58326,573,1,55.72
3358,39297,608,1,52.97
3359,20104,280,2,161.38
3360,45123,769,2,160.34
3361,92024,90,1,1196.13
3362,52025,757,2,246.69
3363,89113,756,3,318.76
3364,22736,74,1,2015.09
3365,1073,290,1,120.4
3366,5536,331,2,84.86
3367,16535,669,1,51.43
3368,5876,525,1,106.03
3369,76648,784,1,161.33
3370,82979,747,1,171.96
3371,52850,404,2,418.74
3372,93040,328,1,124.01
3373,97796,838,1,165.94
3374,34202,701,1,92.7
3375,71915,247,3,94.97
3376,3654,15,1,694.06
3377,82472,747,1,171.96
3378,72566,248,3,220.15
3379,31511,728,1,135.75
3380,74814,164,3,1320.66
3381,79232,540,1,32.85
3382,18445,751,1,95.53
3383,46045,556,2,56.33
3384,15307,672,1,160.18
3385,22594,330,1,70.71
3386,25534,840,2,251.11
3387,20984,426,1,277.42
3388,9052,127,1,2023.32
3389,94116,806,1,292.37
3390,59642,297,3,155.34
3391,81089,210,1,653.61
3392,43539,351,1,106.17
3393,88542,580,1,44.39
3394,95172,479,2,552.74
3395,64410,562,1,40.76
3396,96355,142,2,814.09
3397,82554,672,2,160.18
3398,43255,483,2,240.01
3399,57561,620,5,92.65
3400,20699,634,1,92.64
3401,20955,220,1,2128.96
3402,29249,328,1,124.01
3403,87791,62,1,845.49
3404,36128,181,1,960.96
3405,74705,698,2,99.51
3406,67916,526,3,62.16
3407,60489,585,1,78.72
3408,16325,101,1,297.32
3409,18982,151,1,2364.58
3410,45785,377,1,431.36
3411,50972,345,2,90.74
3412,16932,679,1,187.47
3413,87085,679,4,187.47
3414,44501,69,2,449.82
3415,12185,359,1,206.65
3416,85053,510,1,359.27
3417,66589,491,3,240.43
3418,56905,618,3,45.85
3419,42558,831,1,129.32
3420,56168,273,1,180.43
3421,93599,750,1,248.2
3422,49262,225,1,72.93
3423,79111,61,2,1043.37
3424,20560,254,1,79.63
3425,45631,46,1,1597.63
3426,73306,453,1,228.77
3427,2897,800,1,396.56
3428,55205,591,1,33.88
3429,22613,683,1,49.44
3430,37408,593,1,38.05
3431,75003,121,2,1989.62
3432,18464,251,1,76.69
3433,86214,555,1,112.86
3434,10617,95,1,1879.95
3435,47361,234,1,104.53
3436,40030,588,2,32.82
3437,95082,834,1,115.52
3438,10439,166,1,2080.6
3439,26426,690,5,51.49
3440,11691,768,1,364.34
3441,76157,649,1,134.51
3442,42934,820,3,158.47
3443,63846,157,3,1620.62
3444,19838,223,1,46.56
3445,95013,161,1,1006.83
3446,53462,831,2,129.32
3447,25603,746,2,379.49
3448,44009,204,1,2321.47
3449,16133,390,4,406.02
3450,36506,669,1,51.43
3451,46545,419,1,332.33
3452,29068,21,3,1481.54
3453,27035,143,5,1244.23
3454,76105,467,2,180.84
3455,6165,221,1,132.3
3456,63529,616,4,122.24
3457,88279,834,1,115.52
3458,28509,829,1,292.82
3459,77035,39,1,1650.03
3460,2862,704,2,44.41
3461,43567,203,1,655.23
3462,11822,165,1,493.52
3463,45297,350,1,126.51
3464,88529,518,3,408.38
3465,98167,614,1,27.16
3466,50611,372,2,52.26
3467,71172,607,1,40.2
3468,99434,253,3,175.8
3469,29548,413,5,526.63
3470,46886,151,1,2364.58
3471,7298,540,2,32.85
3472,61457,528,1,45.58
3473,2534,183,1,2443.07
3474,58814,451,1,387.94
3475,26348,10,1,1709.69
3476,81418,21,1,1481.54
3477,96718,498,1,98.36
3478,47840,391,1,595.91
3479,53228,193,1,2329.58
3480,74605,410,1,105.83
3481,48683,342,3,101.64
3482,92950,91,1,565.72
3483,80537,804,1,241.93
3484,57260,305,2,145.78
3485,44666,31,1,1472.03
3486,57922,661,1,70.59
3487,65449,390,2,406.02
3488,47375,196,1,974.84
3489,26869,778,1,286.32
3490,29769,93,2,1850.93
3491,99377,46,4,1597.63
3492,92857,420,1,373.76
3493,40921,494,1,148.01
3494,73515,623,2,53.5
3495,27644,416,2,237.73
3496,59751,513,1,506.02
3497,68291,79,1,990.72
3498,87933,725,1,98.54
3499,49978,82,2,1507.07
3500,32992,484,4,311.22
3501,64012,536,1,128.45
3502,6664,452,1,281.11
3503,5720,360,1,117.81
3504,27763,582,1,141.03
3505,40948,310,1,73.64
3506,25164,86,1,934.14
3507,73433,497,1,291.81
3508,89645,530,1,110.63
3509,24827,200,4,1905.88
3510,39875,792,3,234.78
3511,19129,332,2,152.61
3512,96507,274,1,195.72
3513,24068,652,1,93.32
3514,91216,112,2,654.43
3515,29765,428,1,463.98
3516,39666,310,1,73.64
3517,61218,260,2,47.28
3518,20175,827,1,161.51
3519,4081,145,1,867.39
3520,87067,150,1,857.31
3521,11060,544,1,83.09
3522,17144,535,3,95.48
3523,72760,699,1,47.24
3524,63491,684,1,112.82
3525,84454,136,2,930.82
3526,5745,785,1,117.09
3527,32469,182,3,551.45
3528,95256,141,1,2665.48
3529,74460,726,1,145.95
3530,98906,846,1,180.75
3531,22318,324,1,74.81
3532,55879,620,1,92.65
3533,41037,472,2,553.66
3534,54956,505,1,338.31
3535,8630,9,1,1457.94
3536,94818,387,2,179.63
3537,78343,119,1,2295.88
3538,4975,465,2,542.03
3539,30070,758,1,217.14
3540,11726,46,2,1597.63
3541,91763,824,2,176.02
3542,51720,501,1,345.02
3543,79988,306,1,226.09
3544,15066,804,4,241.93
3545,21653,685,1,170.52
3546,44866,676,2,195.28
3547,24884,750,1,248.2
3548,33191,488,3,179.28
3549,26198,418,1,195.16
3550,98472,602,2,45.99
3551,86018,612,1,99.88
3552,96596,437,1,95.45
3553,35028,721,1,173.77
3554,79871,712,1,101.6
3555,50849,399,1,372.92
3556,5328,447,2,584.32
3557,38005,626,2,53.36
3558,14055,185,1,823.93
3559,89694,79,1,990.72
3560,28488,821,4,323.12
3561,4989,574,1,77.48
3562,84523,664,2,57.36
3563,67098,752,1,411.24
3564,96374,576,1,129.84
3565,91158,805,1,183.52
3566,6963,47,1,911.63
3567,84964,793,2,208.32
3568,91018,389,1,372.78
3569,52495,157,1,1620.62
3570,55982,376,2,191.89
3571,37294,522,1,54.38
3572,66960,442,5,585.83
3573,32137,459,1,85.05
3574,1330,85,1,910.42
3575,57374,387,1,179.63
3576,71487,538,2,43.54
3577,15777,772,1,346.25
3578,41624,174,1,772.9
3579,64627,839,2,232.84
3580,91020,712,1,101.6
3581,31964,113,2,2468.65
3582,65188,668,1,48.09
3583,80651,812,1,342.03
3584,33307,59,1,353.67
3585,33009,773,2,99.41
3586,90475,727,1,45.19
3587,24061,639,1,60.83
3588,48204,487,1,77.32
3589,20356,249,2,218.37
3590,80194,627,1,61.59
3591,47862,273,2,180.43
3592,27651,842,1,262.8
3593,52522,211,1,1347.08
3594,35302,59,1,353.67
3595,25651,488,5,179.28
3596,42724,649,1,134.51
3597,97694,284,1,46.63
3598,31395,560,1,77.29
3599,54021,86,1,934.14
3600,46175,808,1,399.03
3601,30646,493,2,178.11
3602,59931,187,2,2020.76
3603,40369,90,1,1196.13
3604,38565,590,1,35.21
3605,7510,579,2,64.34
3606,67094,543,2,42.06
3607,68211,399,1,372.92
3608,79526,219,1,1567.32
3609,82417,76,2,1764.12
3610,69082,336,3,33.43
3611,32011,215,1,1720.21
3612,63574,198,1,2315.24
3613,34697,54,1,2305.48
3614,36396,171,1,1633.75
3615,59694,425,1,85.89
3616,91186,534,1,70.5
3617,54487,282,1,82.43
3618,78641,172,1,220.1
3619,32324,579,1,64.34
3620,52983,589,1,32.73
3621,92255,57,1,488.73
3622,31608,11,2,243.48
3623,73128,706,2,201.34
3624,82519,41,1,571.32
3625,84849,696,1,103.81
3626,33179,221,2,132.3
3627,98286,394,1,387.51
3628,66095,66,1,1334.73
3629,95745,314,1,217.82
3630,93241,596,1,62.64
3631,19927,791,2,108.25
3632,19112,561,1,86.98
3633,40098,525,2,106.03
3634,19461,94,1,1373.01
3635,25650,69,1,449.82
3636,20762,748,4,220.43
3637,69771,759,1,375.56
3638,60258,754,1,158.39
3639,82152,669,1,51.43
3640,64734,547,1,31.12
3641,51282,51,1,2718.95
3642,92020,230,3,127.46
3643,18237,741,1,194.97
3644,70522,317,1,92.22
3645,47758,254,1,79.63
3646,4776,149,1,376.32
3647,21753,754,1,158.39
3648,87214,466,5,211.09
3649,80511,806,1,292.37
3650,75923,723,1,32.72
3651,57966,660,1,98.01
3652,9140,126,1,1112.26
3653,46502,596,3,62.64
3654,37529,387,1,179.63
3655,45093,195,1,957.51
3656,10598,193,2,2329.58
3657,35546,809,1,191.41
3658,37105,757,2,246.69
3659,12802,272,2,164.9
3660,25776,96,1,1237.53
3661,72463,311,1,96.54
3662,12941,3,4,1772.05
3663,30207,110,1,456.84
3664,87487,657,1,62.42
3665,56683,164,1,1320.66
3666,50896,88,1,1539.42
3667,85822,415,1,313.17
3668,11459,485,1,292.09
3669,73083,687,1,98.13
3670,90136,378,2,57.89
3671,73794,804,1,241.93
3672,30878,617,4,24.15
3673,13800,339,1,101.75
3674,78872,646,1,158.39
3675,76154,739,1,80.56
3676,28543,440,1,100.41
3677,67821,356,1,129.5
3678,27831,36,1,1992.63
3679,56681,743,3,297.24
3680,52397,325,1,213.64
3681,93634,416,2,237.73
3682,23510,719,3,42.9
3683,85889,557,2,33.37
3684,98683,426,1,277.42
3685,31816,592,2,79.56
3686,65332,125,1,775.3
3687,85717,42,1,1240.21
3688,12471,435,2,101.95
3689,51783,577,1,34.72
3690,98494,603,1,37.61
3691,9504,569,4,118.44
3692,56724,490,1,466.11
3693,61728,509,1,525.62
3694,13759,32,1,672.62
3695,95735,107,1,1082
3696,90313,439,2,349.13
3697,54231,303,1,112.09
3698,36769,508,2,416.15
3699,44117,338,1,141.2
3700,90474,271,3,164.71
3701,28481,274,2,195.72
3702,95005,631,1,120.31
3703,39360,388,1,144.01
3704,74484,837,1,390.61
3705,17416,640,1,73.07
3706,27099,610,3,85.31
3707,24753,262,2,238.23
3708,85848,506,4,138.24
3709,58357,450,1,101.61
3710,68956,840,1,251.11
3711,87341,362,1,129.66
3712,22913,612,1,99.88
3713,21031,198,1,2315.24
3714,94121,660,3,98.01
3715,64004,615,2,112.27
3716,10126,346,1,124.74
3717,66328,787,2,233.8
3718,30981,475,1,268.5
3719,70410,93,3,1850.93
3720,49657,380,1,179.57
3721,66997,62,4,845.49
3722,74251,778,1,286.32
3723,97643,402,1,476.71
3724,25787,759,2,375.56
3725,96251,304,1,128.59
3726,1436,69,1,449.82
3727,86859,99,2,268.9
3728,76985,671,2,49.76
3729,58794,606,2,61.43
3730,37190,840,1,251.11
3731,76645,474,2,466.85
3732,19391,515,2,77.15
3733,74048,3,4,1772.05
3734,32841,108,1,1836.25
3735,6153,793,1,208.32
3736,42346,31,1,1472.03
3737,28025,221,1,132.3
3738,4448,280,3,161.38
3739,63551,702,1,29.47
3740,21284,271,2,164.71
3741,67652,56,1,2429.03
3742,48262,656,2,43.4
3743,77293,107,1,1082
3744,61655,715,2,69.75
3745,24800,612,2,99.88
3746,92162,162,1,1527.43
3747,71128,306,1,226.09
3748,32991,793,3,208.32
3749,95706,4,1,1452.58
3750,19828,458,2,245.35
3751,33774,3,1,1772.05
3752,50799,479,1,552.74
3753,43765,112,1,654.43
3754,11730,667,3,58.31
3755,60908,303,1,112.09
3756,65067,328,1,124.01
3757,19312,238,1,27.65
3758,11316,607,2,40.2
3759,59141,568,1,59.32
3760,5567,69,2,449.82
3761,32037,105,1,2361.4
3762,28680,760,1,316.13
3763,75149,671,1,49.76
3764,53811,298,1,66.54
3765,20564,207,1,522.28
3766,95339,648,1,114.52
3767,41416,797,1,404.47
3768,33702,375,3,94.51
3769,12111,471,1,44.33
3770,4930,386,1,403.91
3771,94836,724,1,125.26
3772,41545,815,1,360.06
3773,9280,777,3,130.57
3774,99224,114,1,1991.76
3775,16765,1,1,1018.58
3776,28632,142,4,814.09
3777,70727,156,1,798.5
3778,80629,327,3,114.31
3779,28443,178,2,1039.95
3780,96570,771,1,93.15
3781,54021,816,2,212.43
3782,28758,464,1,291.69
3783,57342,799,1,275.79
3784,46504,366,1,89.01
3785,72264,119,1,2295.88
3786,17010,404,3,418.74
3787,52773,454,3,480.12
3788,41697,433,1,307
3789,41524,572,3,97.56
3790,35313,189,3,1308.31
3791,38722,264,1,108.54
3792,51315,681,1,140.36
3793,17507,747,1,171.96
3794,84038,354,1,58.86
3795,87552,342,4,101.64
3796,2386,438,1,415.7
3797,78970,463,2,370.25
3798,59288,596,2,62.64
3799,55947,541,1,131.23
3800,68373,685,1,170.52
3801,20318,618,1,45.85
3802,15159,293,1,168.08
3803,18042,505,1,338.31
3804,34707,383,1,311.85
3805,37353,558,1,18.15
3806,5105,765,1,54.88
3807,91100,291,1,30.01
3808,54010,575,1,110.2
3809,97064,705,2,32.06
3810,99512,279,1,140.86
3811,86991,802,1,107.98
3812,24626,275,1,107.44
3813,81481,806,2,292.37
3814,39008,55,2,1450.93
3815,41502,522,1,54.38
3816,46548,639,2,60.83
3817,10077,291,1,30.01
3818,27361,484,1,311.22
3819,85570,696,4,103.81
3820,63209,171,2,1633.75
3821,19696,751,1,95.53
3822,43932,528,2,45.58
3823,5852,658,1,71.4
3824,49932,641,1,20.23
3825,63416,200,1,1905.88
3826,91413,677,1,40.98
3827,15044,143,1,1244.23
3828,5379,353,1,132.5
3829,33167,766,1,229.2
3830,16970,514,1,446.84
3831,14582,175,1,1556.96
3832,22105,807,1,406.4
3833,13709,627,2,61.59
3834,60887,699,1,47.24
3835,55917,365,1,207.2
3836,19970,738,1,140.26
3837,84489,290,2,120.4
3838,26767,838,1,165.94
3839,26245,1,2,1018.58
3840,98601,756,1,318.76
3841,70380,840,1,251.11
3842,88390,195,1,957.51
3843,30842,170,1,1435.76
3844,83837,181,1,960.96
3845,45509,262,1,238.23
3846,30712,747,2,171.96
3847,34965,428,1,463.98
3848,82158,453,1,228.77
3849,99205,461,1,118.87
3850,16552,152,4,794.45
3851,37537,290,1,120.4
3852,48403,519,1,587.38
3853,49959,445,2,409.82
3854,46861,405,1,192.25
3855,32578,815,1,360.06
3856,43416,673,2,35.45
3857,74732,553,1,70.14
3858,94861,219,2,1567.32
3859,4954,110,1,456.84
3860,32346,47,1,911.63
3861,36701,292,2,32.35
3862,87689,252,1,88.87
3863,70248,505,1,338.31
3864,8152,735,2,70.91
3865,56032,689,1,130.61
3866,69701,829,1,292.82
3867,12766,339,3,101.75
3868,61302,760,3,316.13
3869,65763,302,1,110.6
3870,51160,336,1,33.43
3871,75380,56,1,2429.03
3872,53345,328,1,124.01
3873,70292,473,1,75.58
3874,94744,340,1,47.41
3875,66946,633,1,89.89
3876,20729,376,1,191.89
3877,61457,648,1,114.52
3878,77687,703,2,68.35
3879,28889,845,1,106.71
3880,27609,405,1,192.25
3881,30025,557,2,33.37
3882,85447,22,1,609.78
3883,17072,473,1,75.58
3884,40232,255,1,59.87
3885,70257,564,1,14.35
3886,41784,7,1,398.8
3887,96355,777,1,130.57
3888,17728,688,1,62.01
3889,69471,138,1,1696.84
3890,66954,571,1,66.42
3891,67965,618,1,45.85
3892,63763,539,1,60.5
3893,13018,202,1,476.93
3894,38029,88,1,1539.42
3895,65752,617,1,24.15
3896,24075,139,2,999.63
3897,3565,495,1,243.47
3898,5886,592,1,79.56
3899,83834,553,2,70.14
3900,13648,38,1,512.7
3901,24039,697,2,62.96
3902,51864,593,2,38.05
3903,4063,775,1,320.37
3904,43561,249,1,218.37
3905,5197,668,1,48.09
3906,95860,417,2,183.3
3907,86181,786,1,385.84
3908,46678,778,1,286.32
3909,29026,98,1,1113.05
3910,74509,833,1,104.08
3911,87292,485,5,292.09
3912,43317,396,2,503.93
3913,60554,196,1,974.84
3914,69799,113,1,2468.65
3915,41233,132,1,765.52
3916,43781,792,1,234.78
3917,74880,171,1,1633.75
3918,22105,577,1,34.72
3919,23830,751,1,95.53
3920,65763,197,1,1756.06
3921,70378,262,1,238.23
3922,86515,502,1,271.9
3923,1362,135,1,2540.95
3924,51845,508,1,416.15
3925,21961,498,1,98.36
3926,36674,306,1,226.09
3927,47608,209,1,128.3
3928,79069,119,1,2295.88
3929,97503,215,1,1720.21
3930,69706,572,2,97.56
3931,19767,382,1,344.3
3932,90070,712,3,101.6
3933,3447,102,1,1536.79
3934,67385,435,2,101.95
3935,95328,181,1,960.96
3936,34707,543,5,42.06
3937,30838,383,1,311.85
3938,93139,529,1,23.4
3939,22986,452,1,281.11
3940,9291,380,3,179.57
3941,87008,556,1,56.33
3942,82165,147,2,1476.49
3943,15906,369,1,63.75
3944,56789,79,1,990.72
3945,41769,774,1,175.76
3946,68035,510,1,359.27
3947,25776,780,1,254.38
3948,35339,692,1,78.86
3949,53409,6,1,643.98
3950,43940,286,1,31.89
3951,28954,79,4,990.72
3952,11570,746,1,379.49
3953,92345,104,3,1266.38
3954,70778,59,2,353.67
3955,51576,86,1,934.14
3956,3289,343,1,60.44
3957,83196,566,2,74.04
3958,21648,38,1,512.7
3959,9476,18,1,1298.49
3960,92789,314,2,217.82
3961,77395,834,1,115.52
3962,43670,842,1,262.8
3963,81806,541,1,131.23
3964,60412,525,1,106.03
3965,82259,608,1,52.97
3966,17011,787,1,233.8
3967,44818,80,1,557.08
3968,94756,174,2,772.9
3969,32767,154,3,1229.13
3970,70950,509,1,525.62
3971,72661,3,2,1772.05
3972,38465,262,1,238.23
3973,95192,28,1,1277.56
3974,53425,367,1,217.01
3975,1435,805,3,183.52
3976,47375,521,1,74.48
3977,58526,675,4,77.03
3978,30339,824,1,176.02
3979,59205,823,1,158.01
3980,21861,9,2,1457.94
3981,79142,793,1,208.32
3982,92880,321,1,113.48
3983,51017,522,1,54.38
3984,4466,475,1,268.5
3985,3077,187,1,2020.76
3986,93068,726,1,145.95
3987,20884,584,2,50.02
3988,62762,408,1,42.37
3989,57191,699,1,47.24
3990,10354,495,1,243.47
3991,40941,706,2,201.34
3992,76446,191,1,500.92
3993,99099,364,2,112.89
3994,10244,163,1,1530.22
3995,91791,617,1,24.15
3996,77854,123,1,922.12
3997,30622,166,3,2080.6
3998,22006,460,1,119.48
3999,23089,297,4,155.34
4000,54092,12,1,2721.53
4001,50924,606,3,61.43
4002,15201,22,2,609.78
4003,4212,180,1,605.56
4004,83253,574,1,77.48
4005,25386,651,2,36.69
4006,95638,740,2,73.03
4007,57063,42,1,1240.21
4008,45906,825,1,218.42
4009,60011,430,1,118.66
4010,77986,724,1,125.26
4011,99703,830,1,191.83
4012,24754,724,1,125.26
4013,55572,598,1,37.17
4014,27717,52,1,1892.01
4015,82100,416,2,237.73
4016,43602,524,1,106.66
4017,79486,606,1,61.43
4018,11416,693,1,89.35
4019,74359,679,1,187.47
4020,43431,597,1,82.6
4021,39169,510,1,359.27
4022,75167,536,3,128.45
4023,86411,799,2,275.79
4024,96721,128,1,2170.64
4025,10162,554,1,71.05
4026,40349,629,1,19.84
4027,47538,693,1,89.35
4028,88346,38,1,512.7
4029,12731,487,1,77.32
4030,71105,184,1,2233.97
4031,94689,574,2,77.48
4032,83003,226,1,70.24
4033,82538,734,1,91.41
4034,4826,506,1,138.24
4035,24331,737,3,74.87
4036,30789,696,1,103.81
4037,22163,559,1,93.58
4038,54300,404,1,418.74
4039,56002,455,1,115.87
4040,88269,507,1,484.32
4041,49558,265,1,183.58
4042,91562,809,1,191.41
4043,83116,168,2,702.77
4044,25968,597,1,82.6
4045,94582,193,1,2329.58
4046,28325,699,1,47.24
4047,81381,316,2,139.67
4048,12550,350,1,126.51
4049,30590,32,1,672.62
4050,83778,836,1,182
4051,82108,733,1,112.26
4052,94815,502,1,271.9
4053,30017,589,1,32.73
4054,55673,737,2,74.87
4055,17757,22,1,609.78
4056,7562,38,1,512.7
4057,94884,329,3,93.74
4058,85635,339,1,101.75
4059,94448,486,2,475.47
4060,43838,255,1,59.87
4061,46727,410,1,105.83
4062,13188,437,1,95.45
4063,13903,708,1,138.81
4064,62767,50,1,699.69
4065,1264,678,1,75.52
4066,89871,747,2,171.96
4067,69003,117,1,1977.83
4068,4139,706,2,201.34
4069,43008,417,1,183.3
4070,59781,235,1,63.67
4071,14978,212,1,1668.95
4072,80729,80,1,557.08
4073,59440,211,1,1347.08
4074,42817,221,1,132.3
4075,83595,614,1,27.16
4076,77293,802,1,107.98
4077,79077,150,1,857.31
4078,51793,356,3,129.5
4079,11798,484,1,311.22
4080,13281,324,3,74.81
4081,28297,309,1,161.23
4082,73614,229,2,188.3
4083,19279,53,2,2521.54
4084,31988,467,1,180.84
4085,37612,19,1,1121.09
4086,65337,43,1,310.32
4087,33762,223,1,46.56
4088,14119,762,1,152.14
4089,85040,595,1,116.88
4090,74054,251,5,76.69
4091,11181,744,1,207.32
4092,24627,311,1,96.54
4093,12123,398,1,230.52
4094,74621,449,1,211.58
4095,1950,227,1,224.15
4096,58249,314,1,217.82
4097,41094,72,1,724.9
4098,19499,73,2,133.34
4099,50972,421,1,396.57
4100,58259,607,1,40.2
4101,76447,455,1,115.87
4102,13633,271,1,164.71
4103,45503,472,2,553.66
4104,53465,52,1,1892.01
4105,61851,642,1,66.69
4106,21959,194,1,1529.24
4107,27952,341,5,104.39
4108,76551,177,1,1666.57
4109,34323,86,1,934.14
4110,4030,674,1,91.61
4111,60574,381,2,119.17
4112,43570,617,1,24.15
4113,12834,675,1,77.03
4114,61508,425,3,85.89
4115,91873,574,1,77.48
4116,18994,507,1,484.32
4117,99629,504,1,410.46
4118,52496,255,4,59.87
4119,67390,808,1,399.03
4120,15087,796,1,361.44
4121,24364,144,1,893.7
4122,63109,99,2,268.9
4123,51945,190,1,798.17
4124,12503,244,1,86.8
4125,30272,40,2,1136.17
4126,61602,478,1,279.21
4127,48248,745,1,131.36
4128,55046,700,1,85.88
4129,52509,108,1,1836.25
4130,11411,28,1,1277.56
4131,71552,312,1,43.29
4132,66016,520,1,133.3
4133,31046,378,1,57.89
4134,42411,766,1,229.2
4135,92909,225,3,72.93
4136,81302,755,2,103.54
4137,29564,830,2,191.83
4138,79946,24,2,1004.36
4139,9184,569,2,118.44
4140,16593,420,1,373.76
4141,83514,287,1,100.46
4142,47753,801,1,280.08
4143,23121,736,1,154.75
4144,82328,760,2,316.13
4145,2971,163,1,1530.22
4146,22259,241,3,206.75
4147,39660,199,1,2273.14
4148,21195,524,2,106.66
4149,83603,670,1,62.57
4150,1358,681,2,140.36
4151,3348,738,1,140.26
4152,53577,807,1,406.4
4153,50996,543,2,42.06
4154,39012,563,1,33.62
4155,52210,584,1,50.02
4156,88158,317,2,92.22
4157,36761,134,1,955.11
4158,5635,76,1,1764.12
4159,7014,722,3,50.76
4160,42114,573,1,55.72
4161,2495,792,2,234.78
4162,81675,660,2,98.01
4163,89002,53,3,2521.54
4164,30343,668,2,48.09
4165,24358,87,1,1765.71
4166,2611,827,4,161.51
4167,16184,774,2,175.76
4168,14324,213,1,1572.75
4169,71013,310,2,73.64
4170,64025,680,1,151.72
4171,19578,503,1,188.72
4172,36888,440,1,100.41
4173,99732,67,1,612.82
4174,59694,185,1,823.93
4175,91228,304,3,128.59
4176,98212,320,2,71.03
4177,94737,450,1,101.61
4178,50807,806,1,292.37
4179,62165,428,3,463.98
4180,20216,830,2,191.83
4181,66701,472,1,553.66
4182,32198,225,1,72.93
4183,58178,433,1,307
4184,55046,73,1,133.34
4185,82139,413,1,526.63
4186,90810,328,3,124.01
4187,65080,590,1,35.21
4188,72213,464,3,291.69
4189,28218,679,1,187.47
4190,14162,91,1,565.72
4191,85677,354,2,58.86
4192,53766,431,1,130.19
4193,38780,18,1,1298.49
4194,24899,108,2,1836.25
4195,85116,12,1,2721.53
4196,96258,606,1,61.43
4197,27385,309,1,161.23
4198,51689,821,1,323.12
4199,1728,326,1,148.27
4200,93806,611,2,20.37
4201,78993,407,1,216.15
4202,76533,73,1,133.34
4203,90710,504,1,410.46
4204,3240,279,2,140.86
4205,25577,380,3,179.57
4206,57599,848,4,495.21
4207,95148,24,3,1004.36
4208,65625,828,1,161.68
4209,11827,11,1,243.48
4210,56337,4,1,1452.58
4211,59172,683,1,49.44
4212,19449,779,4,285.39
4213,96329,831,1,129.32
4214,51503,387,1,179.63
4215,89933,302,2,110.6
4216,86584,350,3,126.51
4217,65033,400,1,374.97
4218,15243,629,1,19.84
4219,23513,119,2,2295.88
4220,34499,124,1,543.3
4221,46680,401,2,111.92
4222,85848,222,1,116.61
4223,49089,774,1,175.76
4224,5339,43,1,310.32
4225,83170,170,1,1435.76
4226,56586,355,1,41.47
4227,76974,803,1,231.37
4228,2235,558,5,18.15
4229,98581,375,2,94.51
4230,31852,825,1,218.42
4231,21572,132,1,765.52
4232,78002,94,1,1373.01
4233,67911,130,1,1270.67
4234,74655,718,1,185.18
4235,19469,578,2,123.63
4236,77100,549,2,67.03
4237,93025,99,2,268.9
4238,30020,384,1,455.69
4239,85768,790,1,418.19
4240,7924,405,1,192.25
4241,40962,677,1,40.98
4242,54075,252,1,88.87
4243,35326,661,1,70.59
4244,92632,17,1,899.25
4245,45995,7,2,398.8
4246,41624,583,2,64.38
4247,28612,1,2,1018.58
4248,46269,101,2,297.32
4249,52034,83,1,943.76
4250,36926,11,4,243.48
4251,64648,75,1,1706.59
4252,35426,166,5,2080.6
4253,13369,82,1,1507.07
4254,44868,42,1,1240.21
4255,26913,848,3,495.21
4256,79490,47,1,911.63
4257,51785,844,1,432.51
4258,58732,549,3,67.03
4259,43890,93,1,1850.93
4260,49460,85,1,910.42
4261,40776,24,1,1004.36
4262,96887,29,2,1439.04
4263,9704,582,1,141.03
4264,69269,556,2,56.33
4265,71236,370,1,41.18
4266,48380,387,2,179.63
4267,81843,82,1,1507.07
4268,16537,816,1,212.43
4269,53633,426,1,277.42
4270,19292,116,1,2211.09
4271,12107,149,1,376.32
4272,51104,438,1,415.7
4273,60910,6,1,643.98
4274,57035,559,1,93.58
4275,34039,57,1,488.73
4276,52183,778,1,286.32
4277,48925,55,2,1450.93
4278,49497,396,2,503.93
4279,34916,494,1,148.01
4280,29960,588,1,32.82
4281,52926,688,1,62.01
4282,70072,189,1,1308.31
4283,10994,780,1,254.38
4284,52244,248,1,220.15
4285,98906,423,3,105.79
4286,75381,53,1,2521.54
4287,77690,572,1,97.56
4288,73189,607,1,40.2
4289,62469,53,1,2521.54
4290,96860,661,1,70.59
4291,41755,296,3,109.15
4292,36296,774,1,175.76
4293,78289,574,1,77.48
4294,22016,544,2,83.09
4295,41677,254,1,79.63
4296,17841,297,1,155.34
4297,27230,651,1,36.69
4298,25961,648,1,114.52
4299,24607,389,1,372.78
4300,95537,828,1,161.68
4301,78291,724,4,125.26
4302,37075,646,1,158.39
4303,18223,123,1,922.12
4304,70457,237,1,74.92
4305,21947,414,1,287.44
4306,89606,652,2,93.32
4307,20615,406,1,470.57
4308,60450,565,1,51.83
4309,31151,674,4,91.61
4310,42624,445,1,409.82
4311,81843,494,2,148.01
4312,89614,684,1,112.82
4313,4352,472,1,553.66
4314,80782,453,2,228.77
4315,44841,585,1,78.72
4316,28252,848,2,495.21
4317,66213,619,1,100.91
4318,86846,301,5,36.64
4319,3673,708,1,138.81
4320,5080,61,1,1043.37
4321,4764,158,1,1853.29
4322,16695,639,2,60.83
4323,31030,171,3,1633.75
4324,17396,599,2,38.98
4325,45535,546,2,52.46
4326,76427,202,1,476.93
4327,72394,49,3,1342.93
4328,14125,828,2,161.68
4329,66476,817,1,236.52
4330,53341,718,1,185.18
4331,93315,839,1,232.84
4332,49718,357,1,28.52
4333,75867,710,1,114.92
4334,8447,741,2,194.97
4335,69458,232,2,106.09
4336,45698,792,1,234.78
4337,31832,67,1,612.82
4338,66100,277,1,161.99
4339,62285,376,1,191.89
4340,51689,634,2,92.64
4341,50930,723,1,32.72
4342,12946,321,3,113.48
4343,78344,201,1,1549.7
4344,50554,153,1,621.19
4345,59781,382,1,344.3
4346,91745,617,1,24.15
4347,1977,193,2,2329.58
4348,84062,794,3,243.61
4349,34399,527,2,57.31
4350,19790,413,1,526.63
4351,62894,346,2,124.74
4352,25549,833,1,104.08
4353,62638,792,2,234.78
4354,54270,376,1,191.89
4355,77062,506,4,138.24
4356,71733,170,2,1435.76
4357,15665,37,1,899.87
4358,70233,420,2,373.76
4359,63801,408,1,42.37
4360,17527,627,1,61.59
4361,21588,382,1,344.3
4362,36729,149,5,376.32
4363,19377,422,2,395.38
4364,20024,298,1,66.54
4365,66599,134,1,955.11
4366,19393,169,1,336.57
4367,40595,497,1,291.81
4368,63825,661,1,70.59
4369,66383,541,1,131.23
4370,88835,378,1,57.89
4371,82872,76,1,1764.12
4372,9784,240,1,61.03
4373,77756,70,1,2884.14
4374,59636,497,2,291.81
4375,54077,597,1,82.6
4376,77335,659,1,109.2
4377,76123,617,1,24.15
4378,31099,449,1,211.58
4379,50777,471,1,44.33
4380,19715,714,1,77.2
4381,31574,706,4,201.34
4382,79549,425,1,85.89
4383,79863,374,2,337.45
4384,24827,674,1,91.61
4385,17974,174,1,772.9
4386,54300,640,2,73.07
4387,74857,453,2,228.77
4388,43174,416,2,237.73
4389,69224,393,2,210.09
4390,59428,130,1,1270.67
4391,61737,189,1,1308.31
4392,89123,128,1,2170.64
4393,70575,494,5,148.01
4394,26066,304,3,128.59
4395,67901,518,1,408.38
4396,99057,434,1,110.92
4397,91377,505,1,338.31
4398,11973,513,3,506.02
4399,23332,343,1,60.44
4400,89300,736,1,154.75
4401,35265,4,2,1452.58
4402,22852,414,1,287.44
4403,31750,676,1,195.28
4404,98475,657,1,62.42
4405,87689,782,1,220.16
4406,60816,845,2,106.71
4407,76305,256,1,114.71
4408,66356,318,1,60.45
4409,16303,562,1,40.76
4410,60630,192,5,2315.69
4411,49360,765,1,54.88
4412,92042,62,1,845.49
4413,27274,11,2,243.48
4414,58796,81,1,2179.45
4415,37655,687,1,98.13
4416,29053,187,1,2020.76
4417,53011,324,4,74.81
4418,74711,696,1,103.81
4419,96176,375,1,94.51
4420,78202,422,1,395.38
4421,14626,288,1,112.41
4422,95267,687,1,98.13
4423,79575,96,4,1237.53
4424,82856,145,1,867.39
4425,94820,181,1,960.96
4426,6597,131,1,1094.67
4427,98102,781,3,274.7
4428,75890,318,1,60.45
4429,76599,846,5,180.75
4430,74567,233,1,118.05
4431,91468,169,1,336.57
4432,73631,205,2,1469.58
4433,46496,176,2,679.98
4434,12193,450,2,101.61
4435,97000,107,2,1082
4436,80184,466,3,211.09
4437,85519,334,3,50.93
4438,73107,42,1,1240.21
4439,6165,526,1,62.16
4440,69184,257,1,204.86
4441,46941,425,1,85.89
4442,60875,490,2,466.11
4443,90154,548,1,83.07
4444,66281,130,1,1270.67
4445,55273,503,3,188.72
4446,78822,401,3,111.92
4447,5895,45,1,825.27
4448,30868,279,2,140.86
4449,25759,108,1,1836.25
4450,60823,650,2,88.13
4451,42300,367,1,217.01
4452,84362,402,1,476.71
4453,85586,620,5,92.65
4454,60775,1,1,1018.58
4455,11121,428,3,463.98
4456,92318,254,1,79.63
4457,39036,593,1,38.05
4458,17012,405,3,192.25
4459,60768,11,4,243.48
4460,16868,230,1,127.46
4461,4103,225,1,72.93
4462,22065,327,2,114.31
4463,93156,847,2,82.79
4464,10411,771,1,93.15
4465,96977,716,1,170.57
4466,42851,282,1,82.43
4467,38899,748,2,220.43
4468,85052,279,2,140.86
4469,24162,440,1,100.41
4470,79026,98,2,1113.05
4471,23624,185,1,823.93
4472,95033,820,1,158.47
4473,32492,760,2,316.13
4474,42488,166,1,2080.6
4475,90635,59,1,353.67
4476,66949,555,1,112.86
4477,31081,731,2,48.57
4478,78270,810,1,94.15
4479,44221,492,3,307.86
4480,88916,464,1,291.69
4481,26469,724,2,125.26
4482,22545,149,1,376.32
4483,52596,644,2,67.31
4484,63514,510,1,359.27
4485,27328,506,1,138.24
4486,64238,573,1,55.72
4487,11191,625,1,77.06
4488,95448,278,1,130.88
4489,37059,781,2,274.7
4490,23591,127,1,2023.32
4491,35316,10,2,1709.69
4492,93680,264,1,108.54
4493,54062,576,1,129.84
4494,25108,737,2,74.87
4495,27712,366,1,89.01
4496,60562,438,2,415.7
4497,3187,754,2,158.39
4498,95223,441,2,102.35
4499,96233,600,1,20.67
4500,76685,112,1,654.43
4501,7764,380,1,179.57
4502,3285,208,1,1599.96
4503,75430,274,1,195.72
4504,38176,566,1,74.04
4505,61527,701,1,92.7
4506,55136,522,3,54.38
4507,55955,849,2,207.15
4508,8541,82,1,1507.07
4509,19535,129,1,147.78
4510,29938,311,1,96.54
4511,20049,24,1,1004.36
4512,14922,539,1,60.5
4513,57719,147,1,1476.49
4514,46654,293,2,168.08
4515,78022,244,2,86.8
4516,7081,217,2,934.5
4517,66214,320,1,71.03
4518,6725,610,2,85.31
4519,42969,841,1,37.29
4520,83385,392,1,224.55
4521,82616,544,1,83.09
4522,58324,251,1,76.69
4523,87844,238,1,27.65
4524,43299,475,1,268.5
4525,57659,609,1,65.41
4526,18639,190,1,798.17
4527,95656,600,1,20.67
4528,85869,644,1,67.31
4529,53148,7,2,398.8
4530,94427,601,2,36.85
4531,42987,760,1,316.13
4532,10439,143,1,1244.23
4533,49059,316,1,139.67
4534,55403,316,2,139.67
4535,25922,505,1,338.31
4536,32118,503,1,188.72
4537,19847,618,1,45.85
4538,58811,837,1,390.61
4539,42203,691,2,66.88
4540,56573,235,1,63.67
4541,25686,192,1,2315.69
4542,90413,526,2,62.16
4543,42902,472,2,553.66
4544,58885,348,3,34.82
4545,63671,371,1,110.74
4546,23616,475,1,268.5
4547,23326,750,1,248.2
4548,92689,43,1,310.32
4549,43132,125,1,775.3
4550,58379,74,2,2015.09
4551,53542,327,1,114.31
4552,14661,130,1,1270.67
4553,96261,809,1,191.41
4554,88781,790,3,418.19
4555,61240,200,1,1905.88
4556,26239,379,1,410.89
4557,39802,264,1,108.54
4558,86093,597,1,82.6
4559,99008,168,2,702.77
4560,32404,812,1,342.03
4561,80854,362,1,129.66
4562,7562,624,1,63.62
4563,26915,321,1,113.48
4564,6826,62,1,845.49
4565,36131,62,2,845.49
4566,58339,85,1,910.42
4567,71940,736,2,154.75
4568,76756,332,2,152.61
4569,18248,764,2,295.63
4570,78454,691,1,66.88
4571,81609,506,3,138.24
4572,27144,153,1,621.19
4573,67735,778,3,286.32
4574,83214,790,1,418.19
4575,49169,204,5,2321.47
4576,25040,545,1,77.05
4577,57280,723,1,32.72
4578,35108,512,1,226.59
4579,68304,574,1,77.48
4580,26928,460,1,119.48
4581,30677,359,1,206.65
4582,67399,537,1,107.95
4583,26868,557,1,33.37
4584,68827,722,1,50.76
4585,6688,41,1,571.32
4586,47607,417,2,183.3
4587,13067,528,1,45.58
4588,87737,432,1,378.9
4589,19579,320,1,71.03
4590,88348,823,2,158.01
4591,70867,545,1,77.05
4592,18849,682,1,59.6
4593,91596,356,1,129.5
4594,54613,168,1,702.77
4595,89174,663,1,103.09
4596,69136,850,1,237.95
4597,6861,374,1,337.45
4598,92680,115,1,1529.93
4599,9533,316,1,139.67
4600,11007,89,2,2273.66
4601,14299,810,1,94.15
4602,2025,279,1,140.86
4603,27009,301,1,36.64
4604,94343,269,2,85.34
4605,97682,295,2,52.91
4606,36667,479,1,552.74
4607,91398,331,1,84.86
4608,81005,153,1,621.19
4609,81119,825,1,218.42
4610,40711,710,1,114.92
4611,26938,508,1,416.15
4612,32037,74,1,2015.09
4613,48349,261,1,124.59
4614,89552,500,2,584.81
4615,49598,204,3,2321.47
4616,79278,812,1,342.03
4617,70132,443,1,210.88
4618,33942,689,3,130.61
4619,82922,416,3,237.73
4620,15858,192,3,2315.69
4621,61114,669,2,51.43
4622,16306,522,2,54.38
4623,9205,806,1,292.37
4624,11176,55,1,1450.93
4625,53761,472,1,553.66
4626,80829,660,1,98.01
4627,16455,622,1,40.46
4628,45849,252,1,88.87
4629,5446,42,2,1240.21
4630,39496,231,1,161.14
4631,24102,2,1,2587.65
4632,90048,111,1,875.42
4633,46871,752,1,411.24
4634,89675,624,1,63.62
4635,32757,445,1,409.82
4636,64373,614,2,27.16
4637,88590,146,1,320.86
4638,91628,272,1,164.9
4639,18224,129,3,147.78
4640,81924,618,1,45.85
4641,1853,691,1,66.88
4642,72375,647,1,101.3
4643,11178,349,1,87.41
4644,5441,277,1,161.99
4645,92305,333,1,23.12
4646,28779,247,1,94.97
4647,95956,76,1,1764.12
4648,87684,710,1,114.92
4649,16641,129,1,147.78
4650,25746,702,1,29.47
4651,63781,117,1,1977.83
4652,33182,13,3,2070.93
4653,43920,50,1,699.69
4654,95648,244,1,86.8
4655,71128,659,1,109.2
4656,33660,423,2,105.79
4657,30954,569,1,118.44
4658,66001,462,2,321.21
4659,54426,783,1,136.46
4660,35183,392,1,224.55
4661,60813,761,2,107.7
4662,33860,69,1,449.82
4663,35405,500,1,584.81
4664,97445,535,1,95.48
4665,83868,617,3,24.15
4666,65323,835,1,205.95
4667,24088,155,1,2869.59
4668,52112,570,1,51.63
4669,51994,147,1,1476.49
4670,23523,483,1,240.01
4671,14473,813,2,98.39
4672,85987,311,4,96.54
4673,50457,482,1,343.8
4674,55698,33,2,421.17
4675,61917,665,1,39.3
4676,48436,291,1,30.01
4677,19883,351,2,106.17
4678,28691,105,1,2361.4
4679,11714,468,1,448.77
4680,36033,317,3,92.22
4681,78161,795,1,42.45
4682,94894,642,1,66.69
4683,71804,77,3,1880.83
4684,90777,222,1,116.61
4685,94861,841,4,37.29
4686,13293,272,1,164.9
4687,82661,492,4,307.86
4688,72717,415,1,313.17
4689,68626,494,1,148.01
4690,22315,737,1,74.87
4691,16722,841,1,37.29
4692,40574,553,1,70.14
4693,17599,831,1,129.32
4694,49977,99,1,268.9
4695,1364,781,4,274.7
4696,45444,524,1,106.66
4697,97618,151,1,2364.58
4698,6955,686,1,96.04
4699,85399,630,2,43.94
4700,96612,620,1,92.65
4701,54432,284,1,46.63
4702,22575,647,3,101.3
4703,77522,829,1,292.82
4704,73255,704,1,44.41
4705,97973,414,3,287.44
4706,10007,621,3,38.29
4707,50434,528,4,45.58
4708,84484,638,1,57.93
4709,17167,147,5,1476.49
4710,71303,693,1,89.35
4711,30008,679,1,187.47
4712,11055,847,1,82.79
4713,35221,507,1,484.32
4714,22077,420,1,373.76
4715,18680,331,1,84.86
4716,36515,850,1,237.95
4717,5036,106,2,810.12
4718,85265,244,1,86.8
4719,64244,41,1,571.32
4720,20794,849,1,207.15
4721,95898,35,1,2688.65
4722,1514,714,2,77.2
4723,28338,697,1,62.96
4724,75276,293,1,168.08
4725,90648,843,1,116.02
4726,21397,138,1,1696.84
4727,54381,780,3,254.38
4728,3213,92,1,1722.95
4729,1643,842,1,262.8
4730,38441,621,1,38.29
4731,41123,499,1,561.17
4732,35862,788,1,176.78
4733,40774,195,2,957.51
4734,72317,629,2,19.84
4735,68203,833,1,104.08
4736,9688,755,1,103.54
4737,5585,710,2,114.92
4738,43104,273,2,180.43
4739,37616,700,1,85.88
4740,29437,197,3,1756.06
4741,73318,51,1,2718.95
4742,20579,251,1,76.69
4743,67117,233,1,118.05
4744,92498,330,1,70.71
4745,92101,809,2,191.41
4746,84931,596,1,62.64
4747,82259,801,1,280.08
4748,36365,786,1,385.84
4749,81797,191,1,500.92
4750,55568,570,1,51.63
4751,68278,79,5,990.72
4752,73725,173,1,1273.32
4753,42733,75,1,1706.59
4754,91752,83,1,943.76
4755,87888,374,2,337.45
4756,25240,443,1,210.88
4757,96870,308,1,80.43
4758,87323,86,1,934.14
4759,21564,295,1,52.91
4760,6960,754,1,158.39
4761,44757,839,1,232.84
4762,31780,39,1,1650.03
4763,90507,116,2,2211.09
4764,18982,556,1,56.33
4765,99906,701,1,92.7
4766,65350,4,1,1452.58
4767,71601,72,1,724.9
4768,73098,703,3,68.35
4769,72657,399,3,372.92
4770,9721,843,1,116.02
4771,36010,229,1,188.3
4772,4710,269,1,85.34
4773,19059,331,2,84.86
4774,55344,694,1,57.93
4775,4449,633,2,89.89
4776,37605,696,1,103.81
4777,80128,684,3,112.82
4778,52755,759,1,375.56
4779,97747,392,1,224.55
4780,27845,445,1,409.82
4781,17396,67,1,612.82
4782,88413,660,1,98.01
4783,83306,627,2,61.59
4784,78245,603,1,37.61
4785,51536,569,1,118.44
4786,25042,766,1,229.2
4787,88377,395,1,199.29
4788,58429,168,1,702.77
4789,47940,286,1,31.89
4790,60214,657,1,62.42
4791,4142,547,2,31.12
4792,12318,532,1,157.74
4793,51090,319,1,57.84
4794,25851,191,1,500.92
4795,1817,494,1,148.01
4796,86173,787,2,233.8
4797,61283,154,1,1229.13
4798,62055,31,1,1472.03
4799,92374,229,2,188.3
4800,56344,207,1,522.28
4801,69303,64,1,987.78
4802,90184,489,1,526.38
4803,69430,125,2,775.3
4804,92034,494,1,148.01
4805,86017,629,3,19.84
4806,3553,63,2,2058.51
4807,26770,127,1,2023.32
4808,33382,833,1,104.08
4809,19857,525,1,106.03
4810,4935,790,2,418.19
4811,91312,775,1,320.37
4812,72824,255,3,59.87
4813,76311,768,1,364.34
4814,65236,716,1,170.57
4815,12497,630,1,43.94
4816,95874,818,1,176.25
4817,85641,710,1,114.92
4818,14220,632,3,159.73
4819,54768,232,1,106.09
4820,94962,21,1,1481.54
4821,69416,750,1,248.2
4822,14272,171,1,1633.75
4823,85718,9,1,1457.94
4824,73174,189,2,1308.31
4825,74564,506,2,138.24
4826,72886,251,2,76.69
4827,79025,381,1,119.17
4828,64017,34,1,2576.39
4829,17746,400,1,374.97
4830,71806,775,4,320.37
4831,68627,570,1,51.63
4832,5197,544,3,83.09
4833,39468,188,1,1360.41
4834,82974,114,5,1991.76
4835,84154,241,1,206.75
4836,19428,7,2,398.8
4837,29617,271,2,164.71
4838,51941,788,1,176.78
4839,21074,349,1,87.41
4840,69819,462,1,321.21
4841,83189,154,2,1229.13
4842,95859,473,1,75.58
4843,1955,402,2,476.71
4844,65166,749,1,384.4
4845,88475,681,4,140.36
4846,52707,556,2,56.33
4847,84898,793,1,208.32
4848,28265,114,1,1991.76
4849,22389,136,2,930.82
4850,11222,67,2,612.82
4851,41683,792,1,234.78
4852,38703,734,1,91.41
4853,79517,362,2,129.66
4854,27740,6,1,643.98
4855,32549,180,1,605.56
4856,95434,373,1,107.49
4857,53385,566,1,74.04
4858,38976,619,2,100.91
4859,66064,362,1,129.66
4860,65758,388,1,144.01
4861,37230,128,2,2170.64
4862,67680,156,1,798.5
4863,82436,219,4,1567.32
4864,30232,358,2,119.54
4865,30464,437,1,95.45
4866,15431,400,1,374.97
4867,52457,339,1,101.75
4868,32127,95,1,1879.95
4869,12968,295,1,52.91
4870,4847,538,1,43.54
4871,87576,356,5,129.5
4872,46216,686,1,96.04
4873,8074,84,3,416.48
4874,86231,835,1,205.95
4875,50025,328,2,124.01
4876,68367,548,1,83.07
4877,6956,355,1,41.47
4878,33818,461,1,118.87
4879,73813,186,4,1591.62
4880,72932,686,1,96.04
4881,93204,639,1,60.83
4882,58414,625,1,77.06
4883,27784,306,1,226.09
4884,10887,79,2,990.72
4885,79878,60,2,934.39
4886,10722,822,1,25.42
4887,93618,757,1,246.69
4888,21297,748,1,220.43
4889,86501,389,1,372.78
4890,64138,813,1,98.39
4891,5129,673,1,35.45
4892,49846,535,1,95.48
4893,8117,554,1,71.05
4894,68467,552,1,108.39
4895,38334,524,1,106.66
4896,30802,107,1,1082
4897,61815,314,1,217.82
4898,66328,551,1,67.02
4899,48780,597,2,82.6
4900,67359,32,4,672.62
4901,93893,730,1,48.49
4902,99928,638,1,57.93
4903,31974,30,3,358.22
4904,20747,643,2,54.43
4905,26871,806,2,292.37
4906,30057,448,1,374.32
4907,21439,404,1,418.74
4908,65369,148,1,1254.83
4909,55318,796,1,361.44
4910,84351,610,2,85.31
4911,91846,657,2,62.42
4912,43504,80,1,557.08
4913,69175,672,2,160.18
4914,42164,397,1,441.12
4915,64444,637,1,92.71
4916,57234,394,2,387.51
4917,43995,729,1,53.27
4918,41808,827,1,161.51
4919,36744,107,1,1082
4920,25907,114,1,1991.76
4921,71602,600,3,20.67
4922,5526,295,2,52.91
4923,79807,348,1,34.82
4924,87609,666,1,47.03
4925,7748,704,1,44.41
4926,13396,254,2,79.63
4927,88755,765,1,54.88
4928,58208,145,1,867.39
4929,39801,271,4,164.71
4930,50593,94,1,1373.01
4931,8355,418,1,195.16
4932,81880,61,1,1043.37
4933,23597,182,2,551.45
4934,52211,675,1,77.03
4935,92877,716,1,170.57
4936,79508,782,1,220.16
4937,56562,388,1,144.01
4938,7416,421,4,396.57
4939,82162,823,1,158.01
4940,84915,244,1,86.8
4941,21353,190,2,798.17
4942,71899,241,1,206.75
4943,63765,68,2,1973.25
4944,48170,711,1,128.83
4945,58301,844,1,432.51
4946,26897,385,1,364.27
4947,16181,580,1,44.39
4948,25083,774,1,175.76
4949,51150,137,1,1286.59
4950,95403,769,1,160.34
4951,63950,103,3,916.04
4952,76072,210,2,653.61
4953,35823,713,1,84.65
4954,37421,14,2,748.83
4955,3581,305,1,145.78
4956,71806,717,1,143.37
4957,66068,160,1,1762.02
4958,96413,83,2,943.76
4959,83214,314,2,217.82
4960,37238,81,2,2179.45
4961,65316,124,1,543.3
4962,19610,567,4,55.35
4963,52969,569,3,118.44
4964,43354,473,1,75.58
4965,93341,142,2,814.09
4966,6556,705,1,32.06
4967,51900,636,2,81.59
4968,12629,55,1,1450.93
4969,94320,236,1,145.03
4970,72859,630,1,43.94
4971,21547,822,3,25.42
4972,35313,659,1,109.2
4973,87038,796,2,361.44
4974,97366,744,1,207.32
4975,51409,619,1,100.91
4976,32992,681,1,140.36
4977,77823,152,1,794.45
4978,98230,106,1,810.12
4979,44982,782,1,220.16
4980,67712,166,2,2080.6
4981,65428,71,3,1883.64
4982,65387,466,1,211.09
4983,4875,788,1,176.78
4984,4799,57,2,488.73
4985,53535,715,1,69.75
4986,80868,491,1,240.43
4987,46734,89,3,2273.66
4988,42725,468,2,448.77
4989,77382,229,2,188.3
4990,94436,33,3,421.17
4991,28976,629,1,19.84
4992,37106,713,1,84.65
4993,63055,112,2,654.43
4994,9142,243,1,196.32
4995,3937,29,1,1439.04
4996,28632,158,1,1853.29
4997,59977,596,1,62.64
4998,41488,228,1,89.98
4999,59876,220,1,2128.96
5000,4957,206,1,167.72
5001,48379,413,2,526.63
5002,6259,245,1,23.66
5003,62617,251,1,76.69
5004,91695,292,1,32.35
5005,88808,59,2,353.67
5006,46717,772,1,346.25
5007,16835,510,1,359.27
5008,24157,276,1,105.92
5009,20288,274,1,195.72
5010,36266,139,1,999.63
5011,80525,558,1,18.15
5012,86330,123,1,922.12
5013,54125,39,1,1650.03
5014,87481,506,2,138.24
5015,98518,423,2,105.79
5016,26672,755,3,103.54
5017,73883,88,1,1539.42
5018,83460,8,1,2190.96
5019,39034,13,1,2070.93
5020,34359,817,1,236.52
5021,91562,262,1,238.23
5022,38538,392,1,224.55
5023,22230,531,5,101.94
5024,56214,383,1,311.85
5025,38788,832,3,191.89
5026,94902,671,2,49.76
5027,21001,426,1,277.42
5028,38179,634,1,92.64
5029,4462,699,1,47.24
5030,10813,88,2,1539.42
5031,93430,580,2,44.39
5032,25109,182,1,551.45
5033,85168,125,1,775.3
5034,90272,637,2,92.71
5035,37818,476,1,603.44
5036,49821,470,1,543.54
5037,87129,347,1,128.17
5038,87209,82,1,1507.07
5039,12353,453,1,228.77
5040,26396,628,1,92.54
5041,32983,465,1,542.03
5042,59223,712,1,101.6
5043,72382,259,1,116.9
5044,84271,751,1,95.53
5045,77633,623,1,53.5
5046,32347,432,1,378.9
5047,42515,784,1,161.33
5048,95873,185,1,823.93
5049,43251,258,1,139.68
5050,98936,32,1,672.62
5051,71681,567,1,55.35
5052,9589,318,2,60.45
5053,62917,36,2,1992.63
5054,14108,176,1,679.98
5055,13531,778,1,286.32
5056,94321,631,3,120.31
5057,36063,759,1,375.56
5058,97863,495,2,243.47
5059,9456,733,1,112.26
5060,28398,310,4,73.64
5061,98954,600,1,20.67
5062,5039,314,1,217.82
5063,68433,145,1,867.39
5064,79003,700,1,85.88
5065,51367,747,1,171.96
5066,60326,239,1,130.06
5067,80260,533,1,152.22
5068,45663,812,1,342.03
5069,15809,611,2,20.37
5070,74712,247,1,94.97
5071,88096,321,3,113.48
5072,82177,59,2,353.67
5073,30040,495,1,243.47
5074,41055,481,2,312.06
5075,50893,67,1,612.82
5076,28680,400,1,374.97
5077,94388,235,1,63.67
5078,70099,279,1,140.86
5079,65332,632,1,159.73
5080,1349,623,1,53.5
5081,7198,666,2,47.03
5082,97942,132,1,765.52
5083,58030,380,1,179.57
5084,54290,454,2,480.12
5085,17924,701,1,92.7
5086,98093,725,1,98.54
5087,31949,81,1,2179.45
5088,2263,362,1,129.66
5089,29249,267,5,139.87
5090,99381,175,3,1556.96
5091,46462,3,2,1772.05
5092,32697,49,1,1342.93
5093,9476,353,2,132.5
5094,43748,850,1,237.95
5095,80331,831,1,129.32
5096,82167,740,1,73.03
5097,6307,695,1,41.43
5098,31649,783,1,136.46
5099,34664,614,1,27.16
5100,57899,670,1,62.57
5101,69721,407,1,216.15
5102,42824,692,1,78.86
5103,30933,772,3,346.25
5104,43888,272,1,164.9
5105,19883,787,1,233.8
5106,69073,786,2,385.84
5107,26885,569,4,118.44
5108,65532,443,1,210.88
5109,10509,330,1,70.71
5110,85913,425,1,85.89
5111,50989,703,1,68.35
5112,20864,13,2,2070.93
5113,82962,410,1,105.83
5114,37674,99,1,268.9
5115,45696,631,1,120.31
5116,44866,602,1,45.99
5117,28285,279,1,140.86
5118,45529,588,2,32.82
5119,76756,516,1,61.04
5120,66610,842,1,262.8
5121,91471,322,1,143.41
5122,67712,727,1,45.19
5123,37362,137,1,1286.59
5124,33285,811,1,465.41
5125,34600,604,1,28.08
5126,82074,62,2,845.49
5127,83078,587,1,26.35
5128,42505,344,1,95.79
5129,80436,551,5,67.02
5130,8718,578,1,123.63
5131,79785,13,1,2070.93
5132,4120,43,2,310.32
5133,92898,77,2,1880.83
5134,45490,142,1,814.09
5135,42164,631,1,120.31
5136,17389,633,1,89.89
5137,33268,793,2,208.32
5138,18339,178,1,1039.95
5139,87431,211,1,1347.08
5140,59040,635,1,40.19
5141,85698,437,1,95.45
5142,88181,745,1,131.36
5143,29533,573,2,55.72
5144,26242,321,2,113.48
5145,13181,732,2,139.82
5146,64660,196,4,974.84
5147,9831,160,1,1762.02
5148,6236,98,2,1113.05
5149,68900,288,2,112.41
5150,94592,769,1,160.34
5151,11531,596,1,62.64
5152,88077,597,2,82.6
5153,24452,254,1,79.63
5154,37908,831,2,129.32
5155,65688,291,1,30.01
5156,79379,266,2,148.88
5157,19499,20,1,877.84
5158,57572,664,1,57.36
5159,73367,687,1,98.13
5160,40775,763,4,135.61
5161,74514,688,1,62.01
5162,17716,362,1,129.66
5163,45549,804,1,241.93
5164,32605,89,2,2273.66
5165,50658,686,1,96.04
5166,78837,232,1,106.09
5167,38330,830,2,191.83
5168,7782,826,1,394.47
5169,53421,531,2,101.94
5170,61243,621,2,38.29
5171,25479,38,1,512.7
5172,92265,485,1,292.09
5173,7450,808,2,399.03
5174,14246,217,1,934.5
5175,45103,419,1,332.33
5176,96860,451,1,387.94
5177,27417,715,4,69.75
5178,3408,833,1,104.08
5179,53049,559,1,93.58
5180,12013,850,1,237.95
5181,56334,714,2,77.2
5182,60447,430,1,118.66
5183,37221,695,1,41.43
5184,33009,758,1,217.14
5185,31417,555,1,112.86
5186,18196,682,1,59.6
5187,59336,803,1,231.37
5188,85205,139,3,999.63
5189,17417,735,2,70.91
5190,18855,771,1,93.15
5191,17716,359,2,206.65
5192,10864,486,1,475.47
5193,22710,148,1,1254.83
5194,38115,80,1,557.08
5195,74535,780,2,254.38
5196,74677,701,1,92.7
5197,23736,420,4,373.76
5198,43853,599,1,38.98
5199,62592,30,1,358.22
5200,51120,336,1,33.43
5201,88055,800,1,396.56
5202,25542,216,3,790.68
5203,95850,220,1,2128.96
5204,5458,559,1,93.58
5205,19857,716,2,170.57
5206,26288,770,2,332.54
5207,74023,142,1,814.09
5208,13424,252,1,88.87
5209,38692,797,1,404.47
5210,45752,671,2,49.76
5211,43380,126,2,1112.26
5212,30076,545,3,77.05
5213,11726,546,1,52.46
5214,95671,837,1,390.61
5215,76375,496,1,203.6
5216,61210,786,2,385.84
5217,99288,431,1,130.19
5218,37764,356,1,129.5
5219,38288,298,1,66.54
5220,99555,599,1,38.98
5221,32965,462,1,321.21
5222,87487,358,1,119.54
5223,26234,262,1,238.23
5224,53491,329,2,93.74
5225,18010,138,1,1696.84
5226,54704,438,1,415.7
5227,35265,26,1,1921.56
5228,82669,456,1,254.58
5229,35859,143,1,1244.23
5230,65688,92,1,1722.95
5231,71487,426,1,277.42
5232,88612,519,2,587.38
5233,73632,557,1,33.37
5234,58646,459,1,85.05
5235,80737,87,1,1765.71
5236,94966,326,3,148.27
5237,97562,488,2,179.28
5238,15560,644,2,67.31
5239,24627,275,1,107.44
5240,26383,645,1,42.2
5241,8108,306,1,226.09
5242,36708,847,1,82.79
5243,33942,117,2,1977.83
5244,29268,663,1,103.09
5245,86878,778,1,286.32
5246,22870,828,1,161.68
5247,94568,186,1,1591.62
5248,22193,164,1,1320.66
5249,89420,335,3,35.02
5250,62567,97,1,1294.45
5251,23871,569,1,118.44
5252,4387,427,1,235.15
5253,68506,298,1,66.54
5254,73107,491,1,240.43
5255,81434,548,1,83.07
5256,60043,784,4,161.33
5257,66561,684,1,112.82
5258,1359,4,4,1452.58
5259,36155,590,1,35.21
5260,63224,420,1,373.76
5261,12400,100,1,538.09
5262,24448,596,1,62.64
5263,22984,473,1,75.58
5264,4920,736,1,154.75
5265,8677,408,2,42.37
5266,15077,398,3,230.52
5267,26883,393,1,210.09
5268,77510,289,1,75.66
5269,20516,119,2,2295.88
5270,43339,828,1,161.68
5271,4836,68,1,1973.25
5272,29727,320,1,71.03
5273,33608,570,1,51.63
5274,17484,532,2,157.74
5275,91586,636,1,81.59
5276,95041,558,1,18.15
5277,52434,644,1,67.31
5278,30720,525,1,106.03
5279,17114,577,1,34.72
5280,37198,288,2,112.41
5281,73820,345,1,90.74
5282,63652,705,1,32.06
5283,40773,90,1,1196.13
5284,91766,705,1,32.06
5285,86674,417,3,183.3
5286,94139,740,1,73.03
5287,45863,278,1,130.88
5288,13004,565,1,51.83
5289,93650,840,1,251.11
5290,80091,93,4,1850.93
5291,73188,415,1,313.17
5292,41308,347,1,128.17
5293,8096,669,1,51.43
5294,44035,559,1,93.58
5295,29959,82,1,1507.07
5296,30678,804,3,241.93
5297,82165,411,1,192
5298,1698,617,1,24.15
5299,34216,699,3,47.24
5300,73235,655,1,79.63
5301,26062,109,3,776.74
5302,74694,352,1,177.33
5303,25021,315,1,171.61
5304,41180,64,2,987.78
5305,73376,591,1,33.88
5306,86688,366,2,89.01
5307,93483,675,1,77.03
5308,1529,475,1,268.5
5309,14164,785,1,117.09
5310,17396,378,2,57.89
5311,95500,468,2,448.77
5312,60717,1,1,1018.58
5313,88559,733,1,112.26
5314,14431,398,1,230.52
5315,90917,67,1,612.82
5316,75713,145,1,867.39
5317,6582,732,2,139.82
5318,93757,314,1,217.82
5319,17573,161,2,1006.83
5320,29363,214,1,769.16
5321,81733,838,1,165.94
5322,55746,257,1,204.86
5323,17688,205,1,1469.58
5324,47369,425,1,85.89
5325,45975,772,1,346.25
5326,16933,360,3,117.81
5327,99978,816,1,212.43
5328,44238,808,1,399.03
5329,44799,517,2,211.65
5330,58534,846,4,180.75
5331,51440,718,1,185.18
5332,23013,184,1,2233.97
5333,84888,310,1,73.64
5334,63671,674,1,91.61
5335,87331,496,1,203.6
5336,46384,838,1,165.94
5337,64818,750,1,248.2
5338,88493,227,1,224.15
5339,36800,737,2,74.87
5340,29887,830,1,191.83
5341,24070,182,1,551.45
5342,70207,249,2,218.37
5343,43626,535,1,95.48
5344,8863,466,1,211.09
5345,16914,674,2,91.61
5346,17806,334,1,50.93
5347,40902,97,1,1294.45
5348,5131,386,1,403.91
5349,85168,846,1,180.75
5350,82289,790,1,418.19
5351,85582,776,4,107.12
5352,3256,389,1,372.78
5353,62986,138,2,1696.84
5354,28596,633,1,89.89
5355,99546,400,1,374.97
5356,88255,503,1,188.72
5357,93631,698,1,99.51
5358,91923,342,1,101.64
5359,44590,675,1,77.03
5360,37540,194,1,1529.24
5361,24697,632,1,159.73
5362,56646,280,1,161.38
5363,26384,403,2,259.54
5364,10677,176,1,679.98
5365,76773,553,3,70.14
5366,73174,421,1,396.57
5367,94146,442,1,585.83
5368,9285,348,1,34.82
5369,93678,726,1,145.95
5370,82636,493,1,178.11
5371,53352,680,1,151.72
5372,59089,363,1,99.37
5373,49912,393,1,210.09
5374,95483,740,3,73.03
5375,62948,141,1,2665.48
5376,56602,154,1,1229.13
5377,31211,662,1,198.38
5378,29683,308,1,80.43
5379,28666,755,1,103.54
5380,17580,383,1,311.85
5381,39863,714,1,77.2
5382,86260,82,1,1507.07
5383,90198,308,2,80.43
5384,87324,434,1,110.92
5385,58162,128,1,2170.64
5386,13348,274,1,195.72
5387,72522,514,1,446.84
5388,32939,768,1,364.34
5389,85849,457,4,43.15
5390,41862,42,1,1240.21
5391,20354,718,1,185.18
5392,57036,725,1,98.54
5393,5534,9,1,1457.94
5394,95872,845,1,106.71
5395,94640,725,2,98.54
5396,93596,110,1,456.84
5397,28241,383,2,311.85
5398,49343,628,1,92.54
5399,78929,276,1,105.92
5400,19222,314,1,217.82
5401,46075,849,1,207.15
5402,6038,512,1,226.59
5403,38988,804,1,241.93
5404,18212,157,1,1620.62
5405,86867,432,5,378.9
5406,71577,103,1,916.04
5407,22488,499,3,561.17
5408,76837,567,2,55.35
5409,88958,348,3,34.82
5410,88803,426,1,277.42
5411,69390,406,1,470.57
5412,84876,737,2,74.87
5413,74441,71,1,1883.64
5414,49918,396,1,503.93
5415,56966,374,1,337.45
5416,52954,174,1,772.9
5417,1433,807,1,406.4
5418,39799,8,1,2190.96
5419,72335,181,1,960.96
5420,2825,117,2,1977.83
5421,39588,791,1,108.25
5422,9826,664,1,57.36
5423,87006,315,2,171.61
5424,5534,460,1,119.48
5425,98739,9,1,1457.94
5426,33153,793,2,208.32
5427,3000,826,1,394.47
5428,88776,255,1,59.87
5429,14875,435,1,101.95
5430,49924,212,1,1668.95
5431,85115,61,1,1043.37
5432,89964,532,3,157.74
5433,2096,14,1,748.83
5434,92441,641,2,20.23
5435,84783,477,3,96.07
5436,10463,163,1,1530.22
5437,23339,467,1,180.84
5438,83904,162,3,1527.43
5439,95220,223,1,46.56
5440,15970,182,1,551.45
5441,66403,828,1,161.68
5442,31983,315,3,171.61
5443,17454,22,1,609.78
5444,29039,637,1,92.71
5445,56046,584,3,50.02
5446,70224,378,3,57.89
5447,53198,377,1,431.36
5448,61975,298,1,66.54
5449,21294,220,1,2128.96
5450,26541,691,2,66.88
5451,44624,566,1,74.04
5452,24235,11,2,243.48
5453,40656,362,1,129.66
5454,91799,723,1,32.72
5455,75095,425,1,85.89
5456,62670,82,1,1507.07
5457,33066,622,1,40.46
5458,41981,226,2,70.24
5459,14517,340,1,47.41
5460,59580,590,1,35.21
5461,72137,143,2,1244.23
5462,45866,659,1,109.2
5463,49479,227,1,224.15
5464,92857,682,1,59.6
5465,67526,104,3,1266.38
5466,88963,369,1,63.75
5467,80511,523,2,136.72
5468,19790,806,1,292.37
5469,8324,759,1,375.56
5470,99906,307,2,108.22
5471,90893,77,1,1880.83
5472,91643,192,1,2315.69
5473,88506,444,5,209.61
5474,81788,770,1,332.54
5475,43768,511,1,304.85
5476,4837,278,1,130.88
5477,1673,136,1,930.82
5478,50982,411,3,192
5479,19008,214,1,769.16
5480,37376,437,1,95.45
5481,26864,271,3,164.71
5482,58673,152,1,794.45
5483,76860,286,2,31.89
5484,9081,33,1,421.17
5485,68467,598,1,37.17
5486,97048,738,1,140.26
5487,12538,50,1,699.69
5488,25884,645,1,42.2
5489,21435,149,1,376.32
5490,15192,812,1,342.03
5491,52107,560,1,77.29
5492,33324,798,2,227.6
5493,32181,94,2,1373.01
5494,32965,582,2,141.03
5495,31151,514,3,446.84
5496,99921,90,1,1196.13
5497,98182,732,2,139.82
5498,76276,391,1,595.91
5499,38056,149,4,376.32
5500,36548,157,2,1620.62
5501,19458,773,3,99.41
5502,16223,748,1,220.43
5503,97996,586,1,42.98
5504,83010,660,1,98.01
5505,81161,719,2,42.9
5506,68373,495,1,243.47
5507,82899,755,2,103.54
5508,61329,105,1,2361.4
5509,26787,554,3,71.05
5510,11167,492,1,307.86
5511,30838,680,1,151.72
5512,22321,57,3,488.73
5513,48358,232,1,106.09
5514,14932,474,1,466.85
5515,82406,143,1,1244.23
5516,39491,735,1,70.91
5517,66499,171,1,1633.75
5518,77994,71,2,1883.64
5519,49625,10,1,1709.69
5520,86568,532,1,157.74
5521,40580,675,1,77.03
5522,61411,17,3,899.25
5523,5361,454,1,480.12
5524,74857,493,3,178.11
5525,55115,42,1,1240.21
5526,35631,498,1,98.36
5527,82500,50,3,699.69
5528,34138,489,1,526.38
5529,80009,807,2,406.4
5530,83322,376,1,191.89
5531,17295,529,3,23.4
5532,79159,546,1,52.46
5533,59254,298,1,66.54
5534,33252,190,3,798.17
5535,11876,762,1,152.14
5536,24647,838,2,165.94
5537,52378,781,2,274.7
5538,69181,466,1,211.09
5539,45123,828,1,161.68
5540,48454,401,2,111.92
5541,20333,361,1,89.29
5542,84369,795,1,42.45
5543,13619,287,1,100.46
5544,98254,119,1,2295.88
5545,31426,748,1,220.43
5546,38951,589,1,32.73
5547,15029,517,2,211.65
5548,93228,545,2,77.05
5549,58321,295,1,52.91
5550,33212,765,1,54.88
5551,94823,289,1,75.66
5552,38829,56,1,2429.03
5553,69060,634,1,92.64
5554,74464,272,5,164.9
5555,48635,191,1,500.92
5556,13339,155,1,2869.59
5557,73179,511,1,304.85
5558,51910,770,1,332.54
5559,33537,771,2,93.15
5560,72136,736,1,154.75
5561,7957,549,1,67.03
5562,20451,521,1,74.48
5563,77215,566,1,74.04
5564,75869,316,1,139.67
5565,20372,337,1,177.03
5566,97712,53,1,2521.54
5567,51769,218,2,1811.21
5568,34046,25,1,1165.72
5569,2412,750,2,248.2
5570,71804,424,1,255.29
5571,54647,775,4,320.37
5572,53698,474,1,466.85
5573,60615,132,2,765.52
5574,40695,127,5,2023.32
5575,87461,580,1,44.39
5576,11607,844,1,432.51
5577,7285,842,1,262.8
5578,15185,44,1,2369.39
5579,68602,136,3,930.82
5580,96686,44,2,2369.39
5581,93122,349,4,87.41
5582,62150,232,1,106.09
5583,62889,121,1,1989.62
5584,24884,824,1,176.02
5585,74580,588,1,32.82
5586,15500,407,1,216.15
5587,65835,533,1,152.22
5588,66496,255,1,59.87
5589,98559,817,1,236.52
5590,89279,11,2,243.48
5591,12194,275,1,107.44
5592,43863,704,2,44.41
5593,11201,107,1,1082
5594,25445,615,1,112.27
5595,8980,279,2,140.86
5596,29629,582,3,141.03
5597,56020,92,1,1722.95
5598,43456,599,2,38.98
5599,98987,208,1,1599.96
5600,67173,693,1,89.35
5601,93662,558,1,18.15
5602,73229,19,4,1121.09
5603,84388,417,1,183.3
5604,68269,69,1,449.82
5605,17679,558,1,18.15
5606,73209,201,1,1549.7
5607,54728,602,2,45.99
5608,65337,683,1,49.44
5609,36484,10,1,1709.69
5610,21761,660,1,98.01
5611,80253,768,1,364.34
5612,73124,809,1,191.41
5613,73550,536,1,128.45
5614,29016,405,1,192.25
5615,91557,323,1,132.78
5616,99147,493,1,178.11
5617,76948,64,1,987.78
5618,99077,272,2,164.9
5619,78630,756,2,318.76
5620,28060,661,1,70.59
5621,57333,37,1,899.87
5622,88723,613,1,78.12
5623,44332,333,1,23.12
5624,36476,478,2,279.21
5625,57688,42,1,1240.21
5626,15524,573,2,55.72
5627,9833,153,1,621.19
5628,82289,837,1,390.61
5629,99556,100,1,538.09
5630,36101,631,1,120.31
5631,8964,452,1,281.11
5632,79128,74,1,2015.09
5633,33820,670,1,62.57
5634,9072,58,1,720
5635,65152,833,1,104.08
5636,24848,322,1,143.41
5637,62320,724,1,125.26
5638,22804,614,1,27.16
5639,33722,422,3,395.38
5640,8264,528,1,45.58
5641,40496,586,2,42.98
5642,42026,421,1,396.57
5643,62343,282,1,82.43
5644,80723,514,2,446.84
5645,10892,436,1,346.44
5646,65597,675,1,77.03
5647,19185,813,1,98.39
5648,97442,259,1,116.9
5649,43007,609,1,65.41
5650,68608,333,1,23.12
5651,22783,442,1,585.83
5652,88685,330,1,70.71
5653,4163,461,1,118.87
5654,72331,599,1,38.98
5655,54721,783,2,136.46
5656,15182,812,1,342.03
5657,82120,314,1,217.82
5658,29192,568,1,59.32
5659,18807,772,1,346.25
5660,70855,782,1,220.16
5661,91695,574,3,77.48
5662,46686,721,2,173.77
5663,60432,112,1,654.43
5664,75794,497,1,291.81
5665,84592,773,1,99.41
5666,3106,652,3,93.32
5667,94007,420,1,373.76
5668,51858,127,1,2023.32
5669,81626,144,3,893.7
5670,11768,694,4,57.93
5671,78176,675,1,77.03
5672,48939,841,2,37.29
5673,22169,475,1,268.5
5674,72945,624,1,63.62
5675,60323,192,1,2315.69
5676,38272,273,1,180.43
5677,50125,464,1,291.69
5678,41228,431,1,130.19
5679,2739,179,1,2506.19
5680,34629,85,1,910.42
5681,76527,14,1,748.83
5682,13488,347,1,128.17
5683,80131,332,1,152.61
5684,2575,219,1,1567.32
5685,36562,607,2,40.2
5686,52926,557,1,33.37
5687,68385,287,3,100.46
5688,53797,576,1,129.84
5689,53297,814,1,395.25
5690,39783,8,1,2190.96
5691,60132,831,2,129.32
5692,80545,821,1,323.12
5693,67101,720,1,123.41
5694,12538,311,1,96.54
5695,19059,255,1,59.87
5696,35674,126,1,1112.26
5697,39090,67,5,612.82
5698,53599,463,4,370.25
5699,60022,456,3,254.58
5700,27651,162,1,1527.43
5701,57687,543,3,42.06
5702,22377,361,1,89.29
5703,62609,86,1,934.14
5704,80737,845,1,106.71
5705,52798,741,1,194.97
5706,48660,547,2,31.12
5707,65272,625,1,77.06
5708,65952,109,1,776.74
5709,88754,544,1,83.09
5710,70609,636,4,81.59
5711,52969,732,1,139.82
5712,85513,347,3,128.17
5713,22082,492,1,307.86
5714,70763,98,1,1113.05
5715,12082,179,1,2506.19
5716,99262,210,1,653.61
5717,31782,499,1,561.17
5718,65145,265,1,183.58
5719,67793,788,1,176.78
5720,90816,668,1,48.09
5721,70765,247,4,94.97
5722,9291,602,1,45.99
5723,59630,99,1,268.9
5724,80128,410,4,105.83
5725,52401,328,1,124.01
5726,72817,665,2,39.3
5727,15185,830,1,191.83
5728,39236,37,1,899.87
5729,58202,752,4,411.24
5730,36124,539,1,60.5
5731,99310,217,1,934.5
5732,1206,117,1,1977.83
5733,97522,109,1,776.74
5734,20925,332,1,152.61
5735,89142,430,1,118.66
5736,5248,270,2,76.57
5737,33961,32,4,672.62
5738,69978,22,1,609.78
5739,70445,514,1,446.84
5740,68542,738,4,140.26
5741,74834,427,1,235.15
5742,41138,470,3,543.54
5743,18239,407,2,216.15
5744,47694,742,1,149.39
5745,28913,488,4,179.28
5746,88346,265,3,183.58
5747,92818,703,1,68.35
5748,3188,523,1,136.72
5749,89575,420,1,373.76
5750,52652,768,1,364.34
5751,60780,174,1,772.9
5752,31160,639,2,60.83
5753,90444,539,1,60.5
5754,76085,438,1,415.7
5755,36214,618,4,45.85
5756,36418,684,2,112.82
5757,92267,540,2,32.85
5758,23183,4,3,1452.58
5759,87014,523,3,136.72
5760,55214,268,2,140.96
5761,61814,434,1,110.92
5762,18912,305,2,145.78
5763,84993,597,1,82.6
5764,65068,787,2,233.8
5765,29629,282,3,82.43
5766,7509,492,1,307.86
5767,16226,627,1,61.59
5768,48890,191,1,500.92
5769,67747,645,2,42.2
5770,36896,503,1,188.72
5771,74993,757,1,246.69
5772,52794,267,4,139.87
5773,50822,347,2,128.17
5774,84849,468,1,448.77
5775,30008,254,2,79.63
5776,58449,570,1,51.63
5777,50279,192,1,2315.69
5778,85875,95,1,1879.95
5779,78661,104,2,1266.38
5780,77351,37,1,899.87
5781,20901,143,2,1244.23
5782,36018,203,1,655.23
5783,79532,98,1,1113.05
5784,55234,618,1,45.85
5785,73168,55,1,1450.93
5786,86556,84,1,416.48
5787,21047,395,1,199.29
5788,94580,475,2,268.5
5789,64071,642,2,66.69
5790,77439,338,1,141.2
5791,19275,301,1,36.64
5792,88370,20,1,877.84
5793,4208,812,1,342.03
5794,17320,164,1,1320.66
5795,15806,444,4,209.61
5796,65571,61,1,1043.37
5797,66485,70,1,2884.14
5798,4396,570,1,51.63
5799,11935,479,3,552.74
5800,92688,400,1,374.97
5801,69755,168,1,702.77
5802,80949,17,2,899.25
5803,13152,194,4,1529.24
5804,24364,788,2,176.78
5805,50829,129,1,147.78
5806,72840,821,1,323.12
5807,52069,96,1,1237.53
5808,28324,323,1,132.78
5809,97850,830,1,191.83
5810,80520,140,4,2736.66
5811,11567,185,1,823.93
5812,69592,834,3,115.52
5813,80634,31,1,1472.03
5814,64025,248,1,220.15
5815,51630,335,2,35.02
5816,17722,557,1,33.37
5817,4268,337,1,177.03
5818,23709,834,1,115.52
5819,52781,665,2,39.3
5820,63349,449,1,211.58
5821,33762,755,1,103.54
5822,68546,116,1,2211.09
5823,6232,845,1,106.71
5824,67255,672,2,160.18
5825,71487,36,1,1992.63
5826,16532,536,2,128.45
5827,97571,349,1,87.41
5828,5392,563,1,33.62
5829,55057,74,1,2015.09
5830,77753,438,3,415.7
5831,43516,145,1,867.39
5832,18607,217,1,934.5
5833,24784,231,1,161.14
5834,55003,232,1,106.09
5835,36181,79,1,990.72
5836,25580,87,2,1765.71
5837,92328,633,1,89.89
5838,1913,257,2,204.86
5839,18130,814,1,395.25
5840,52534,90,1,1196.13
5841,47029,825,1,218.42
5842,41438,398,2,230.52
5843,43034,452,1,281.11
5844,46387,731,1,48.57
5845,42064,594,1,51.42
5846,24367,780,1,254.38
5847,27318,167,1,926.76
5848,95601,194,1,1529.24
5849,94933,312,1,43.29
5850,34265,271,1,164.71
5851,57579,343,1,60.44
5852,89568,705,1,32.06
5853,29866,492,3,307.86
5854,60376,442,2,585.83
5855,80489,668,1,48.09
5856,79139,52,1,1892.01
5857,32373,139,1,999.63
5858,29704,272,1,164.9
5859,52916,483,1,240.01
5860,73055,314,1,217.82
5861,63360,550,1,95.95
5862,28342,576,3,129.84
5863,84458,279,2,140.86
5864,62222,350,1,126.51
5865,78781,438,2,415.7
5866,42953,343,1,60.44
5867,99420,4,2,1452.58
5868,16050,821,1,323.12
5869,56767,245,2,23.66
5870,39666,564,2,14.35
5871,67265,303,1,112.09
5872,55259,526,3,62.16
5873,38025,353,1,132.5
5874,65299,546,1,52.46
5875,29502,573,1,55.72
5876,44483,567,1,55.35
5877,60987,603,1,37.61
5878,61359,657,1,62.42
5879,55936,402,1,476.71
5880,39543,390,2,406.02
5881,93717,634,2,92.64
5882,15771,12,2,2721.53
5883,61486,519,1,587.38
5884,13172,96,1,1237.53
5885,57265,209,1,128.3
5886,85666,690,1,51.49
5887,41057,197,1,1756.06
5888,9398,436,2,346.44
5889,97290,713,1,84.65
5890,81798,520,1,133.3
5891,67517,571,1,66.42
5892,26699,547,1,31.12
5893,22702,834,2,115.52
5894,99370,511,1,304.85
5895,10193,741,1,194.97
5896,98493,278,2,130.88
5897,14779,330,2,70.71
5898,86599,416,1,237.73
5899,12944,237,4,74.92
5900,51196,585,2,78.72
5901,76770,459,1,85.05
5902,44802,745,1,131.36
5903,96069,590,3,35.21
5904,25398,711,1,128.83
5905,68634,412,1,525.95
5906,52898,259,1,116.9
5907,9766,175,2,1556.96
5908,81805,506,1,138.24
5909,87462,830,1,191.83
5910,16616,117,1,1977.83
5911,47351,409,1,479.24
5912,46749,804,1,241.93
5913,66612,847,1,82.79
5914,89387,598,1,37.17
5915,99575,720,1,123.41
5916,1573,161,1,1006.83
5917,51150,669,1,51.43
5918,28497,96,1,1237.53
5919,25439,309,2,161.23
5920,41160,147,1,1476.49
5921,90473,328,1,124.01
5922,61005,674,1,91.61
5923,91111,224,1,86.46
5924,47941,193,1,2329.58
5925,54477,227,1,224.15
5926,74418,179,1,2506.19
5927,4163,225,1,72.93
5928,82645,616,1,122.24
5929,52316,846,1,180.75
5930,84708,222,1,116.61
5931,92067,690,1,51.49
5932,46857,236,2,145.03
5933,51014,844,2,432.51
5934,83702,382,1,344.3
5935,62439,276,1,105.92
5936,61323,158,1,1853.29
5937,92821,115,1,1529.93
5938,36186,842,4,262.8
5939,44488,436,1,346.44
5940,83689,674,1,91.61
5941,61033,383,2,311.85
5942,91555,296,3,109.15
5943,38000,417,1,183.3
5944,39287,766,1,229.2
5945,52543,383,2,311.85
5946,41042,628,1,92.54
5947,84985,839,1,232.84
5948,55865,203,1,655.23
5949,90048,97,1,1294.45
5950,69529,38,2,512.7
5951,70113,301,1,36.64
5952,74557,300,1,44.81
5953,12317,276,1,105.92
5954,84730,116,1,2211.09
5955,82210,466,1,211.09
5956,32272,778,1,286.32
5957,69673,228,1,89.98
5958,47284,560,1,77.29
5959,61732,260,5,47.28
5960,94636,415,3,313.17
5961,66241,442,1,585.83
5962,49063,643,1,54.43
5963,45509,216,2,790.68
5964,23039,459,1,85.05
5965,1881,334,1,50.93
5966,61808,37,1,899.87
5967,43036,801,1,280.08
5968,80545,677,1,40.98
5969,5891,317,1,92.22
5970,50400,415,1,313.17
5971,64443,1,2,1018.58
5972,81257,517,1,211.65
5973,24570,475,1,268.5
5974,89641,383,2,311.85
5975,63158,443,1,210.88
5976,52882,467,1,180.84
5977,18664,293,1,168.08
5978,60468,194,2,1529.24
5979,47205,689,1,130.61
5980,77487,117,1,1977.83
5981,51111,446,4,522.5
5982,92996,596,2,62.64
5983,94745,5,2,644.02
5984,99136,612,1,99.88
5985,39795,2,1,2587.65
5986,67043,675,1,77.03
5987,73197,240,1,61.03
5988,18113,627,1,61.59
5989,16868,426,1,277.42
5990,86439,728,1,135.75
5991,87536,261,1,124.59
5992,56869,232,1,106.09
5993,23826,66,1,1334.73
5994,73306,437,1,95.45
5995,50963,642,1,66.69
5996,70586,22,2,609.78
5997,64813,601,1,36.85
5998,35585,146,1,320.86
5999,70310,141,2,2665.48
6000,41635,843,1,116.02
6001,94439,695,2,41.43
6002,66933,842,1,262.8
6003,22329,744,1,207.32
6004,38690,471,4,44.33
6005,80733,318,1,60.45
6006,19682,705,1,32.06
6007,90485,9,1,1457.94
6008,57902,324,2,74.81
6009,42953,506,1,138.24
6010,51448,796,1,361.44
6011,56389,89,1,2273.66
6012,93315,580,2,44.39
6013,80131,717,1,143.37
6014,75509,314,1,217.82
6015,59665,557,2,33.37
6016,80492,156,4,798.5
6017,43247,44,3,2369.39
6018,21880,732,3,139.82
6019,29409,614,1,27.16
6020,10677,722,4,50.76
6021,59759,160,3,1762.02
6022,93320,506,1,138.24
6023,31807,174,1,772.9
6024,33912,770,2,332.54
6025,63958,737,1,74.87
6026,52832,311,2,96.54
6027,92684,226,1,70.24
6028,51903,801,1,280.08
6029,70614,602,1,45.99
6030,76044,108,1,1836.25
6031,98403,343,1,60.44
6032,90170,431,1,130.19
6033,65370,840,3,251.11
6034,57114,543,2,42.06
6035,32633,191,1,500.92
6036,78595,782,2,220.16
6037,99546,513,1,506.02
6038,70914,575,1,110.2
6039,32888,776,1,107.12
6040,19328,421,1,396.57
6041,87616,809,1,191.41
6042,71439,285,1,118.28
6043,34408,397,3,441.12
6044,49955,464,1,291.69
6045,81619,463,1,370.25
6046,61222,270,2,76.57
6047,5131,90,1,1196.13
6048,43371,741,1,194.97
6049,71651,719,1,42.9
6050,33793,209,3,128.3
6051,95190,398,1,230.52
6052,68740,715,1,69.75
6053,76726,612,2,99.88
6054,90337,771,1,93.15
6055,76981,673,1,35.45
6056,65638,358,1,119.54
6057,79492,76,1,1764.12
6058,8606,457,3,43.15
6059,89359,317,1,92.22
6060,24551,32,1,672.62
6061,65107,447,1,584.32
6062,80951,760,1,316.13
6063,69971,216,1,790.68
6064,52763,580,2,44.39
6065,77922,121,1,1989.62
6066,90272,460,1,119.48
6067,42869,495,1,243.47
6068,46502,749,2,384.4
6069,11598,540,1,32.85
6070,95440,78,1,448.34
6071,76160,364,1,112.89
6072,61040,79,1,990.72
6073,21776,9,1,1457.94
6074,93443,467,1,180.84
6075,76447,473,2,75.58
6076,37634,397,1,441.12
6077,29004,45,1,825.27
6078,7756,74,1,2015.09
6079,51689,453,1,228.77
6080,7089,483,1,240.01
6081,29027,610,1,85.31
6082,68350,697,1,62.96
6083,3775,437,1,95.45
6084,83025,841,4,37.29
6085,80783,528,2,45.58
6086,48405,55,1,1450.93
6087,16212,8,2,2190.96
6088,64842,704,1,44.41
6089,64755,194,2,1529.24
6090,49774,671,1,49.76
6091,34373,819,1,67.91
6092,6005,327,1,114.31
6093,54533,533,1,152.22
6094,65341,137,2,1286.59
6095,95303,338,1,141.2
6096,22183,191,1,500.92
6097,55246,4,1,1452.58
6098,76547,230,1,127.46
6099,77807,420,1,373.76
6100,99120,842,2,262.8
6101,70420,145,4,867.39
6102,17248,488,2,179.28
6103,35898,419,1,332.33
6104,84170,338,1,141.2
6105,13040,348,1,34.82
6106,34608,59,1,353.67
6107,61630,549,1,67.03
6108,90287,413,1,526.63
6109,12857,282,1,82.43
6110,30678,229,1,188.3
6111,54151,214,1,769.16
6112,62815,540,1,32.85
6113,2549,22,2,609.78
6114,33435,342,3,101.64
6115,23282,20,1,877.84
6116,48360,477,1,96.07
6117,33654,538,1,43.54
6118,69848,738,1,140.26
6119,41096,363,2,99.37
6120,71797,291,2,30.01
6121,52332,336,1,33.43
6122,22784,847,2,82.79
6123,14575,286,1,31.89
6124,38559,349,1,87.41
6125,96686,590,1,35.21
6126,70863,578,1,123.63
6127,39449,360,1,117.81
6128,17977,367,1,217.01
6129,77578,644,1,67.31
6130,51471,348,1,34.82
6131,45920,330,1,70.71
6132,46682,374,1,337.45
6133,23703,10,3,1709.69
6134,53105,154,2,1229.13
6135,5989,537,2,107.95
6136,59646,599,1,38.98
6137,36765,231,1,161.14
6138,29389,465,1,542.03
6139,62769,495,1,243.47
6140,76582,359,1,206.65
6141,32847,836,1,182
6142,95937,591,2,33.88
6143,57649,458,2,245.35
6144,19311,783,1,136.46
6145,93072,492,1,307.86
6146,45413,22,1,609.78
6147,47704,720,1,123.41
6148,31120,218,1,1811.21
6149,33142,245,2,23.66
6150,68035,588,1,32.82
6151,45910,51,1,2718.95
6152,67932,420,1,373.76
6153,75538,209,2,128.3
6154,98024,217,1,934.5
6155,90767,843,1,116.02
6156,25331,362,2,129.66
6157,31260,24,1,1004.36
6158,36915,17,2,899.25
6159,53180,242,1,213.16
6160,12326,552,1,108.39
6161,68304,103,1,916.04
6162,6510,267,2,139.87
6163,54154,246,1,201.57
6164,58781,1,1,1018.58
6165,52784,732,1,139.82
6166,45296,135,1,2540.95
6167,59757,36,1,1992.63
6168,88821,424,1,255.29
6169,18969,650,1,88.13
6170,85641,730,1,48.49
6171,33295,193,1,2329.58
6172,56022,330,2,70.71
6173,60910,139,2,999.63
6174,25080,125,1,775.3
6175,76706,529,1,23.4
6176,90136,705,1,32.06
6177,44293,203,1,655.23
6178,52042,294,1,85.44
6179,10158,598,3,37.17
6180,30464,562,1,40.76
6181,29526,137,1,1286.59
6182,21687,15,1,694.06
6183,21825,512,1,226.59
6184,44088,148,1,1254.83
6185,40303,569,3,118.44
6186,68478,675,2,77.03
6187,48843,554,2,71.05
6188,98229,661,1,70.59
6189,95234,766,2,229.2
6190,73371,789,1,194.77
6191,94815,525,1,106.03
6192,46379,352,2,177.33
6193,32944,605,1,31.92
6194,36098,623,2,53.5
6195,34169,21,1,1481.54
6196,68421,468,2,448.77
6197,55996,814,2,395.25
6198,73870,526,1,62.16
6199,67606,164,1,1320.66
6200,12827,4,5,1452.58
6201,71552,740,4,73.03
6202,14518,102,1,1536.79
6203,71387,744,1,207.32
6204,61413,265,1,183.58
6205,5100,313,1,28.06
6206,57989,269,1,85.34
6207,33089,184,2,2233.97
6208,53020,699,1,47.24
6209,45863,745,1,131.36
6210,54175,487,1,77.32
6211,52303,579,1,64.34
6212,18946,715,1,69.75
6213,53184,16,1,697
6214,2411,731,1,48.57
6215,44202,95,4,1879.95
6216,16892,613,1,78.12
6217,30429,113,1,2468.65
6218,40623,768,4,364.34
6219,54053,577,1,34.72
6220,2022,70,2,2884.14
6221,40408,401,2,111.92
6222,53822,282,1,82.43
6223,8297,199,1,2273.14
6224,90764,505,1,338.31
6225,99241,130,3,1270.67
6226,33999,397,2,441.12
6227,34557,230,1,127.46
6228,68589,577,3,34.72
6229,18590,143,2,1244.23
6230,36698,636,1,81.59
6231,97923,61,1,1043.37
6232,8115,197,3,1756.06
6233,2378,603,2,37.61
6234,38735,471,1,44.33
6235,48890,815,1,360.06
6236,62164,455,2,115.87
6237,70584,345,4,90.74
6238,87394,252,2,88.87
6239,76416,631,1,120.31
6240,32106,698,3,99.51
6241,43488,447,1,584.32
6242,29880,807,1,406.4
6243,82570,277,1,161.99
6244,57413,679,3,187.47
6245,75878,41,1,571.32
6246,15741,9,1,1457.94
6247,4287,613,2,78.12
6248,66714,587,2,26.35
6249,88520,485,1,292.09
6250,28241,492,3,307.86
6251,38652,712,1,101.6
6252,87119,802,2,107.98
6253,48925,767,1,303.89
6254,54931,602,1,45.99
6255,87941,842,1,262.8
6256,86857,417,1,183.3
6257,36937,141,1,2665.48
6258,55867,515,1,77.15
6259,89255,97,1,1294.45
6260,66513,127,1,2023.32
6261,66093,688,2,62.01
6262,22115,840,1,251.11
6263,17301,246,1,201.57
6264,97830,793,2,208.32
6265,20034,808,1,399.03
6266,3216,504,1,410.46
6267,99601,103,1,916.04
6268,40043,297,2,155.34
6269,11519,232,1,106.09
6270,20835,751,1,95.53
6271,26191,320,1,71.03
6272,79105,125,1,775.3
6273,43187,535,2,95.48
6274,33705,358,1,119.54
6275,94088,287,1,100.46
6276,55156,253,4,175.8
6277,54738,681,1,140.36
6278,34244,343,2,60.44
6279,68066,217,2,934.5
6280,90043,34,1,2576.39
6281,60103,216,1,790.68
6282,66293,161,2,1006.83
6283,7027,182,3,551.45
6284,62804,337,1,177.03
6285,16876,478,1,279.21
6286,59273,715,1,69.75
6287,45448,654,1,126.06
6288,3185,776,1,107.12
6289,50499,705,1,32.06
6290,69955,654,2,126.06
6291,75280,183,1,2443.07
6292,9795,178,1,1039.95
6293,19121,30,1,358.22
6294,14295,250,3,176.33
6295,40883,834,2,115.52
6296,68147,166,1,2080.6
6297,19737,182,1,551.45
6298,4966,848,2,495.21
6299,14053,727,1,45.19
6300,6861,23,4,879.34
6301,64123,819,1,67.91
6302,38324,547,1,31.12
6303,30162,710,1,114.92
6304,57251,139,3,999.63
6305,16663,381,2,119.17
6306,83517,460,1,119.48
6307,63596,130,1,1270.67
6308,27763,32,2,672.62
6309,92427,766,1,229.2
6310,52220,216,1,790.68
6311,55720,360,1,117.81
6312,30722,585,2,78.72
6313,98549,4,1,1452.58
6314,90919,482,1,343.8
6315,78367,239,1,130.06
6316,49140,375,1,94.51
6317,78859,736,1,154.75
6318,91017,211,1,1347.08
6319,42369,208,1,1599.96
6320,20654,255,1,59.87
6321,57074,298,1,66.54
6322,77229,310,1,73.64
6323,82370,776,2,107.12
6324,75724,465,1,542.03
6325,34849,529,2,23.4
6326,21219,367,1,217.01
6327,58814,259,2,116.9
6328,35610,477,1,96.07
6329,38362,183,3,2443.07
6330,44065,830,1,191.83
6331,7991,589,2,32.73
6332,60479,759,1,375.56
6333,80194,845,1,106.71
6334,89237,789,1,194.77
6335,49733,626,1,53.36
6336,85640,697,2,62.96
6337,6470,471,1,44.33
6338,41732,822,1,25.42
6339,76293,2,1,2587.65
6340,19983,714,1,77.2
6341,13441,254,1,79.63
6342,92611,93,1,1850.93
6343,94117,190,1,798.17
6344,89306,771,1,93.15
6345,57360,198,2,2315.24
6346,79117,657,1,62.42
6347,87146,633,1,89.89
6348,74194,417,1,183.3
6349,66002,681,1,140.36
6350,72113,717,2,143.37
6351,44387,18,1,1298.49
6352,72689,1,1,1018.58
6353,74671,81,2,2179.45
6354,65013,621,1,38.29
6355,51371,768,1,364.34
6356,97728,679,1,187.47
6357,14291,693,1,89.35
6358,80266,477,1,96.07
6359,79895,574,1,77.48
6360,5348,470,1,543.54
6361,19745,180,1,605.56
6362,29010,601,1,36.85
6363,66964,242,1,213.16
6364,69889,690,1,51.49
6365,96145,367,1,217.01
6366,66019,200,2,1905.88
6367,2957,442,1,585.83
6368,21354,743,1,297.24
6369,82858,459,1,85.05
6370,53015,154,1,1229.13
6371,39182,429,1,202.76
6372,2544,401,1,111.92
6373,99675,297,1,155.34
6374,73486,719,1,42.9
6375,89300,427,1,235.15
6376,61369,565,1,51.83
6377,78266,732,4,139.82
6378,33540,264,1,108.54
6379,71798,643,1,54.43
6380,73487,151,3,2364.58
6381,83745,412,1,525.95
6382,62251,383,2,311.85
6383,90137,519,2,587.38
6384,10690,643,1,54.43
6385,1626,558,1,18.15
6386,54788,493,5,178.11
6387,85559,696,1,103.81
6388,51234,816,2,212.43
6389,48925,398,1,230.52
6390,34266,430,2,118.66
6391,30607,533,1,152.22
6392,55245,667,1,58.31
6393,70557,149,4,376.32
6394,50456,364,1,112.89
6395,6987,75,1,1706.59
6396,23497,805,1,183.52
6397,89530,674,1,91.61
6398,27627,598,2,37.17
6399,89958,599,1,38.98
6400,10290,558,3,18.15
6401,66910,246,1,201.57
6402,47381,811,3,465.41
6403,53282,235,1,63.67
6404,65948,525,1,106.03
6405,33587,694,1,57.93
6406,19621,640,1,73.07
6407,7171,18,1,1298.49
6408,1906,326,1,148.27
6409,20248,221,1,132.3
6410,99472,669,2,51.43
6411,67049,238,1,27.65
6412,70559,352,1,177.33
6413,4735,622,5,40.46
6414,52535,325,1,213.64
6415,88861,644,1,67.31
6416,63903,778,3,286.32
6417,56386,323,2,132.78
6418,87106,845,1,106.71
6419,73918,79,2,990.72
6420,70562,61,1,1043.37
6421,38623,78,1,448.34
6422,52857,306,1,226.09
6423,7352,133,1,566.35
6424,99699,113,1,2468.65
6425,34361,462,1,321.21
6426,61109,577,2,34.72
6427,55473,225,1,72.93
6428,88072,224,2,86.46
6429,84511,248,3,220.15
6430,12005,31,2,1472.03
6431,12273,568,1,59.32
6432,38923,697,1,62.96
6433,50924,89,3,2273.66
6434,17901,382,1,344.3
6435,8881,374,3,337.45
6436,34233,628,1,92.54
6437,14438,539,2,60.5
6438,47989,1,1,1018.58
6439,16994,29,2,1439.04
6440,31577,572,3,97.56
6441,26757,97,1,1294.45
6442,57968,197,1,1756.06
6443,97313,181,1,960.96
6444,8706,42,1,1240.21
6445,93018,745,1,131.36
6446,12834,803,1,231.37
6447,67345,74,3,2015.09
6448,86123,295,1,52.91
6449,63648,323,1,132.78
6450,63044,376,1,191.89
6451,58060,698,1,99.51
6452,97412,297,1,155.34
6453,4480,463,1,370.25
6454,80964,22,1,609.78
6455,47890,724,4,125.26
6456,27350,372,2,52.26
6457,37535,796,1,361.44
6458,77402,517,1,211.65
6459,25480,310,1,73.64
6460,64000,670,1,62.57
6461,67887,210,1,653.61
6462,85565,387,1,179.63
6463,90142,546,1,52.46
6464,53421,749,1,384.4
6465,81349,578,1,123.63
6466,16530,337,1,177.03
6467,26310,81,1,2179.45
6468,3867,238,4,27.65
6469,93843,526,1,62.16
6470,21397,534,1,70.5
6471,3101,752,3,411.24
6472,75289,835,1,205.95
6473,50777,397,1,441.12
6474,56986,203,1,655.23
6475,21564,762,1,152.14
6476,46051,411,1,192
6477,10661,83,1,943.76
6478,3107,319,1,57.84
6479,55869,84,1,416.48
6480,86024,75,1,1706.59
6481,14162,218,4,1811.21
6482,62199,432,1,378.9
6483,34169,189,2,1308.31
6484,22594,182,1,551.45
6485,51426,768,1,364.34
6486,86882,754,3,158.39
6487,21750,283,1,87.55
6488,83352,61,2,1043.37
6489,95844,27,1,726.61
6490,2414,206,1,167.72
6491,94620,822,2,25.42
6492,98212,385,1,364.27
6493,92338,277,1,161.99
6494,96777,213,2,1572.75
6495,20822,476,2,603.44
6496,13930,760,1,316.13
6497,63462,218,1,1811.21
6498,74459,816,1,212.43
6499,7383,478,1,279.21
6500,21944,609,2,65.41
6501,8687,240,2,61.03
6502,99384,835,1,205.95
6503,96686,444,1,209.61
6504,99411,189,1,1308.31
6505,72335,606,1,61.43
6506,26725,21,1,1481.54
6507,91705,696,2,103.81
6508,89817,813,2,98.39
6509,33929,641,1,20.23
6510,48359,728,2,135.75
6511,58841,107,1,1082
6512,18751,836,1,182
6513,49249,170,2,1435.76
6514,95144,84,1,416.48
6515,15441,232,1,106.09
6516,59186,696,4,103.81
6517,80854,251,1,76.69
6518,55607,287,1,100.46
6519,22003,632,2,159.73
6520,27642,120,1,1327.9
6521,12789,543,1,42.06
6522,42192,99,1,268.9
6523,79063,114,2,1991.76
6524,31295,583,3,64.38
6525,35762,72,1,724.9
6526,89491,316,2,139.67
6527,12127,421,2,396.57
6528,90804,545,1,77.05
6529,42449,215,1,1720.21
6530,62669,778,1,286.32
6531,9948,753,2,249.45
6532,50508,447,1,584.32
6533,17010,725,1,98.54
6534,99645,326,2,148.27
6535,86298,775,1,320.37
6536,63355,116,1,2211.09
6537,70794,97,1,1294.45
6538,31816,752,1,411.24
6539,68508,304,3,128.59
6540,74137,381,1,119.17
6541,45461,581,3,61.28
6542,80273,592,1,79.56
6543,43363,649,1,134.51
6544,70674,32,1,672.62
6545,62734,280,1,161.38
6546,15557,730,2,48.49
6547,65918,201,3,1549.7
6548,3864,16,1,697
6549,54419,501,1,345.02
6550,26182,803,1,231.37
6551,25951,623,1,53.5
6552,30812,774,1,175.76
6553,37122,374,1,337.45
6554,75705,804,2,241.93
6555,93712,526,1,62.16
6556,55773,597,2,82.6
6557,62428,482,1,343.8
6558,88470,303,1,112.09
6559,69422,597,1,82.6
6560,64919,838,2,165.94
6561,32631,468,2,448.77
6562,3054,53,1,2521.54
6563,10758,46,1,1597.63
6564,7202,203,5,655.23
6565,45431,580,2,44.39
6566,7487,98,1,1113.05
6567,21868,511,1,304.85
6568,60321,568,1,59.32
6569,78389,751,1,95.53
6570,5524,112,3,654.43
6571,17584,112,1,654.43
6572,72139,573,1,55.72
6573,72791,431,1,130.19
6574,39061,486,1,475.47
6575,99077,598,2,37.17
6576,77037,310,1,73.64
6577,55373,190,1,798.17
6578,56586,622,1,40.46
6579,22616,66,1,1334.73
6580,49809,765,1,54.88
6581,47663,728,1,135.75
6582,96603,471,1,44.33
6583,85538,517,1,211.65
6584,11607,152,1,794.45
6585,79365,439,1,349.13
6586,50431,774,1,175.76
6587,76452,549,1,67.03
6588,31420,76,1,1764.12
6589,83477,281,3,187.62
6590,43837,85,1,910.42
6591,41014,582,3,141.03
6592,58224,303,2,112.09
6593,20843,816,2,212.43
6594,68679,191,1,500.92
6595,86350,739,4,80.56
6596,27034,606,1,61.43
6597,76467,121,1,1989.62
6598,54716,800,1,396.56
6599,71098,764,4,295.63
6600,48965,63,1,2058.51
6601,64304,509,1,525.62
6602,11760,284,1,46.63
6603,68025,380,1,179.57
6604,78428,701,1,92.7
6605,55476,301,1,36.64
6606,81000,3,1,1772.05
6607,70903,350,1,126.51
6608,54252,81,1,2179.45
6609,90214,95,1,1879.95
6610,31252,26,1,1921.56
6611,44272,182,2,551.45
6612,23190,804,2,241.93
6613,30008,158,2,1853.29
6614,65177,670,1,62.57
6615,29393,203,1,655.23
6616,59702,39,1,1650.03
6617,35106,477,1,96.07
6618,50241,578,1,123.63
6619,53513,129,1,147.78
6620,62482,215,1,1720.21
6621,69358,249,1,218.37
6622,64244,395,1,199.29
6623,65792,336,3,33.43
6624,44758,146,1,320.86
6625,69627,629,1,19.84
6626,4821,739,5,80.56
6627,78630,586,2,42.98
6628,7914,399,2,372.92
6629,39561,841,1,37.29
6630,51394,178,1,1039.95
6631,19444,456,1,254.58
6632,21983,351,1,106.17
6633,83143,151,1,2364.58
6634,28025,598,1,37.17
6635,79410,385,1,364.27
6636,5623,808,1,399.03
6637,44307,112,2,654.43
6638,15509,755,1,103.54
6639,12637,512,1,226.59
6640,3863,56,1,2429.03
6641,67790,816,3,212.43
6642,22599,734,1,91.41
6643,77439,390,1,406.02
6644,3937,272,1,164.9
6645,21869,289,2,75.66
6646,64919,60,2,934.39
6647,44223,269,2,85.34
6648,33032,143,1,1244.23
6649,72078,43,1,310.32
6650,56389,695,2,41.43
6651,26337,703,1,68.35
6652,71125,332,1,152.61
6653,63973,722,2,50.76
6654,64313,815,1,360.06
6655,52582,579,1,64.34
6656,42024,334,1,50.93
6657,7553,124,2,543.3
6658,35289,546,2,52.46
6659,65130,144,1,893.7
6660,89458,727,1,45.19
6661,98188,681,3,140.36
6662,64004,572,1,97.56
6663,36760,817,1,236.52
6664,57732,335,2,35.02
6665,99179,161,1,1006.83
6666,70341,404,2,418.74
6667,20219,560,1,77.29
6668,7951,771,1,93.15
6669,99508,561,1,86.98
6670,85848,397,1,441.12
6671,87481,443,1,210.88
6672,13169,181,1,960.96
6673,93970,193,1,2329.58
6674,93712,289,1,75.66
6675,94008,825,1,218.42
6676,98925,25,1,1165.72
6677,97417,288,1,112.41
6678,94442,189,2,1308.31
6679,39863,69,1,449.82
6680,10429,527,2,57.31
6681,86762,479,1,552.74
6682,30590,836,1,182
6683,51070,641,1,20.23
6684,94297,527,1,57.31
6685,31146,731,1,48.57
6686,80964,467,1,180.84
6687,7556,547,1,31.12
6688,10963,520,3,133.3
6689,7461,37,1,899.87
6690,62810,551,1,67.02
6691,10186,511,1,304.85
6692,81654,664,1,57.36
6693,82548,280,1,161.38
6694,79232,505,1,338.31
6695,78902,742,3,149.39
6696,65412,161,2,1006.83
6697,59057,623,3,53.5
6698,79613,291,1,30.01
6699,70388,66,5,1334.73
6700,44214,753,1,249.45
6701,78838,215,2,1720.21
6702,95686,715,1,69.75
6703,18025,17,1,899.25
6704,55860,401,3,111.92
6705,99478,606,1,61.43
6706,28979,339,2,101.75
6707,80089,456,1,254.58
6708,2230,762,3,152.14
6709,88342,416,1,237.73
6710,15467,585,1,78.72
6711,62264,583,3,64.38
6712,28249,52,1,1892.01
6713,14140,289,1,75.66
6714,2050,559,1,93.58
6715,89523,804,1,241.93
6716,88728,554,2,71.05
6717,30468,753,1,249.45
6718,94480,806,1,292.37
6719,72837,499,1,561.17
6720,55645,490,2,466.11
6721,24224,816,1,212.43
6722,49414,85,1,910.42
6723,56735,508,1,416.15
6724,52219,263,2,55.16
6725,97064,781,1,274.7
6726,47365,461,1,118.87
6727,24513,675,1,77.03
6728,19977,325,1,213.64
6729,73564,750,1,248.2
6730,2308,502,2,271.9
6731,23950,328,1,124.01
6732,8816,559,1,93.58
6733,29990,342,1,101.64
6734,89090,367,1,217.01
6735,2828,116,1,2211.09
6736,92587,327,1,114.31
6737,86162,711,2,128.83
6738,59239,483,5,240.01
6739,79142,758,1,217.14
6740,45588,754,1,158.39
6741,92111,101,2,297.32
6742,21913,824,1,176.02
6743,47607,678,1,75.52
6744,33940,147,1,1476.49
6745,37482,527,1,57.31
6746,92488,664,1,57.36
6747,31062,660,1,98.01
6748,53307,139,1,999.63
6749,67087,406,1,470.57
6750,57530,585,1,78.72
6751,80387,183,2,2443.07
6752,43915,245,1,23.66
6753,1503,523,1,136.72
6754,8594,13,1,2070.93
6755,93018,532,1,157.74
6756,10079,66,1,1334.73
6757,88605,103,1,916.04
6758,5984,426,1,277.42
6759,44365,219,1,1567.32
6760,33801,540,1,32.85
6761,38710,637,1,92.71
6762,48838,580,1,44.39
6763,5733,142,1,814.09
6764,5295,572,1,97.56
6765,46690,530,1,110.63
6766,7103,7,1,398.8
6767,61527,261,3,124.59
6768,97391,584,1,50.02
6769,38899,676,1,195.28
6770,48588,608,1,52.97
6771,8258,199,2,2273.14
6772,79880,808,1,399.03
6773,2539,797,2,404.47
6774,63874,829,1,292.82
6775,21012,761,1,107.7
6776,4453,808,1,399.03
6777,11876,288,2,112.41
6778,15423,84,1,416.48
6779,68894,823,2,158.01
6780,14691,111,3,875.42
6781,64803,592,1,79.56
6782,78367,405,1,192.25
6783,60843,644,1,67.31
6784,95133,729,1,53.27
6785,37572,525,1,106.03
6786,74863,134,5,955.11
6787,61764,153,1,621.19
6788,98944,350,1,126.51
6789,15665,841,2,37.29
6790,71679,78,1,448.34
6791,31230,426,1,277.42
6792,48939,663,5,103.09
6793,71639,438,1,415.7
6794,66797,647,1,101.3
6795,82289,158,1,1853.29
6796,34079,138,1,1696.84
6797,31112,37,1,899.87
6798,86883,65,1,861.03
6799,7575,636,1,81.59
6800,54060,362,1,129.66
6801,15936,553,1,70.14
6802,5576,292,1,32.35
6803,19045,418,1,195.16
6804,6987,199,1,2273.14
6805,11696,650,1,88.13
6806,49342,767,2,303.89
6807,85756,745,2,131.36
6808,86556,560,1,77.29
6809,10532,64,1,987.78
6810,5080,245,2,23.66
6811,40837,431,1,130.19
6812,75584,551,1,67.02
6813,42428,269,2,85.34
6814,91378,95,1,1879.95
6815,49680,345,1,90.74
6816,50607,465,5,542.03
6817,43761,703,2,68.35
6818,49493,293,1,168.08
6819,42478,489,2,526.38
6820,11407,610,1,85.31
6821,47693,487,4,77.32
6822,35016,335,1,35.02
6823,67530,354,1,58.86
6824,73107,168,1,702.77
6825,98817,180,4,605.56
6826,85077,70,2,2884.14
6827,24706,335,1,35.02
6828,68428,134,1,955.11
6829,31101,750,2,248.2
6830,71648,195,1,957.51
6831,47123,55,1,1450.93
6832,25496,382,1,344.3
6833,35825,88,1,1539.42
6834,52270,127,1,2023.32
6835,98297,315,1,171.61
6836,59838,479,1,552.74
6837,93505,334,1,50.93
6838,86341,776,1,107.12
6839,97072,96,2,1237.53
6840,36601,632,1,159.73
6841,75812,158,4,1853.29
6842,68498,351,3,106.17
6843,28917,526,1,62.16
6844,53052,409,1,479.24
6845,24262,762,1,152.14
6846,36303,364,1,112.89
6847,55405,267,2,139.87
6848,71594,826,2,394.47
6849,34789,258,1,139.68
6850,4823,627,1,61.59
6851,29513,598,1,37.17
6852,65166,49,1,1342.93
6853,71954,241,1,206.75
6854,59914,494,1,148.01
6855,20056,24,2,1004.36
6856,89584,610,2,85.31
6857,8096,13,1,2070.93
6858,61270,557,1,33.37
6859,77953,515,3,77.15
6860,33362,346,1,124.74
6861,47608,632,1,159.73
6862,96363,418,1,195.16
6863,28211,324,1,74.81
6864,88255,741,1,194.97
6865,36435,761,1,107.7
6866,25956,37,1,899.87
6867,42005,356,1,129.5
6868,22004,392,1,224.55
6869,51738,671,1,49.76
6870,45510,849,1,207.15
6871,5504,136,1,930.82
6872,36730,41,1,571.32
6873,75852,783,1,136.46
6874,97506,228,2,89.98
6875,56053,213,4,1572.75
6876,76229,304,1,128.59
6877,14068,628,1,92.54
6878,63900,71,1,1883.64
6879,26731,36,1,1992.63
6880,58168,180,1,605.56
6881,80040,57,1,488.73
6882,82118,166,2,2080.6
6883,34640,650,1,88.13
6884,80182,571,1,66.42
6885,83149,295,1,52.91
6886,28946,321,2,113.48
6887,33266,201,3,1549.7
6888,31188,560,1,77.29
6889,67530,483,3,240.01
6890,84458,178,2,1039.95
6891,70119,64,2,987.78
6892,98466,461,2,118.87
6893,11928,691,1,66.88
6894,46820,801,2,280.08
6895,27475,369,1,63.75
6896,27638,377,1,431.36
6897,55405,86,1,934.14
6898,30998,13,1,2070.93
6899,4593,813,1,98.39
6900,25162,125,1,775.3
6901,89892,582,2,141.03
6902,51269,159,2,791.31
6903,73142,155,1,2869.59
6904,33368,635,1,40.19
6905,20633,708,4,138.81
6906,39399,591,1,33.88
6907,37699,371,1,110.74
6908,63499,614,1,27.16
6909,84783,408,1,42.37
6910,26885,388,1,144.01
6911,84362,56,1,2429.03
6912,23608,5,1,644.02
6913,34847,488,1,179.28
6914,54843,797,1,404.47
6915,78820,734,1,91.41
6916,81163,302,1,110.6
6917,39297,668,1,48.09
6918,35429,431,1,130.19
6919,96676,179,1,2506.19
6920,45297,143,1,1244.23
6921,43023,162,1,1527.43
6922,38737,532,3,157.74
6923,72842,54,2,2305.48
6924,99497,570,2,51.63
6925,47813,594,1,51.42
6926,32583,222,2,116.61
6927,74356,617,3,24.15
6928,17703,733,1,112.26
6929,44063,423,1,105.79
6930,52659,386,1,403.91
6931,91406,171,1,1633.75
6932,28244,468,1,448.77
6933,55936,684,2,112.82
6934,44615,762,2,152.14
6935,78258,684,1,112.82
6936,18903,146,1,320.86
6937,71349,531,1,101.94
6938,57643,112,1,654.43
6939,95234,696,1,103.81
6940,1473,201,2,1549.7
6941,86371,104,1,1266.38
6942,14779,630,1,43.94
6943,79194,754,3,158.39
6944,96939,654,2,126.06
6945,29863,284,1,46.63
6946,71886,730,2,48.49
6947,25380,288,1,112.41
6948,44186,481,1,312.06
6949,28479,665,3,39.3
6950,32439,65,1,861.03
6951,52711,625,2,77.06
6952,75791,69,1,449.82
6953,77407,784,3,161.33
6954,78922,595,1,116.88
6955,7161,778,1,286.32
6956,29510,12,2,2721.53
6957,1746,535,4,95.48
6958,63952,745,1,131.36
6959,76263,232,1,106.09
6960,94902,834,1,115.52
6961,92926,438,1,415.7
6962,78960,65,1,861.03
6963,45241,613,2,78.12
6964,90219,202,3,476.93
6965,19257,433,1,307
6966,97474,157,1,1620.62
6967,88147,437,3,95.45
6968,83070,535,1,95.48
6969,53127,586,2,42.98
6970,88225,633,3,89.89
6971,93949,438,1,415.7
6972,67633,151,2,2364.58
6973,10321,551,1,67.02
6974,40232,232,1,106.09
6975,43026,81,2,2179.45
6976,41541,14,1,748.83
6977,34842,819,2,67.91
6978,1505,418,1,195.16
6979,28276,824,1,176.02
6980,85332,516,1,61.04
6981,10829,347,2,128.17
6982,85505,213,4,1572.75
6983,77221,442,1,585.83
6984,88968,486,1,475.47
6985,77124,249,4,218.37
6986,60258,625,1,77.06
6987,66170,849,2,207.15
6988,23190,681,1,140.36
6989,54068,485,1,292.09
6990,69310,123,1,922.12
6991,59944,523,2,136.72
6992,39614,286,3,31.89
6993,72131,368,1,192.86
6994,89969,847,1,82.79
6995,31688,217,1,934.5
6996,75834,380,1,179.57
6997,73155,792,3,234.78
6998,8829,297,1,155.34
6999,39906,501,2,345.02
7000,30779,188,1,1360.41
7001,29616,227,2,224.15
7002,62256,239,2,130.06
7003,57497,507,2,484.32
7004,48399,813,1,98.39
7005,9876,333,2,23.12
7006,24716,423,1,105.79
7007,29660,516,3,61.04
7008,54430,593,5,38.05
7009,11089,186,1,1591.62
7010,35364,217,1,934.5
7011,26400,844,1,432.51
7012,27099,679,1,187.47
7013,24914,191,2,500.92
7014,3444,470,2,543.54
7015,24884,349,2,87.41
7016,64641,391,1,595.91
7017,36485,199,1,2273.14
7018,66131,20,4,877.84
7019,34566,481,1,312.06
7020,42100,205,4,1469.58
7021,66907,615,4,112.27
7022,78462,775,1,320.37
7023,61329,333,2,23.12
7024,94033,799,1,275.79
7025,18173,184,1,2233.97
7026,99265,810,1,94.15
7027,61497,275,1,107.44
7028,79606,695,1,41.43
7029,75965,794,1,243.61
7030,7825,597,1,82.6
7031,51109,844,2,432.51
7032,92941,112,1,654.43
7033,75879,469,1,160.55
7034,67338,357,2,28.52
7035,95002,263,1,55.16
7036,3664,603,1,37.61
7037,49539,593,3,38.05
7038,3615,319,1,57.84
7039,83306,749,3,384.4
7040,89121,274,1,195.72
7041,32483,127,4,2023.32
7042,66223,785,1,117.09
7043,15944,823,2,158.01
7044,34267,613,3,78.12
7045,66743,779,3,285.39
7046,53654,500,1,584.81
7047,87199,4,1,1452.58
7048,22145,353,1,132.5
7049,35674,182,2,551.45
7050,81948,50,1,699.69
7051,5193,171,1,1633.75
7052,78462,487,1,77.32
7053,67549,62,1,845.49
7054,26952,581,1,61.28
7055,30024,489,2,526.38
7056,52096,532,1,157.74
7057,25127,317,1,92.22
7058,56428,264,5,108.54
7059,99923,844,1,432.51
7060,10542,92,1,1722.95
7061,42442,290,1,120.4
7062,37337,345,1,90.74
7063,50170,820,1,158.47
7064,53529,497,1,291.81
7065,3018,493,2,178.11
7066,21522,417,1,183.3
7067,25811,150,1,857.31
7068,21005,416,1,237.73
7069,96308,259,1,116.9
7070,35486,691,1,66.88
7071,74817,618,1,45.85
7072,32326,839,1,232.84
7073,41149,253,1,175.8
7074,11759,97,4,1294.45
7075,1550,334,1,50.93
7076,41843,694,3,57.93
7077,76354,386,1,403.91
7078,74132,792,1,234.78
7079,68135,658,1,71.4
7080,55458,128,3,2170.64
7081,61688,431,2,130.19
7082,28617,584,1,50.02
7083,8115,586,3,42.98
7084,51773,8,1,2190.96
7085,70124,541,3,131.23
7086,81571,130,1,1270.67
7087,56215,125,1,775.3
7088,59661,568,1,59.32
7089,47331,641,2,20.23
7090,36626,313,1,28.06
7091,71366,589,1,32.73
7092,12792,512,2,226.59
7093,87467,379,1,410.89
7094,56279,736,1,154.75
7095,15396,714,3,77.2
7096,6491,53,1,2521.54
7097,93289,111,2,875.42
7098,50195,125,1,775.3
7099,89564,1,1,1018.58
7100,76012,174,1,772.9
7101,20840,565,2,51.83
7102,53980,392,1,224.55
7103,46763,17,1,899.25
7104,61369,472,5,553.66
7105,18837,807,1,406.4
7106,20361,817,2,236.52
7107,56132,386,1,403.91
7108,34745,743,1,297.24
7109,66878,171,1,1633.75
7110,87177,755,2,103.54
7111,37610,690,2,51.49
7112,9619,349,1,87.41
7113,11389,161,1,1006.83
7114,37425,603,2,37.61
7115,85340,6,1,643.98
7116,16734,477,2,96.07
7117,15383,526,2,62.16
7118,85084,315,3,171.61
7119,47966,20,2,877.84
7120,61450,191,1,500.92
7121,6927,535,1,95.48
7122,84631,282,3,82.43
7123,7397,30,4,358.22
7124,33105,189,2,1308.31
7125,19832,837,5,390.61
7126,38145,529,1,23.4
7127,58896,444,1,209.61
7128,1906,465,1,542.03
7129,39319,4,1,1452.58
7130,81485,753,1,249.45
7131,95614,567,3,55.35
7132,69288,531,2,101.94
7133,19294,517,1,211.65
7134,46605,203,2,655.23
7135,59240,489,1,526.38
7136,74618,605,1,31.92
7137,54225,415,1,313.17
7138,41523,173,1,1273.32
7139,50068,455,2,115.87
7140,80429,578,2,123.63
7141,61461,451,3,387.94
7142,56744,810,1,94.15
7143,94213,605,1,31.92
7144,97364,735,1,70.91
7145,6827,837,1,390.61
7146,17213,54,2,2305.48
7147,55187,526,1,62.16
7148,45741,503,1,188.72
7149,55484,16,4,697
7150,18259,194,1,1529.24
7151,38017,390,2,406.02
7152,35991,357,1,28.52
7153,56158,77,3,1880.83
7154,49869,782,2,220.16
7155,47643,496,2,203.6
7156,70601,813,1,98.39
7157,91154,729,3,53.27
7158,90332,348,2,34.82
7159,58321,514,1,446.84
7160,41636,304,4,128.59
7161,80803,553,1,70.14
7162,63107,263,1,55.16
7163,36155,779,1,285.39
7164,59191,621,1,38.29
7165,96232,612,2,99.88
7166,99064,373,1,107.49
7167,9741,427,1,235.15
7168,61655,320,1,71.03
7169,75770,362,1,129.66
7170,2353,19,1,1121.09
7171,19802,825,1,218.42
7172,49290,41,1,571.32
7173,54896,226,5,70.24
7174,7563,793,1,208.32
7175,66670,610,1,85.31
7176,11121,633,1,89.89
7177,33342,293,2,168.08
7178,47924,277,1,161.99
7179,77608,581,1,61.28
7180,55478,442,1,585.83
7181,31202,795,1,42.45
7182,47488,248,1,220.15
7183,82924,706,1,201.34
7184,33796,766,1,229.2
7185,55664,714,1,77.2
7186,85364,38,1,512.7
7187,41197,707,1,66.73
7188,56704,428,1,463.98
7189,44711,113,2,2468.65
7190,62355,319,2,57.84
7191,93558,564,3,14.35
7192,33929,337,1,177.03
7193,99979,180,1,605.56
7194,77639,812,1,342.03
7195,25129,20,1,877.84
7196,45388,822,1,25.42
7197,53985,215,1,1720.21
7198,56886,439,1,349.13
7199,45884,210,2,653.61
7200,55938,102,2,1536.79
7201,66271,68,1,1973.25
7202,39010,156,1,798.5
7203,18126,527,1,57.31
7204,69073,122,2,2310.87
7205,95964,437,1,95.45
7206,39290,624,2,63.62
7207,8073,730,1,48.49
7208,43036,478,1,279.21
7209,41134,321,4,113.48
7210,25817,31,1,1472.03
7211,29627,302,1,110.6
7212,75640,702,2,29.47
7213,47303,115,1,1529.93
7214,85357,459,1,85.05
7215,37795,574,1,77.48
7216,73185,475,1,268.5
7217,45336,147,1,1476.49
7218,89641,802,3,107.98
7219,44540,749,2,384.4
7220,36635,458,1,245.35
7221,80530,639,1,60.83
7222,79897,36,1,1992.63
7223,69721,140,1,2736.66
7224,1766,516,1,61.04
7225,92338,130,1,1270.67
7226,4772,332,1,152.61
7227,97430,770,1,332.54
7228,10579,156,1,798.5
7229,6383,107,4,1082
7230,30445,582,1,141.03
7231,44222,235,1,63.67
7232,24343,779,1,285.39
7233,23524,264,2,108.54
7234,93912,847,1,82.79
7235,86758,756,1,318.76
7236,41037,500,2,584.81
7237,24713,180,2,605.56
7238,92160,254,1,79.63
7239,15476,813,1,98.39
7240,25242,581,1,61.28
7241,50993,790,1,418.19
7242,66541,432,1,378.9
7243,21273,474,1,466.85
7244,65417,592,1,79.56
7245,76799,268,2,140.96
7246,4159,259,1,116.9
7247,91969,118,1,702.86
7248,74117,607,1,40.2
7249,80087,141,1,2665.48
7250,86343,427,2,235.15
7251,60814,153,1,621.19
7252,67772,795,1,42.45
7253,3186,625,1,77.06
7254,39802,291,1,30.01
7255,20348,767,1,303.89
7256,5022,111,1,875.42
7257,79897,669,1,51.43
7258,57151,58,1,720
7259,87403,706,1,201.34
7260,48708,775,3,320.37
7261,39977,421,2,396.57
7262,21902,669,2,51.43
7263,65456,45,1,825.27
7264,37620,390,1,406.02
7265,86364,426,1,277.42
7266,42905,505,2,338.31
7267,85399,407,1,216.15
7268,85805,601,1,36.85
7269,50989,316,1,139.67
7270,57360,618,1,45.85
7271,36101,545,1,77.05
7272,35137,498,2,98.36
7273,89625,657,1,62.42
7274,51347,439,1,349.13
7275,76275,27,2,726.61
7276,25263,422,1,395.38
7277,37802,725,2,98.54
7278,78428,311,1,96.54
7279,90004,434,1,110.92
7280,61106,780,1,254.38
7281,53215,696,2,103.81
7282,99784,831,1,129.32
7283,23882,295,1,52.91
7284,5655,313,2,28.06
7285,27755,835,1,205.95
7286,82958,243,1,196.32
7287,70942,290,1,120.4
7288,12489,118,3,702.86
7289,7706,501,1,345.02
7290,56023,595,1,116.88
7291,55454,274,1,195.72
7292,64408,319,1,57.84
7293,44480,473,1,75.58
7294,35742,845,2,106.71
7295,29667,336,1,33.43
7296,99637,63,1,2058.51
7297,19857,159,1,791.31
7298,55136,96,1,1237.53
7299,99996,779,1,285.39
7300,81835,549,1,67.03
7301,28438,832,2,191.89
7302,9342,296,1,109.15
7303,71729,207,1,522.28
7304,30079,691,2,66.88
7305,73917,196,1,974.84
7306,21087,540,1,32.85
7307,36417,391,1,595.91
7308,2050,491,1,240.43
7309,83149,715,1,69.75
7310,43940,598,1,37.17
7311,50398,819,1,67.91
7312,93649,783,2,136.46
7313,54778,522,1,54.38
7314,72472,602,2,45.99
7315,87606,682,1,59.6
7316,51462,664,2,57.36
7317,34310,51,1,2718.95
7318,99816,149,1,376.32
7319,59450,118,1,702.86
7320,58823,603,2,37.61
7321,75898,327,1,114.31
7322,91271,274,2,195.72
7323,46663,460,1,119.48
7324,42069,824,1,176.02
7325,53089,585,2,78.72
7326,96929,557,1,33.37
7327,37493,108,1,1836.25
7328,93326,623,2,53.5
7329,87749,683,2,49.44
7330,58060,702,1,29.47
7331,38784,167,4,926.76
7332,33922,397,1,441.12
7333,42991,446,1,522.5
7334,79458,421,1,396.57
7335,83775,588,1,32.82
7336,50050,184,1,2233.97
7337,4862,321,1,113.48
7338,75874,780,2,254.38
7339,86331,604,1,28.08
7340,38785,559,2,93.58
7341,95537,223,1,46.56
7342,54214,291,3,30.01
7343,45171,654,1,126.06
7344,86871,508,1,416.15
7345,81290,352,1,177.33
7346,29371,832,1,191.89
7347,87816,535,4,95.48
7348,64842,61,1,1043.37
7349,46188,343,1,60.44
7350,10879,243,1,196.32
7351,42735,632,3,159.73
7352,96092,314,1,217.82
7353,12503,734,1,91.41
7354,42958,322,1,143.41
7355,83802,554,2,71.05
7356,37732,670,2,62.57
7357,99954,323,1,132.78
7358,50377,654,1,126.06
7359,55127,735,2,70.91
7360,88893,205,1,1469.58
7361,43078,809,1,191.41
7362,68257,65,5,861.03
7363,82066,689,2,130.61
7364,21424,646,1,158.39
7365,15216,521,2,74.48
7366,72171,271,2,164.71
7367,80707,199,3,2273.14
7368,78275,706,1,201.34
7369,60330,551,1,67.02
7370,46747,319,1,57.84
7371,45020,667,2,58.31
7372,28420,811,1,465.41
7373,63938,648,1,114.52
7374,55339,567,1,55.35
7375,53011,219,1,1567.32
7376,73246,500,1,584.81
7377,49424,605,3,31.92
7378,15732,431,1,130.19
7379,17270,588,3,32.82
7380,75746,422,1,395.38
7381,9071,126,2,1112.26
7382,45056,245,1,23.66
7383,3147,465,1,542.03
7384,87472,421,1,396.57
7385,39955,765,4,54.88
7386,83435,549,1,67.03
7387,84966,660,1,98.01
7388,29664,833,2,104.08
7389,35991,319,1,57.84
7390,44157,631,1,120.31
7391,48379,397,1,441.12
7392,46954,430,1,118.66
7393,15872,252,1,88.87
7394,20882,788,1,176.78
7395,59468,526,1,62.16
7396,46188,212,1,1668.95
7397,34265,156,1,798.5
7398,41687,26,1,1921.56
7399,1440,188,1,1360.41
7400,17663,823,1,158.01
7401,92080,753,1,249.45
7402,29386,584,2,50.02
7403,81010,690,1,51.49
7404,26450,71,1,1883.64
7405,37724,440,1,100.41
7406,40870,831,1,129.32
7407,71537,514,1,446.84
7408,33034,64,2,987.78
7409,73296,640,3,73.07
7410,22578,845,1,106.71
7411,87543,624,4,63.62
7412,5219,620,1,92.65
7413,67303,482,1,343.8
7414,16734,190,1,798.17
7415,55651,740,1,73.03
7416,97845,605,3,31.92
7417,99824,648,3,114.52
7418,68770,336,1,33.43
7419,7014,518,1,408.38
7420,69650,574,2,77.48
7421,89956,173,1,1273.32
7422,86260,240,1,61.03
7423,56310,695,1,41.43
7424,3369,512,1,226.59
7425,95783,813,2,98.39
7426,20162,613,1,78.12
7427,46393,312,1,43.29
7428,4595,842,2,262.8
7429,53750,318,1,60.45
7430,35616,819,1,67.91
7431,54961,103,1,916.04
7432,63472,34,1,2576.39
7433,22157,74,1,2015.09
7434,59254,831,1,129.32
7435,47974,279,1,140.86
7436,29702,656,1,43.4
7437,65668,718,4,185.18
7438,14965,122,1,2310.87
7439,81326,677,1,40.98
7440,3244,90,1,1196.13
7441,96454,49,1,1342.93
7442,40380,513,2,506.02
7443,75500,125,1,775.3
7444,20478,800,2,396.56
7445,50840,286,2,31.89
7446,30589,587,2,26.35
7447,91668,84,2,416.48
7448,87249,371,1,110.74
7449,50379,143,1,1244.23
7450,13332,748,3,220.43
7451,39010,834,1,115.52
7452,78292,815,1,360.06
7453,1560,397,1,441.12
7454,22351,520,2,133.3
7455,26108,91,2,565.72
7456,33515,126,1,1112.26
7457,72084,794,1,243.61
7458,90919,641,1,20.23
7459,92423,371,1,110.74
7460,21353,514,1,446.84
7461,67523,677,1,40.98
7462,37010,513,3,506.02
7463,71256,680,1,151.72
7464,90679,811,2,465.41
7465,46964,744,4,207.32
7466,11191,138,3,1696.84
7467,52067,392,1,224.55
7468,1902,712,1,101.6
7469,5182,701,1,92.7
7470,92711,36,2,1992.63
7471,91370,319,2,57.84
7472,21414,403,1,259.54
7473,21522,521,2,74.48
7474,45602,277,1,161.99
7475,44365,339,1,101.75
7476,92418,25,1,1165.72
7477,29938,165,1,493.52
7478,89714,679,1,187.47
7479,38617,612,2,99.88
7480,36992,720,1,123.41
7481,34735,601,1,36.85
7482,19025,37,1,899.87
7483,49951,665,1,39.3
7484,47941,535,1,95.48
7485,98954,241,2,206.75
7486,1389,540,1,32.85
7487,69145,850,1,237.95
7488,11967,222,1,116.61
7489,35848,139,1,999.63
7490,15876,93,2,1850.93
7491,35532,211,1,1347.08
7492,22263,758,2,217.14
7493,42453,41,2,571.32
7494,78265,437,2,95.45
7495,4154,778,1,286.32
7496,60122,354,1,58.86
7497,53615,537,1,107.95
7498,29053,354,1,58.86
7499,3682,141,1,2665.48
7500,14246,203,2,655.23
7501,60948,4,2,1452.58
7502,51718,329,2,93.74
7503,55980,827,1,161.51
7504,14552,334,2,50.93
7505,54704,330,1,70.71
7506,9829,96,2,1237.53
7507,86331,401,2,111.92
7508,74993,13,2,2070.93
7509,96561,86,3,934.14
7510,91481,583,1,64.38
7511,1637,472,1,553.66
7512,84275,4,1,1452.58
7513,21937,291,1,30.01
7514,95220,244,3,86.8
7515,14446,754,2,158.39
7516,30812,359,1,206.65
7517,77017,294,1,85.44
7518,43951,347,1,128.17
7519,98155,692,1,78.86
7520,24335,185,1,823.93
7521,91985,534,1,70.5
7522,49671,32,2,672.62
7523,88770,244,2,86.8
7524,29238,664,1,57.36
7525,29715,183,1,2443.07
7526,55325,787,1,233.8
7527,49281,233,1,118.05
7528,56680,338,1,141.2
7529,72658,275,1,107.44
7530,64190,744,1,207.32
7531,28889,100,2,538.09
7532,18680,786,2,385.84
7533,39484,555,1,112.86
7534,19733,709,2,59.25
7535,3979,209,1,128.3
7536,87328,470,1,543.54
7537,92611,392,2,224.55
7538,99788,389,1,372.78
7539,15828,816,2,212.43
7540,16254,418,1,195.16
7541,65952,839,2,232.84
7542,53544,712,2,101.6
7543,65998,235,3,63.67
7544,49663,484,1,311.22
7545,92421,343,1,60.44
7546,20024,791,1,108.25
7547,74281,76,3,1764.12
7548,1491,628,1,92.54
7549,48257,348,3,34.82
7550,2814,836,1,182
7551,52851,220,1,2128.96
7552,52697,302,3,110.6
7553,7083,795,1,42.45
7554,92988,183,1,2443.07
7555,79364,172,1,220.1
7556,69746,741,1,194.97
7557,60026,600,1,20.67
7558,85707,729,4,53.27
7559,71399,793,2,208.32
7560,42414,155,5,2869.59
7561,92684,121,1,1989.62
7562,19883,385,1,364.27
7563,1171,500,1,584.81
7564,27667,450,1,101.61
7565,39405,794,2,243.61
7566,33046,794,1,243.61
7567,7866,229,1,188.3
7568,12754,626,1,53.36
7569,9928,553,1,70.14
7570,6546,308,1,80.43
7571,65797,269,1,85.34
7572,81931,110,1,456.84
7573,67592,432,1,378.9
7574,24534,42,2,1240.21
7575,48084,49,1,1342.93
7576,37491,479,1,552.74
7577,27116,806,1,292.37
7578,7995,71,1,1883.64
7579,2233,400,1,374.97
7580,76095,490,1,466.11
7581,52193,177,1,1666.57
7582,11336,322,1,143.41
7583,60891,188,1,1360.41
7584,49918,45,1,825.27
7585,79409,167,1,926.76
7586,32645,561,2,86.98
7587,85960,448,2,374.32
7588,6769,406,1,470.57
7589,17896,299,2,125.98
7590,29876,590,1,35.21
7591,13220,421,1,396.57
7592,9720,768,2,364.34
7593,5224,661,1,70.59
7594,63777,14,1,748.83
7595,41699,239,1,130.06
7596,28228,563,3,33.62
7597,45056,395,1,199.29
7598,63707,492,2,307.86
7599,50045,278,2,130.88
7600,93119,506,2,138.24
7601,92643,428,1,463.98
7602,36411,363,1,99.37
7603,67625,534,3,70.5
7604,32700,540,1,32.85
7605,72241,445,1,409.82
7606,74667,805,1,183.52
7607,7317,398,5,230.52
7608,34802,636,1,81.59
7609,71681,287,1,100.46
7610,15120,662,1,198.38
7611,20042,778,3,286.32
7612,50452,515,1,77.15
7613,95462,672,2,160.18
7614,23132,797,1,404.47
7615,48858,767,2,303.89
7616,90249,286,2,31.89
7617,1063,242,1,213.16
7618,7915,309,1,161.23
7619,58670,503,1,188.72
7620,86075,744,1,207.32
7621,33900,286,1,31.89
7622,79277,581,1,61.28
7623,44854,62,2,845.49
7624,89675,404,2,418.74
7625,64343,93,2,1850.93
7626,56345,758,2,217.14
7627,24607,168,1,702.77
7628,20841,544,1,83.09
7629,33266,821,1,323.12
7630,15033,4,1,1452.58
7631,40772,742,2,149.39
7632,72890,290,1,120.4
7633,30983,182,2,551.45
7634,24791,235,1,63.67
7635,75770,312,1,43.29
7636,42039,275,4,107.44
7637,39445,615,1,112.27
7638,59528,712,1,101.6
7639,5678,260,1,47.28
7640,48046,699,1,47.24
7641,62905,11,5,243.48
7642,79002,651,3,36.69
7643,55833,589,2,32.73
7644,76708,154,1,1229.13
7645,41228,435,1,101.95
7646,37319,598,1,37.17
7647,72821,115,1,1529.93
7648,9146,565,2,51.83
7649,77148,85,1,910.42
7650,23801,338,2,141.2
7651,46718,687,2,98.13
7652,10405,357,2,28.52
7653,97551,846,1,180.75
7654,20478,619,1,100.91
7655,56214,573,1,55.72
7656,9208,530,1,110.63
7657,76653,698,2,99.51
7658,90998,568,5,59.32
7659,35576,351,1,106.17
7660,12318,689,1,130.61
7661,82617,5,1,644.02
7662,38960,164,1,1320.66
7663,72278,567,1,55.35
7664,13804,27,1,726.61
7665,31562,361,1,89.29
7666,90741,651,1,36.69
7667,4006,733,4,112.26
7668,50592,541,1,131.23
7669,88679,548,1,83.07
7670,9784,710,2,114.92
7671,81399,525,3,106.03
7672,93748,716,1,170.57
7673,43838,447,2,584.32
7674,80194,303,1,112.09
7675,19059,814,2,395.25
7676,18368,102,1,1536.79
7677,83765,440,1,100.41
7678,49423,103,1,916.04
7679,50971,491,1,240.43
7680,94029,377,2,431.36
7681,89110,449,1,211.58
7682,81948,290,1,120.4
7683,71621,820,4,158.47
7684,35966,42,2,1240.21
7685,7914,791,1,108.25
7686,32554,38,1,512.7
7687,84378,697,1,62.96
7688,7037,842,1,262.8
7689,53229,23,1,879.34
7690,40062,103,1,916.04
7691,29192,284,5,46.63
7692,55749,736,1,154.75
7693,30187,526,1,62.16
7694,74060,57,1,488.73
7695,11461,303,1,112.09
7696,47254,103,1,916.04
7697,55475,718,1,185.18
7698,83815,109,1,776.74
7699,11736,328,1,124.01
7700,11955,366,1,89.01
7701,84775,391,1,595.91
7702,10899,643,1,54.43
7703,60119,390,2,406.02
7704,69017,229,1,188.3
7705,17074,560,1,77.29
7706,60960,295,2,52.91
7707,16717,351,3,106.17
7708,69547,228,1,89.98
7709,19950,623,2,53.5
7710,93112,609,1,65.41
7711,4385,746,1,379.49
7712,32935,710,3,114.92
7713,83108,397,1,441.12
7714,38416,762,1,152.14
7715,56872,355,1,41.47
7716,99231,773,2,99.41
7717,44868,411,2,192
7718,57261,254,1,79.63
7719,59433,25,1,1165.72
7720,61916,18,5,1298.49
7721,28312,57,1,488.73
7722,78489,354,2,58.86
7723,45937,57,1,488.73
7724,21252,363,2,99.37
7725,29239,552,1,108.39
7726,67255,793,1,208.32
7727,90972,6,1,643.98
7728,64107,28,1,1277.56
7729,19191,418,2,195.16
7730,65624,843,1,116.02
7731,70054,328,1,124.01
7732,70931,725,1,98.54
7733,71281,140,2,2736.66
7734,90772,816,2,212.43
7735,26351,516,1,61.04
7736,71071,136,1,930.82
7737,24575,308,1,80.43
7738,83214,571,1,66.42
7739,79323,48,1,1289.14
7740,38780,215,2,1720.21
7741,60574,63,1,2058.51
7742,49575,314,4,217.82
7743,88595,96,1,1237.53
7744,24817,398,1,230.52
7745,97355,87,2,1765.71
7746,36083,434,1,110.92
7747,11193,531,1,101.94
7748,24158,325,2,213.64
7749,72401,24,1,1004.36
7750,38337,52,1,1892.01
7751,11330,830,1,191.83
7752,44690,111,4,875.42
7753,28150,794,2,243.61
7754,39519,320,1,71.03
7755,46462,52,2,1892.01
7756,14076,110,1,456.84
7757,8700,521,1,74.48
7758,58852,84,1,416.48
7759,72834,282,2,82.43
7760,72678,801,2,280.08
7761,49439,647,2,101.3
7762,70856,521,1,74.48
7763,85120,757,1,246.69
7764,32789,33,1,421.17
7765,45440,273,1,180.43
7766,99298,750,4,248.2
7767,65582,544,1,83.09
7768,69643,48,1,1289.14
7769,77690,330,1,70.71
7770,69747,742,1,149.39
7771,88354,342,2,101.64
7772,36411,21,1,1481.54
7773,75048,456,1,254.58
7774,77771,201,1,1549.7
7775,60479,398,1,230.52
7776,40719,152,3,794.45
7777,43338,282,1,82.43
7778,60702,803,2,231.37
7779,51784,122,1,2310.87
7780,49608,135,1,2540.95
7781,7267,386,3,403.91
7782,63735,68,1,1973.25
7783,93634,115,1,1529.93
7784,59591,340,1,47.41
7785,80821,181,2,960.96
7786,61067,1,1,1018.58
7787,52898,438,1,415.7
7788,85551,120,2,1327.9
7789,3935,844,1,432.51
7790,67532,8,3,2190.96
7791,28842,819,1,67.91
7792,86693,120,1,1327.9
7793,92833,268,3,140.96
7794,82249,469,1,160.55
7795,68667,117,1,1977.83
7796,56957,707,1,66.73
7797,90819,140,1,2736.66
7798,62771,87,1,1765.71
7799,26471,139,1,999.63
7800,63402,752,1,411.24
7801,26897,62,1,845.49
7802,60035,520,1,133.3
7803,31830,348,1,34.82
7804,97157,826,3,394.47
7805,40656,510,2,359.27
7806,24291,193,1,2329.58
7807,97713,437,2,95.45
7808,84809,124,1,543.3
7809,10003,834,1,115.52
7810,67561,594,1,51.42
7811,24591,594,1,51.42
7812,29698,88,1,1539.42
7813,13576,10,2,1709.69
7814,11760,433,2,307
7815,94549,522,1,54.38
7816,21414,832,1,191.89
7817,64295,339,2,101.75
7818,6909,503,2,188.72
7819,38001,433,1,307
7820,52265,103,2,916.04
7821,71837,165,1,493.52
7822,45210,19,3,1121.09
7823,15043,765,1,54.88
7824,74640,785,5,117.09
7825,69716,423,3,105.79
7826,93714,620,4,92.65
7827,82852,156,1,798.5
7828,41607,549,1,67.03
7829,84473,512,1,226.59
7830,8194,535,1,95.48
7831,43331,97,1,1294.45
7832,64886,793,1,208.32
7833,84013,62,4,845.49
7834,97505,175,1,1556.96
7835,81806,146,2,320.86
7836,99136,94,2,1373.01
7837,40623,527,1,57.31
7838,32709,465,1,542.03
7839,60555,427,1,235.15
7840,26056,736,1,154.75
7841,73763,554,1,71.05
7842,72246,204,3,2321.47
7843,63478,146,1,320.86
7844,46439,302,1,110.6
7845,5269,501,1,345.02
7846,35274,237,1,74.92
7847,82365,401,1,111.92
7848,70765,721,1,173.77
7849,16093,578,3,123.63
7850,57043,1,1,1018.58
7851,2937,268,1,140.96
7852,52811,134,1,955.11
7853,98369,705,1,32.06
7854,22385,847,1,82.79
7855,73001,525,1,106.03
7856,74429,223,2,46.56
7857,57899,462,2,321.21
7858,46005,310,1,73.64
7859,29660,775,1,320.37
7860,7836,212,1,1668.95
7861,28481,545,1,77.05
7862,95815,123,1,922.12
7863,16729,689,1,130.61
7864,71377,82,4,1507.07
7865,74976,512,1,226.59
7866,70482,533,1,152.22
7867,46159,206,1,167.72
7868,30225,365,1,207.2
7869,44857,518,1,408.38
7870,60443,308,1,80.43
7871,84993,691,5,66.88
7872,12855,839,1,232.84
7873,92168,420,1,373.76
7874,64185,317,1,92.22
7875,72341,626,1,53.36
7876,68755,539,1,60.5
7877,52857,144,2,893.7
7878,79334,230,1,127.46
7879,15671,641,1,20.23
7880,20599,651,1,36.69
7881,72017,71,2,1883.64
7882,59255,332,1,152.61
7883,9292,531,2,101.94
7884,8218,215,1,1720.21
7885,31784,1,4,1018.58
7886,76531,646,1,158.39
7887,58323,126,1,1112.26
7888,25878,570,2,51.63
7889,1758,224,1,86.46
7890,43226,769,1,160.34
7891,14429,837,1,390.61
7892,78655,6,2,643.98
7893,36788,534,2,70.5
7894,31681,654,1,126.06
7895,22578,301,1,36.64
7896,81403,379,1,410.89
7897,60159,536,2,128.45
7898,22888,483,1,240.01
7899,74840,387,2,179.63
7900,99284,110,1,456.84
7901,34353,660,1,98.01
7902,80082,835,1,205.95
7903,97414,369,2,63.75
7904,63425,252,1,88.87
7905,95453,288,1,112.41
7906,47500,185,1,823.93
7907,93846,658,2,71.4
7908,95704,620,2,92.65
7909,43194,420,1,373.76
7910,46061,665,1,39.3
7911,65351,152,1,794.45
7912,59898,696,2,103.81
7913,69161,558,1,18.15
7914,93768,185,4,823.93
7915,55147,316,1,139.67
7916,52745,31,1,1472.03
7917,48779,725,2,98.54
7918,96172,635,3,40.19
7919,91605,399,1,372.92
7920,15926,772,2,346.25
7921,45276,434,2,110.92
7922,94666,663,1,103.09
7923,62666,261,1,124.59
7924,29240,162,4,1527.43
7925,58968,268,3,140.96
7926,12361,523,1,136.72
7927,33606,705,1,32.06
7928,49893,417,1,183.3
7929,62591,435,4,101.95
7930,29268,843,4,116.02
7931,55153,805,1,183.52
7932,18237,723,1,32.72
7933,45704,471,2,44.33
7934,71975,288,1,112.41
7935,49776,791,3,108.25
7936,55677,498,3,98.36
7937,32835,850,1,237.95
7938,51842,407,3,216.15
7939,3916,446,3,522.5
7940,77759,832,1,191.89
7941,36437,530,1,110.63
7942,8938,626,1,53.36
7943,23454,91,1,565.72
7944,60807,547,2,31.12
7945,34556,233,1,118.05
7946,44440,290,1,120.4
7947,42101,724,1,125.26
7948,46954,281,3,187.62
7949,11518,849,3,207.15
7950,60627,541,1,131.23
7951,45529,701,1,92.7
7952,60396,670,2,62.57
7953,80089,23,2,879.34
7954,28946,704,1,44.41
7955,6351,553,1,70.14
7956,37235,817,1,236.52
7957,31227,38,1,512.7
7958,56501,129,1,147.78
7959,67606,526,1,62.16
7960,10632,604,1,28.08
7961,29709,233,1,118.05
7962,55356,529,1,23.4
7963,48147,577,1,34.72
7964,38986,826,4,394.47
7965,48015,829,1,292.82
7966,38623,676,1,195.28
7967,52593,45,2,825.27
7968,51231,249,1,218.37
7969,99362,85,1,910.42
7970,46114,328,1,124.01
7971,78396,164,2,1320.66
7972,50397,620,1,92.65
7973,28799,324,1,74.81
7974,52413,759,1,375.56
7975,11435,623,1,53.5
7976,51409,581,1,61.28
7977,42558,751,5,95.53
7978,52247,838,2,165.94
7979,26245,200,1,1905.88
7980,1240,347,1,128.17
7981,95688,675,1,77.03
7982,60751,423,2,105.79
7983,82537,688,2,62.01
7984,72149,692,1,78.86
7985,67199,598,1,37.17
7986,69378,534,1,70.5
7987,59445,174,1,772.9
7988,91404,545,3,77.05
7989,89948,291,1,30.01
7990,93084,472,1,553.66
7991,29348,141,1,2665.48
7992,96214,304,1,128.59
7993,55085,116,1,2211.09
7994,30251,785,3,117.09
7995,52694,247,1,94.97
7996,24129,155,1,2869.59
7997,10687,283,1,87.55
7998,39902,636,1,81.59
7999,83150,190,1,798.17
8000,75134,247,1,94.97
8001,4513,570,1,51.63
8002,26864,577,2,34.72
8003,65345,734,1,91.41
8004,38028,93,1,1850.93
8005,51240,765,1,54.88
8006,16507,609,1,65.41
8007,22402,806,1,292.37
8008,14732,412,1,525.95
8009,2803,793,1,208.32
8010,93326,444,1,209.61
8011,44075,237,2,74.92
8012,21222,14,1,748.83
8013,26945,783,1,136.46
8014,45411,386,2,403.91
8015,23925,659,1,109.2
8016,88380,140,2,2736.66
8017,70224,203,2,655.23
8018,80876,292,2,32.35
8019,54799,214,1,769.16
8020,2621,199,1,2273.14
8021,10459,261,1,124.59
8022,58805,7,1,398.8
8023,55193,408,1,42.37
8024,58840,720,2,123.41
8025,49834,650,1,88.13
8026,66421,331,1,84.86
8027,33140,782,1,220.16
8028,99282,471,1,44.33
8029,35317,315,1,171.61
8030,93044,796,1,361.44
8031,87501,68,1,1973.25
8032,42252,772,2,346.25
8033,48373,749,1,384.4
8034,91674,234,3,104.53
8035,47110,388,1,144.01
8036,8312,182,1,551.45
8037,72219,520,1,133.3
8038,7650,301,3,36.64
8039,45056,709,2,59.25
8040,60465,254,2,79.63
8041,21921,202,2,476.93
8042,50414,727,1,45.19
8043,98676,577,1,34.72
8044,3215,313,1,28.06
8045,47953,767,1,303.89
8046,15587,542,2,75.76
8047,90827,824,3,176.02
8048,9834,799,1,275.79
8049,26430,611,2,20.37
8050,62928,390,3,406.02
8051,16263,605,2,31.92
8052,38597,175,2,1556.96
8053,25240,89,1,2273.66
8054,87895,87,2,1765.71
8055,79355,285,1,118.28
8056,32933,742,2,149.39
8057,47485,781,1,274.7
8058,88309,486,2,475.47
8059,80526,50,2,699.69
8060,49718,731,3,48.57
8061,89418,780,2,254.38
8062,54881,3,2,1772.05
8063,12857,418,1,195.16
8064,5856,317,4,92.22
8065,19915,147,3,1476.49
8066,40772,101,1,297.32
8067,98885,368,2,192.86
8068,79822,122,1,2310.87
8069,92703,637,1,92.71
8070,64655,2,1,2587.65
8071,6500,598,1,37.17
8072,97813,532,1,157.74
8073,75465,55,1,1450.93
8074,47371,150,2,857.31
8075,57367,276,5,105.92
8076,47377,55,2,1450.93
8077,33078,175,1,1556.96
8078,72352,748,5,220.43
8079,55061,755,1,103.54
8080,36036,184,1,2233.97
8081,94154,244,2,86.8
8082,78201,129,1,147.78
8083,67549,699,1,47.24
8084,43948,155,1,2869.59
8085,42411,121,1,1989.62
8086,49272,165,1,493.52
8087,96699,198,2,2315.24
8088,35041,652,1,93.32
8089,26384,316,2,139.67
8090,74964,184,2,2233.97
8091,28075,84,2,416.48
8092,1073,563,1,33.62
8093,77159,459,1,85.05
8094,66925,343,1,60.44
8095,46829,212,2,1668.95
8096,85714,46,1,1597.63
8097,74515,738,2,140.26
8098,84737,489,1,526.38
8099,45025,476,1,603.44
8100,46533,12,1,2721.53
8101,1166,846,1,180.75
8102,42167,581,4,61.28
8103,99036,299,1,125.98
8104,35424,271,1,164.71
8105,92175,565,2,51.83
8106,80054,140,1,2736.66
8107,15331,384,3,455.69
8108,67972,373,1,107.49
8109,27416,481,1,312.06
8110,60022,652,3,93.32
8111,38915,755,1,103.54
8112,58737,313,1,28.06
8113,78707,321,1,113.48
8114,69819,176,1,679.98
8115,29371,210,1,653.61
8116,89430,828,1,161.68
8117,6124,134,1,955.11
8118,36667,346,1,124.74
8119,79315,22,1,609.78
8120,33140,69,1,449.82
8121,5121,31,1,1472.03
8122,78474,777,1,130.57
8123,64516,449,2,211.58
8124,42648,489,2,526.38
8125,35137,325,1,213.64
8126,76654,192,2,2315.69
8127,52785,674,1,91.61
8128,21161,95,1,1879.95
8129,13347,38,1,512.7
8130,95932,1,1,1018.58
8131,71267,359,4,206.65
8132,92711,404,1,418.74
8133,6741,126,1,1112.26
8134,81546,144,1,893.7
8135,40066,511,1,304.85
8136,44189,391,1,595.91
8137,47815,700,5,85.88
8138,69650,176,2,679.98
8139,79654,109,1,776.74
8140,1630,14,2,748.83
8141,59781,628,1,92.54
8142,43283,74,1,2015.09
8143,67256,63,1,2058.51
8144,19442,506,2,138.24
8145,1035,120,1,1327.9
8146,25401,813,1,98.39
8147,70072,481,1,312.06
8148,79347,770,1,332.54
8149,47268,614,1,27.16
8150,73759,810,1,94.15
8151,40478,586,3,42.98
8152,4884,808,1,399.03
8153,91242,802,1,107.98
8154,91861,235,3,63.67
8155,37193,840,1,251.11
8156,11228,170,1,1435.76
8157,10341,129,1,147.78
8158,23730,622,1,40.46
8159,84850,58,2,720
8160,10387,187,1,2020.76
8161,3658,563,1,33.62
8162,24765,637,1,92.71
8163,31146,261,1,124.59
8164,95487,494,1,148.01
8165,16565,335,2,35.02
8166,72858,808,2,399.03
8167,55233,421,3,396.57
8168,19198,512,1,226.59
8169,3814,672,1,160.18
8170,85355,495,2,243.47
8171,68503,817,1,236.52
8172,88090,789,2,194.77
8173,33498,835,2,205.95
8174,90368,701,1,92.7
8175,33046,208,1,1599.96
8176,28155,646,2,158.39
8177,22671,81,1,2179.45
8178,99921,804,2,241.93
8179,48626,604,1,28.08
8180,66432,552,2,108.39
8181,15075,339,1,101.75
8182,34631,223,2,46.56
8183,88304,183,1,2443.07
8184,41416,612,3,99.88
8185,36955,413,1,526.63
8186,61527,318,3,60.45
8187,43456,784,1,161.33
8188,12396,413,3,526.63
8189,77898,809,1,191.41
8190,10680,131,1,1094.67
8191,57548,293,1,168.08
8192,93846,352,2,177.33
8193,38617,495,1,243.47
8194,48934,419,2,332.33
8195,61521,831,1,129.32
8196,56477,624,1,63.62
8197,3214,84,1,416.48
8198,25015,18,1,1298.49
8199,89967,81,1,2179.45
8200,28211,702,1,29.47
8201,65960,198,1,2315.24
8202,24706,562,1,40.76
8203,55536,520,1,133.3
8204,50273,578,1,123.63
8205,24492,691,1,66.88
8206,61975,3,2,1772.05
8207,71611,53,1,2521.54
8208,86857,471,1,44.33
8209,68135,172,1,220.1
8210,1240,796,1,361.44
8211,84351,576,1,129.84
8212,52673,397,1,441.12
8213,46928,257,1,204.86
8214,38324,60,1,934.39
8215,74494,536,2,128.45
8216,17800,71,1,1883.64
8217,45868,272,4,164.9
8218,48809,663,2,103.09
8219,32161,36,1,1992.63
8220,43094,527,1,57.31
8221,28280,710,1,114.92
8222,66485,623,4,53.5
8223,6571,340,1,47.41
8224,8092,843,2,116.02
8225,97366,220,1,2128.96
8226,1358,197,1,1756.06
8227,1086,214,1,769.16
8228,96599,595,1,116.88
8229,96323,380,4,179.57
8230,55783,835,2,205.95
8231,2544,433,1,307
8232,76354,2,2,2587.65
8233,39036,826,2,394.47
8234,60004,351,1,106.17
8235,79576,469,1,160.55
8236,48714,291,1,30.01
8237,38531,723,1,32.72
8238,55338,580,1,44.39
8239,19338,192,1,2315.69
8240,31891,471,4,44.33
8241,93664,141,4,2665.48
8242,28033,841,1,37.29
8243,19415,605,1,31.92
8244,82852,662,1,198.38
8245,35756,205,1,1469.58
8246,9790,702,2,29.47
8247,47704,227,2,224.15
8248,5577,177,1,1666.57
8249,68069,559,2,93.58
8250,95456,481,1,312.06
8251,7154,602,1,45.99
8252,20435,387,2,179.63
8253,36091,143,1,1244.23
8254,53166,136,2,930.82
8255,55689,753,3,249.45
8256,21924,41,2,571.32
8257,70003,504,1,410.46
8258,54298,109,1,776.74
8259,27274,50,1,699.69
8260,58691,588,1,32.82
8261,98475,846,1,180.75
8262,8661,146,1,320.86
8263,76430,290,5,120.4
8264,70602,558,1,18.15
8265,47170,828,4,161.68
8266,93655,442,1,585.83
8267,15051,673,2,35.45
8268,55912,239,1,130.06
8269,51773,749,1,384.4
8270,92806,795,2,42.45
8271,65039,423,1,105.79
8272,48287,371,3,110.74
8273,63976,354,1,58.86
8274,77741,656,1,43.4
8275,39090,744,3,207.32
8276,73095,449,1,211.58
8277,29627,405,1,192.25
8278,71357,334,4,50.93
8279,66594,245,2,23.66
8280,98688,689,5,130.61
8281,93094,250,4,176.33
8282,60614,497,1,291.81
8283,30595,170,3,1435.76
8284,44707,649,1,134.51
8285,67311,609,2,65.41
8286,12145,434,1,110.92
8287,19682,500,1,584.81
8288,94947,605,1,31.92
8289,28219,419,2,332.33
8290,87207,366,1,89.01
8291,66553,495,1,243.47
8292,17270,475,1,268.5
8293,51985,203,1,655.23
8294,94595,716,1,170.57
8295,18646,78,1,448.34
8296,74012,30,2,358.22
8297,54151,733,1,112.26
8298,16998,805,2,183.52
8299,35987,508,1,416.15
8300,81735,701,2,92.7
8301,54796,763,1,135.61
8302,67047,808,1,399.03
8303,78022,367,1,217.01
8304,62434,127,1,2023.32
8305,81121,643,4,54.43
8306,12982,102,1,1536.79
8307,88828,767,2,303.89
8308,68627,73,1,133.34
8309,88365,279,1,140.86
8310,24240,176,2,679.98
8311,53673,409,4,479.24
8312,90932,215,2,1720.21
8313,42258,707,1,66.73
8314,40966,505,1,338.31
8315,84518,436,2,346.44
8316,93001,172,4,220.1
8317,55610,260,2,47.28
8318,70084,152,2,794.45
8319,46770,138,1,1696.84
8320,7375,383,3,311.85
8321,48211,358,2,119.54
8322,85069,686,2,96.04
8323,74326,381,1,119.17
8324,45672,371,4,110.74
8325,13994,88,2,1539.42
8326,62645,15,1,694.06
8327,13399,744,1,207.32
8328,50175,555,1,112.86
8329,15417,796,1,361.44
8330,59346,326,4,148.27
8331,90250,738,1,140.26
8332,48407,39,2,1650.03
8333,12556,114,1,1991.76
8334,52500,480,1,266.64
8335,54165,598,1,37.17
8336,18115,813,1,98.39
8337,64989,735,1,70.91
8338,50033,596,1,62.64
8339,27557,569,2,118.44
8340,37354,181,1,960.96
8341,7592,304,1,128.59
8342,41819,67,2,612.82
8343,47297,142,1,814.09
8344,6382,318,1,60.45
8345,34228,616,2,122.24
8346,33163,333,1,23.12
8347,15518,189,2,1308.31
8348,6916,142,1,814.09
8349,43865,760,1,316.13
8350,10853,846,1,180.75
8351,11150,83,1,943.76
8352,43446,281,1,187.62
8353,21921,305,2,145.78
8354,59528,522,1,54.38
8355,1411,390,1,406.02
8356,91741,811,2,465.41
8357,55653,507,1,484.32
8358,10244,204,2,2321.47
8359,35568,279,1,140.86
8360,68390,25,1,1165.72
8361,12535,820,2,158.47
8362,88958,336,1,33.43
8363,8629,597,2,82.6
8364,31907,212,2,1668.95
8365,97482,820,2,158.47
8366,68780,371,1,110.74
8367,6140,610,1,85.31
8368,36915,72,1,724.9
8369,31408,502,2,271.9
8370,37592,477,1,96.07
8371,9227,360,2,117.81
8372,99527,103,1,916.04
8373,9841,114,1,1991.76
8374,62164,408,1,42.37
8375,9913,646,1,158.39
8376,68576,271,1,164.71
8377,24814,792,1,234.78
8378,30597,29,1,1439.04
8379,71034,109,1,776.74
8380,6430,305,2,145.78
8381,76115,245,1,23.66
8382,79439,168,2,702.77
8383,48474,309,1,161.23
8384,45562,731,1,48.57
8385,34138,486,4,475.47
8386,55698,4,1,1452.58
8387,51643,711,2,128.83
8388,93539,248,2,220.15
8389,59523,349,3,87.41
8390,61547,753,1,249.45
8391,58916,736,1,154.75
8392,88566,666,1,47.03
8393,46610,253,1,175.8
8394,21575,196,1,974.84
8395,19389,435,1,101.95
8396,1603,445,1,409.82
8397,6292,81,2,2179.45
8398,54630,320,1,71.03
8399,20992,689,1,130.61
8400,85746,766,1,229.2
8401,26579,807,1,406.4
8402,10648,133,1,566.35
8403,75399,357,1,28.52
8404,39691,376,1,191.89
8405,95903,220,2,2128.96
8406,17992,202,2,476.93
8407,93133,426,3,277.42
8408,6168,658,1,71.4
8409,15459,214,2,769.16
8410,32854,741,1,194.97
8411,80921,202,2,476.93
8412,13817,388,1,144.01
8413,36935,481,1,312.06
8414,19771,123,1,922.12
8415,21357,285,1,118.28
8416,24703,604,1,28.08
8417,20215,41,5,571.32
8418,90057,502,1,271.9
8419,66929,253,1,175.8
8420,4837,117,1,1977.83
8421,65970,297,1,155.34
8422,52303,298,4,66.54
8423,29984,41,1,571.32
8424,22940,19,2,1121.09
8425,40234,140,3,2736.66
8426,52261,725,1,98.54
8427,99089,804,1,241.93
8428,42906,665,1,39.3
8429,22019,46,1,1597.63
8430,97538,829,1,292.82
8431,11288,33,2,421.17
8432,98506,831,1,129.32
8433,13386,568,1,59.32
8434,73916,639,1,60.83
8435,59916,334,2,50.93
8436,50175,494,1,148.01
8437,52183,191,2,500.92
8438,97163,55,1,1450.93
8439,61235,611,3,20.37
8440,39399,833,1,104.08
8441,82283,420,1,373.76
8442,24086,414,2,287.44
8443,74429,400,1,374.97
8444,29387,697,4,62.96
8445,95961,607,2,40.2
8446,62554,819,1,67.91
8447,3844,270,5,76.57
8448,30109,322,2,143.41
8449,15401,713,1,84.65
8450,19790,534,1,70.5
8451,35393,100,1,538.09
8452,33032,615,1,112.27
8453,52745,464,1,291.69
8454,38918,2,1,2587.65
8455,22808,54,4,2305.48
8456,16588,526,4,62.16
8457,24324,334,1,50.93
8458,84888,628,1,92.54
8459,35136,802,1,107.98
8460,98457,303,1,112.09
8461,71476,300,3,44.81
8462,66929,52,1,1892.01
8463,28180,802,3,107.98
8464,54182,701,2,92.7
8465,52249,547,1,31.12
8466,18808,784,2,161.33
8467,8880,89,1,2273.66
8468,47941,118,1,702.86
8469,81441,325,1,213.64
8470,25367,658,1,71.4
8471,62547,403,1,259.54
8472,95023,802,1,107.98
8473,10697,534,1,70.5
8474,36725,497,1,291.81
8475,16830,52,1,1892.01
8476,52504,116,4,2211.09
8477,51183,594,1,51.42
8478,47040,142,2,814.09
8479,89166,323,3,132.78
8480,26943,735,3,70.91
8481,15147,297,2,155.34
8482,62912,369,1,63.75
8483,59029,244,1,86.8
8484,87113,356,1,129.5
8485,99616,81,1,2179.45
8486,15504,727,1,45.19
8487,69033,746,1,379.49
8488,88380,679,1,187.47
8489,19116,836,1,182
8490,33625,368,2,192.86
8491,58185,654,1,126.06
8492,69306,27,1,726.61
8493,83858,122,1,2310.87
8494,26310,711,1,128.83
8495,2544,145,2,867.39
8496,39352,793,1,208.32
8497,47036,359,1,206.65
8498,31407,658,1,71.4
8499,60035,93,1,1850.93
8500,51539,621,1,38.29
8501,13179,795,1,42.45
8502,65954,106,1,810.12
8503,41039,440,1,100.41
8504,35246,699,1,47.24
8505,89519,299,1,125.98
8506,23948,346,1,124.74
8507,73208,484,1,311.22
8508,76500,765,1,54.88
8509,62589,43,1,310.32
8510,39107,16,1,697
8511,85696,813,1,98.39
8512,79992,409,1,479.24
8513,62547,370,1,41.18
8514,74778,760,2,316.13
8515,46778,715,2,69.75
8516,28945,117,2,1977.83
8517,36285,571,1,66.42
8518,89456,74,1,2015.09
8519,23087,83,2,943.76
8520,77050,388,1,144.01
8521,97853,411,1,192
8522,70863,746,1,379.49
8523,94073,579,1,64.34
8524,72817,267,1,139.87
8525,77743,674,1,91.61
8526,97779,608,1,52.97
8527,93939,300,1,44.81
8528,20478,172,1,220.1
8529,78316,83,2,943.76
8530,48403,647,2,101.3
8531,90203,242,1,213.16
8532,80050,783,1,136.46
8533,5059,391,1,595.91
8534,85698,188,1,1360.41
8535,45364,251,1,76.69
8536,85519,552,1,108.39
8537,7784,408,1,42.37
8538,76848,339,1,101.75
8539,27025,736,4,154.75
8540,55018,297,1,155.34
8541,44580,63,1,2058.51
8542,88631,166,1,2080.6
8543,64141,67,1,612.82
8544,33648,660,1,98.01
8545,7509,343,1,60.44
8546,52315,97,1,1294.45
8547,24172,189,2,1308.31
8548,18453,355,2,41.47
8549,6751,54,2,2305.48
8550,40013,622,1,40.46
8551,67748,332,1,152.61
8552,27236,645,1,42.2
8553,20220,261,1,124.59
8554,92019,334,1,50.93
8555,52710,439,1,349.13
8556,62784,757,1,246.69
8557,22524,796,1,361.44
8558,98598,354,4,58.86
8559,72955,307,1,108.22
8560,70428,512,1,226.59
8561,70950,220,1,2128.96
8562,64304,479,1,552.74
8563,15828,386,3,403.91
8564,87839,119,1,2295.88
8565,7219,173,1,1273.32
8566,64886,58,3,720
8567,74065,551,2,67.02
8568,57477,645,2,42.2
8569,47186,835,1,205.95
8570,18354,443,1,210.88
8571,19420,155,2,2869.59
8572,49492,583,3,64.38
8573,77351,87,3,1765.71
8574,78949,441,1,102.35
8575,28291,204,2,2321.47
8576,54082,272,1,164.9
8577,75459,449,1,211.58
8578,82014,32,2,672.62
8579,35588,575,1,110.2
8580,76008,177,2,1666.57
8581,17577,29,1,1439.04
8582,25941,468,1,448.77
8583,2386,513,1,506.02
8584,95852,505,1,338.31
8585,22519,419,1,332.33
8586,59216,830,1,191.83
8587,8120,116,1,2211.09
8588,79931,373,1,107.49
8589,64734,414,2,287.44
8590,32551,449,1,211.58
8591,21083,799,1,275.79
8592,68146,134,2,955.11
8593,63896,745,4,131.36
8594,34957,251,1,76.69
8595,64605,718,1,185.18
8596,61167,409,1,479.24
8597,31155,291,2,30.01
8598,73832,468,3,448.77
8599,23780,446,3,522.5
8600,38951,204,1,2321.47
8601,41027,688,1,62.01
8602,11518,710,2,114.92
8603,14548,692,4,78.86
8604,77289,584,1,50.02
8605,89926,68,1,1973.25
8606,88765,810,1,94.15
8607,16959,232,1,106.09
8608,13120,218,2,1811.21
8609,57846,322,1,143.41
8610,33104,839,1,232.84
8611,37748,422,3,395.38
8612,49864,25,4,1165.72
8613,31210,102,1,1536.79
8614,79937,16,5,697
8615,84078,512,1,226.59
8616,36823,499,1,561.17
8617,97776,521,2,74.48
8618,84612,193,1,2329.58
8619,33310,191,1,500.92
8620,21562,343,1,60.44
8621,17553,290,1,120.4
8622,56063,312,2,43.29
8623,73401,545,1,77.05
8624,56576,524,1,106.66
8625,55048,454,1,480.12
8626,73987,589,1,32.73
8627,50311,741,2,194.97
8628,48405,204,3,2321.47
8629,91460,226,1,70.24
8630,73040,444,4,209.61
8631,58041,325,1,213.64
8632,89166,77,1,1880.83
8633,52326,296,1,109.15
8634,4664,313,1,28.06
8635,29369,244,1,86.8
8636,15427,721,1,173.77
8637,88704,119,2,2295.88
8638,34879,175,1,1556.96
8639,79200,331,2,84.86
8640,84655,122,1,2310.87
8641,30981,277,1,161.99
8642,16363,774,4,175.76
8643,80338,577,1,34.72
8644,86260,509,2,525.62
8645,38829,210,1,653.61
8646,70305,20,1,877.84
8647,74391,190,2,798.17
8648,45793,147,3,1476.49
8649,90119,257,1,204.86
8650,43812,511,1,304.85
8651,49066,12,1,2721.53
8652,28422,675,2,77.03
8653,90887,446,1,522.5
8654,71187,431,1,130.19
8655,63843,25,4,1165.72
8656,72964,738,1,140.26
8657,67728,420,1,373.76
8658,84481,410,1,105.83
8659,33366,728,4,135.75
8660,51509,532,1,157.74
8661,92005,81,1,2179.45
8662,94247,50,1,699.69
8663,73187,448,1,374.32
8664,73331,63,1,2058.51
8665,47802,512,1,226.59
8666,4969,613,1,78.12
8667,11026,542,1,75.76
8668,59459,227,1,224.15
8669,44868,492,1,307.86
8670,30520,240,1,61.03
8671,36713,464,1,291.69
8672,63780,376,1,191.89
8673,54931,357,1,28.52
8674,8716,150,1,857.31
8675,46678,35,1,2688.65
8676,42256,289,4,75.66
8677,59103,166,1,2080.6
8678,97417,42,2,1240.21
8679,10368,729,1,53.27
8680,76053,644,1,67.31
8681,18322,493,2,178.11
8682,25944,69,1,449.82
8683,77127,512,1,226.59
8684,25439,57,1,488.73
8685,86298,723,1,32.72
8686,49059,79,1,990.72
8687,24442,530,1,110.63
8688,98846,118,1,702.86
8689,83128,177,1,1666.57
8690,19458,442,1,585.83
8691,62662,351,1,106.17
8692,47723,640,2,73.07
8693,12166,458,1,245.35
8694,31676,188,1,1360.41
8695,72906,16,1,697
8696,45235,244,1,86.8
8697,70914,614,1,27.16
8698,31003,282,2,82.43
8699,82564,135,1,2540.95
8700,34222,602,4,45.99
8701,60009,72,1,724.9
8702,52304,656,2,43.4
8703,81155,140,2,2736.66
8704,40921,494,4,148.01
8705,98302,806,2,292.37
8706,33158,422,1,395.38
8707,28406,826,1,394.47
8708,63653,35,3,2688.65
8709,67999,559,1,93.58
8710,28724,200,1,1905.88
8711,39008,582,1,141.03
8712,63229,760,1,316.13
8713,81505,683,2,49.44
8714,68496,514,2,446.84
8715,37148,174,1,772.9
8716,43687,57,1,488.73
8717,3625,376,1,191.89
8718,52975,611,1,20.37
8719,41828,755,1,103.54
8720,54228,149,1,376.32
8721,39538,797,4,404.47
8722,43196,647,2,101.3
8723,87217,308,1,80.43
8724,51635,795,1,42.45
8725,28953,757,1,246.69
8726,44190,84,2,416.48
8727,40039,341,3,104.39
8728,84879,265,2,183.58
8729,53618,812,2,342.03
8730,59223,423,1,105.79
8731,9136,319,1,57.84
8732,43458,273,1,180.43
8733,97413,539,2,60.5
8734,83197,414,1,287.44
8735,35616,518,1,408.38
8736,41096,160,2,1762.02
8737,28228,502,1,271.9
8738,20142,156,3,798.5
8739,56345,469,1,160.55
8740,62516,134,1,955.11
8741,28745,439,2,349.13
8742,83477,566,1,74.04
8743,55006,798,1,227.6
8744,11526,587,1,26.35
8745,7484,367,2,217.01
8746,3214,699,1,47.24
8747,31442,91,1,565.72
8748,31980,702,1,29.47
8749,20955,151,1,2364.58
8750,69775,29,1,1439.04
8751,70293,468,1,448.77
8752,3526,311,1,96.54
8753,88365,36,1,1992.63
8754,44253,555,1,112.86
8755,21630,422,1,395.38
8756,41490,730,4,48.49
8757,55471,558,2,18.15
8758,79517,326,1,148.27
8759,60843,813,1,98.39
8760,26539,110,1,456.84
8761,57675,640,2,73.07
8762,8808,235,1,63.67
8763,43298,366,1,89.01
8764,83639,467,1,180.84
8765,27274,352,5,177.33
8766,39697,755,1,103.54
8767,17947,489,2,526.38
8768,66973,709,1,59.25
8769,13166,551,1,67.02
8770,4358,846,1,180.75
8771,88559,761,1,107.7
8772,50452,298,1,66.54
8773,48318,467,1,180.84
8774,72643,119,2,2295.88
8775,60994,49,2,1342.93
8776,96413,790,1,418.19
8777,59142,665,1,39.3
8778,85191,508,1,416.15
8779,58422,210,5,653.61
8780,36331,824,1,176.02
8781,81532,545,4,77.05
8782,55005,629,2,19.84
8783,59593,758,1,217.14
8784,70778,685,1,170.52
8785,81423,836,1,182
8786,79854,106,1,810.12
8787,9553,55,4,1450.93
8788,98729,7,1,398.8
8789,81105,449,1,211.58
8790,46595,34,3,2576.39
8791,31076,697,2,62.96
8792,95756,141,1,2665.48
8793,69749,578,3,123.63
8794,38108,18,2,1298.49
8795,38641,300,1,44.81
8796,59570,1,1,1018.58
8797,71675,136,1,930.82
8798,4004,672,1,160.18
8799,3106,565,1,51.83
8800,70090,381,2,119.17
8801,94249,260,1,47.28
8802,26980,333,1,23.12
8803,45148,151,1,2364.58
8804,39657,828,1,161.68
8805,43068,677,1,40.98
8806,49658,386,2,403.91
8807,27109,757,1,246.69
8808,69508,158,1,1853.29
8809,16442,788,3,176.78
8810,28181,48,1,1289.14
8811,39656,278,1,130.88
8812,15609,719,1,42.9
8813,84072,18,4,1298.49
8814,6827,374,2,337.45
8815,1485,492,1,307.86
8816,64077,728,1,135.75
8817,26957,53,1,2521.54
8818,36926,345,2,90.74
8819,48593,335,4,35.02
8820,18445,479,1,552.74
8821,6803,47,1,911.63
8822,28397,2,2,2587.65
8823,58794,148,1,1254.83
8824,45192,341,2,104.39
8825,14693,273,2,180.43
8826,75515,191,1,500.92
8827,94867,507,2,484.32
8828,77209,445,1,409.82
8829,7383,648,1,114.52
8830,37802,423,1,105.79
8831,12011,433,2,307
8832,22790,488,1,179.28
8833,36868,403,1,259.54
8834,1560,815,1,360.06
8835,74347,719,1,42.9
8836,86078,342,3,101.64
8837,52344,359,2,206.65
8838,23447,587,1,26.35
8839,31241,516,4,61.04
8840,60768,368,1,192.86
8841,67717,61,1,1043.37
8842,90068,358,2,119.54
8843,76623,319,3,57.84
8844,67672,640,1,73.07
8845,40513,290,1,120.4
8846,34095,49,1,1342.93
8847,63411,821,1,323.12
8848,18873,42,1,1240.21
8849,46854,42,1,1240.21
8850,90332,186,2,1591.62
8851,1973,828,1,161.68
8852,55106,503,2,188.72
8853,39415,585,1,78.72
8854,23787,307,2,108.22
8855,84079,713,3,84.65
8856,30071,765,5,54.88
8857,7678,18,1,1298.49
8858,98692,590,1,35.21
8859,6874,38,1,512.7
8860,30136,47,1,911.63
8861,32066,40,1,1136.17
8862,25948,786,2,385.84
8863,86013,289,2,75.66
8864,38565,612,2,99.88
8865,7039,72,1,724.9
8866,93948,323,2,132.78
8867,53461,826,1,394.47
8868,30013,106,1,810.12
8869,6826,688,1,62.01
8870,23691,127,3,2023.32
8871,11465,204,1,2321.47
8872,23143,470,1,543.54
8873,37814,654,1,126.06
8874,90723,204,1,2321.47
8875,92656,635,1,40.19
8876,56305,451,1,387.94
8877,43226,337,1,177.03
8878,87916,502,1,271.9
8879,43884,382,1,344.3
8880,21232,780,2,254.38
8881,9527,128,2,2170.64
8882,37059,673,1,35.45
8883,17078,315,1,171.61
8884,3976,550,2,95.95
8885,68557,338,2,141.2
8886,95404,213,3,1572.75
8887,90912,86,1,934.14
8888,13126,65,1,861.03
8889,91846,12,1,2721.53
8890,90491,555,1,112.86
8891,61496,756,1,318.76
8892,7051,65,2,861.03
8893,57456,841,4,37.29
8894,33165,247,1,94.97
8895,84088,205,2,1469.58
8896,72952,555,4,112.86
8897,68596,109,1,776.74
8898,32929,654,1,126.06
8899,2009,811,1,465.41
8900,30236,84,1,416.48
8901,39867,525,1,106.03
8902,61852,298,1,66.54
8903,49434,320,1,71.03
8904,60059,466,1,211.09
8905,49235,87,4,1765.71
8906,10078,70,1,2884.14
8907,32106,623,1,53.5
8908,66476,294,2,85.44
8909,5154,588,1,32.82
8910,41686,632,3,159.73
8911,66082,471,1,44.33
8912,66422,687,3,98.13
8913,51849,252,2,88.87
8914,89584,240,2,61.03
8915,26828,673,1,35.45
8916,57065,610,1,85.31
8917,69123,735,4,70.91
8918,57971,397,2,441.12
8919,15778,437,1,95.45
8920,65277,579,1,64.34
8921,5989,194,1,1529.24
8922,71766,603,1,37.61
8923,88676,522,1,54.38
8924,52626,249,3,218.37
8925,86322,540,3,32.85
8926,27963,496,1,203.6
8927,73152,657,1,62.42
8928,93939,635,1,40.19
8929,39236,425,1,85.89
8930,40791,246,2,201.57
8931,4005,616,2,122.24
8932,66761,590,1,35.21
8933,63862,513,1,506.02
8934,29065,709,1,59.25
8935,2274,611,1,20.37
8936,71164,16,1,697
8937,76883,523,2,136.72
8938,90277,5,1,644.02
8939,36689,318,1,60.45
8940,42907,156,1,798.5
8941,22774,241,1,206.75
8942,42321,590,2,35.21
8943,14035,258,3,139.68
8944,69825,140,1,2736.66
8945,9472,644,1,67.31
8946,79105,547,2,31.12
8947,67296,631,4,120.31
8948,55709,17,1,899.25
8949,73476,525,1,106.03
8950,95594,280,1,161.38
8951,58261,668,2,48.09
8952,10564,252,2,88.87
8953,50966,211,1,1347.08
8954,81342,803,1,231.37
8955,80252,158,1,1853.29
8956,84986,473,1,75.58
8957,56025,609,1,65.41
8958,37187,762,1,152.14
8959,51864,57,3,488.73
8960,38899,549,1,67.03
8961,9533,472,1,553.66
8962,99410,709,1,59.25
8963,32977,123,2,922.12
8964,84548,238,1,27.65
8965,15020,637,1,92.71
8966,26179,625,2,77.06
8967,78520,634,1,92.64
8968,45909,32,1,672.62
8969,45490,34,4,2576.39
8970,55879,75,2,1706.59
8971,14304,846,1,180.75
8972,4030,552,2,108.39
8973,31782,15,3,694.06
8974,96798,163,2,1530.22
8975,57112,231,1,161.14
8976,96397,719,1,42.9
8977,96120,298,1,66.54
8978,86697,229,1,188.3
8979,17144,830,1,191.83
8980,14161,766,1,229.2
8981,63444,427,3,235.15
8982,66496,278,1,130.88
8983,38899,431,1,130.19
8984,12353,45,2,825.27
8985,25628,486,1,475.47
8986,18665,610,1,85.31
8987,41595,380,1,179.57
8988,59079,172,1,220.1
8989,89088,702,1,29.47
8990,16170,728,1,135.75
8991,18049,807,1,406.4
8992,24575,374,2,337.45
8993,34050,67,1,612.82
8994,21701,201,2,1549.7
8995,47212,354,1,58.86
8996,54087,506,1,138.24
8997,48682,573,1,55.72
8998,2836,672,1,160.18
8999,53599,440,1,100.41
9000,18488,365,1,207.2
9001,82495,160,1,1762.02
9002,8771,259,1,116.9
9003,54121,564,1,14.35
9004,29707,521,1,74.48
9005,44599,555,1,112.86
9006,70472,652,2,93.32
9007,59182,504,1,410.46
9008,86912,479,1,552.74
9009,87299,631,2,120.31
9010,65124,466,1,211.09
9011,74183,207,1,522.28
9012,65671,141,1,2665.48
9013,76231,18,1,1298.49
9014,41160,375,1,94.51
9015,36266,621,1,38.29
9016,31323,685,1,170.52
9017,90602,567,2,55.35
9018,96454,333,1,23.12
9019,69390,165,1,493.52
9020,80098,499,2,561.17
9021,10525,630,1,43.94
9022,62763,20,2,877.84
9023,14591,342,2,101.64
9024,85476,576,1,129.84
9025,82232,25,1,1165.72
9026,94040,437,3,95.45
9027,53573,695,2,41.43
9028,35508,47,1,911.63
9029,54180,153,1,621.19
9030,68163,156,4,798.5
9031,5720,361,2,89.29
9032,45166,518,1,408.38
9033,38870,21,1,1481.54
9034,9768,136,1,930.82
9035,98870,408,1,42.37
9036,59074,82,1,1507.07
9037,17505,432,2,378.9
9038,98388,133,1,566.35
9039,69448,67,2,612.82
9040,84899,829,3,292.82
9041,39702,46,2,1597.63
9042,69673,340,4,47.41
9043,47667,371,1,110.74
9044,30782,89,1,2273.66
9045,69549,487,1,77.32
9046,33322,512,2,226.59
9047,98335,261,3,124.59
9048,76703,214,1,769.16
9049,21424,555,5,112.86
9050,27142,199,4,2273.14
9051,5894,705,1,32.06
9052,22171,586,1,42.98
9053,74768,99,1,268.9
9054,16652,5,1,644.02
9055,74251,384,3,455.69
9056,71537,644,1,67.31
9057,4759,374,1,337.45
9058,85384,549,1,67.03
9059,6377,309,1,161.23
9060,92293,539,2,60.5
9061,83201,400,1,374.97
9062,19701,352,2,177.33
9063,25235,785,1,117.09
9064,67479,399,1,372.92
9065,13281,42,4,1240.21
9066,35402,59,1,353.67
9067,18336,99,1,268.9
9068,71078,477,3,96.07
9069,74914,372,1,52.26
9070,50416,625,1,77.06
9071,62281,261,1,124.59
9072,80820,836,1,182
9073,61836,590,1,35.21
9074,80902,526,1,62.16
9075,23530,434,1,110.92
9076,42286,1,1,1018.58
9077,94229,646,2,158.39
9078,59269,668,2,48.09
9079,6082,407,1,216.15
9080,55421,397,1,441.12
9081,13014,102,1,1536.79
9082,93401,150,1,857.31
9083,88009,671,1,49.76
9084,68149,487,1,77.32
9085,26735,509,1,525.62
9086,48807,658,4,71.4
9087,99579,638,1,57.93
9088,45752,773,1,99.41
9089,94620,687,1,98.13
9090,72858,332,1,152.61
9091,7834,105,4,2361.4
9092,94276,479,2,552.74
9093,70164,271,1,164.71
9094,74278,226,1,70.24
9095,44777,599,5,38.98
9096,13811,727,3,45.19
9097,98538,741,1,194.97
9098,60987,803,1,231.37
9099,78363,556,2,56.33
9100,75235,410,2,105.83
9101,15065,200,1,1905.88
9102,61208,142,1,814.09
9103,34792,414,1,287.44
9104,18133,802,1,107.98
9105,67144,135,1,2540.95
9106,65143,529,2,23.4
9107,15661,753,1,249.45
9108,77451,81,1,2179.45
9109,31907,211,2,1347.08
9110,41837,170,2,1435.76
9111,8948,596,1,62.64
9112,33252,676,2,195.28
9113,9003,706,2,201.34
9114,84505,419,2,332.33
9115,11784,569,2,118.44
9116,98598,209,4,128.3
9117,86075,459,1,85.05
9118,93927,55,1,1450.93
9119,68876,220,1,2128.96
9120,34629,297,1,155.34
9121,82534,701,2,92.7
9122,4976,298,2,66.54
9123,73299,825,1,218.42
9124,74127,252,2,88.87
9125,9400,613,1,78.12
9126,74176,386,1,403.91
9127,54427,683,1,49.44
9128,47153,619,1,100.91
9129,36518,839,2,232.84
9130,89147,643,1,54.43
9131,70606,502,1,271.9
9132,34228,402,1,476.71
9133,17153,430,1,118.66
9134,61128,743,1,297.24
9135,79003,620,1,92.65
9136,53395,826,3,394.47
9137,42322,838,2,165.94
9138,88687,847,1,82.79
9139,64406,86,1,934.14
9140,97225,149,1,376.32
9141,42987,496,1,203.6
9142,68995,833,1,104.08
9143,31085,480,1,266.64
9144,63499,651,1,36.69
9145,74966,269,4,85.34
9146,23792,219,1,1567.32
9147,27703,740,1,73.03
9148,32253,249,2,218.37
9149,30651,642,1,66.69
9150,6377,55,1,1450.93
9151,1642,28,3,1277.56
9152,90498,576,1,129.84
9153,93706,690,1,51.49
9154,47741,238,1,27.65
9155,46059,440,2,100.41
9156,5127,649,1,134.51
9157,19828,645,1,42.2
9158,61915,256,1,114.71
9159,50279,365,1,207.2
9160,53793,66,1,1334.73
9161,9967,803,1,231.37
9162,44035,26,3,1921.56
9163,57065,808,4,399.03
9164,40811,256,1,114.71
9165,4475,661,1,70.59
9166,85929,485,2,292.09
9167,20551,579,2,64.34
9168,1261,349,1,87.41
9169,66010,351,1,106.17
9170,9679,347,3,128.17
9171,19580,506,1,138.24
9172,73256,71,1,1883.64
9173,92072,591,3,33.88
9174,1291,536,1,128.45
9175,49200,180,2,605.56
9176,44927,76,1,1764.12
9177,83477,480,2,266.64
9178,22848,137,2,1286.59
9179,80281,68,2,1973.25
9180,18282,269,2,85.34
9181,86301,641,2,20.23
9182,50604,234,1,104.53
9183,42958,669,1,51.43
9184,60894,28,1,1277.56
9185,21828,60,1,934.39
9186,72840,334,2,50.93
9187,38673,625,4,77.06
9188,92410,327,2,114.31
9189,35674,235,1,63.67
9190,82065,475,1,268.5
9191,9716,406,1,470.57
9192,66423,214,1,769.16
9193,34218,481,1,312.06
9194,91921,573,1,55.72
9195,49875,733,3,112.26
9196,11055,382,1,344.3
9197,49271,1,2,1018.58
9198,92698,518,2,408.38
9199,97936,572,1,97.56
9200,33905,110,1,456.84
9201,59111,815,1,360.06
9202,23683,309,1,161.23
9203,21670,329,1,93.74
9204,3729,846,3,180.75
9205,73664,173,1,1273.32
9206,71730,743,1,297.24
9207,45790,738,1,140.26
9208,16725,615,3,112.27
9209,4466,693,1,89.35
9210,37366,161,1,1006.83
9211,84562,353,1,132.5
9212,87926,605,1,31.92
9213,24792,784,1,161.33
9214,72739,604,2,28.08
9215,37193,498,1,98.36
9216,41853,349,1,87.41
9217,73130,167,1,926.76
9218,14537,344,1,95.79
9219,44421,16,1,697
9220,91913,235,3,63.67
9221,45255,663,1,103.09
9222,46187,625,1,77.06
9223,95389,293,4,168.08
9224,45973,628,1,92.54
9225,83158,479,1,552.74
9226,52916,174,3,772.9
9227,6284,748,1,220.43
9228,33433,169,1,336.57
9229,10813,809,1,191.41
9230,14674,821,2,323.12
9231,14527,314,1,217.82
9232,48830,84,2,416.48
9233,99254,843,1,116.02
9234,44874,628,2,92.54
9235,74331,479,2,552.74
9236,73197,394,1,387.51
9237,29707,654,2,126.06
9238,65188,761,1,107.7
9239,82912,507,1,484.32
9240,31207,481,1,312.06
9241,97010,68,1,1973.25
9242,6004,594,1,51.42
9243,58337,97,1,1294.45
9244,94983,138,1,1696.84
9245,91695,545,2,77.05
9246,41189,324,1,74.81
9247,76873,442,1,585.83
9248,17476,587,1,26.35
9249,76303,136,1,930.82
9250,50877,340,2,47.41
9251,44919,192,1,2315.69
9252,53421,716,1,170.57
9253,57899,577,3,34.72
9254,95208,381,1,119.17
9255,71393,520,1,133.3
9256,52694,272,1,164.9
9257,45778,610,1,85.31
9258,89873,791,1,108.25
9259,58924,136,1,930.82
9260,57947,356,1,129.5
9261,66973,666,1,47.03
9262,76174,85,2,910.42
9263,85024,616,1,122.24
9264,74995,638,1,57.93
9265,27098,110,3,456.84
9266,43083,418,1,195.16
9267,41609,586,1,42.98
9268,16076,745,1,131.36
9269,6069,113,1,2468.65
9270,42799,149,1,376.32
9271,26772,343,3,60.44
9272,71560,665,2,39.3
9273,16622,533,1,152.22
9274,13755,463,1,370.25
9275,15922,293,1,168.08
9276,64591,412,1,525.95
9277,19185,807,1,406.4
9278,63215,359,1,206.65
9279,17564,349,1,87.41
9280,57592,429,1,202.76
9281,29386,345,1,90.74
9282,77503,422,1,395.38
9283,10075,508,2,416.15
9284,18304,682,2,59.6
9285,28218,351,1,106.17
9286,91966,745,2,131.36
9287,1644,367,2,217.01
9288,90415,189,1,1308.31
9289,49244,605,1,31.92
9290,70968,495,1,243.47
9291,57202,442,2,585.83
9292,34399,111,1,875.42
9293,41191,59,2,353.67
9294,18253,580,1,44.39
9295,82744,800,1,396.56
9296,80270,308,1,80.43
9297,85348,534,3,70.5
9298,30849,476,1,603.44
9299,62699,320,2,71.03
9300,88381,684,3,112.82
9301,48436,79,1,990.72
9302,3848,433,1,307
9303,36338,288,5,112.41
9304,7334,32,1,672.62
9305,19883,369,2,63.75
9306,63014,514,2,446.84
9307,63967,607,3,40.2
9308,50654,55,5,1450.93
9309,36364,56,2,2429.03
9310,84903,778,2,286.32
9311,55752,99,2,268.9
9312,56511,67,2,612.82
9313,26944,158,1,1853.29
9314,15596,477,3,96.07
9315,21699,513,1,506.02
9316,79069,754,1,158.39
9317,43220,455,2,115.87
9318,19112,419,2,332.33
9319,65937,155,1,2869.59
9320,27852,659,1,109.2
9321,12185,585,1,78.72
9322,57660,449,1,211.58
9323,92771,323,1,132.78
9324,46215,620,2,92.65
9325,8315,738,1,140.26
9326,71259,388,1,144.01
9327,10333,453,1,228.77
9328,74639,310,1,73.64
9329,98668,115,3,1529.93
9330,73175,30,4,358.22
9331,97755,751,1,95.53
9332,25956,676,2,195.28
9333,48587,846,1,180.75
9334,68908,50,1,699.69
9335,39182,320,1,71.03
9336,55709,788,2,176.78
9337,10953,735,1,70.91
9338,40104,805,3,183.52
9339,57768,10,1,1709.69
9340,76459,288,1,112.41
9341,35548,534,2,70.5
9342,51815,428,4,463.98
9343,84263,12,5,2721.53
9344,6616,119,1,2295.88
9345,48838,747,1,171.96
9346,46620,801,1,280.08
9347,33582,235,1,63.67
9348,80234,352,2,177.33
9349,79984,246,2,201.57
9350,51546,834,1,115.52
9351,3867,370,1,41.18
9352,90699,707,1,66.73
9353,71957,184,1,2233.97
9354,60851,780,1,254.38
9355,37631,823,1,158.01
9356,59058,230,1,127.46
9357,19402,786,1,385.84
9358,55578,113,1,2468.65
9359,69409,750,1,248.2
9360,48227,681,1,140.36
9361,15531,566,3,74.04
9362,89470,654,1,126.06
9363,94580,829,1,292.82
9364,38100,741,1,194.97
9365,89548,568,1,59.32
9366,40065,170,1,1435.76
9367,66038,291,4,30.01
9368,66351,276,3,105.92
9369,76513,272,3,164.9
9370,25582,456,3,254.58
9371,48015,460,1,119.48
9372,49749,183,1,2443.07
9373,41171,149,1,376.32
9374,22871,644,1,67.31
9375,50566,299,1,125.98
9376,3429,618,1,45.85
9377,65711,646,1,158.39
9378,6475,841,1,37.29
9379,5403,37,2,899.87
9380,35214,654,1,126.06
9381,97876,511,1,304.85
9382,16777,496,1,203.6
9383,37940,656,2,43.4
9384,57868,822,2,25.42
9385,49371,82,1,1507.07
9386,46820,431,1,130.19
9387,95178,809,4,191.41
9388,53598,177,2,1666.57
9389,52259,283,3,87.55
9390,23703,360,1,117.81
9391,45404,291,1,30.01
9392,23856,641,3,20.23
9393,75009,212,2,1668.95
9394,34398,770,2,332.54
9395,81398,800,2,396.56
9396,78292,591,1,33.88
9397,45527,113,1,2468.65
9398,23565,672,1,160.18
9399,61760,356,1,129.5
9400,59471,579,2,64.34
9401,80098,149,1,376.32
9402,33105,71,2,1883.64
9403,48852,790,3,418.19
9404,77465,505,2,338.31
9405,63979,212,1,1668.95
9406,83457,259,1,116.9
9407,27731,271,2,164.71
9408,99147,726,1,145.95
9409,66293,619,1,100.91
9410,95499,391,4,595.91
9411,91723,366,2,89.01
9412,25782,106,1,810.12
9413,11623,39,2,1650.03
9414,46871,119,4,2295.88
9415,49105,672,1,160.18
9416,24306,19,2,1121.09
9417,90285,116,1,2211.09
9418,14848,151,1,2364.58
9419,46958,391,1,595.91
9420,43970,136,1,930.82
9421,40005,174,2,772.9
9422,82040,508,1,416.15
9423,88542,540,1,32.85
9424,59502,115,1,1529.93
9425,13826,356,1,129.5
9426,80538,111,1,875.42
9427,35722,237,2,74.92
9428,83611,504,1,410.46
9429,71343,82,1,1507.07
9430,55516,276,1,105.92
9431,92713,184,3,2233.97
9432,93133,150,1,857.31
9433,81308,520,1,133.3
9434,42382,676,3,195.28
9435,35779,15,1,694.06
9436,61429,765,1,54.88
9437,88471,829,4,292.82
9438,96981,349,1,87.41
9439,47962,542,1,75.76
9440,23565,260,1,47.28
9441,56315,196,1,974.84
9442,44223,216,3,790.68
9443,91605,613,1,78.12
9444,53017,750,1,248.2
9445,66707,850,1,237.95
9446,36579,222,1,116.61
9447,50617,773,1,99.41
9448,17110,53,1,2521.54
9449,14695,699,1,47.24
9450,78125,63,1,2058.51
9451,52375,356,2,129.5
9452,50476,765,1,54.88
9453,46231,461,1,118.87
9454,72008,545,1,77.05
9455,62944,735,2,70.91
9456,72950,614,2,27.16
9457,2137,315,3,171.61
9458,74298,371,2,110.74
9459,81163,263,4,55.16
9460,6090,347,3,128.17
9461,19059,500,1,584.81
9462,70822,609,1,65.41
9463,46862,68,1,1973.25
9464,21503,798,1,227.6
9465,1294,497,1,291.81
9466,40489,95,3,1879.95
9467,59470,254,1,79.63
9468,13947,430,1,118.66
9469,72027,542,2,75.76
9470,28536,603,1,37.61
9471,40741,739,1,80.56
9472,95671,290,2,120.4
9473,90233,238,2,27.65
9474,71724,626,1,53.36
9475,42891,708,1,138.81
9476,38960,244,1,86.8
9477,18631,253,1,175.8
9478,48158,823,1,158.01
9479,31829,429,1,202.76
9480,63098,317,1,92.22
9481,98251,717,1,143.37
9482,3151,653,1,100.32
9483,59900,298,1,66.54
9484,84775,490,2,466.11
9485,64739,84,2,416.48
9486,34619,535,1,95.48
9487,45212,674,1,91.61
9488,83638,153,2,621.19
9489,73591,319,1,57.84
9490,6176,276,2,105.92
9491,2953,569,1,118.44
9492,69390,761,1,107.7
9493,52593,43,1,310.32
9494,56341,548,1,83.07
9495,96423,711,1,128.83
9496,88294,755,1,103.54
9497,10088,406,2,470.57
9498,64185,266,1,148.88
9499,22639,426,3,277.42
9500,95712,251,2,76.69
9501,46356,641,1,20.23
9502,47303,89,1,2273.66
9503,33269,169,1,336.57
9504,13207,198,1,2315.24
9505,91838,560,1,77.29
9506,99207,661,1,70.59
9507,55664,308,1,80.43
9508,30185,788,1,176.78
9509,87449,496,1,203.6
9510,21260,723,3,32.72
9511,75622,335,1,35.02
9512,87869,663,1,103.09
9513,35997,845,2,106.71
9514,27111,795,2,42.45
9515,9825,309,1,161.23
9516,11070,553,1,70.14
9517,37516,202,1,476.93
9518,71785,274,2,195.72
9519,61602,315,1,171.61
9520,14173,57,1,488.73
9521,2211,825,1,218.42
9522,53757,49,1,1342.93
9523,47450,99,3,268.9
9524,43339,183,1,2443.07
9525,29094,288,1,112.41
9526,55951,826,1,394.47
9527,77674,706,1,201.34
9528,48718,794,1,243.61
9529,88479,718,1,185.18
9530,93001,56,1,2429.03
9531,89038,93,3,1850.93
9532,76993,452,2,281.11
9533,43868,169,2,336.57
9534,87323,462,1,321.21
9535,95456,784,1,161.33
9536,94321,118,1,702.86
9537,93792,785,1,117.09
9538,19687,547,2,31.12
9539,94154,207,1,522.28
9540,70989,721,1,173.77
9541,49273,329,1,93.74
9542,87281,335,1,35.02
9543,70813,742,1,149.39
9544,97747,769,1,160.34
9545,59207,2,1,2587.65
9546,26234,797,2,404.47
9547,36053,456,2,254.58
9548,1512,284,1,46.63
9549,81076,121,2,1989.62
9550,14989,249,1,218.37
9551,86361,843,1,116.02
9552,5471,6,2,643.98
9553,9264,752,1,411.24
9554,95911,203,1,655.23
9555,56137,602,1,45.99
9556,7446,40,1,1136.17
9557,95397,833,1,104.08
9558,59909,199,1,2273.14
9559,75262,643,1,54.43
9560,5541,641,1,20.23
9561,34455,538,1,43.54
9562,21868,848,1,495.21
9563,71544,318,1,60.45
9564,33782,351,2,106.17
9565,14413,798,1,227.6
9566,57033,613,1,78.12
9567,79015,582,1,141.03
9568,91375,243,1,196.32
9569,6367,203,1,655.23
9570,43951,54,1,2305.48
9571,24892,435,2,101.95
9572,23389,498,1,98.36
9573,52215,472,1,553.66
9574,41563,464,1,291.69
9575,11190,547,1,31.12
9576,13399,110,1,456.84
9577,47524,232,1,106.09
9578,33532,119,3,2295.88
9579,6768,424,2,255.29
9580,21562,846,1,180.75
9581,15744,95,1,1879.95
9582,55438,401,1,111.92
9583,73723,300,1,44.81
9584,61415,449,2,211.58
9585,90574,464,1,291.69
9586,64004,787,1,233.8
9587,51171,822,1,25.42
9588,2348,610,1,85.31
9589,60998,807,2,406.4
9590,81160,202,1,476.93
9591,4328,310,1,73.64
9592,16914,736,1,154.75
9593,56956,255,1,59.87
9594,20233,208,3,1599.96
9595,93618,567,1,55.35
9596,62845,122,1,2310.87
9597,23412,364,1,112.89
9598,48996,460,1,119.48
9599,45566,212,5,1668.95
9600,94467,786,4,385.84
9601,45030,594,1,51.42
9602,70269,499,1,561.17
9603,34487,631,2,120.31
9604,51111,166,1,2080.6
9605,62691,673,1,35.45
9606,70310,498,1,98.36
9607,65105,520,1,133.3
9608,18553,446,1,522.5
9609,9795,308,2,80.43
9610,23721,551,2,67.02
9611,44687,602,2,45.99
9612,54898,682,1,59.6
9613,7887,80,1,557.08
9614,1610,647,1,101.3
9615,25608,365,1,207.2
9616,82820,259,1,116.9
9617,65327,438,1,415.7
9618,99507,414,1,287.44
9619,78474,25,1,1165.72
9620,50673,499,1,561.17
9621,8073,705,1,32.06
9622,54243,786,2,385.84
9623,3935,234,2,104.53
9624,12561,273,1,180.43
9625,79033,377,2,431.36
9626,49682,47,1,911.63
9627,87349,51,1,2718.95
9628,79238,100,1,538.09
9629,90331,329,4,93.74
9630,4141,781,2,274.7
9631,80367,103,5,916.04
9632,24888,739,3,80.56
9633,18582,183,1,2443.07
9634,25382,836,2,182
9635,63235,23,1,879.34
9636,20350,583,1,64.38
9637,17716,21,1,1481.54
9638,66359,441,1,102.35
9639,74117,357,5,28.52
9640,53754,504,1,410.46
9641,81513,702,2,29.47
9642,10970,207,3,522.28
9643,74812,243,1,196.32
9644,41917,134,1,955.11
9645,37754,627,1,61.59
9646,66921,160,2,1762.02
9647,91126,805,2,183.52
9648,93245,31,1,1472.03
9649,37014,844,1,432.51
9650,80526,719,1,42.9
9651,99877,834,4,115.52
9652,74806,483,1,240.01
9653,54121,631,1,120.31
9654,68557,709,2,59.25
9655,12270,376,1,191.89
9656,13755,537,1,107.95
9657,67098,537,1,107.95
9658,4820,89,1,2273.66
9659,71152,170,1,1435.76
9660,82776,653,1,100.32
9661,86036,653,4,100.32
9662,54906,621,2,38.29
9663,18792,637,2,92.71
9664,86463,571,1,66.42
9665,20106,663,1,103.09
9666,54647,42,1,1240.21
9667,21190,397,1,441.12
9668,24049,567,3,55.35
9669,75149,47,3,911.63
9670,51146,45,3,825.27
9671,36315,203,1,655.23
9672,70200,760,2,316.13
9673,48405,713,1,84.65
9674,44240,70,2,2884.14
9675,93685,398,1,230.52
9676,80095,413,1,526.63
9677,49871,763,1,135.61
9678,91109,570,2,51.63
9679,63443,667,1,58.31
9680,89320,108,2,1836.25
9681,1074,340,1,47.41
9682,16842,767,1,303.89
9683,73973,252,3,88.87
9684,96015,181,1,960.96
9685,14162,464,2,291.69
9686,92117,503,1,188.72
9687,73616,306,1,226.09
9688,59207,670,1,62.57
9689,29102,13,2,2070.93
9690,82639,78,1,448.34
9691,19928,807,1,406.4
9692,33685,142,2,814.09
9693,92174,538,1,43.54
9694,74812,845,1,106.71
9695,24556,267,2,139.87
9696,39898,705,1,32.06
9697,30669,355,1,41.47
9698,71675,172,1,220.1
9699,12137,118,1,702.86
9700,29828,236,1,145.03
9701,78202,766,1,229.2
9702,78053,107,2,1082
9703,46240,80,3,557.08
9704,79444,395,1,199.29
9705,7224,619,1,100.91
9706,66060,504,1,410.46
9707,51896,677,1,40.98
9708,68211,583,1,64.38
9709,80555,123,1,922.12
9710,53502,257,3,204.86
9711,5781,266,3,148.88
9712,6766,798,2,227.6
9713,80691,42,1,1240.21
9714,94944,775,1,320.37
9715,12794,810,1,94.15
9716,62225,328,1,124.01
9717,7259,709,2,59.25
9718,29116,46,1,1597.63
9719,40220,673,1,35.45
9720,52180,358,2,119.54
9721,6636,688,1,62.01
9722,68927,271,2,164.71
9723,77843,148,2,1254.83
9724,41316,536,1,128.45
9725,49269,161,1,1006.83
9726,7505,470,1,543.54
9727,13274,436,1,346.44
9728,92168,407,5,216.15
9729,58872,496,4,203.6
9730,97712,93,1,1850.93
9731,96159,292,1,32.35
9732,47815,497,2,291.81
9733,47018,348,1,34.82
9734,32914,732,1,139.82
9735,93257,525,2,106.03
9736,49698,515,1,77.15
9737,33272,178,2,1039.95
9738,81324,839,2,232.84
9739,63782,405,1,192.25
9740,64467,778,3,286.32
9741,91436,722,1,50.76
9742,45713,816,1,212.43
9743,80821,797,3,404.47
9744,18124,780,1,254.38
9745,27858,463,1,370.25
9746,61857,660,1,98.01
9747,13685,253,3,175.8
9748,21849,617,1,24.15
9749,86385,778,3,286.32
9750,14517,638,2,57.93
9751,46643,515,1,77.15
9752,2611,235,1,63.67
9753,38184,814,1,395.25
9754,61394,117,3,1977.83
9755,9109,597,1,82.6
9756,82694,702,1,29.47
9757,23119,386,1,403.91
9758,91406,625,1,77.06
9759,33791,150,2,857.31
9760,22193,253,1,175.8
9761,15606,67,1,612.82
9762,26713,690,1,51.49
9763,4820,15,1,694.06
9764,78489,288,1,112.41
9765,53545,48,1,1289.14
9766,9778,312,2,43.29
9767,66433,354,2,58.86
9768,71503,470,1,543.54
9769,96581,437,1,95.45
9770,93157,269,2,85.34
9771,89099,799,1,275.79
9772,42735,739,3,80.56
9773,11149,57,1,488.73
9774,33181,365,1,207.2
9775,79823,802,1,107.98
9776,14737,614,1,27.16
9777,7924,511,2,304.85
9778,62771,231,1,161.14
9779,28045,85,1,910.42
9780,29818,626,3,53.36
9781,41096,711,4,128.83
9782,12108,578,2,123.63
9783,58638,45,2,825.27
9784,68537,477,1,96.07
9785,47256,655,1,79.63
9786,62830,290,1,120.4
9787,14156,639,1,60.83
9788,72395,619,1,100.91
9789,33791,559,2,93.58
9790,18187,776,1,107.12
9791,73547,274,1,195.72
9792,26726,524,1,106.66
9793,67605,34,4,2576.39
9794,67417,189,1,1308.31
9795,71391,403,1,259.54
9796,73292,600,3,20.67
9797,61208,520,1,133.3
9798,32819,382,3,344.3
9799,83734,506,1,138.24
9800,48043,413,2,526.63
9801,94466,811,1,465.41
9802,38287,706,2,201.34
9803,45043,368,1,192.86
9804,67887,275,1,107.44
9805,52976,333,1,23.12
9806,18510,447,2,584.32
9807,96612,543,2,42.06
9808,32398,35,1,2688.65
9809,34733,269,1,85.34
9810,92286,324,1,74.81
9811,96994,809,1,191.41
9812,18070,600,1,20.67
9813,84631,368,1,192.86
9814,15157,758,1,217.14
9815,69767,364,1,112.89
9816,51910,150,1,857.31
9817,69112,239,1,130.06
9818,5598,456,2,254.58
9819,19983,110,1,456.84
9820,91971,224,5,86.46
9821,17827,754,1,158.39
9822,23721,32,1,672.62
9823,21947,96,1,1237.53
9824,10526,822,3,25.42
9825,31120,76,1,1764.12
9826,9230,767,1,303.89
9827,44007,78,1,448.34
9828,53488,107,1,1082
9829,88163,277,1,161.99
9830,95382,691,1,66.88
9831,11443,519,1,587.38
9832,52879,620,1,92.65
9833,18839,656,2,43.4
9834,31641,5,2,644.02
9835,30838,847,1,82.79
9836,7530,541,5,131.23
9837,45549,390,1,406.02
9838,18904,690,2,51.49
9839,73584,218,1,1811.21
9840,10877,716,3,170.57
9841,11336,223,1,46.56
9842,97853,70,1,2884.14
9843,15708,636,1,81.59
9844,96047,413,1,526.63
9845,42887,785,1,117.09
9846,54132,246,1,201.57
9847,60159,547,1,31.12
9848,57458,670,1,62.57
9849,76992,734,1,91.41
9850,34367,221,1,132.3
9851,24730,587,2,26.35
9852,54108,307,1,108.22
9853,60419,365,1,207.2
9854,10810,787,1,233.8
9855,17919,573,3,55.72
9856,14514,409,1,479.24
9857,47256,763,2,135.61
9858,2995,634,1,92.64
9859,38780,386,1,403.91
9860,70701,694,1,57.93
9861,12317,483,1,240.01
9862,40913,229,1,188.3
9863,82938,496,1,203.6
9864,86174,256,2,114.71
9865,99878,183,2,2443.07
9866,55475,799,1,275.79
9867,7295,158,2,1853.29
9868,50805,191,1,500.92
9869,93649,101,1,297.32
9870,54125,360,1,117.81
9871,9913,604,2,28.08
9872,18276,738,1,140.26
9873,55530,440,2,100.41
9874,56452,112,2,654.43
9875,40216,148,1,1254.83
9876,31237,248,1,220.15
9877,81979,232,1,106.09
9878,96756,850,1,237.95
9879,94430,217,2,934.5
9880,44093,410,1,105.83
9881,96091,841,1,37.29
9882,45039,566,4,74.04
9883,38988,177,1,1666.57
9884,58590,66,2,1334.73
9885,68373,98,1,1113.05
9886,18393,157,4,1620.62
9887,70355,63,1,2058.51
9888,26243,688,1,62.01
9889,43872,320,1,71.03
9890,30591,423,2,105.79
9891,36733,521,1,74.48
9892,56615,673,1,35.45
9893,58943,745,1,131.36
9894,92488,344,1,95.79
9895,98054,146,1,320.86
9896,18564,584,1,50.02
9897,28212,508,2,416.15
9898,80783,7,1,398.8
9899,65700,811,1,465.41
9900,50118,578,1,123.63
9901,76623,465,2,542.03
9902,43384,705,1,32.06
9903,52789,40,1,1136.17
9904,24899,833,1,104.08
9905,81655,402,1,476.71
9906,3483,424,3,255.29
9907,98156,690,2,51.49
9908,71962,806,1,292.37
9909,78767,180,2,605.56
9910,53684,112,3,654.43
9911,49872,182,1,551.45
9912,68478,675,1,77.03
9913,55473,842,3,262.8
9914,18932,355,1,41.47
9915,93301,791,1,108.25
9916,13863,535,2,95.48
9917,63513,771,2,93.15
9918,21479,32,1,672.62
9919,61294,349,1,87.41
9920,49751,809,1,191.41
9921,12082,48,2,1289.14
9922,59932,697,2,62.96
9923,80530,175,1,1556.96
9924,48988,475,3,268.5
9925,34663,169,1,336.57
9926,1066,628,1,92.54
9927,21514,236,4,145.03
9928,68696,689,2,130.61
9929,8771,716,1,170.57
9930,88694,659,2,109.2
9931,29362,730,1,48.49
9932,53126,612,1,99.88
9933,83279,49,1,1342.93
9934,95147,70,1,2884.14
9935,47287,540,1,32.85
9936,96893,41,1,571.32
9937,54555,558,1,18.15
9938,14142,465,1,542.03
9939,51499,167,2,926.76
9940,87053,53,2,2521.54
9941,42241,374,2,337.45
9942,60956,164,1,1320.66
9943,24812,331,1,84.86
9944,37496,648,1,114.52
9945,75504,339,5,101.75
9946,18169,665,1,39.3
9947,70306,788,1,176.78
9948,82328,744,1,207.32
9949,30967,273,1,180.43
9950,96559,349,1,87.41
9951,76355,472,1,553.66
9952,31652,6,1,643.98
9953,14179,234,1,104.53
9954,17901,808,1,399.03
9955,79950,633,2,89.89
9956,74561,417,1,183.3
9957,4142,189,1,1308.31
9958,18969,754,1,158.39
9959,66269,472,2,553.66
9960,53545,162,1,1527.43
9961,68083,562,1,40.76
9962,49072,255,1,59.87
9963,95694,362,1,129.66
9964,16493,700,3,85.88
9965,3054,495,1,243.47
9966,42945,328,1,124.01
9967,9204,607,2,40.2
9968,77065,242,4,213.16
9969,77637,561,1,86.98
9970,51757,625,1,77.06
9971,18400,788,1,176.78
9972,37720,815,5,360.06
9973,58794,262,4,238.23
9974,44574,592,4,79.56
9975,52432,594,1,51.42
9976,84975,152,3,794.45
9977,37764,615,2,112.27
9978,74533,341,1,104.39
9979,87386,628,1,92.54
9980,27556,132,1,765.52
9981,22726,554,3,71.05
9982,28339,206,3,167.72
9983,40929,356,1,129.5
9984,12190,210,3,653.61
9985,92010,586,1,42.98
9986,79538,378,1,57.89
9987,92373,749,4,384.4
9988,18500,374,1,337.45
9989,32573,745,1,131.36
9990,35388,372,1,52.26
9991,49186,72,1,724.9
9992,78010,309,1,161.23
9993,11059,708,1,138.81
9994,22750,376,1,191.89
9995,52654,805,1,183.52
9996,37189,275,4,107.44
9997,41781,491,1,240.43
9998,73887,508,1,416.15
9999,61018,26,1,1921.56
10000,50288,338,4,141.2
10001,74635,154,2,1229.13
10002,13722,422,1,395.38
10003,1265,214,1,769.16
10004,93821,271,2,164.71
10005,21535,555,5,112.86
10006,80860,132,2,765.52
10007,65994,639,5,60.83
10008,22645,4,1,1452.58
10009,9509,397,1,441.12
10010,40940,708,1,138.81
10011,26497,559,1,93.58
10012,56132,516,3,61.04
10013,45908,766,1,229.2
10014,88741,257,1,204.86
10015,42064,721,1,173.77
10016,92392,290,3,120.4
10017,83969,643,3,54.43
10018,99772,788,1,176.78
10019,42907,46,1,1597.63
10020,44075,318,1,60.45
10021,50752,839,2,232.84
10022,12508,208,1,1599.96
10023,98377,179,1,2506.19
10024,64944,122,1,2310.87
10025,19920,453,1,228.77
10026,66745,413,1,526.63
10027,25009,295,1,52.91
10028,11591,791,1,108.25
10029,30740,456,2,254.58
10030,91375,87,1,1765.71
10031,33608,475,1,268.5
10032,34504,462,2,321.21
10033,20476,193,1,2329.58
10034,73502,370,1,41.18
10035,8032,311,1,96.54
10036,78776,491,1,240.43
10037,33048,20,1,877.84
10038,98429,803,1,231.37
10039,15486,107,1,1082
10040,21250,693,1,89.35
10041,89622,781,5,274.7
10042,68163,655,1,79.63
10043,16247,492,1,307.86
10044,71852,465,1,542.03
10045,95051,714,5,77.2
10046,34728,787,1,233.8
10047,66034,299,1,125.98
10048,46848,92,1,1722.95
10049,72403,360,1,117.81
10050,70963,764,1,295.63
10051,62454,434,1,110.92
10052,34176,639,1,60.83
10053,13630,61,1,1043.37
10054,49309,164,1,1320.66
10055,41289,56,3,2429.03
10056,39712,14,1,748.83
10057,69903,13,1,2070.93
10058,75338,140,1,2736.66
10059,95191,452,1,281.11
10060,20808,273,1,180.43
10061,3933,451,1,387.94
10062,11871,231,1,161.14
10063,7678,22,1,609.78
10064,37674,717,2,143.37
10065,79377,570,1,51.63
10066,39922,382,1,344.3
10067,73599,214,1,769.16
10068,72113,233,1,118.05
10069,13414,366,1,89.01
10070,88728,315,2,171.61
10071,14527,424,4,255.29
10072,96238,10,1,1709.69
10073,17872,661,3,70.59
10074,28193,85,1,910.42
10075,45734,820,1,158.47
10076,38266,353,2,132.5
10077,9106,826,2,394.47
10078,32880,252,1,88.87
10079,12127,462,1,321.21
10080,61265,165,2,493.52
10081,29622,589,1,32.73
10082,55124,444,2,209.61
10083,56232,753,2,249.45
10084,95419,109,1,776.74
10085,18801,161,2,1006.83
10086,75791,336,1,33.43
10087,80692,674,2,91.61
10088,79829,612,1,99.88
10089,96384,543,2,42.06
10090,18383,400,2,374.97
10091,52228,352,2,177.33
10092,2653,307,1,108.22
10093,87006,763,1,135.61
10094,11465,748,1,220.43
10095,86181,743,2,297.24
10096,23365,200,4,1905.88
10097,70624,344,1,95.79
10098,52763,131,1,1094.67
10099,29062,701,1,92.7
10100,30865,46,2,1597.63
10101,24213,527,1,57.31
10102,52100,595,1,116.88
10103,15926,204,1,2321.47
10104,22401,377,2,431.36
10105,12626,609,1,65.41
10106,22925,364,1,112.89
10107,75853,72,2,724.9
10108,26266,12,1,2721.53
10109,12909,600,2,20.67
10110,92374,474,2,466.85
10111,66916,282,1,82.43
10112,67174,551,1,67.02
10113,24684,62,1,845.49
10114,17865,96,3,1237.53
10115,10863,745,2,131.36
10116,59440,819,1,67.91
10117,29938,443,1,210.88
10118,42725,560,2,77.29
10119,47191,571,1,66.42
10120,55640,334,1,50.93
10121,27076,587,2,26.35
10122,52785,714,1,77.2
10123,14514,473,4,75.58
10124,65940,762,1,152.14
10125,24529,77,4,1880.83
10126,16565,54,2,2305.48
10127,23232,492,1,307.86
10128,58210,446,3,522.5
10129,12416,210,1,653.61
10130,72756,624,1,63.62
10131,3596,182,1,551.45
10132,48623,102,1,1536.79
10133,63666,691,1,66.88
10134,18453,28,2,1277.56
10135,29876,143,1,1244.23
10136,59336,302,1,110.6
10137,56847,16,2,697
10138,75483,111,2,875.42
10139,60064,465,1,542.03
10140,86501,141,1,2665.48
10141,83483,168,2,702.77
10142,53385,280,2,161.38
10143,58451,394,3,387.51
10144,16616,199,1,2273.14
10145,93139,752,1,411.24
10146,17320,15,1,694.06
10147,88808,222,1,116.61
10148,54065,687,3,98.13
10149,13426,339,1,101.75
10150,44841,340,1,47.41
10151,3843,37,1,899.87
10152,52851,680,5,151.72
10153,96238,186,1,1591.62
10154,29259,608,3,52.97
10155,63072,523,1,136.72
10156,75336,814,1,395.25
10157,45429,429,3,202.76
10158,55957,312,2,43.29
10159,21443,495,1,243.47
10160,50600,507,2,484.32
10161,76426,828,1,161.68
10162,24183,20,2,877.84
10163,36536,317,1,92.22
10164,47770,358,1,119.54
10165,85755,486,2,475.47
10166,87522,50,4,699.69
10167,23457,371,1,110.74
10168,12776,337,1,177.03
10169,61156,289,1,75.66
10170,69134,634,1,92.64
10171,74738,321,1,113.48
10172,87010,262,3,238.23
10173,27081,117,1,1977.83
10174,30627,411,1,192
10175,97502,124,1,543.3
10176,77732,725,1,98.54
10177,15182,558,1,18.15
10178,16301,756,1,318.76
10179,48423,625,1,77.06
10180,63539,754,1,158.39
10181,1630,586,1,42.98
10182,46472,52,2,1892.01
10183,59723,624,2,63.62
10184,42803,44,1,2369.39
10185,80268,735,1,70.91
10186,57441,697,1,62.96
10187,8724,462,1,321.21
10188,22925,11,1,243.48
10189,54950,514,2,446.84
10190,43562,231,2,161.14
10191,5852,68,3,1973.25
10192,46438,27,2,726.61
10193,91939,330,3,70.71
10194,36160,826,1,394.47
10195,54589,91,1,565.72
10196,19960,81,1,2179.45
10197,49033,32,1,672.62
10198,52916,484,1,311.22
10199,39342,170,1,1435.76
10200,13931,209,2,128.3
10201,50166,547,1,31.12
10202,85654,448,1,374.32
10203,42114,224,1,86.46
10204,84037,57,1,488.73
10205,80133,608,1,52.97
10206,42398,171,1,1633.75
10207,80289,618,2,45.85
10208,72233,770,1,332.54
10209,78396,590,2,35.21
10210,3814,756,1,318.76
10211,79315,49,1,1342.93
10212,24647,649,2,134.51
10213,95903,581,1,61.28
10214,80082,662,1,198.38
10215,20303,4,1,1452.58
10216,72250,362,2,129.66
10217,43644,187,2,2020.76
10218,11161,259,1,116.9
10219,43319,540,1,32.85
10220,78490,302,1,110.6
10221,18919,66,1,1334.73
10222,21637,715,1,69.75
10223,85248,404,1,418.74
10224,40938,173,1,1273.32
10225,52853,279,2,140.86
10226,51222,108,3,1836.25
10227,85171,756,2,318.76
10228,35591,628,1,92.54
10229,85437,378,3,57.89
10230,93136,818,1,176.25
10231,72349,216,2,790.68
10232,72673,720,1,123.41
10233,26577,145,1,867.39
10234,63791,210,1,653.61
10235,30804,525,1,106.03
10236,10040,766,2,229.2
10237,23631,764,1,295.63
10238,32322,237,1,74.92
10239,96721,246,1,201.57
10240,51727,593,2,38.05
10241,84887,291,1,30.01
10242,21939,134,3,955.11
10243,75388,711,1,128.83
10244,86841,73,1,133.34
10245,20251,700,1,85.88
10246,52740,707,1,66.73
10247,76214,519,2,587.38
10248,23142,82,1,1507.07
10249,16776,762,1,152.14
10250,2720,621,1,38.29
10251,79619,70,3,2884.14
10252,17663,110,1,456.84
10253,40407,277,1,161.99
10254,84658,794,2,243.61
10255,85142,801,1,280.08
10256,47128,653,2,100.32
10257,47040,366,1,89.01
10258,32395,602,1,45.99
10259,84261,846,1,180.75
10260,1348,635,1,40.19
10261,83623,357,1,28.52
10262,81807,664,1,57.36
10263,15051,812,2,342.03
10264,10887,741,1,194.97
10265,15122,154,1,1229.13
10266,34117,702,2,29.47
10267,92873,32,1,672.62
10268,49872,610,4,85.31
10269,94388,647,1,101.3
10270,26188,791,1,108.25
10271,7397,579,1,64.34
10272,76770,6,1,643.98
10273,37549,807,1,406.4
10274,3243,160,1,1762.02
10275,64197,450,1,101.61
10276,72637,13,1,2070.93
10277,80465,734,1,91.41
10278,82590,683,1,49.44
10279,17337,456,1,254.58
10280,72607,216,1,790.68
10281,16551,821,4,323.12
10282,7419,94,1,1373.01
10283,86644,715,1,69.75
10284,99594,371,1,110.74
10285,73175,666,2,47.03
10286,63283,572,1,97.56
10287,74254,266,1,148.88
10288,42714,767,2,303.89
10289,29559,105,1,2361.4
10290,57878,501,1,345.02
10291,33838,31,1,1472.03
10292,95156,361,2,89.29
10293,75262,476,4,603.44
10294,37858,36,1,1992.63
10295,18774,821,1,323.12
10296,74932,834,2,115.52
10297,19442,360,1,117.81
10298,91855,513,1,506.02
10299,32963,90,1,1196.13
10300,50411,203,2,655.23
10301,65076,117,2,1977.83
10302,13177,216,2,790.68
10303,35108,384,1,455.69
10304,62605,832,1,191.89
10305,30706,621,2,38.29
10306,13001,827,2,161.51
10307,50959,14,2,748.83
10308,75466,834,1,115.52
10309,33302,824,1,176.02
10310,12718,567,1,55.35
10311,70821,612,1,99.88
10312,33820,297,1,155.34
10313,58119,201,3,1549.7
10314,42672,149,1,376.32
10315,40817,731,1,48.57
10316,19917,387,2,179.63
10317,61824,241,2,206.75
10318,56936,700,2,85.88
10319,18144,671,1,49.76
10320,33791,538,1,43.54
10321,87952,557,2,33.37
10322,29737,195,1,957.51
10323,5395,714,2,77.2
10324,10525,612,2,99.88
10325,22395,245,1,23.66
10326,26816,720,1,123.41
10327,3391,526,1,62.16
10328,22809,300,1,44.81
10329,96802,117,1,1977.83
10330,12427,722,1,50.76
10331,33118,584,3,50.02
10332,39251,357,1,28.52
10333,90572,228,3,89.98
10334,61889,197,1,1756.06
10335,64343,565,1,51.83
10336,6896,758,1,217.14
10337,30865,21,3,1481.54
10338,28018,417,1,183.3
10339,6259,643,1,54.43
10340,27769,744,1,207.32
10341,33097,399,1,372.92
10342,14831,697,1,62.96
10343,34940,479,1,552.74
10344,61687,805,1,183.52
10345,35508,717,1,143.37
10346,93221,383,1,311.85
10347,12867,383,1,311.85
10348,19386,509,1,525.62
10349,1875,720,1,123.41
10350,36443,834,1,115.52
10351,91791,359,2,206.65
10352,25444,488,1,179.28
10353,75369,682,1,59.6
10354,83656,167,1,926.76
10355,72956,468,1,448.77
10356,88685,510,1,359.27
10357,22012,508,2,416.15
10358,50074,264,1,108.54
10359,95434,623,2,53.5
10360,30256,676,1,195.28
10361,55020,335,1,35.02
10362,58027,291,1,30.01
10363,19828,586,2,42.98
10364,84140,567,1,55.35
10365,93965,777,3,130.57
10366,95535,197,2,1756.06
10367,66421,777,2,130.57
10368,58980,255,3,59.87
10369,27757,266,2,148.88
10370,63759,816,4,212.43
10371,93725,677,2,40.98
10372,49650,298,1,66.54
10373,40995,846,5,180.75
10374,36257,514,3,446.84
10375,54396,554,3,71.05
10376,50408,801,1,280.08
10377,36792,175,2,1556.96
10378,6556,399,1,372.92
10379,83397,555,1,112.86
10380,81870,173,1,1273.32
10381,69971,515,1,77.15
10382,71614,258,4,139.68
10383,56380,646,1,158.39
10384,15732,830,1,191.83
10385,44648,210,1,653.61
10386,23560,114,2,1991.76
10387,38115,256,1,114.71
10388,63366,715,1,69.75
10389,6211,739,1,80.56
10390,73466,66,2,1334.73
10391,1197,746,1,379.49
10392,46956,649,3,134.51
10393,88095,584,1,50.02
10394,22758,452,1,281.11
10395,51631,805,1,183.52
10396,20910,9,1,1457.94
10397,52889,353,1,132.5
10398,38400,842,1,262.8
10399,21601,483,2,240.01
10400,14299,661,1,70.59
10401,62188,834,1,115.52
10402,63341,691,2,66.88
10403,39712,609,1,65.41
10404,33320,469,1,160.55
10405,58321,145,1,867.39
10406,63775,158,1,1853.29
10407,89076,597,1,82.6
10408,52785,277,1,161.99
10409,60040,686,1,96.04
10410,36153,538,1,43.54
10411,87606,320,1,71.03
10412,98266,823,2,158.01
10413,82958,715,1,69.75
10414,62599,739,1,80.56
10415,30753,512,2,226.59
10416,40028,201,1,1549.7
10417,72910,780,1,254.38
10418,55124,272,1,164.9
10419,41202,746,2,379.49
10420,96176,224,1,86.46
10421,32884,711,1,128.83
10422,50375,500,1,584.81
10423,56478,346,1,124.74
10424,69468,202,1,476.93
10425,40571,695,2,41.43
10426,87895,120,1,1327.9
10427,25056,721,1,173.77
10428,41783,580,1,44.39
10429,64499,504,1,410.46
10430,53761,152,4,794.45
10431,68024,202,4,476.93
10432,31319,735,1,70.91
10433,76332,666,1,47.03
10434,95031,282,1,82.43
10435,2305,736,1,154.75
10436,77489,96,1,1237.53
10437,20686,210,1,653.61
10438,47781,208,1,1599.96
10439,97792,471,1,44.33
10440,1205,15,1,694.06
10441,47525,278,1,130.88
10442,16849,314,1,217.82
10443,93748,607,1,40.2
10444,93622,667,1,58.31
10445,51426,179,1,2506.19
10446,5363,224,1,86.46
10447,16652,714,1,77.2
10448,19302,628,1,92.54
10449,23530,746,2,379.49
10450,77516,153,3,621.19
10451,54010,273,2,180.43
10452,3073,347,1,128.17
10453,22426,628,1,92.54
10454,96808,662,1,198.38
10455,94902,123,2,922.12
10456,74708,593,1,38.05
10457,27925,85,2,910.42
10458,35228,164,1,1320.66
10459,50777,550,2,95.95
10460,27229,297,1,155.34
10461,54110,153,1,621.19
10462,14977,691,3,66.88
10463,28788,352,1,177.33
10464,46654,530,1,110.63
10465,23354,784,1,161.33
10466,93820,395,1,199.29
10467,31050,604,2,28.08
10468,72808,448,2,374.32
10469,58328,641,2,20.23
10470,96173,505,1,338.31
10471,68819,461,1,118.87
10472,66297,721,1,173.77
10473,53762,789,1,194.77
10474,46243,593,1,38.05
10475,72139,425,1,85.89
10476,35995,184,1,2233.97
10477,80037,444,1,209.61
10478,98671,721,1,173.77
10479,68043,378,1,57.89
10480,6371,43,1,310.32
10481,3191,45,1,825.27
10482,33341,101,1,297.32
10483,34108,784,1,161.33
10484,3715,545,1,77.05
10485,36944,596,1,62.64
10486,16849,698,2,99.51
10487,72580,386,1,403.91
10488,47440,812,2,342.03
10489,37922,247,1,94.97
10490,65164,186,1,1591.62
10491,72049,184,1,2233.97
10492,20729,90,1,1196.13
10493,96507,217,1,934.5
10494,60478,717,1,143.37
10495,20277,283,2,87.55
10496,36881,8,1,2190.96
10497,71985,811,3,465.41
10498,13386,72,3,724.9
10499,42843,626,1,53.36
10500,14591,802,1,107.98
10501,64627,602,2,45.99
10502,27046,249,1,218.37
10503,5219,638,3,57.93
10504,2385,451,1,387.94
10505,43270,386,1,403.91
10506,15121,830,2,191.83
10507,32220,546,1,52.46
10508,25465,451,1,387.94
10509,73816,785,1,117.09
10510,73045,166,2,2080.6
10511,36106,660,4,98.01
10512,82810,340,1,47.41
10513,9106,255,1,59.87
10514,35832,7,1,398.8
10515,23781,478,1,279.21
10516,11363,331,1,84.86
10517,21699,559,1,93.58
10518,12538,324,1,74.81
10519,44500,463,4,370.25
10520,75368,240,2,61.03
10521,43702,495,4,243.47
10522,44746,227,1,224.15
10523,85549,432,2,378.9
10524,65485,656,1,43.4
10525,98299,329,2,93.74
10526,10326,258,1,139.68
10527,16198,777,1,130.57
10528,34413,184,2,2233.97
10529,40342,660,1,98.01
10530,65362,464,1,291.69
10531,45199,777,1,130.57
10532,62469,217,2,934.5
10533,33895,446,1,522.5
10534,52975,27,1,726.61
10535,43868,343,1,60.44
10536,74605,692,4,78.86
10537,76114,402,1,476.71
10538,10588,448,2,374.32
10539,25176,132,1,765.52
10540,66378,89,2,2273.66
10541,56569,729,1,53.27
10542,47171,230,3,127.46
10543,24714,622,1,40.46
10544,25315,584,1,50.02
10545,13722,246,2,201.57
10546,7251,256,1,114.71
10547,56375,387,1,179.63
10548,87917,90,1,1196.13
10549,49819,90,2,1196.13
10550,76784,420,1,373.76
10551,7135,167,2,926.76
10552,28853,785,3,117.09
10553,7652,571,1,66.42
10554,78346,24,1,1004.36
10555,92090,395,1,199.29
10556,47444,437,1,95.45
10557,40112,29,1,1439.04
10558,3563,759,1,375.56
10559,26883,374,1,337.45
10560,65868,358,1,119.54
10561,51688,180,1,605.56
10562,32379,834,3,115.52
10563,62879,450,1,101.61
10564,6872,250,1,176.33
10565,15661,152,1,794.45
10566,65668,775,2,320.37
10567,8337,722,1,50.76
10568,11711,811,1,465.41
10569,83349,810,1,94.15
10570,65225,257,1,204.86
10571,67190,182,1,551.45
10572,79410,748,2,220.43
10573,65435,7,1,398.8
10574,34440,567,3,55.35
10575,51128,178,2,1039.95
10576,8264,797,1,404.47
10577,23224,503,1,188.72
10578,50941,79,3,990.72
10579,12313,337,2,177.03
10580,40669,513,1,506.02
10581,37832,525,2,106.03
10582,88751,524,1,106.66
10583,49798,267,1,139.87
10584,13045,709,1,59.25
10585,25848,440,1,100.41
10586,14661,750,1,248.2
10587,78120,509,1,525.62
10588,2611,329,1,93.74
10589,39785,613,4,78.12
10590,19926,241,1,206.75
10591,13492,218,2,1811.21
10592,78636,269,1,85.34
10593,29500,430,1,118.66
10594,37202,779,1,285.39
10595,49847,670,1,62.57
10596,50605,308,1,80.43
10597,11345,35,1,2688.65
10598,78080,591,1,33.88
10599,77402,139,1,999.63
10600,60393,109,1,776.74
10601,35610,558,1,18.15
10602,71950,52,1,1892.01
10603,72739,41,2,571.32
10604,40503,476,1,603.44
10605,68660,794,5,243.61
10606,35900,191,1,500.92
10607,91579,822,1,25.42
10608,42222,473,1,75.58
10609,80536,741,1,194.97
10610,27001,499,2,561.17
10611,97394,570,2,51.63
10612,61378,776,2,107.12
10613,19615,725,1,98.54
10614,36203,505,3,338.31
10615,7991,584,1,50.02
10616,30333,518,2,408.38
10617,72363,613,1,78.12
10618,22976,28,2,1277.56
10619,48917,466,5,211.09
10620,15475,266,1,148.88
10621,77062,20,1,877.84
10622,94469,509,2,525.62
10623,84179,456,1,254.58
10624,86672,109,1,776.74
10625,35617,39,3,1650.03
10626,55706,754,1,158.39
10627,84775,193,3,2329.58
10628,64932,290,1,120.4
10629,34440,26,1,1921.56
10630,20463,648,1,114.52
10631,45578,228,2,89.98
10632,24259,432,1,378.9
10633,20220,478,1,279.21
10634,71745,459,1,85.05
10635,92828,711,1,128.83
10636,42312,436,1,346.44
10637,57080,76,1,1764.12
10638,28748,674,1,91.61
10639,14681,681,1,140.36
10640,20890,582,1,141.03
10641,89358,560,1,77.29
10642,9416,151,1,2364.58
10643,11499,300,1,44.81
10644,55698,791,1,108.25
10645,44088,804,1,241.93
10646,87098,86,2,934.14
10647,98039,757,1,246.69
10648,89629,655,1,79.63
10649,17456,376,1,191.89
10650,85932,832,1,191.89
10651,8890,501,1,345.02
10652,68744,341,1,104.39
10653,45727,381,1,119.17
10654,19435,358,1,119.54
10655,62381,40,1,1136.17
10656,71042,542,1,75.76
10657,67871,800,1,396.56
10658,28982,468,1,448.77
10659,90726,369,2,63.75
10660,89705,692,1,78.86
10661,49993,150,1,857.31
10662,44457,776,1,107.12
10663,75466,546,1,52.46
10664,98299,630,1,43.94
10665,87066,601,1,36.85
10666,80833,756,1,318.76
10667,63007,798,1,227.6
10668,93119,244,1,86.8
10669,8261,301,1,36.64
10670,54407,418,1,195.16
10671,3355,446,1,522.5
10672,67988,541,1,131.23
10673,99381,405,1,192.25
10674,52668,508,3,416.15
10675,49604,774,1,175.76
10676,72381,541,1,131.23
10677,59673,437,1,95.45
10678,79287,66,3,1334.73
10679,19463,190,1,798.17
10680,7765,826,1,394.47
10681,44597,506,1,138.24
10682,14123,120,2,1327.9
10683,62835,199,2,2273.14
10684,73547,174,1,772.9
10685,46973,713,1,84.65
10686,2456,584,1,50.02
10687,11759,495,1,243.47
10688,8353,306,1,226.09
10689,65250,742,1,149.39
10690,38281,138,1,1696.84
10691,35729,626,3,53.36
10692,61964,92,1,1722.95
10693,31666,360,2,117.81
10694,77971,531,1,101.94
10695,49030,49,1,1342.93
10696,40746,581,1,61.28
10697,66661,425,2,85.89
10698,17271,700,1,85.88
10699,85581,34,1,2576.39
10700,52404,627,2,61.59
10701,44054,85,2,910.42
10702,96386,666,1,47.03
10703,65076,46,1,1597.63
10704,99483,514,1,446.84
10705,29722,741,1,194.97
10706,13472,482,1,343.8
10707,56646,451,2,387.94
10708,7787,134,1,955.11
10709,60496,60,3,934.39
10710,35832,786,1,385.84
10711,39047,370,1,41.18
10712,7494,832,1,191.89
10713,91422,319,1,57.84
10714,55038,141,1,2665.48
10715,99834,2,3,2587.65
10716,11858,834,2,115.52
10717,72137,841,1,37.29
10718,43879,219,1,1567.32
10719,17317,792,1,234.78
10720,99646,129,1,147.78
10721,95434,755,1,103.54
10722,13154,110,1,456.84
10723,50600,818,1,176.25
10724,37215,310,2,73.64
10725,3128,222,3,116.61
10726,73088,492,1,307.86
10727,14603,586,1,42.98
10728,49917,442,2,585.83
10729,49625,496,1,203.6
10730,46026,814,2,395.25
10731,35548,598,1,37.17
10732,13648,773,2,99.41
10733,52983,752,1,411.24
10734,89933,44,2,2369.39
10735,62946,265,1,183.58
10736,43033,704,1,44.41
10737,81098,737,1,74.87
10738,4933,33,1,421.17
10739,41502,623,1,53.5
10740,46059,617,4,24.15
10741,57839,440,1,100.41
10742,84658,442,2,585.83
10743,51663,640,1,73.07
10744,95210,764,3,295.63
10745,12284,83,2,943.76
10746,69458,76,1,1764.12
10747,2488,405,1,192.25
10748,63235,332,2,152.61
10749,24943,841,3,37.29
10750,59333,678,1,75.52
10751,56428,140,1,2736.66
10752,90917,370,3,41.18
10753,69385,440,1,100.41
10754,53134,634,4,92.64
10755,84143,615,1,112.27
10756,11091,108,1,1836.25
10757,85902,659,1,109.2
10758,80242,384,1,455.69
10759,77898,534,1,70.5
10760,97918,74,3,2015.09
10761,96895,717,1,143.37
10762,52388,750,1,248.2
10763,55687,726,1,145.95
10764,58269,467,1,180.84
10765,78379,564,1,14.35
10766,20499,617,2,24.15
10767,39801,442,1,585.83
10768,49364,750,1,248.2
10769,77391,801,1,280.08
10770,19611,124,1,543.3
10771,99452,247,4,94.97
10772,77825,337,2,177.03
10773,87419,643,1,54.43
10774,14076,832,2,191.89
10775,93204,647,1,101.3
10776,65811,436,1,346.44
10777,46217,748,1,220.43
10778,32520,232,2,106.09
10779,60725,180,1,605.56
10780,51437,429,1,202.76
10781,14118,570,3,51.63
10782,11176,279,2,140.86
10783,96589,665,1,39.3
10784,53134,589,1,32.73
10785,64467,408,1,42.37
10786,33026,49,1,1342.93
10787,88400,332,1,152.61
10788,93927,472,2,553.66
10789,67712,543,2,42.06
10790,24826,638,1,57.93
10791,77578,237,1,74.92
10792,92145,597,1,82.6
10793,65554,46,1,1597.63
10794,21803,86,1,934.14
10795,1881,612,2,99.88
10796,91484,486,1,475.47
10797,50963,228,1,89.98
10798,30878,97,1,1294.45
10799,40985,310,1,73.64
10800,87281,531,3,101.94
10801,54965,184,4,2233.97
10802,47308,255,1,59.87
10803,10068,571,1,66.42
10804,78022,362,1,129.66
10805,5344,88,1,1539.42
10806,61975,12,1,2721.53
10807,88302,628,1,92.54
10808,35756,306,1,226.09
10809,92359,263,2,55.16
10810,46040,556,2,56.33
10811,66491,238,1,27.65
10812,26056,433,1,307
10813,18903,446,1,522.5
10814,26663,160,1,1762.02
10815,61807,830,1,191.83
10816,26164,353,1,132.5
10817,59738,509,2,525.62
10818,73277,427,2,235.15
10819,25141,234,1,104.53
10820,72916,783,1,136.46
10821,8174,576,1,129.84
10822,65316,850,1,237.95
10823,82074,648,4,114.52
10824,96719,311,1,96.54
10825,29844,720,1,123.41
10826,79355,77,2,1880.83
10827,1558,92,1,1722.95
10828,42805,680,1,151.72
10829,48246,591,1,33.88
10830,87797,700,2,85.88
10831,33662,799,1,275.79
10832,27216,533,1,152.22
10833,32191,655,1,79.63
10834,18301,65,1,861.03
10835,42419,87,1,1765.71
10836,1580,105,1,2361.4
10837,68580,122,1,2310.87
10838,1075,808,1,399.03
10839,94083,341,1,104.39
10840,82133,277,1,161.99
10841,62290,804,1,241.93
10842,78502,143,1,1244.23
10843,73888,5,2,644.02
10844,7765,658,1,71.4
10845,4081,631,1,120.31
10846,6861,224,3,86.46
10847,18169,136,1,930.82
10848,22510,163,1,1530.22
10849,16254,523,2,136.72
10850,39713,790,2,418.19
10851,54767,142,1,814.09
10852,70518,521,1,74.48
10853,53437,224,2,86.46
10854,18140,562,1,40.76
10855,79577,647,1,101.3
10856,42915,579,1,64.34
10857,24192,218,3,1811.21
10858,68994,593,1,38.05
10859,72235,589,1,32.73
10860,96826,664,2,57.36
10861,1119,485,1,292.09
10862,48015,168,1,702.77
10863,50012,696,1,103.81
10864,31549,520,3,133.3
10865,86120,740,1,73.03
10866,25577,520,1,133.3
10867,88470,97,1,1294.45
10868,35762,671,1,49.76
10869,89638,143,5,1244.23
10870,33854,473,4,75.58
10871,17111,478,2,279.21
10872,17005,372,1,52.26
10873,45020,237,2,74.92
10874,36452,759,1,375.56
10875,68124,509,2,525.62
10876,34145,76,4,1764.12
10877,97779,625,1,77.06
10878,10739,643,2,54.43
10879,61643,749,2,384.4
10880,38130,806,1,292.37
10881,26203,743,1,297.24
10882,43488,624,1,63.62
10883,18561,502,1,271.9
10884,42675,14,2,748.83
10885,31965,296,2,109.15
10886,46356,39,2,1650.03
10887,67625,154,1,1229.13
10888,19526,32,1,672.62
10889,76318,496,1,203.6
10890,63000,456,1,254.58
10891,36424,27,1,726.61
10892,49332,606,1,61.43
10893,46243,582,1,141.03
10894,40024,778,1,286.32
10895,51816,390,1,406.02
10896,59015,196,2,974.84
10897,62965,777,1,130.57
10898,84898,479,1,552.74
10899,38313,709,1,59.25
10900,51680,742,2,149.39
10901,73299,22,4,609.78
10902,61870,549,1,67.03
10903,73128,235,1,63.67
10904,54328,174,1,772.9
10905,29863,250,4,176.33
10906,40064,775,2,320.37
10907,88548,819,1,67.91
10908,57189,309,1,161.23
10909,49241,636,1,81.59
10910,9607,445,1,409.82
10911,5208,96,1,1237.53
10912,17556,763,4,135.61
10913,12424,257,1,204.86
10914,59951,511,2,304.85
10915,88649,31,3,1472.03
10916,71800,580,3,44.39
10917,49730,127,1,2023.32
10918,31408,639,2,60.83
10919,83802,7,1,398.8
10920,41863,104,2,1266.38
10921,35289,460,1,119.48
10922,17010,310,1,73.64
10923,7288,208,1,1599.96
10924,60500,664,2,57.36
10925,39424,691,1,66.88
10926,99008,522,2,54.38
10927,11990,571,1,66.42
10928,78642,110,1,456.84
10929,79777,817,2,236.52
10930,28502,497,1,291.81
10931,10217,483,1,240.01
10932,34735,604,1,28.08
10933,61629,339,2,101.75
10934,19354,648,1,114.52
10935,6852,429,1,202.76
10936,11928,92,2,1722.95
10937,83070,642,2,66.69
10938,91971,193,4,2329.58
10939,84899,443,2,210.88
10940,96081,504,1,410.46
10941,96308,430,1,118.66
10942,74639,20,1,877.84
10943,58292,320,1,71.03
10944,44333,434,3,110.92
10945,31428,8,2,2190.96
10946,16060,456,1,254.58
10947,82419,540,1,32.85
10948,92003,79,1,990.72
10949,85612,364,2,112.89
10950,18635,300,1,44.81
10951,23726,358,3,119.54
10952,89316,600,1,20.67
10953,55405,581,2,61.28
10954,34996,94,2,1373.01
10955,76690,300,1,44.81
10956,66518,401,5,111.92
10957,53044,229,1,188.3
10958,62426,103,1,916.04
10959,77043,405,1,192.25
10960,53046,59,1,353.67
10961,37267,353,2,132.5
10962,39702,300,2,44.81
10963,68508,261,1,124.59
10964,54075,614,1,27.16
10965,57862,6,1,643.98
10966,68955,840,1,251.11
10967,66818,164,2,1320.66
10968,81067,105,1,2361.4
10969,9177,627,2,61.59
10970,79215,81,1,2179.45
10971,20560,198,1,2315.24
10972,56649,572,1,97.56
10973,9395,641,1,20.23
10974,70445,112,1,654.43
10975,49107,778,4,286.32
10976,74665,371,3,110.74
10977,65147,210,1,653.61
10978,90795,204,2,2321.47
10979,91240,192,1,2315.69
10980,6405,421,1,396.57
10981,71152,404,1,418.74
10982,16578,513,1,506.02
10983,6980,469,2,160.55
10984,90507,798,1,227.6
10985,95031,676,1,195.28
10986,20499,288,2,112.41
10987,78856,656,2,43.4
10988,85089,513,1,506.02
10989,23759,409,1,479.24
10990,95796,607,1,40.2
10991,92286,146,1,320.86
10992,20523,709,1,59.25
10993,66214,483,2,240.01
10994,81240,620,1,92.65
10995,78349,236,2,145.03
10996,2702,446,1,522.5
10997,22660,398,1,230.52
10998,91011,554,3,71.05
10999,44272,826,1,394.47
11000,54372,156,2,798.5
11001,20303,161,1,1006.83
11002,76050,7,1,398.8
11003,85612,696,1,103.81
11004,31608,847,1,82.79
11005,45684,645,1,42.2
11006,19659,343,1,60.44
11007,85652,409,1,479.24
11008,80538,182,3,551.45
11009,91705,620,3,92.65
11010,15018,238,1,27.65
11011,48347,841,1,37.29
11012,97043,253,1,175.8
11013,67847,412,5,525.95
11014,79790,466,1,211.09
11015,22965,343,3,60.44
11016,74849,360,2,117.81
11017,17391,30,1,358.22
11018,52352,3,1,1772.05
11019,54166,403,4,259.54
11020,2058,579,1,64.34
11021,42504,592,2,79.56
11022,75368,575,3,110.2
11023,99443,713,1,84.65
11024,94504,652,1,93.32
11025,50664,804,1,241.93
11026,52039,610,1,85.31
11027,6299,180,2,605.56
11028,40043,442,3,585.83
11029,31110,484,1,311.22
11030,43329,603,2,37.61
11031,80184,545,1,77.05
11032,29027,629,3,19.84
11033,44116,813,1,98.39
11034,31978,396,1,503.93
11035,59223,297,1,155.34
11036,41517,788,1,176.78
11037,30730,28,1,1277.56
11038,1071,320,1,71.03
11039,51296,273,5,180.43
11040,6139,14,1,748.83
11041,54647,445,1,409.82
11042,31284,344,2,95.79
11043,91980,735,2,70.91
11044,77280,714,1,77.2
11045,90624,81,1,2179.45
11046,56442,81,3,2179.45
11047,56884,258,1,139.68
11048,32653,169,1,336.57
11049,79812,766,1,229.2
11050,1773,257,1,204.86
11051,97204,781,5,274.7
11052,68303,162,1,1527.43
11053,31437,405,1,192.25
11054,80689,788,1,176.78
11055,31332,306,1,226.09
11056,78667,79,1,990.72
11057,89937,140,1,2736.66
11058,14596,431,1,130.19
11059,18481,573,2,55.72
11060,45056,27,1,726.61
11061,88622,509,2,525.62
11062,23249,713,2,84.65
11063,33368,313,1,28.06
11064,5774,81,1,2179.45
11065,64245,239,3,130.06
11066,4874,140,3,2736.66
11067,87932,13,4,2070.93
11068,11827,732,1,139.82
11069,43464,765,1,54.88
11070,30130,44,1,2369.39
11071,42230,71,1,1883.64
11072,66769,449,1,211.58
11073,23830,221,1,132.3
11074,86644,121,1,1989.62
11075,84866,393,1,210.09
11076,6022,516,1,61.04
11077,30439,435,1,101.95
11078,6315,808,2,399.03
11079,14392,104,1,1266.38
11080,71192,703,1,68.35
11081,57033,796,1,361.44
11082,10306,451,1,387.94
11083,98302,528,1,45.58
11084,97936,390,1,406.02
11085,12037,661,2,70.59
11086,94227,224,2,86.46
11087,7285,613,2,78.12
11088,59525,139,1,999.63
11089,13244,830,1,191.83
11090,13229,648,2,114.52
11091,94329,201,1,1549.7
11092,95996,542,1,75.76
11093,68433,765,1,54.88
11094,78428,193,1,2329.58
11095,81336,400,1,374.97
11096,5870,718,1,185.18
11097,32460,658,1,71.4
11098,4644,390,1,406.02
11099,94680,269,1,85.34
11100,29821,188,2,1360.41
11101,22610,563,1,33.62
11102,98886,489,1,526.38
11103,2157,185,1,823.93
11104,67962,348,2,34.82
11105,12614,779,2,285.39
11106,10684,749,2,384.4
11107,13881,409,1,479.24
11108,50601,232,1,106.09
11109,9800,279,1,140.86
11110,95343,751,1,95.53
11111,65940,485,1,292.09
11112,14973,550,3,95.95
11113,39824,142,1,814.09
11114,66625,408,1,42.37
11115,7628,693,1,89.35
11116,38486,792,2,234.78
11117,49721,698,1,99.51
11118,81545,524,1,106.66
11119,97688,582,1,141.03
11120,6210,472,1,553.66
11121,83365,593,1,38.05
11122,86468,568,3,59.32
11123,2221,308,2,80.43
11124,4713,331,1,84.86
11125,99601,197,1,1756.06
11126,41681,474,1,466.85
11127,32255,236,1,145.03
11128,82436,316,1,139.67
11129,86568,736,1,154.75
11130,69591,62,3,845.49
11131,50772,308,2,80.43
11132,5390,557,1,33.37
11133,20992,593,1,38.05
11134,85654,538,1,43.54
11135,55849,186,1,1591.62
11136,19325,461,1,118.87
11137,18647,496,1,203.6
11138,67603,654,2,126.06
11139,49740,679,2,187.47
11140,73247,337,2,177.03
11141,28148,469,1,160.55
11142,75232,316,1,139.67
11143,86214,758,2,217.14
11144,68037,82,1,1507.07
11145,40446,139,1,999.63
11146,52552,821,1,323.12
11147,84017,81,1,2179.45
11148,80708,211,1,1347.08
11149,98286,311,1,96.54
11150,68678,411,2,192
11151,36304,349,1,87.41
11152,83865,199,1,2273.14
11153,81244,635,1,40.19
11154,80764,674,1,91.61
11155,8361,703,3,68.35
11156,50358,500,1,584.81
11157,84877,691,1,66.88
11158,90419,106,1,810.12
11159,65668,364,2,112.89
11160,71658,611,1,20.37
11161,12916,159,1,791.31
11162,7478,57,1,488.73
11163,55029,365,2,207.2
11164,84848,781,1,274.7
11165,5067,317,1,92.22
11166,65108,542,1,75.76
11167,73116,490,2,466.11
11168,19769,364,2,112.89
11169,26920,382,1,344.3
11170,73505,793,1,208.32
11171,56270,407,1,216.15
11172,15679,725,2,98.54
11173,4385,255,1,59.87
11174,52881,761,1,107.7
11175,81022,429,2,202.76
11176,76062,197,1,1756.06
11177,69684,345,1,90.74
11178,34529,440,1,100.41
11179,10623,485,1,292.09
11180,5198,21,4,1481.54
11181,64932,256,2,114.71
11182,93301,54,1,2305.48
11183,34353,306,1,226.09
11184,72991,675,1,77.03
11185,96741,765,2,54.88
11186,24159,648,2,114.52
11187,54768,170,2,1435.76
11188,15423,777,1,130.57
11189,85985,358,1,119.54
11190,83616,207,2,522.28
11191,38175,132,2,765.52
11192,53044,761,1,107.7
11193,70821,495,1,243.47
11194,7457,664,3,57.36
11195,53168,409,3,479.24
11196,79757,344,1,95.79
11197,79125,323,1,132.78
11198,30439,311,1,96.54
11199,90753,360,1,117.81
11200,48842,845,1,106.71
11201,88861,299,1,125.98
11202,45846,732,1,139.82
11203,28509,73,2,133.34
11204,65095,337,1,177.03
11205,29113,58,1,720
11206,30401,401,1,111.92
11207,54880,374,1,337.45
11208,12591,369,1,63.75
11209,56795,685,2,170.52
11210,43668,12,1,2721.53
11211,69306,364,1,112.89
11212,21829,657,1,62.42
11213,11071,730,1,48.49
11214,82043,553,1,70.14
11215,24979,21,1,1481.54
11216,98558,488,1,179.28
11217,75150,270,1,76.57
11218,70794,686,1,96.04
11219,25039,697,1,62.96
11220,60040,13,1,2070.93
11221,32147,368,1,192.86
11222,89976,41,2,571.32
11223,33837,58,1,720
11224,14503,766,2,229.2
11225,5569,679,1,187.47
11226,78361,402,2,476.71
11227,68284,729,1,53.27
11228,22481,663,1,103.09
11229,38876,504,1,410.46
11230,47825,423,1,105.79
11231,96654,128,1,2170.64
11232,62320,470,1,543.54
11233,52853,247,1,94.97
11234,98047,200,1,1905.88
11235,8606,32,1,672.62
11236,99653,475,1,268.5
11237,96719,413,1,526.63
11238,27931,453,1,228.77
11239,46964,791,1,108.25
11240,94924,769,1,160.34
11241,19817,153,2,621.19
11242,66732,549,1,67.03
11243,72139,429,2,202.76
11244,94278,467,1,180.84
11245,9535,762,1,152.14
11246,16627,505,2,338.31
11247,35773,791,1,108.25
11248,88205,58,1,720
11249,87066,787,1,233.8
11250,60787,702,1,29.47
11251,1143,90,1,1196.13
11252,80622,336,1,33.43
11253,37562,595,2,116.88
11254,43092,362,1,129.66
11255,63600,424,2,255.29
11256,9386,460,1,119.48
11257,97165,228,1,89.98
11258,42019,364,1,112.89
11259,60203,51,1,2718.95
11260,92633,212,1,1668.95
11261,4924,152,1,794.45
11262,31577,642,1,66.69
11263,97141,825,1,218.42
11264,24567,337,1,177.03
11265,47386,257,2,204.86
11266,73627,169,1,336.57
11267,12605,808,2,399.03
11268,62609,276,1,105.92
11269,96744,126,1,1112.26
11270,88789,337,1,177.03
11271,79572,643,1,54.43
11272,63983,414,1,287.44
11273,41635,74,1,2015.09
11274,17976,408,1,42.37
11275,42856,649,1,134.51
11276,21257,719,3,42.9
11277,76399,121,1,1989.62
11278,53572,88,1,1539.42
11279,29548,785,1,117.09
11280,39060,515,1,77.15
11281,89807,673,1,35.45
11282,93651,580,1,44.39
11283,8270,788,1,176.78
11284,81620,782,1,220.16
11285,11427,431,1,130.19
11286,26948,397,1,441.12
11287,87917,130,1,1270.67
11288,23364,561,2,86.98
11289,48285,544,1,83.09
11290,50674,660,2,98.01
11291,59459,289,2,75.66
11292,90435,367,1,217.01
11293,38960,53,1,2521.54
11294,8152,496,1,203.6
11295,78207,347,2,128.17
11296,91056,554,1,71.05
11297,97506,92,2,1722.95
11298,37216,632,2,159.73
11299,92852,687,2,98.13
11300,30874,254,1,79.63
11301,87588,39,1,1650.03
11302,59552,407,1,216.15
11303,79300,428,1,463.98
11304,69938,494,1,148.01
11305,68566,709,1,59.25
11306,88506,824,1,176.02
11307,73116,284,2,46.63
11308,45208,696,1,103.81
11309,24649,356,2,129.5
11310,86366,211,1,1347.08
11311,32294,27,2,726.61
11312,18855,678,1,75.52
11313,40080,390,1,406.02
11314,96091,71,1,1883.64
11315,80089,670,3,62.57
11316,89851,417,3,183.3
11317,14214,143,1,1244.23
11318,74711,726,1,145.95
11319,1578,625,1,77.06
11320,50531,284,1,46.63
11321,62469,240,1,61.03
11322,34278,234,1,104.53
11323,70955,361,1,89.29
11324,86741,264,2,108.54
11325,99954,307,1,108.22
11326,50971,786,2,385.84
11327,16438,139,1,999.63
11328,96096,679,2,187.47
11329,98486,320,1,71.03
11330,85871,531,1,101.94
11331,15381,82,4,1507.07
11332,11625,473,1,75.58
11333,70713,178,1,1039.95
11334,74034,176,1,679.98
11335,51822,830,1,191.83
11336,35850,416,4,237.73
11337,12489,635,1,40.19
11338,86218,589,1,32.73
11339,77710,316,2,139.67
11340,51454,169,2,336.57
11341,35047,24,1,1004.36
11342,90845,128,1,2170.64
11343,73536,14,1,748.83
11344,25485,75,3,1706.59
11345,95760,3,1,1772.05
11346,77159,614,2,27.16
11347,80932,308,1,80.43
11348,92031,169,1,336.57
11349,6784,383,1,311.85
11350,95234,763,3,135.61
11351,47219,434,1,110.92
11352,51158,452,4,281.11
11353,73112,239,1,130.06
11354,75328,104,1,1266.38
11355,74288,302,3,110.6
11356,46857,578,1,123.63
11357,31531,774,2,175.76
11358,65198,743,1,297.24
11359,55246,362,3,129.66
11360,15104,490,1,466.11
11361,96088,379,1,410.89
11362,35398,694,1,57.93
11363,37951,435,1,101.95
11364,4664,792,3,234.78
11365,23115,383,1,311.85
11366,59441,7,3,398.8
11367,40962,468,1,448.77
11368,77251,472,2,553.66
11369,3276,666,1,47.03
11370,2235,270,2,76.57
11371,10697,30,1,358.22
11372,50605,180,3,605.56
11373,96450,607,1,40.2
11374,74065,379,1,410.89
11375,43473,681,1,140.36
11376,21387,502,1,271.9
11377,29966,538,1,43.54
11378,20251,421,4,396.57
11379,88229,308,1,80.43
11380,73455,46,1,1597.63
11381,56559,45,2,825.27
11382,12832,553,3,70.14
11383,16558,158,1,1853.29
11384,49556,34,2,2576.39
11385,71098,546,1,52.46
11386,95005,22,1,609.78
11387,2096,538,1,43.54
11388,60874,844,1,432.51
11389,5368,68,1,1973.25
11390,75713,691,2,66.88
11391,65279,685,2,170.52
11392,38580,759,1,375.56
11393,74582,513,2,506.02
11394,28572,716,3,170.57
11395,82364,14,2,748.83
11396,39902,598,2,37.17
11397,86707,216,2,790.68
11398,75349,726,2,145.95
11399,63800,589,1,32.73
11400,6545,641,1,20.23
11401,80414,451,1,387.94
11402,96076,341,1,104.39
11403,62039,298,1,66.54
11404,78781,728,1,135.75
11405,79002,780,2,254.38
11406,95500,14,2,748.83
11407,84309,626,1,53.36
11408,30807,46,1,1597.63
11409,57401,664,1,57.36
11410,84089,723,1,32.72
11411,1820,322,3,143.41
11412,63700,776,2,107.12
11413,19551,747,1,171.96
11414,65947,194,1,1529.24
11415,77035,347,1,128.17
11416,43908,250,1,176.33
11417,46392,146,1,320.86
11418,8638,514,1,446.84
11419,72222,334,1,50.93
11420,2055,360,2,117.81
11421,86636,378,1,57.89
11422,57373,357,1,28.52
11423,16331,367,2,217.01
11424,20475,250,1,176.33
11425,31808,686,1,96.04
11426,43112,27,1,726.61
11427,56484,80,3,557.08
11428,62619,687,1,98.13
11429,91307,290,2,120.4
11430,89541,344,1,95.79
11431,63920,513,1,506.02
11432,6361,70,1,2884.14
11433,60562,79,1,990.72
11434,65345,409,1,479.24
11435,76750,83,1,943.76
11436,69407,32,1,672.62
11437,15475,585,5,78.72
11438,6223,264,2,108.54
11439,81539,318,1,60.45
11440,65536,648,2,114.52
11441,6834,740,1,73.03
11442,85741,342,1,101.64
11443,57479,466,3,211.09
11444,57579,826,1,394.47
11445,74299,166,2,2080.6
11446,66921,336,1,33.43
11447,22826,597,1,82.6
11448,6005,300,2,44.81
11449,10003,297,1,155.34
11450,57839,692,1,78.86
11451,63988,387,1,179.63
11452,14029,540,1,32.85
11453,28295,204,2,2321.47
11454,44090,114,1,1991.76
11455,98102,366,1,89.01
11456,81904,209,1,128.3
11457,53007,152,2,794.45
11458,45281,472,2,553.66
11459,45148,252,1,88.87
11460,45411,167,1,926.76
11461,45115,755,1,103.54
11462,25650,231,3,161.14
11463,23015,628,2,92.54
11464,60525,79,2,990.72
11465,35191,527,1,57.31
11466,84980,598,3,37.17
11467,40220,566,1,74.04
11468,62542,312,1,43.29
11469,10500,389,1,372.78
11470,2930,183,1,2443.07
11471,32658,389,1,372.78
11472,13252,385,1,364.27
11473,81850,577,1,34.72
11474,9400,198,4,2315.24
11475,22212,589,2,32.73
11476,95903,243,1,196.32
11477,22545,307,1,108.22
11478,65365,170,1,1435.76
11479,53266,367,3,217.01
11480,88688,683,1,49.44
11481,91324,432,1,378.9
11482,69303,688,4,62.01
11483,76665,713,4,84.65
11484,79966,779,1,285.39
11485,69422,531,1,101.94
11486,78162,669,1,51.43
11487,36503,841,2,37.29
11488,54898,54,1,2305.48
11489,87152,42,1,1240.21
11490,77071,509,4,525.62
11491,81479,100,1,538.09
11492,1572,456,1,254.58
11493,88402,792,2,234.78
11494,1800,787,1,233.8
11495,52239,155,2,2869.59
11496,81057,827,1,161.51
11497,23375,568,1,59.32
11498,37503,306,1,226.09
11499,58968,29,1,1439.04
11500,45258,557,1,33.37
11501,38242,50,1,699.69
11502,38016,786,3,385.84
11503,79331,255,1,59.87
11504,92877,219,1,1567.32
11505,42423,587,1,26.35
11506,9045,261,1,124.59
11507,78434,438,1,415.7
11508,79522,492,1,307.86
11509,91856,663,1,103.09
11510,60551,311,2,96.54
11511,49262,67,1,612.82
11512,74337,107,1,1082
11513,39863,569,1,118.44
11514,44293,181,1,960.96
11515,80616,83,1,943.76
11516,33046,687,1,98.13
11517,88930,90,1,1196.13
11518,10366,748,1,220.43
11519,60994,824,1,176.02
11520,84699,804,2,241.93
11521,46738,379,1,410.89
11522,26828,694,1,57.93
11523,27081,79,2,990.72
11524,42216,609,1,65.41
11525,54225,70,3,2884.14
11526,16159,781,1,274.7
11527,64860,139,2,999.63
11528,34313,174,1,772.9
11529,51589,496,2,203.6
11530,66252,381,1,119.17
11531,95879,697,1,62.96
11532,85840,265,1,183.58
11533,54556,146,1,320.86
11534,70988,320,1,71.03
11535,2818,373,1,107.49
11536,76658,597,1,82.6
11537,85194,687,1,98.13
11538,15347,208,1,1599.96
11539,12802,308,1,80.43
11540,26995,748,1,220.43
11541,15242,685,1,170.52
11542,39777,120,3,1327.9
11543,1820,503,4,188.72
11544,95539,8,2,2190.96
11545,6570,168,3,702.77
11546,37575,753,1,249.45
11547,95796,138,1,1696.84
11548,15315,456,1,254.58
11549,27909,409,1,479.24
11550,33986,817,1,236.52
11551,79289,771,1,93.15
11552,26018,607,2,40.2
11553,52552,666,1,47.03
11554,21052,54,1,2305.48
11555,80547,185,1,823.93
11556,64861,602,3,45.99
11557,65068,348,1,34.82
11558,28913,437,1,95.45
11559,7768,285,1,118.28
11560,56981,403,1,259.54
11561,52218,217,2,934.5
11562,61558,385,1,364.27
11563,43008,164,2,1320.66
11564,7974,345,1,90.74
11565,91787,524,2,106.66
11566,85120,413,1,526.63
11567,74183,452,1,281.11
11568,25896,461,1,118.87
11569,76352,369,1,63.75
11570,52444,691,1,66.88
11571,68767,680,2,151.72
11572,7556,660,1,98.01
11573,54441,475,1,268.5
11574,39063,832,1,191.89
11575,13317,200,1,1905.88
11576,79716,31,1,1472.03
11577,24575,229,1,188.3
11578,83209,840,1,251.11
11579,58523,620,2,92.65
11580,51685,544,1,83.09
11581,85004,475,1,268.5
11582,95014,186,1,1591.62
11583,92435,830,1,191.83
11584,58093,2,1,2587.65
11585,80551,202,2,476.93
11586,29032,274,1,195.72
11587,44068,819,1,67.91
11588,38761,538,1,43.54
11589,88456,369,1,63.75
11590,11589,358,1,119.54
11591,85311,236,2,145.03
11592,89677,725,1,98.54
11593,64697,155,3,2869.59
11594,21397,749,1,384.4
11595,15445,804,1,241.93
11596,84837,792,1,234.78
11597,25748,370,2,41.18
11598,85849,154,1,1229.13
11599,31456,285,1,118.28
11600,42089,53,2,2521.54
11601,54246,741,2,194.97
11602,78552,204,1,2321.47
11603,82694,363,3,99.37
11604,12185,77,1,1880.83
11605,22321,146,1,320.86
11606,50089,508,1,416.15
11607,56345,605,1,31.92
11608,82386,559,2,93.58
11609,9789,84,3,416.48
11610,17621,462,1,321.21
11611,97619,440,2,100.41
11612,1188,442,2,585.83
11613,78692,186,1,1591.62
11614,7684,566,3,74.04
11615,55869,130,1,1270.67
11616,36396,53,1,2521.54
11617,24047,519,1,587.38
11618,64648,146,1,320.86
11619,73278,668,2,48.09
11620,23134,819,1,67.91
11621,58693,640,1,73.07
11622,45652,81,1,2179.45
11623,66203,264,1,108.54
11624,73746,725,2,98.54
11625,90173,394,2,387.51
11626,60398,533,1,152.22
11627,76605,259,1,116.9
11628,26957,178,1,1039.95
11629,39039,125,1,775.3
11630,20835,244,2,86.8
11631,10964,290,1,120.4
11632,24607,90,1,1196.13
11633,60083,139,3,999.63
11634,77229,126,1,1112.26
11635,31814,474,1,466.85
11636,19209,549,1,67.03
11637,70281,741,1,194.97
11638,28568,190,2,798.17
11639,59172,93,1,1850.93
11640,11564,525,2,106.03
11641,54587,683,1,49.44
11642,89333,288,2,112.41
11643,15224,395,1,199.29
11644,65819,104,1,1266.38
11645,54931,541,1,131.23
11646,14291,291,1,30.01
11647,99889,250,3,176.33
11648,69592,3,1,1772.05
11649,24947,183,1,2443.07
11650,32398,634,1,92.64
11651,3293,275,2,107.44
11652,9030,15,1,694.06
11653,99797,81,1,2179.45
11654,67411,618,1,45.85
11655,83780,187,3,2020.76
11656,1427,100,1,538.09
11657,34779,41,1,571.32
11658,89478,461,1,118.87
11659,82746,56,1,2429.03
11660,84986,458,2,245.35
11661,18495,437,2,95.45
11662,63938,410,3,105.83
11663,63906,476,1,603.44
11664,60905,635,1,40.19
11665,82100,145,1,867.39
11666,46678,790,1,418.19
11667,64861,499,2,561.17
11668,85489,574,1,77.48
11669,55920,15,1,694.06
11670,3523,816,1,212.43
11671,98948,222,1,116.61
11672,38575,617,1,24.15
11673,8926,34,1,2576.39
11674,24597,545,1,77.05
11675,50939,756,3,318.76
11676,56978,28,1,1277.56
11677,32807,360,2,117.81
11678,63195,648,1,114.52
11679,11883,212,1,1668.95
11680,63694,191,1,500.92
11681,94379,283,1,87.55
11682,79716,242,1,213.16
11683,92573,274,2,195.72
11684,8316,382,1,344.3
11685,65177,581,1,61.28
11686,26942,431,2,130.19
11687,14055,529,1,23.4
11688,14684,92,1,1722.95
11689,47693,633,1,89.89
11690,64572,504,1,410.46
11691,49313,251,1,76.69
11692,70590,355,1,41.47
11693,88197,682,1,59.6
11694,73649,135,1,2540.95
11695,31528,653,2,100.32
11696,76799,38,1,512.7
11697,19823,576,2,129.84
11698,67088,13,1,2070.93
11699,74189,722,1,50.76
11700,83492,124,2,543.3
11701,66725,486,1,475.47
11702,1330,373,1,107.49
11703,74604,605,1,31.92
11704,98538,508,3,416.15
11705,63964,10,1,1709.69
11706,96657,165,1,493.52
11707,32505,128,1,2170.64
11708,20731,15,2,694.06
11709,25928,636,1,81.59
11710,90304,752,1,411.24
11711,10648,620,3,92.65
11712,95688,53,1,2521.54
11713,28875,814,2,395.25
11714,79478,215,1,1720.21
11715,69024,557,1,33.37
11716,78614,822,2,25.42
11717,16722,768,1,364.34
11718,61461,619,1,100.91
11719,8893,292,1,32.35
11720,74031,124,1,543.3
11721,1186,305,1,145.78
11722,62965,684,1,112.82
11723,16022,698,1,99.51
11724,55319,607,2,40.2
11725,2495,259,1,116.9
11726,41202,397,1,441.12
11727,49698,183,1,2443.07
11728,71838,51,1,2718.95
11729,95796,171,2,1633.75
11730,95592,556,2,56.33
11731,38389,457,1,43.15
11732,60503,538,1,43.54
11733,53307,165,1,493.52
11734,99200,775,2,320.37
11735,35035,213,1,1572.75
11736,75645,12,1,2721.53
11737,58978,100,1,538.09
11738,72786,51,1,2718.95
11739,58626,748,1,220.43
11740,28917,793,2,208.32
11741,72901,364,4,112.89
11742,6466,119,3,2295.88
11743,16488,575,1,110.2
11744,58140,822,4,25.42
11745,82043,177,3,1666.57
11746,28972,56,1,2429.03
11747,12524,707,2,66.73
11748,98365,428,1,463.98
11749,37497,87,1,1765.71
11750,88275,830,1,191.83
11751,62252,500,1,584.81
11752,33895,562,1,40.76
11753,19425,12,1,2721.53
11754,75368,320,1,71.03
11755,92064,372,1,52.26
11756,83593,444,1,209.61
11757,49176,608,4,52.97
11758,30899,508,4,416.15
11759,1393,358,5,119.54
11760,4920,712,1,101.6
11761,88329,784,1,161.33
11762,69994,332,1,152.61
11763,74355,837,1,390.61
11764,99911,778,4,286.32
11765,71782,434,1,110.92
11766,51945,51,1,2718.95
11767,97178,363,1,99.37
11768,54864,602,1,45.99
11769,42373,241,1,206.75
11770,44992,6,1,643.98
11771,22259,385,1,364.27
11772,33941,601,3,36.85
11773,10079,172,2,220.1
11774,81389,91,1,565.72
11775,46478,270,4,76.57
11776,96319,314,1,217.82
11777,18196,665,1,39.3
11778,71612,103,1,916.04
11779,34470,426,1,277.42
11780,54554,31,1,1472.03
11781,33141,272,4,164.9
11782,45292,197,1,1756.06
11783,11517,344,2,95.79
11784,18140,629,1,19.84
11785,77118,345,1,90.74
11786,65984,722,2,50.76
11787,27725,645,2,42.2
11788,12556,323,1,132.78
11789,35961,785,1,117.09
11790,70360,646,1,158.39
11791,58759,228,1,89.98
11792,50456,622,2,40.46
11793,77128,756,1,318.76
11794,17601,575,1,110.2
11795,49875,45,1,825.27
11796,26385,472,1,553.66
11797,39159,218,1,1811.21
11798,93204,2,1,2587.65
11799,3799,9,2,1457.94
11800,18359,643,1,54.43
11801,86857,221,1,132.3
11802,36553,442,1,585.83
11803,34053,832,2,191.89
11804,20451,423,2,105.79
11805,92039,46,1,1597.63
11806,8994,234,1,104.53
11807,19222,468,1,448.77
11808,75280,216,2,790.68
11809,85126,51,4,2718.95
11810,3938,225,1,72.93
11811,55845,702,1,29.47
11812,35923,287,1,100.46
11813,51930,837,2,390.61
11814,26945,45,2,825.27
11815,30807,818,2,176.25
11816,4009,543,2,42.06
11817,97412,14,1,748.83
11818,81241,166,1,2080.6
11819,95920,395,1,199.29
11820,6015,100,1,538.09
11821,1143,715,2,69.75
11822,58806,679,1,187.47
11823,85663,296,1,109.15
11824,12993,591,1,33.88
11825,91271,536,1,128.45
11826,56361,766,1,229.2
11827,8683,518,1,408.38
11828,59552,452,1,281.11
11829,71078,351,1,106.17
11830,57784,712,2,101.6
11831,55103,379,1,410.89
11832,43353,292,1,32.35
11833,63924,698,1,99.51
11834,94427,240,1,61.03
11835,45734,688,1,62.01
11836,5766,46,1,1597.63
11837,2959,601,1,36.85
11838,1879,488,1,179.28
11839,65991,668,1,48.09
11840,12473,150,1,857.31
11841,59900,812,1,342.03
11842,59255,631,1,120.31
11843,31907,532,1,157.74
11844,56957,415,1,313.17
11845,73683,408,1,42.37
11846,91645,152,1,794.45
11847,68225,254,3,79.63
11848,29887,693,1,89.35
11849,85601,381,1,119.17
11850,75361,516,1,61.04
11851,65779,11,1,243.48
11852,21317,471,1,44.33
11853,85414,148,1,1254.83
11854,18736,216,1,790.68
11855,49458,605,1,31.92
11856,73646,543,4,42.06
11857,85184,424,1,255.29
11858,44532,545,2,77.05
11859,95364,571,1,66.42
11860,71995,238,1,27.65
11861,54988,633,1,89.89
11862,82930,105,1,2361.4
11863,56129,534,1,70.5
11864,40066,804,1,241.93
11865,9653,473,2,75.58
11866,67452,824,2,176.02
11867,7487,311,1,96.54
11868,38456,321,1,113.48
11869,12404,474,2,466.85
11870,60851,687,1,98.13
11871,62179,720,2,123.41
11872,68498,154,1,1229.13
11873,40387,315,1,171.61
11874,71733,129,1,147.78
11875,19378,483,2,240.01
11876,19803,795,1,42.45
11877,96641,519,1,587.38
11878,24753,68,1,1973.25
11879,54046,325,1,213.64
11880,4776,678,2,75.52
11881,32914,275,2,107.44
11882,81774,317,1,92.22
11883,82544,44,1,2369.39
11884,71295,114,3,1991.76
11885,83191,264,1,108.54
11886,36826,838,2,165.94
11887,35861,29,4,1439.04
11888,66479,833,2,104.08
11889,5887,788,1,176.78
11890,11487,301,2,36.64
11891,67408,608,1,52.97
11892,35373,313,1,28.06
11893,80360,187,1,2020.76
11894,27605,210,1,653.61
11895,37411,64,1,987.78
11896,51785,78,1,448.34
11897,44626,433,1,307
11898,33844,832,1,191.89
11899,52969,175,1,1556.96
11900,47886,319,1,57.84
11901,63244,765,1,54.88
11902,70953,558,1,18.15
11903,19354,213,1,1572.75
11904,92774,624,1,63.62
11905,70167,214,1,769.16
11906,2006,644,3,67.31
11907,3401,4,1,1452.58
11908,10307,725,1,98.54
11909,35631,584,1,50.02
11910,25567,830,1,191.83
11911,83496,348,1,34.82
11912,8890,648,5,114.52
11913,97976,102,1,1536.79
11914,34718,815,1,360.06
11915,45166,84,1,416.48
11916,25242,728,1,135.75
11917,54529,325,1,213.64
11918,92214,737,1,74.87
11919,45142,249,3,218.37
11920,68729,512,1,226.59
11921,34522,313,2,28.06
11922,58216,61,2,1043.37
11923,5094,51,1,2718.95
11924,59618,118,1,702.86
11925,27110,357,1,28.52
11926,21547,528,1,45.58
11927,33032,824,1,176.02
11928,54655,533,1,152.22
11929,90816,469,1,160.55
11930,12916,265,1,183.58
11931,93147,488,1,179.28
11932,41850,67,3,612.82
11933,49792,49,3,1342.93
11934,32117,380,1,179.57
11935,29173,413,1,526.63
11936,26529,585,1,78.72
11937,1525,439,1,349.13
11938,50805,676,5,195.28
11939,31447,87,1,1765.71
11940,91412,347,1,128.17
11941,67361,275,1,107.44
11942,15885,750,4,248.2
11943,32164,272,1,164.9
11944,88740,509,1,525.62
11945,67719,331,1,84.86
11946,2291,498,1,98.36
11947,44219,388,1,144.01
11948,53516,212,1,1668.95
11949,94592,635,1,40.19
11950,23874,259,1,116.9
11951,79925,236,2,145.03
11952,96256,20,1,877.84
11953,10970,420,2,373.76
11954,91313,256,1,114.71
11955,45308,3,1,1772.05
11956,72082,208,1,1599.96
11957,11166,91,1,565.72
11958,52238,479,1,552.74
11959,38980,351,2,106.17
11960,9749,97,3,1294.45
11961,70099,188,1,1360.41
11962,72993,651,1,36.69
11963,12627,842,2,262.8
11964,60392,827,2,161.51
11965,36959,48,2,1289.14
11966,62300,421,1,396.57
11967,62581,720,1,123.41
11968,40520,475,5,268.5
11969,51915,479,1,552.74
11970,78878,240,1,61.03
11971,15548,75,4,1706.59
11972,47463,404,1,418.74
11973,26001,433,1,307
11974,50125,180,1,605.56
11975,61041,556,1,56.33
11976,62516,185,1,823.93
11977,94595,785,1,117.09
11978,2500,107,1,1082
11979,33546,768,5,364.34
11980,46844,321,2,113.48
11981,34513,781,1,274.7
11982,5414,596,2,62.64
11983,88740,784,1,161.33
11984,32517,422,1,395.38
11985,16854,31,2,1472.03
11986,97414,232,1,106.09
11987,37247,216,1,790.68
11988,94796,598,2,37.17
11989,97064,255,1,59.87
11990,42015,283,1,87.55
11991,21112,688,2,62.01
11992,45077,124,1,543.3
11993,45188,332,1,152.61
11994,34525,261,1,124.59
11995,36273,278,1,130.88
11996,80581,164,3,1320.66
11997,77008,190,1,798.17
11998,81756,395,1,199.29
11999,43436,254,1,79.63
12000,98054,382,1,344.3
12001,74026,311,2,96.54
12002,54487,13,1,2070.93
12003,9419,216,1,790.68
12004,77662,381,1,119.17
12005,82906,574,2,77.48
12006,34530,708,1,138.81
12007,54062,623,1,53.5
12008,8096,716,1,170.57
12009,45624,105,2,2361.4
12010,16868,101,1,297.32
12011,19501,190,1,798.17
12012,70607,693,1,89.35
12013,10150,568,1,59.32
12014,69718,337,1,177.03
12015,26598,430,2,118.66
12016,21665,573,1,55.72
12017,51442,546,1,52.46
12018,48660,706,1,201.34
12019,94543,386,2,403.91
12020,38184,380,1,179.57
12021,33601,436,1,346.44
12022,68108,767,1,303.89
12023,96597,465,1,542.03
12024,6702,76,1,1764.12
12025,56352,443,1,210.88
12026,40324,788,1,176.78
12027,19238,327,1,114.31
12028,40200,527,1,57.31
12029,17972,154,1,1229.13
12030,52616,133,1,566.35
12031,22871,697,1,62.96
12032,91641,809,1,191.41
12033,79984,385,1,364.27
12034,19527,763,4,135.61
12035,91289,804,1,241.93
12036,24989,551,1,67.02
12037,17409,261,1,124.59
12038,15354,143,1,1244.23
12039,45527,250,1,176.33
12040,74555,812,1,342.03
12041,75700,282,1,82.43
12042,66226,279,2,140.86
12043,63777,597,1,82.6
12044,54549,518,1,408.38
12045,71022,242,4,213.16
12046,36676,829,1,292.82
12047,40396,724,1,125.26
12048,91675,271,2,164.71
12049,98159,607,1,40.2
12050,65811,49,1,1342.93
12051,23004,556,4,56.33
12052,4593,805,1,183.52
12053,52378,504,2,410.46
12054,78417,62,1,845.49
12055,85749,115,1,1529.93
12056,36783,643,1,54.43
12057,71462,253,4,175.8
12058,53721,516,1,61.04
12059,14182,195,1,957.51
12060,49140,254,4,79.63
12061,74924,344,1,95.79
12062,25926,550,1,95.95
12063,19463,436,2,346.44
12064,71596,353,1,132.5
12065,44521,24,3,1004.36
12066,58974,516,1,61.04
12067,32779,803,1,231.37
12068,75807,683,1,49.44
12069,76115,131,1,1094.67
12070,27362,485,1,292.09
12071,62636,220,3,2128.96
12072,90013,607,2,40.2
12073,90449,451,1,387.94
12074,2020,40,2,1136.17
12075,32334,381,1,119.17
12076,12687,553,4,70.14
12077,41769,331,1,84.86
12078,82578,251,1,76.69
12079,7445,357,1,28.52
12080,4151,125,2,775.3
12081,52488,496,1,203.6
12082,51317,775,4,320.37
12083,7569,639,2,60.83
12084,15044,306,1,226.09
12085,7907,795,1,42.45
12086,28262,654,1,126.06
12087,81168,815,3,360.06
12088,58250,611,1,20.37
12089,34834,610,3,85.31
12090,95375,578,1,123.63
12091,13290,777,1,130.57
12092,92806,504,1,410.46
12093,6630,68,1,1973.25
12094,38507,420,1,373.76
12095,89603,145,1,867.39
12096,81210,711,1,128.83
12097,88197,250,4,176.33
12098,27254,520,2,133.3
12099,14515,206,1,167.72
12100,64527,829,1,292.82
12101,81641,160,1,1762.02
12102,68225,73,1,133.34
12103,85478,367,1,217.01
12104,87991,550,1,95.95
12105,65819,225,1,72.93
12106,18812,355,2,41.47
12107,47545,457,3,43.15
12108,38427,735,2,70.91
12109,1317,678,1,75.52
12110,18196,678,1,75.52
12111,65797,362,1,129.66
12112,59710,32,1,672.62
12113,91485,519,1,587.38
12114,15946,392,1,224.55
12115,65228,295,1,52.91
12116,81329,399,1,372.92
12117,5241,266,2,148.88
12118,88553,564,2,14.35
12119,16563,534,4,70.5
12120,78324,709,2,59.25
12121,95613,164,4,1320.66
12122,8189,278,1,130.88
12123,26830,236,2,145.03
12124,83186,708,3,138.81
12125,13168,521,1,74.48
12126,25483,208,2,1599.96
12127,69809,167,1,926.76
12128,23638,761,2,107.7
12129,81245,630,3,43.94
12130,7736,40,3,1136.17
12131,79689,287,1,100.46
12132,70455,209,1,128.3
12133,72760,441,3,102.35
12134,60910,495,2,243.47
12135,28389,600,1,20.67
12136,78664,253,1,175.8
12137,47171,470,1,543.54
12138,54906,780,2,254.38
12139,41531,765,1,54.88
12140,93357,82,1,1507.07
12141,61019,635,1,40.19
12142,38293,746,1,379.49
12143,51859,396,1,503.93
12144,72906,801,1,280.08
12145,76949,544,1,83.09
12146,9134,314,1,217.82
12147,93577,436,1,346.44
12148,37202,273,1,180.43
12149,90519,354,4,58.86
12150,74342,672,1,160.18
12151,44747,351,2,106.17
12152,18780,511,2,304.85
12153,6156,480,1,266.64
12154,95271,847,1,82.79
12155,55114,374,1,337.45
12156,89892,497,1,291.81
12157,72243,156,1,798.5
12158,20920,357,1,28.52
12159,23644,824,1,176.02
12160,79630,815,1,360.06
12161,88642,822,2,25.42
12162,79931,589,2,32.73
12163,36761,198,1,2315.24
12164,78152,821,1,323.12
12165,55397,292,1,32.35
12166,44827,459,1,85.05
12167,83611,775,1,320.37
12168,30183,716,1,170.57
12169,23119,439,1,349.13
12170,22398,429,1,202.76
12171,4713,304,1,128.59
12172,63075,548,1,83.07
12173,77335,417,1,183.3
12174,86813,3,4,1772.05
12175,80324,470,1,543.54
12176,92208,552,1,108.39
12177,22849,845,2,106.71
12178,44484,433,1,307
12179,7262,576,1,129.84
12180,85555,798,1,227.6
12181,20699,694,1,57.93
12182,85913,259,1,116.9
12183,98313,444,5,209.61
12184,2457,370,2,41.18
12185,64098,465,2,542.03
12186,76948,709,1,59.25
12187,8039,630,1,43.94
12188,78705,535,2,95.48
12189,67368,784,2,161.33
12190,99575,630,1,43.94
12191,93510,185,2,823.93
12192,60259,20,4,877.84
12193,47895,205,3,1469.58
12194,53782,342,1,101.64
12195,47642,404,1,418.74
12196,97502,168,2,702.77
12197,74072,170,1,1435.76
12198,62720,14,3,748.83
12199,26329,382,2,344.3
12200,50140,397,3,441.12
12201,57719,222,1,116.61
12202,32324,302,1,110.6
12203,16793,5,1,644.02
12204,65797,601,1,36.85
12205,86652,252,1,88.87
12206,33892,778,1,286.32
12207,22534,282,1,82.43
12208,17287,549,2,67.03
12209,40775,276,1,105.92
12210,53307,642,1,66.69
12211,57615,31,1,1472.03
12212,79660,607,2,40.2
12213,80547,492,2,307.86
12214,93791,591,1,33.88
12215,97942,256,1,114.71
12216,8608,527,1,57.31
12217,55157,239,1,130.06
12218,68257,448,1,374.32
12219,77100,792,3,234.78
12220,45849,600,1,20.67
12221,70547,110,1,456.84
12222,85255,192,2,2315.69
12223,61929,536,1,128.45
12224,46431,565,1,51.83
12225,1622,284,1,46.63
12226,71759,406,1,470.57
12227,91031,178,1,1039.95
12228,14140,269,2,85.34
12229,74129,275,2,107.44
12230,87540,616,2,122.24
12231,21066,43,2,310.32
12232,96589,375,3,94.51
12233,73731,170,1,1435.76
12234,11190,733,2,112.26
12235,1457,39,1,1650.03
12236,14626,588,1,32.82
12237,41018,36,1,1992.63
12238,98167,784,1,161.33
12239,22623,750,1,248.2
12240,62986,757,1,246.69
12241,93430,420,1,373.76
12242,19285,619,2,100.91
12243,60179,71,1,1883.64
12244,2497,70,1,2884.14
12245,89815,728,1,135.75
12246,43610,579,1,64.34
12247,16745,648,1,114.52
12248,88365,645,1,42.2
12249,59319,171,2,1633.75
12250,24660,423,3,105.79
12251,41123,704,1,44.41
12252,34516,89,2,2273.66
12253,75439,81,1,2179.45
12254,51900,533,1,152.22
12255,47631,286,1,31.89
12256,22605,418,1,195.16
12257,21090,805,2,183.52
12258,8156,683,1,49.44
12259,29698,253,4,175.8
12260,65348,726,1,145.95
12261,18032,549,1,67.03
12262,56935,429,2,202.76
12263,7599,224,1,86.46
12264,27099,113,1,2468.65
12265,91258,280,2,161.38
12266,64470,212,1,1668.95
12267,42670,292,1,32.35
12268,17155,680,1,151.72
12269,22651,697,5,62.96
12270,51788,704,1,44.41
12271,64191,545,3,77.05
12272,71723,486,1,475.47
12273,11389,288,2,112.41
12274,54763,159,2,791.31
12275,2870,304,4,128.59
12276,63507,389,2,372.78
12277,3073,188,1,1360.41
12278,20181,4,3,1452.58
12279,94560,372,1,52.26
12280,84182,743,1,297.24
12281,30493,613,3,78.12
12282,95247,162,2,1527.43
12283,1440,228,3,89.98
12284,76206,658,2,71.4
12285,50081,763,4,135.61
12286,6439,519,1,587.38
12287,74027,630,1,43.94
12288,70149,660,3,98.01
12289,55389,235,1,63.67
12290,4578,538,4,43.54
12291,91810,39,3,1650.03
12292,21127,541,2,131.23
12293,88485,473,3,75.58
12294,9054,624,1,63.62
12295,29850,714,2,77.2
12296,77104,129,1,147.78
12297,7704,534,2,70.5
12298,53762,431,1,130.19
12299,53548,815,1,360.06
12300,7679,506,1,138.24
12301,97402,461,1,118.87
12302,55936,6,1,643.98
12303,4296,115,2,1529.93
12304,39342,360,1,117.81
12305,74565,736,1,154.75
12306,99137,191,1,500.92
12307,19431,357,2,28.52
12308,73348,290,1,120.4
12309,34923,157,3,1620.62
12310,27842,1,1,1018.58
12311,44009,847,1,82.79
12312,24880,623,2,53.5
12313,97048,757,2,246.69
12314,15293,788,1,176.78
12315,57156,186,2,1591.62
12316,48718,475,1,268.5
12317,59914,64,2,987.78
12318,53862,832,1,191.89
12319,6556,679,1,187.47
12320,40318,121,1,1989.62
12321,93773,334,1,50.93
12322,36942,238,1,27.65
12323,75948,770,1,332.54
12324,68088,1,2,1018.58
12325,10851,274,1,195.72
12326,98447,715,1,69.75
12327,12727,41,1,571.32
12328,4836,265,1,183.58
12329,73053,270,5,76.57
12330,16568,359,2,206.65
12331,69132,125,1,775.3
12332,34916,122,1,2310.87
12333,59412,523,1,136.72
12334,78808,296,1,109.15
12335,67182,95,1,1879.95
12336,19322,13,1,2070.93
12337,53506,411,3,192
12338,74261,121,1,1989.62
12339,44507,417,1,183.3
12340,76396,823,1,158.01
12341,48948,541,2,131.23
12342,3415,693,3,89.35
12343,9533,704,2,44.41
12344,1746,160,1,1762.02
12345,32471,181,2,960.96
12346,27374,65,1,861.03
12347,56010,717,1,143.37
12348,66015,110,1,456.84
12349,82934,343,1,60.44
12350,22176,333,2,23.12
12351,35336,230,1,127.46
12352,60026,570,3,51.63
12353,3447,618,1,45.85
12354,38052,102,1,1536.79
12355,8515,124,1,543.3
12356,88590,319,2,57.84
12357,80596,54,3,2305.48
12358,50091,606,1,61.43
12359,20373,299,1,125.98
12360,60475,169,4,336.57
12361,94714,615,2,112.27
12362,1347,457,1,43.15
12363,22925,57,1,488.73
12364,94759,367,1,217.01
12365,67949,834,4,115.52
12366,97078,5,1,644.02
12367,21757,372,1,52.26
12368,29931,312,1,43.29
12369,86221,682,1,59.6
12370,16383,663,1,103.09
12371,99990,245,1,23.66
12372,74756,788,1,176.78
12373,45191,392,1,224.55
12374,57854,643,2,54.43
12375,13954,206,1,167.72
12376,3293,226,2,70.24
12377,63724,43,1,310.32
12378,40935,167,2,926.76
12379,57258,533,1,152.22
12380,75957,805,2,183.52
12381,23595,485,1,292.09
12382,36643,65,2,861.03
12383,4589,286,2,31.89
12384,4966,423,1,105.79
12385,24049,285,1,118.28
12386,6158,397,2,441.12
12387,85641,136,1,930.82
12388,71822,637,5,92.71
12389,17361,249,2,218.37
12390,15168,263,1,55.16
12391,19823,144,1,893.7
12392,21232,202,1,476.93
12393,48722,656,1,43.4
12394,88704,488,1,179.28
12395,33980,389,1,372.78
12396,33179,802,1,107.98
12397,27216,703,1,68.35
12398,5731,547,1,31.12
12399,33679,802,2,107.98
12400,92986,403,1,259.54
12401,71649,602,1,45.99
12402,45624,63,1,2058.51
12403,68307,818,1,176.25
12404,72910,343,1,60.44
12405,38785,224,1,86.46
12406,96637,409,1,479.24
12407,62357,646,2,158.39
12408,9484,233,2,118.05
12409,79010,431,1,130.19
12410,32697,600,3,20.67
12411,98472,140,3,2736.66
12412,94264,342,1,101.64
12413,93139,429,4,202.76
12414,76059,330,1,70.71
12415,97805,311,1,96.54
12416,47372,773,1,99.41
12417,94666,380,2,179.57
12418,40307,625,2,77.06
12419,72639,716,1,170.57
12420,70624,364,2,112.89
12421,81123,748,1,220.43
12422,2930,214,1,769.16
12423,14308,554,1,71.05
12424,15907,696,1,103.81
12425,14087,723,2,32.72
12426,45635,592,1,79.56
12427,51648,234,2,104.53
12428,17877,833,1,104.08
12429,60290,577,1,34.72
12430,63967,54,1,2305.48
12431,43006,761,1,107.7
12432,55735,298,2,66.54
12433,38921,476,1,603.44
12434,71197,206,3,167.72
12435,88549,586,1,42.98
12436,38104,461,1,118.87
12437,55344,526,4,62.16
12438,65229,781,2,274.7
12439,1588,276,1,105.92
12440,52008,479,1,552.74
12441,56194,301,1,36.64
12442,10311,633,1,89.89
12443,58624,344,1,95.79
12444,29777,372,1,52.26
12445,37353,583,1,64.38
12446,50457,668,1,48.09
12447,75765,130,1,1270.67
12448,12905,219,1,1567.32
12449,13802,676,3,195.28
12450,20075,118,1,702.86
12451,75403,141,1,2665.48
12452,12505,759,5,375.56
12453,56966,442,2,585.83
12454,63959,486,2,475.47
12455,2022,544,1,83.09
12456,28748,236,1,145.03
12457,67561,592,2,79.56
12458,52124,433,1,307
12459,87348,568,1,59.32
12460,20984,827,1,161.51
12461,83931,335,3,35.02
12462,85984,420,1,373.76
12463,80555,275,1,107.44
12464,11956,454,4,480.12
12465,41687,390,1,406.02
12466,36783,411,1,192
12467,19882,795,1,42.45
12468,31531,457,1,43.15
12469,39504,578,1,123.63
12470,74359,723,1,32.72
12471,90744,120,1,1327.9
12472,68290,763,3,135.61
12473,95486,25,1,1165.72
12474,81008,16,1,697
12475,3700,555,2,112.86
12476,20285,446,1,522.5
12477,3040,575,1,110.2
12478,76380,698,1,99.51
12479,48880,206,1,167.72
12480,20124,411,1,192
12481,73393,530,1,110.63
12482,33854,843,1,116.02
12483,55356,523,1,136.72
12484,54827,263,1,55.16
12485,33190,184,1,2233.97
12486,16327,716,1,170.57
12487,79405,516,1,61.04
12488,35910,785,1,117.09
12489,12636,727,2,45.19
12490,94481,400,1,374.97
12491,67040,735,1,70.91
12492,91193,810,1,94.15
12493,89272,451,1,387.94
12494,69966,665,1,39.3
12495,78814,5,1,644.02
12496,18346,717,1,143.37
12497,55430,842,1,262.8
12498,52693,344,1,95.79
12499,49545,80,1,557.08
12500,20992,757,1,246.69
12501,13274,331,1,84.86
12502,34072,10,1,1709.69
12503,95980,351,1,106.17
12504,20322,436,1,346.44
12505,79738,51,1,2718.95
12506,82768,123,1,922.12
12507,45043,488,1,179.28
12508,38002,774,1,175.76
12509,15048,830,1,191.83
12510,45521,806,1,292.37
12511,9877,545,1,77.05
12512,75399,407,2,216.15
12513,86394,534,1,70.5
12514,69925,494,3,148.01
12515,52011,220,1,2128.96
12516,49680,559,3,93.58
12517,6485,837,1,390.61
12518,87481,467,1,180.84
12519,22821,317,1,92.22
12520,6698,125,1,775.3
12521,55044,717,1,143.37
12522,3523,22,1,609.78
12523,98856,394,2,387.51
12524,92795,117,3,1977.83
12525,20464,471,1,44.33
12526,37559,782,1,220.16
12527,56456,140,1,2736.66
12528,93127,468,1,448.77
12529,73401,754,4,158.39
12530,99311,277,1,161.99
12531,35705,239,1,130.06
12532,63477,827,1,161.51
12533,31332,309,1,161.23
12534,41141,160,1,1762.02
12535,99309,522,1,54.38
12536,46643,603,1,37.61
12537,13381,266,1,148.88
12538,16037,276,1,105.92
12539,34580,211,2,1347.08
12540,76707,429,1,202.76
12541,2366,333,1,23.12
12542,42186,29,2,1439.04
12543,1093,321,2,113.48
12544,15190,804,2,241.93
12545,40848,396,1,503.93
12546,5434,696,1,103.81
12547,19709,605,1,31.92
12548,92968,231,1,161.14
12549,51367,248,1,220.15
12550,36922,61,2,1043.37
12551,24575,6,3,643.98
12552,81626,136,1,930.82
12553,64680,324,1,74.81
12554,29774,8,3,2190.96
12555,93233,664,2,57.36
12556,12469,792,1,234.78
12557,36435,55,1,1450.93
12558,52710,206,1,167.72
12559,57055,141,1,2665.48
12560,88096,44,1,2369.39
12561,76044,650,3,88.13
12562,15439,810,1,94.15
12563,51171,592,1,79.56
12564,63953,793,1,208.32
12565,76356,442,3,585.83
12566,58564,812,2,342.03
12567,88341,341,2,104.39
12568,40039,767,1,303.89
12569,77987,650,1,88.13
12570,43000,346,1,124.74
12571,24322,638,1,57.93
12572,66541,462,1,321.21
12573,22098,222,1,116.61
12574,96251,624,2,63.62
12575,94145,348,1,34.82
12576,27706,190,2,798.17
12577,51942,671,1,49.76
12578,2381,53,1,2521.54
12579,23445,639,1,60.83
12580,86813,92,2,1722.95
12581,42853,32,1,672.62
12582,72837,174,1,772.9
12583,78948,297,1,155.34
12584,44352,489,1,526.38
12585,51503,199,1,2273.14
12586,82625,139,1,999.63
12587,32210,316,1,139.67
12588,4915,295,1,52.91
12589,17986,660,3,98.01
12590,40452,507,1,484.32
12591,27442,542,1,75.76
12592,75637,329,1,93.74
12593,95932,591,1,33.88
12594,45553,121,1,1989.62
12595,44321,181,1,960.96
12596,15952,703,1,68.35
12597,28277,83,2,943.76
12598,61452,568,1,59.32
12599,83428,667,1,58.31
12600,83070,129,1,147.78
12601,85031,371,1,110.74
12602,41078,243,1,196.32
12603,18210,286,1,31.89
12604,63775,744,2,207.32
12605,95003,193,1,2329.58
12606,45635,204,3,2321.47
12607,2137,99,2,268.9
12608,46502,567,1,55.35
12609,48250,288,1,112.41
12610,98699,109,1,776.74
12611,51437,34,1,2576.39
12612,80359,821,2,323.12
12613,57640,256,4,114.71
12614,4361,697,1,62.96
12615,10511,736,1,154.75
12616,33779,455,1,115.87
12617,99997,744,1,207.32
12618,90161,367,5,217.01
12619,45573,268,2,140.96
12620,4440,571,1,66.42
12621,23227,128,1,2170.64
12622,25336,467,1,180.84
12623,55158,742,1,149.39
12624,44483,653,1,100.32
12625,52509,151,2,2364.58
12626,59887,509,1,525.62
12627,45025,825,2,218.42
12628,42996,433,2,307
12629,9869,312,1,43.29
12630,90247,47,1,911.63
12631,78552,186,2,1591.62
12632,4615,190,1,798.17
12633,4457,484,2,311.22
12634,54731,666,1,47.03
12635,16378,167,2,926.76
12636,38104,267,1,139.87
12637,20915,529,1,23.4
12638,35301,102,2,1536.79
12639,43273,626,1,53.36
12640,9308,599,1,38.98
12641,38391,313,1,28.06
12642,80460,97,2,1294.45
12643,36732,304,4,128.59
12644,69978,141,1,2665.48
12645,1640,409,1,479.24
12646,91234,766,1,229.2
12647,87559,802,1,107.98
12648,7542,147,1,1476.49
12649,98103,725,1,98.54
12650,33654,359,1,206.65
12651,5241,710,3,114.92
12652,71723,581,1,61.28
12653,18129,253,2,175.8
12654,90915,51,2,2718.95
12655,28175,201,1,1549.7
12656,95177,264,1,108.54
12657,19081,167,1,926.76
12658,18093,141,1,2665.48
12659,85096,746,3,379.49
12660,48337,125,1,775.3
12661,56352,547,2,31.12
12662,10494,116,1,2211.09
12663,82677,227,1,224.15
12664,17375,506,1,138.24
12665,74770,142,2,814.09
12666,22682,659,3,109.2
12667,10307,370,1,41.18
12668,13913,333,2,23.12
12669,79846,288,1,112.41
12670,56886,389,1,372.78
12671,35987,362,1,129.66
12672,19513,55,3,1450.93
12673,44393,798,1,227.6
12674,18393,408,1,42.37
12675,72853,118,1,702.86
12676,75232,416,4,237.73
12677,60609,708,1,138.81
12678,37337,302,2,110.6
12679,98363,250,1,176.33
12680,9204,600,3,20.67
12681,23853,721,1,173.77
12682,40966,55,1,1450.93
12683,85138,76,2,1764.12
12684,91814,316,2,139.67
12685,98438,478,1,279.21
12686,58202,801,3,280.08
12687,88029,301,2,36.64
12688,97293,368,1,192.86
12689,46848,806,1,292.37
12690,91629,505,2,338.31
12691,39606,263,2,55.16
12692,80451,248,1,220.15
12693,69920,786,1,385.84
12694,97986,775,1,320.37
12695,1875,240,1,61.03
12696,38337,322,1,143.41
12697,61644,118,1,702.86
12698,27039,125,2,775.3
12699,68223,147,1,1476.49
12700,98984,519,1,587.38
12701,71895,244,1,86.8
12702,28248,689,1,130.61
12703,50273,449,1,211.58
12704,51046,776,1,107.12
12705,37748,7,1,398.8
12706,67051,621,5,38.29
12707,42331,97,1,1294.45
12708,35340,747,1,171.96
12709,49983,212,1,1668.95
12710,41696,566,4,74.04
12711,50324,607,4,40.2
12712,26947,79,1,990.72
12713,12482,746,4,379.49
12714,38281,64,1,987.78
12715,29119,454,1,480.12
12716,34181,35,1,2688.65
12717,77669,459,2,85.05
12718,92338,107,1,1082
12719,76553,274,1,195.72
12720,41648,721,2,173.77
12721,59265,803,2,231.37
12722,4208,380,1,179.57
12723,87391,363,1,99.37
12724,28832,117,1,1977.83
12725,71158,173,1,1273.32
12726,31360,599,1,38.98
12727,56282,848,1,495.21
12728,68414,350,1,126.51
12729,6565,792,1,234.78
12730,93886,197,1,1756.06
12731,18555,406,1,470.57
12732,68585,743,1,297.24
12733,88072,503,1,188.72
12734,20128,591,4,33.88
12735,14714,151,1,2364.58
12736,5781,844,1,432.51
12737,18358,839,1,232.84
12738,8505,170,1,1435.76
12739,35287,105,1,2361.4
12740,71016,420,1,373.76
12741,64195,546,1,52.46
12742,44013,694,1,57.93
12743,23188,192,1,2315.69
12744,89578,688,2,62.01
12745,44979,452,1,281.11
12746,71371,324,2,74.81
12747,32131,56,1,2429.03
12748,3456,332,2,152.61
12749,4862,832,1,191.89
12750,45778,623,4,53.5
12751,62097,452,1,281.11
12752,63017,81,2,2179.45
12753,95491,672,1,160.18
12754,1143,216,1,790.68
12755,32718,199,1,2273.14
12756,79415,209,1,128.3
12757,89182,762,2,152.14
12758,55470,798,2,227.6
12759,5803,227,4,224.15
12760,82162,277,1,161.99
12761,32407,184,1,2233.97
12762,34854,749,2,384.4
12763,23185,215,1,1720.21
12764,43702,291,1,30.01
12765,55490,2,1,2587.65
12766,69259,537,1,107.95
12767,29664,219,1,1567.32
12768,27953,18,1,1298.49
12769,81843,463,1,370.25
12770,99575,74,1,2015.09
12771,97895,48,1,1289.14
12772,38282,711,1,128.83
12773,78348,615,4,112.27
12774,20464,239,1,130.06
12775,23547,7,3,398.8
12776,62398,3,1,1772.05
12777,40913,337,2,177.03
12778,76062,488,1,179.28
12779,76393,715,1,69.75
12780,88755,766,2,229.2
12781,5014,56,1,2429.03
12782,95169,354,1,58.86
12783,97371,115,1,1529.93
12784,48248,736,1,154.75
12785,57032,741,2,194.97
12786,51155,262,1,238.23
12787,66466,567,1,55.35
12788,2823,757,1,246.69
12789,88009,24,1,1004.36
12790,52374,222,2,116.61
12791,35340,11,1,243.48
12792,61771,575,1,110.2
12793,55904,402,1,476.71
12794,2037,666,3,47.03
12795,62575,450,3,101.61
12796,5060,562,2,40.76
12797,5302,410,1,105.83
12798,91023,597,1,82.6
12799,74004,540,1,32.85
12800,34044,121,1,1989.62
12801,91788,728,1,135.75
12802,3097,6,2,643.98
12803,58805,560,2,77.29
12804,92097,625,2,77.06
12805,81187,840,2,251.11
12806,2399,260,1,47.28
12807,99210,491,2,240.43
12808,21985,736,2,154.75
12809,4023,840,2,251.11
12810,64238,676,1,195.28
12811,95105,237,3,74.92
12812,51044,585,1,78.72
12813,34149,725,2,98.54
12814,22672,602,2,45.99
12815,91607,444,1,209.61
12816,48947,360,2,117.81
12817,27336,289,1,75.66
12818,9019,667,1,58.31
12819,38544,424,2,255.29
12820,28559,397,1,441.12
12821,30968,500,1,584.81
12822,83003,161,2,1006.83
12823,36748,689,2,130.61
12824,86833,694,2,57.93
12825,13089,117,1,1977.83
12826,68894,668,1,48.09
12827,85037,792,1,234.78
12828,50966,376,1,191.89
12829,12628,284,1,46.63
12830,43102,339,1,101.75
12831,49063,427,4,235.15
12832,25562,235,1,63.67
12833,37276,685,1,170.52
12834,18268,418,1,195.16
12835,20609,658,1,71.4
12836,68414,743,1,297.24
12837,33697,172,3,220.1
12838,50872,106,2,810.12
12839,73106,752,1,411.24
12840,67787,22,2,609.78
12841,52011,557,1,33.37
12842,70416,820,1,158.47
12843,72712,384,1,455.69
12844,39036,692,2,78.86
12845,47098,290,1,120.4
12846,34233,703,1,68.35
12847,66470,357,1,28.52
12848,15168,89,1,2273.66
12849,58137,499,1,561.17
12850,70416,723,1,32.72
12851,30482,306,2,226.09
12852,56619,367,2,217.01
12853,43423,5,5,644.02
12854,7451,528,1,45.58
12855,92275,153,2,621.19
12856,74756,7,1,398.8
12857,26733,813,1,98.39
12858,87820,328,2,124.01
12859,99771,708,1,138.81
12860,49402,739,1,80.56
12861,60805,830,1,191.83
12862,57277,488,1,179.28
12863,79905,676,2,195.28
12864,57240,630,2,43.94
12865,93791,591,1,33.88
12866,5265,406,1,470.57
12867,76612,195,1,957.51
12868,13806,656,1,43.4
12869,92611,509,1,525.62
12870,44338,25,1,1165.72
12871,65595,50,1,699.69
12872,76640,168,1,702.77
12873,99585,515,1,77.15
12874,70253,540,1,32.85
12875,16866,212,1,1668.95
12876,58364,611,2,20.37
12877,89633,491,3,240.43
12878,22996,62,1,845.49
12879,46751,570,1,51.63
12880,51680,772,1,346.25
12881,66563,825,1,218.42
12882,28202,489,1,526.38
12883,63287,731,1,48.57
12884,53535,775,2,320.37
12885,14976,351,3,106.17
12886,6510,469,1,160.55
12887,84895,744,2,207.32
12888,29774,598,1,37.17
12889,8624,596,1,62.64
12890,20575,771,1,93.15
12891,83888,800,1,396.56
12892,31103,336,1,33.43
12893,92483,808,4,399.03
12894,51510,438,1,415.7
12895,53981,299,2,125.98
12896,45307,86,1,934.14
12897,26988,734,2,91.41
12898,77615,395,3,199.29
12899,43459,633,1,89.89
12900,86891,818,2,176.25
12901,71832,301,1,36.64
12902,22551,504,1,410.46
12903,35568,664,1,57.36
12904,13412,494,1,148.01
12905,50604,699,4,47.24
12906,72011,413,4,526.63
12907,17865,99,1,268.9
12908,23276,592,1,79.56
12909,60393,813,1,98.39
12910,17384,696,1,103.81
12911,25353,358,1,119.54
12912,29797,245,1,23.66
12913,88042,793,1,208.32
12914,45239,218,1,1811.21
12915,3521,746,2,379.49
12916,17133,449,1,211.58
12917,63473,325,1,213.64
12918,17160,86,1,934.14
12919,47365,806,1,292.37
12920,14861,776,5,107.12
12921,74071,770,1,332.54
12922,51910,85,1,910.42
12923,52605,803,1,231.37
12924,83350,328,1,124.01
12925,9791,76,1,1764.12
12926,65639,345,1,90.74
12927,74152,425,1,85.89
12928,44919,390,1,406.02
12929,79984,440,1,100.41
12930,29127,545,2,77.05
12931,22343,549,1,67.03
12932,68237,206,1,167.72
12933,57436,759,1,375.56
12934,4062,33,1,421.17
12935,12813,320,1,71.03
12936,78137,17,1,899.25
12937,34840,821,1,323.12
12938,45975,464,1,291.69
12939,75017,223,2,46.56
12940,57215,144,2,893.7
12941,8980,55,3,1450.93
12942,78922,745,2,131.36
12943,10104,89,1,2273.66
12944,24818,463,1,370.25
12945,88916,63,1,2058.51
12946,72683,579,1,64.34
12947,36609,116,1,2211.09
12948,79578,300,1,44.81
12949,46690,809,2,191.41
12950,13768,429,2,202.76
12951,96102,617,2,24.15
12952,70587,770,1,332.54
12953,45208,689,1,130.61
12954,23059,478,1,279.21
12955,59683,122,1,2310.87
12956,47251,830,1,191.83
12957,76426,127,1,2023.32
12958,2096,640,1,73.07
12959,72302,439,1,349.13
12960,30090,336,1,33.43
12961,44398,303,1,112.09
12962,32636,333,1,23.12
12963,95014,44,1,2369.39
12964,1332,238,4,27.65
12965,93618,63,1,2058.51
12966,74135,428,2,463.98
12967,39806,424,1,255.29
12968,80958,801,1,280.08
12969,37384,401,1,111.92
12970,25899,179,1,2506.19
12971,85577,76,1,1764.12
12972,46463,345,1,90.74
12973,53090,276,1,105.92
12974,63770,470,2,543.54
12975,84789,315,2,171.61
12976,48170,68,1,1973.25
12977,49424,704,2,44.41
12978,90216,269,1,85.34
12979,66577,4,2,1452.58
12980,28106,268,1,140.96
12981,69035,105,1,2361.4
12982,87458,536,1,128.45
12983,75435,845,4,106.71
12984,63396,384,1,455.69
12985,58284,549,1,67.03
12986,78760,588,2,32.82
12987,97682,302,1,110.6
12988,22141,89,2,2273.66
12989,64789,736,2,154.75
12990,82150,288,1,112.41
12991,43909,560,1,77.29
12992,23668,627,1,61.59
12993,2563,258,1,139.68
12994,43297,191,1,500.92
12995,65067,229,1,188.3
12996,48965,99,1,268.9
12997,30379,165,1,493.52
12998,57864,136,1,930.82
12999,20463,822,1,25.42
13000,48838,674,2,91.61
13001,85087,334,1,50.93
13002,2641,520,1,133.3
13003,70257,757,1,246.69
13004,89925,284,1,46.63
13005,83178,305,1,145.78
13006,97002,683,2,49.44
13007,6110,401,1,111.92
13008,95270,636,2,81.59
13009,91156,560,2,77.29
13010,71236,447,1,584.32
13011,96993,392,4,224.55
13012,95996,833,1,104.08
13013,20385,123,1,922.12
13014,88471,363,1,99.37
13015,32108,117,1,1977.83
13016,56681,5,1,644.02
13017,45292,579,1,64.34
13018,99317,212,2,1668.95
13019,59896,106,1,810.12
13020,90378,466,2,211.09
13021,8427,579,1,64.34
13022,10202,436,3,346.44
13023,97571,727,1,45.19
13024,59523,437,1,95.45
13025,28160,686,1,96.04
13026,79918,379,1,410.89
13027,12968,739,1,80.56
13028,44205,419,1,332.33
13029,74278,546,1,52.46
13030,39415,573,3,55.72
13031,61889,129,2,147.78
13032,23172,789,1,194.77
13033,71138,745,1,131.36
13034,66817,371,1,110.74
13035,1511,156,1,798.5
13036,64068,473,2,75.58
13037,93664,165,1,493.52
13038,13346,92,1,1722.95
13039,84899,433,1,307
13040,1666,334,3,50.93
13041,44331,331,2,84.86
13042,3487,92,2,1722.95
13043,3757,550,1,95.95
13044,54407,141,1,2665.48
13045,1246,515,1,77.15
13046,13312,176,1,679.98
13047,93728,444,1,209.61
13048,1207,15,1,694.06
13049,42814,217,1,934.5
13050,54238,618,2,45.85
13051,8039,234,1,104.53
13052,32749,358,2,119.54
13053,28991,203,1,655.23
13054,4110,384,1,455.69
13055,56114,189,2,1308.31
13056,91838,89,1,2273.66
13057,52417,70,1,2884.14
13058,87403,188,1,1360.41
13059,18642,133,5,566.35
13060,27784,362,1,129.66
13061,40092,642,1,66.69
13062,35993,499,2,561.17
13063,15787,32,1,672.62
13064,11303,107,1,1082
13065,65681,58,1,720
13066,75515,484,1,311.22
13067,78692,726,1,145.95
13068,41386,250,3,176.33
13069,63215,791,1,108.25
13070,4450,658,1,71.4
13071,82676,785,1,117.09
13072,18713,530,1,110.63
13073,58793,799,1,275.79
13074,65579,150,1,857.31
13075,94980,489,2,526.38
13076,36101,344,1,95.79
13077,97998,732,5,139.82
13078,34734,440,1,100.41
13079,84814,763,2,135.61
13080,17906,127,1,2023.32
13081,77751,411,1,192
13082,59126,552,1,108.39
13083,74530,517,1,211.65
13084,62252,328,2,124.01
13085,42661,104,1,1266.38
13086,36841,517,1,211.65
13087,65177,216,1,790.68
13088,81290,827,1,161.51
13089,71975,21,2,1481.54
13090,50794,195,1,957.51
13091,90142,4,1,1452.58
13092,60562,200,3,1905.88
13093,96050,135,1,2540.95
13094,35320,20,1,877.84
13095,74068,573,2,55.72
13096,47490,647,2,101.3
13097,78726,35,1,2688.65
13098,34013,405,1,192.25
13099,1582,456,1,254.58
13100,48381,304,1,128.59
13101,69477,255,2,59.87
13102,32720,681,2,140.36
13103,43158,193,1,2329.58
13104,52112,8,1,2190.96
13105,84393,276,2,105.92
13106,22984,176,1,679.98
13107,36784,558,2,18.15
13108,75063,646,1,158.39
13109,40376,815,2,360.06
13110,42514,167,1,926.76
13111,40503,712,1,101.6
13112,40369,328,1,124.01
13113,58764,586,2,42.98
13114,47768,100,1,538.09
13115,81255,612,1,99.88
13116,79616,755,3,103.54
13117,79766,642,1,66.69
13118,26772,690,1,51.49
13119,2009,59,3,353.67
13120,64331,616,1,122.24
13121,80641,149,1,376.32
13122,11255,155,2,2869.59
13123,80664,136,1,930.82
13124,52239,286,1,31.89
13125,72657,746,1,379.49
13126,50673,348,1,34.82
13127,87869,302,1,110.6
13128,97371,588,1,32.82
13129,69470,480,3,266.64
13130,13678,774,1,175.76
13131,40809,135,1,2540.95
13132,55290,108,3,1836.25
13133,10077,461,1,118.87
13134,42717,539,1,60.5
13135,36305,231,2,161.14
13136,65323,527,1,57.31
13137,57387,85,1,910.42
13138,89333,73,1,133.34
13139,30323,278,1,130.88
13140,49683,529,1,23.4
13141,70191,748,1,220.43
13142,44292,635,2,40.19
13143,33733,846,1,180.75
13144,46895,113,1,2468.65
13145,66131,685,1,170.52
13146,58061,726,3,145.95
13147,91380,682,1,59.6
13148,55379,806,1,292.37
13149,56837,578,1,123.63
13150,63082,402,1,476.71
13151,52129,122,1,2310.87
13152,13103,450,1,101.61
13153,97618,305,2,145.78
13154,54188,848,1,495.21
13155,99082,20,5,877.84
13156,44769,687,1,98.13
13157,21278,583,1,64.38
13158,59914,559,1,93.58
13159,75739,17,1,899.25
13160,90337,530,1,110.63
13161,59046,402,1,476.71
13162,34844,266,3,148.88
13163,8666,810,2,94.15
13164,12527,469,1,160.55
13165,31116,693,1,89.35
13166,98434,653,1,100.32
13167,50033,598,3,37.17
13168,42024,529,1,23.4
13169,92580,288,1,112.41
13170,26333,290,2,120.4
13171,1160,545,2,77.05
13172,16533,72,1,724.9
13173,54315,761,1,107.7
13174,50017,590,1,35.21
13175,66131,781,1,274.7
13176,31999,45,1,825.27
13177,8407,808,2,399.03
13178,1147,360,4,117.81
13179,6778,2,2,2587.65
13180,89487,419,1,332.33
13181,28353,723,1,32.72
13182,88321,612,2,99.88
13183,39149,579,1,64.34
13184,73197,200,1,1905.88
13185,53777,657,1,62.42
13186,39795,586,1,42.98
13187,4229,74,1,2015.09
13188,37890,633,3,89.89
13189,48267,357,2,28.52
13190,62972,530,2,110.63
13191,47278,244,2,86.8
13192,4786,146,1,320.86
13193,35407,607,1,40.2
13194,83271,128,2,2170.64
13195,90241,760,2,316.13
13196,9298,743,3,297.24
13197,46861,411,3,192
13198,79538,590,1,35.21
13199,59552,240,1,61.03
13200,20997,302,1,110.6
13201,4735,199,2,2273.14
13202,46215,538,2,43.54
13203,56613,362,1,129.66
13204,41854,182,1,551.45
13205,24716,451,1,387.94
13206,53349,820,2,158.47
13207,78526,674,1,91.61
13208,76517,351,2,106.17
13209,14332,90,1,1196.13
13210,1358,489,1,526.38
13211,80371,202,1,476.93
13212,1316,341,2,104.39
13213,98699,533,1,152.22
13214,95143,91,1,565.72
13215,5344,308,1,80.43
13216,62016,719,1,42.9
13217,48317,297,1,155.34
13218,43371,426,1,277.42
13219,21903,578,2,123.63
13220,52516,375,1,94.51
13221,72201,589,2,32.73
13222,78601,239,3,130.06
13223,19868,607,1,40.2
13224,20215,822,1,25.42
13225,49915,273,1,180.43
13226,31248,556,1,56.33
13227,33443,833,1,104.08
13228,15970,693,1,89.35
13229,98899,757,1,246.69
13230,2627,468,1,448.77
13231,79764,147,1,1476.49
13232,64860,36,1,1992.63
13233,15907,22,3,609.78
13234,67712,440,1,100.41
13235,23853,602,1,45.99
13236,36079,675,1,77.03
13237,29631,270,3,76.57
13238,65915,420,1,373.76
13239,19127,843,1,116.02
13240,22446,333,1,23.12
13241,53915,558,4,18.15
13242,90915,680,4,151.72
13243,6103,110,1,456.84
13244,41070,175,1,1556.96
13245,67039,40,1,1136.17
13246,88077,529,1,23.4
13247,91432,587,3,26.35
13248,9063,554,1,71.05
13249,14329,517,1,211.65
13250,92976,407,1,216.15
13251,38769,88,1,1539.42
13252,96008,110,1,456.84
13253,89868,333,1,23.12
13254,56871,779,1,285.39
13255,89871,108,1,1836.25
13256,42315,461,1,118.87
13257,39883,131,1,1094.67
13258,52197,794,1,243.61
13259,23818,281,1,187.62
13260,83776,131,1,1094.67
13261,14556,466,1,211.09
13262,41997,551,2,67.02
13263,3251,49,2,1342.93
13264,99894,686,3,96.04
13265,75807,174,2,772.9
13266,83010,399,2,372.92
13267,32695,640,1,73.07
13268,49908,836,1,182
13269,92656,1,1,1018.58
13270,54121,685,1,170.52
13271,26506,345,1,90.74
13272,25958,517,4,211.65
13273,28367,519,2,587.38
13274,7699,703,2,68.35
13275,98481,45,1,825.27
13276,63896,826,4,394.47
13277,30454,218,1,1811.21
13278,25185,176,1,679.98
13279,52791,226,2,70.24
13280,2730,44,1,2369.39
13281,19198,37,1,899.87
13282,18196,526,1,62.16
13283,38599,221,1,132.3
13284,95031,640,1,73.07
13285,74001,732,1,139.82
13286,31578,843,2,116.02
13287,5089,792,1,234.78
13288,92638,460,1,119.48
13289,79280,825,1,218.42
13290,47099,811,3,465.41
13291,56573,22,1,609.78
13292,38291,447,2,584.32
13293,41786,171,1,1633.75
13294,82728,534,1,70.5
13295,28344,276,1,105.92
13296,36256,819,1,67.91
13297,70822,353,1,132.5
13298,86830,230,1,127.46
13299,28520,281,1,187.62
13300,63542,597,2,82.6
13301,46171,756,1,318.76
13302,3524,200,3,1905.88
13303,73067,109,1,776.74
13304,27116,270,2,76.57
13305,13744,573,5,55.72
13306,67596,569,1,118.44
13307,64814,587,1,26.35
13308,92808,122,5,2310.87
13309,52986,553,2,70.14
13310,19251,283,2,87.55
13311,72352,704,1,44.41
13312,32505,233,1,118.05
13313,79120,666,1,47.03
13314,68278,446,1,522.5
13315,15776,481,1,312.06
13316,26182,800,1,396.56
13317,35508,509,3,525.62
13318,38856,509,2,525.62
13319,20510,432,1,378.9
13320,87947,452,1,281.11
13321,12538,226,1,70.24
13322,41619,18,1,1298.49
13323,69452,416,1,237.73
13324,27500,141,1,2665.48
13325,14949,32,2,672.62
13326,10743,301,1,36.64
13327,97436,817,3,236.52
13328,35020,158,2,1853.29
13329,80958,510,2,359.27
13330,18847,819,1,67.91
13331,34619,848,1,495.21
13332,45427,59,1,353.67
13333,83328,196,1,974.84
13334,27608,74,1,2015.09
13335,14503,211,1,1347.08
13336,26454,595,1,116.88
13337,73564,264,1,108.54
13338,26509,555,1,112.86
13339,43777,663,4,103.09
13340,74963,189,1,1308.31
13341,2145,109,2,776.74
13342,89279,375,1,94.51
13343,27442,24,1,1004.36
13344,42431,405,1,192.25
13345,85459,626,1,53.36
13346,23616,697,2,62.96
13347,3757,588,1,32.82
13348,63456,268,1,140.96
13349,65067,631,3,120.31
13350,63371,157,2,1620.62
13351,24565,194,2,1529.24
13352,81367,803,1,231.37
13353,10974,476,2,603.44
13354,81326,718,2,185.18
13355,21414,468,3,448.77
13356,69076,774,1,175.76
13357,60559,706,1,201.34
13358,27333,485,1,292.09
13359,22151,398,1,230.52
13360,7509,46,1,1597.63
13361,73911,408,2,42.37
13362,44788,285,1,118.28
13363,53892,96,1,1237.53
13364,89654,556,1,56.33
13365,78692,689,1,130.61
13366,12079,510,1,359.27
13367,61450,245,2,23.66
13368,37384,827,1,161.51
13369,30439,648,1,114.52
13370,89779,218,2,1811.21
13371,9472,824,1,176.02
13372,79387,400,3,374.97
13373,62436,543,1,42.06
13374,29774,455,1,115.87
13375,5013,421,1,396.57
13376,99198,755,1,103.54
13377,49662,323,1,132.78
13378,27422,265,2,183.58
13379,91314,232,1,106.09
13380,95177,192,2,2315.69
13381,14142,843,4,116.02
13382,5911,534,1,70.5
13383,7446,639,2,60.83
13384,6925,725,2,98.54
13385,82105,759,2,375.56
13386,53336,77,1,1880.83
13387,21072,598,3,37.17
13388,55129,436,1,346.44
13389,92672,485,2,292.09
13390,97776,147,4,1476.49
13391,3231,708,1,138.81
13392,98158,827,1,161.51
13393,70370,477,1,96.07
13394,26950,229,1,188.3
13395,86372,430,1,118.66
13396,4735,263,1,55.16
13397,20542,221,1,132.3
13398,71442,352,1,177.33
13399,71503,801,2,280.08
13400,7124,774,1,175.76
13401,31002,178,3,1039.95
13402,10596,404,1,418.74
13403,68653,477,1,96.07
13404,57076,640,1,73.07
13405,17232,423,1,105.79
13406,59978,183,1,2443.07
13407,46857,376,2,191.89
13408,63134,193,1,2329.58
13409,37929,385,1,364.27
13410,42714,486,1,475.47
13411,58215,551,1,67.02
13412,75188,820,1,158.47
13413,40846,413,1,526.63
13414,62674,158,1,1853.29
13415,5807,159,4,791.31
13416,2582,686,1,96.04
13417,4121,121,3,1989.62
13418,22639,50,2,699.69
13419,95181,539,1,60.5
13420,16972,750,1,248.2
13421,76448,440,1,100.41
13422,38575,33,1,421.17
13423,70116,170,1,1435.76
13424,45358,426,2,277.42
13425,61974,780,3,254.38
13426,53866,436,1,346.44
13427,55108,34,1,2576.39
13428,96096,312,1,43.29
13429,61547,29,1,1439.04
13430,56434,334,1,50.93
13431,8425,202,2,476.93
13432,95205,538,4,43.54
13433,43071,580,1,44.39
13434,59366,441,1,102.35
13435,47938,125,1,775.3
13436,21511,171,3,1633.75
13437,6598,211,1,1347.08
13438,22475,377,1,431.36
13439,70559,418,4,195.16
13440,74020,95,1,1879.95
13441,34793,7,3,398.8
13442,85642,617,1,24.15
13443,67441,193,1,2329.58
13444,14600,526,1,62.16
13445,73796,732,1,139.82
13446,64534,579,1,64.34
13447,71109,711,2,128.83
13448,96662,712,1,101.6
13449,78289,297,1,155.34
13450,9488,537,2,107.95
13451,97406,692,1,78.86
13452,14591,372,1,52.26
13453,46657,845,1,106.71
13454,27939,33,1,421.17
13455,3584,312,1,43.29
13456,19342,517,1,211.65
13457,22631,206,1,167.72
13458,98545,748,2,220.43
13459,95249,297,2,155.34
13460,52630,689,1,130.61
13461,7781,585,1,78.72
13462,49705,253,1,175.8
13463,32767,282,1,82.43
13464,17748,6,1,643.98
13465,52404,148,1,1254.83
13466,13929,455,1,115.87
13467,81991,434,1,110.92
13468,78922,147,1,1476.49
13469,75896,687,1,98.13
13470,34630,109,1,776.74
13471,67432,430,1,118.66
13472,9272,217,1,934.5
13473,50752,590,1,35.21
13474,92765,649,3,134.51
13475,2184,616,1,122.24
13476,18106,162,1,1527.43
13477,12016,274,2,195.72
13478,56269,759,4,375.56
13479,10354,452,1,281.11
13480,96619,9,1,1457.94
13481,59169,527,1,57.31
13482,77298,257,1,204.86
13483,56808,504,1,410.46
13484,12910,68,1,1973.25
13485,93423,200,1,1905.88
13486,62643,568,1,59.32
13487,43194,848,1,495.21
13488,84082,587,1,26.35
13489,90490,144,1,893.7
13490,21167,50,2,699.69
13491,45192,50,1,699.69
13492,85487,517,2,211.65
13493,81326,593,4,38.05
13494,36597,53,1,2521.54
13495,14954,165,2,493.52
13496,98001,759,4,375.56
13497,69134,654,2,126.06
13498,61911,71,1,1883.64
13499,44938,16,1,697
13500,88985,371,1,110.74
13501,2482,11,1,243.48
13502,94249,325,1,213.64
13503,47733,474,2,466.85
13504,93249,602,1,45.99
13505,30224,622,1,40.46
13506,59775,401,1,111.92
13507,40654,156,1,798.5
13508,69819,817,1,236.52
13509,61632,286,1,31.89
13510,71033,242,2,213.16
13511,65900,839,5,232.84
13512,97396,657,1,62.42
13513,59202,562,1,40.76
13514,28982,105,2,2361.4
13515,3654,811,1,465.41
13516,39810,724,1,125.26
13517,1768,554,3,71.05
13518,43330,648,1,114.52
13519,94778,281,2,187.62
13520,71697,77,2,1880.83
13521,48977,497,1,291.81
13522,72037,109,1,776.74
13523,15354,441,1,102.35
13524,90756,596,1,62.64
13525,99761,81,1,2179.45
13526,23149,464,1,291.69
13527,42497,216,1,790.68
13528,26258,196,2,974.84
13529,97435,664,1,57.36
13530,94862,225,2,72.93
13531,86118,455,2,115.87
13532,62591,403,1,259.54
13533,96347,337,1,177.03
13534,48784,800,2,396.56
13535,13528,778,1,286.32
13536,68578,133,1,566.35
13537,27812,593,1,38.05
13538,42824,173,1,1273.32
13539,89936,688,4,62.01
13540,68106,790,1,418.19
13541,94626,605,1,31.92
13542,45683,621,1,38.29
13543,73449,368,1,192.86
13544,6978,670,1,62.57
13545,85764,806,2,292.37
13546,75650,575,1,110.2
13547,9580,10,1,1709.69
13548,2118,105,1,2361.4
13549,96775,798,2,227.6
13550,72714,2,1,2587.65
13551,96657,7,1,398.8
13552,18049,156,1,798.5
13553,71724,137,1,1286.59
13554,25085,702,1,29.47
13555,28285,569,1,118.44
13556,9840,630,1,43.94
13557,56981,792,1,234.78
13558,77525,812,1,342.03
13559,67266,551,1,67.02
13560,17301,109,2,776.74
13561,23467,345,1,90.74
13562,14071,838,2,165.94
13563,36945,677,2,40.98
13564,50170,637,1,92.71
13565,26722,130,1,1270.67
13566,90139,679,1,187.47
13567,91710,23,5,879.34
13568,49295,349,1,87.41
13569,84313,233,1,118.05
13570,26509,593,2,38.05
13571,84917,353,1,132.5
13572,46819,587,1,26.35
13573,25761,354,1,58.86
13574,7962,68,1,1973.25
13575,14195,70,1,2884.14
13576,97209,379,1,410.89
13577,2063,393,1,210.09
13578,95760,162,3,1527.43
13579,36123,701,1,92.7
13580,37832,632,2,159.73
13581,43293,215,2,1720.21
13582,33925,585,1,78.72
13583,76968,530,1,110.63
13584,3935,586,4,42.98
13585,13659,379,2,410.89
13586,56156,500,1,584.81
13587,11339,405,1,192.25
13588,99373,310,1,73.64
13589,58852,11,1,243.48
13590,17386,551,1,67.02
13591,66640,542,1,75.76
13592,53979,96,1,1237.53
13593,61850,158,3,1853.29
13594,80193,191,1,500.92
13595,49299,72,1,724.9
13596,67368,725,4,98.54
13597,73942,260,1,47.28
13598,32324,602,1,45.99
13599,24275,603,1,37.61
13600,27953,630,1,43.94
13601,84392,297,1,155.34
13602,70059,151,1,2364.58
13603,31992,9,1,1457.94
13604,45759,370,4,41.18
13605,81221,306,1,226.09
13606,13305,101,1,297.32
13607,31076,680,1,151.72
13608,11461,289,1,75.66
13609,98396,666,1,47.03
13610,62502,610,1,85.31
13611,15006,94,1,1373.01
13612,83784,372,1,52.26
13613,19135,373,5,107.49
13614,63348,486,2,475.47
13615,91667,311,4,96.54
13616,28572,615,1,112.27
13617,36530,106,1,810.12
13618,13527,191,1,500.92
13619,1459,769,2,160.34
13620,6619,252,1,88.87
13621,48534,94,1,1373.01
13622,1692,505,2,338.31
13623,63185,619,1,100.91
13624,22558,804,1,241.93
13625,55336,536,4,128.45
13626,5224,454,1,480.12
13627,91449,251,2,76.69
13628,56569,351,1,106.17
13629,2055,834,1,115.52
13630,4133,103,1,916.04
13631,20228,430,1,118.66
13632,78799,270,1,76.57
13633,16647,21,1,1481.54
13634,98889,636,1,81.59
13635,68765,158,1,1853.29
13636,18671,563,2,33.62
13637,47251,363,1,99.37
13638,53506,349,2,87.41
13639,90966,740,1,73.03
13640,61851,205,2,1469.58
13641,1250,132,1,765.52
13642,51468,153,1,621.19
13643,77922,314,1,217.82
13644,69035,26,1,1921.56
13645,77299,552,1,108.39
13646,80384,637,1,92.71
13647,21575,619,1,100.91
13648,2452,139,1,999.63
13649,57272,93,1,1850.93
13650,87742,639,1,60.83
13651,85516,248,1,220.15
13652,92524,647,2,101.3
13653,66902,594,1,51.42
13654,90545,329,1,93.74
13655,20917,330,2,70.71
13656,51046,523,1,136.72
13657,64734,576,2,129.84
13658,81798,798,1,227.6
13659,28117,712,1,101.6
13660,57732,182,1,551.45
13661,75416,835,1,205.95
13662,5075,12,1,2721.53
13663,94587,667,1,58.31
13664,55703,537,1,107.95
13665,96100,47,1,911.63
13666,32127,605,1,31.92
13667,2448,166,1,2080.6
13668,4139,836,1,182
13669,71127,590,1,35.21
13670,12856,528,1,45.58
13671,90385,111,1,875.42
13672,31771,822,1,25.42
13673,89488,75,1,1706.59
13674,7977,844,1,432.51
13675,34023,250,1,176.33
13676,1916,703,2,68.35
13677,15066,681,1,140.36
13678,5501,823,1,158.01
13679,54175,67,3,612.82
13680,1778,414,1,287.44
13681,96141,835,3,205.95
13682,79486,116,1,2211.09
13683,7699,164,1,1320.66
13684,38644,640,1,73.07
13685,46180,839,1,232.84
13686,37675,172,1,220.1
13687,57720,701,2,92.7
13688,68583,672,1,160.18
13689,66130,609,2,65.41
13690,47178,394,1,387.51
13691,98643,301,1,36.64
13692,47443,847,3,82.79
13693,84708,725,1,98.54
13694,34442,105,1,2361.4
13695,58027,190,1,798.17
13696,36579,10,1,1709.69
13697,91118,191,1,500.92
13698,16524,295,1,52.91
13699,37073,409,1,479.24
13700,63437,663,1,103.09
13701,54374,160,1,1762.02
13702,98348,550,1,95.95
13703,8691,341,1,104.39
13704,41838,751,1,95.53
13705,52280,808,1,399.03
13706,6344,459,4,85.05
13707,84105,314,2,217.82
13708,14426,588,1,32.82
13709,34136,344,1,95.79
13710,60327,108,1,1836.25
13711,79746,137,1,1286.59
13712,25733,781,1,274.7
13713,16551,45,1,825.27
13714,36433,72,2,724.9
13715,35704,629,2,19.84
13716,62199,735,1,70.91
13717,98946,707,3,66.73
13718,21479,735,2,70.91
13719,38848,93,1,1850.93
13720,95651,524,1,106.66
13721,21674,468,2,448.77
13722,98021,136,1,930.82
13723,14876,653,1,100.32
13724,9339,646,1,158.39
13725,64084,167,1,926.76
13726,46921,834,2,115.52
13727,59887,807,1,406.4
13728,50971,686,2,96.04
13729,25241,340,1,47.41
13730,23087,354,1,58.86
13731,90161,564,2,14.35
13732,43141,175,1,1556.96
13733,98459,680,2,151.72
13734,25203,672,1,160.18
13735,34844,168,1,702.77
13736,13520,228,1,89.98
13737,28985,686,1,96.04
13738,29472,828,1,161.68
13739,30362,736,1,154.75
13740,99152,677,2,40.98
13741,84763,788,3,176.78
13742,7938,400,2,374.97
13743,84101,279,2,140.86
13744,38727,741,1,194.97
13745,50653,592,2,79.56
13746,72921,841,1,37.29
13747,48560,172,1,220.1
13748,51155,522,2,54.38
13749,21631,86,3,934.14
13750,97918,575,1,110.2
13751,88968,362,3,129.66
13752,64697,216,1,790.68
13753,23901,290,1,120.4
13754,90444,778,1,286.32
13755,59463,14,2,748.83
13756,65847,411,1,192
13757,75628,120,1,1327.9
13758,59373,316,1,139.67
13759,58668,94,2,1373.01
13760,39182,613,2,78.12
13761,82364,113,1,2468.65
13762,58518,713,3,84.65
13763,12818,457,1,43.15
13764,96519,431,1,130.19
13765,17071,28,2,1277.56
13766,12892,251,1,76.69
13767,73058,479,2,552.74
13768,21676,261,1,124.59
13769,72271,499,1,561.17
13770,59214,363,1,99.37
13771,69860,630,1,43.94
13772,44075,466,2,211.09
13773,20782,81,2,2179.45
13774,82519,68,1,1973.25
13775,11772,795,1,42.45
13776,69521,514,1,446.84
13777,44065,321,1,113.48
13778,91398,479,2,552.74
13779,12627,816,1,212.43
13780,56355,709,1,59.25
13781,51364,615,1,112.27
13782,99057,492,3,307.86
13783,77017,805,1,183.52
13784,76375,317,1,92.22
13785,13348,548,1,83.07
13786,60535,102,1,1536.79
13787,48454,232,1,106.09
13788,14868,460,2,119.48
13789,18980,388,1,144.01
13790,58086,837,2,390.61
13791,35183,4,2,1452.58
13792,95594,205,2,1469.58
13793,25371,98,1,1113.05
13794,89491,518,1,408.38
13795,14977,402,1,476.71
13796,93166,461,1,118.87
13797,25210,297,4,155.34
13798,49360,544,1,83.09
13799,83714,373,1,107.49
13800,77873,142,1,814.09
13801,45181,743,1,297.24
13802,4352,9,1,1457.94
13803,18942,779,2,285.39
13804,72679,786,1,385.84
13805,72033,56,1,2429.03
13806,12731,55,1,1450.93
13807,50155,202,1,476.93
13808,70285,95,1,1879.95
13809,90698,190,1,798.17
13810,31241,102,1,1536.79
13811,43897,135,1,2540.95
13812,36574,647,3,101.3
13813,44903,592,1,79.56
13814,84620,478,2,279.21
13815,99150,726,2,145.95
13816,63687,575,1,110.2
13817,34228,656,1,43.4
13818,33412,40,1,1136.17
13819,7443,441,1,102.35
13820,48073,33,1,421.17
13821,79583,699,1,47.24
13822,88083,173,1,1273.32
13823,7181,716,2,170.57
13824,51737,281,1,187.62
13825,71070,608,1,52.97
13826,15191,177,1,1666.57
13827,8047,381,2,119.17
13828,59632,250,1,176.33
13829,24257,318,1,60.45
13830,88134,730,2,48.49
13831,47393,339,1,101.75
13832,39290,514,2,446.84
13833,45148,706,1,201.34
13834,55570,348,3,34.82
13835,99527,110,1,456.84
13836,46178,638,1,57.93
13837,31407,45,2,825.27
13838,78153,55,1,1450.93
13839,98437,553,3,70.14
13840,62986,381,1,119.17
13841,38559,19,1,1121.09
13842,30957,494,1,148.01
13843,9134,492,1,307.86
13844,49390,300,2,44.81
13845,89768,503,2,188.72
13846,11345,578,2,123.63
13847,16397,407,1,216.15
13848,26336,759,1,375.56
13849,68602,368,1,192.86
13850,45973,429,1,202.76
13851,72341,576,1,129.84
13852,75054,294,4,85.44
13853,30968,105,1,2361.4
13854,78327,715,3,69.75
13855,73018,722,1,50.76
13856,44919,535,1,95.48
13857,48315,581,2,61.28
13858,46398,343,1,60.44
13859,85410,68,1,1973.25
13860,1162,87,2,1765.71
13861,65232,168,2,702.77
13862,45949,273,1,180.43
13863,67346,435,1,101.95
13864,39538,121,1,1989.62
13865,35108,107,1,1082
13866,35061,812,1,342.03
13867,87171,174,1,772.9
13868,78275,251,1,76.69
13869,46928,294,2,85.44
13870,83689,420,1,373.76
13871,25608,652,1,93.32
13872,16900,452,1,281.11
13873,73091,663,1,103.09
13874,10500,842,1,262.8
13875,78713,320,1,71.03
13876,2452,646,1,158.39
13877,8731,196,1,974.84
13878,79107,578,2,123.63
13879,59779,213,1,1572.75
13880,14964,222,2,116.61
13881,42286,191,1,500.92
13882,65899,715,2,69.75
13883,21913,605,1,31.92
13884,7764,334,1,50.93
13885,66873,405,1,192.25
13886,1215,814,1,395.25
13887,75940,411,1,192
13888,19081,277,1,161.99
13889,4525,251,1,76.69
13890,81431,363,1,99.37
13891,36437,657,1,62.42
13892,91632,387,1,179.63
13893,56505,407,1,216.15
13894,75811,743,3,297.24
13895,95343,145,1,867.39
13896,79265,687,1,98.13
13897,97378,772,2,346.25
13898,73035,828,1,161.68
13899,42162,732,1,139.82
13900,2703,457,1,43.15
13901,73256,230,1,127.46
13902,98609,732,1,139.82
13903,31641,670,1,62.57
13904,1459,264,1,108.54
13905,48899,106,1,810.12
13906,32645,222,1,116.61
13907,60397,296,1,109.15
13908,84136,219,5,1567.32
13909,27367,25,1,1165.72
13910,61017,322,1,143.41
13911,23818,267,2,139.87
13912,85666,771,1,93.15
13913,10321,830,3,191.83
13914,47104,302,1,110.6
13915,70661,483,1,240.01
13916,12270,73,1,133.34
13917,22369,432,1,378.9
13918,79768,144,1,893.7
13919,18858,770,3,332.54
13920,91966,154,1,1229.13
13921,84394,192,3,2315.69
13922,16442,293,1,168.08
13923,71486,733,1,112.26
13924,16373,643,1,54.43
13925,23562,287,2,100.46
13926,71780,167,1,926.76
13927,15478,302,1,110.6
13928,90539,479,2,552.74
13929,93852,454,1,480.12
13930,81681,563,1,33.62
13931,74646,169,1,336.57
13932,17748,316,1,139.67
13933,69809,201,2,1549.7
13934,57619,187,1,2020.76
13935,18812,827,1,161.51
13936,94295,548,1,83.07
13937,42256,717,1,143.37
13938,46947,502,2,271.9
13939,88549,662,1,198.38
13940,14418,775,2,320.37
13941,95493,150,2,857.31
13942,41396,720,3,123.41
13943,13594,447,1,584.32
13944,85845,754,1,158.39
13945,24256,781,1,274.7
13946,39538,648,1,114.52
13947,35445,623,2,53.5
13948,53393,492,1,307.86
13949,59001,364,1,112.89
13950,76149,6,1,643.98
13951,47941,389,2,372.78
13952,79716,787,2,233.8
13953,46927,142,2,814.09
13954,88561,713,1,84.65
13955,26617,798,1,227.6
13956,79871,591,1,33.88
13957,17753,395,1,199.29
13958,30338,784,1,161.33
13959,61902,678,2,75.52
13960,81425,131,1,1094.67
13961,40476,846,3,180.75
13962,63245,124,1,543.3
13963,17505,120,1,1327.9
13964,99674,247,1,94.97
13965,14503,171,1,1633.75
13966,4864,304,1,128.59
13967,34467,672,1,160.18
13968,95659,765,1,54.88
13969,62447,282,1,82.43
13970,31927,198,2,2315.24
13971,26982,838,1,165.94
13972,80265,323,2,132.78
13973,56457,798,1,227.6
13974,85367,56,2,2429.03
13975,25241,794,4,243.61
13976,30648,785,3,117.09
13977,81546,591,2,33.88
13978,82841,332,1,152.61
13979,70250,206,1,167.72
13980,60301,413,1,526.63
13981,74722,514,1,446.84
13982,85712,387,2,179.63
13983,82729,672,2,160.18
13984,30237,723,1,32.72
13985,56344,372,1,52.26
13986,1329,513,1,506.02
13987,20835,292,1,32.35
13988,21868,424,1,255.29
13989,95484,183,1,2443.07
13990,3088,655,1,79.63
13991,70851,121,1,1989.62
13992,12842,287,1,100.46
13993,42073,235,2,63.67
13994,98039,746,2,379.49
13995,92897,488,2,179.28
13996,79766,408,1,42.37
13997,91242,259,3,116.9
13998,40264,469,2,160.55
13999,33570,553,1,70.14
14000,5398,517,1,211.65
14001,11196,68,1,1973.25
14002,13119,29,1,1439.04
14003,93370,477,1,96.07
14004,23638,601,1,36.85
14005,69487,465,1,542.03
14006,91626,196,2,974.84
14007,22586,59,1,353.67
14008,65877,431,1,130.19
14009,98137,329,5,93.74
14010,63373,192,1,2315.69
14011,82856,146,3,320.86
14012,58323,659,1,109.2
14013,30439,59,2,353.67
14014,34737,609,4,65.41
14015,92956,232,1,106.09
14016,58442,567,1,55.35
14017,25219,297,1,155.34
14018,22711,408,1,42.37
14019,26660,749,1,384.4
14020,50866,495,1,243.47
14021,72144,735,1,70.91
14022,26618,7,2,398.8
14023,66122,625,1,77.06
14024,62500,614,1,27.16
14025,58389,673,3,35.45
14026,81402,157,2,1620.62
14027,57934,487,1,77.32
14028,71387,406,2,470.57
14029,58363,210,1,653.61
14030,35576,165,1,493.52
14031,57339,640,1,73.07
14032,68404,639,1,60.83
14033,21819,683,2,49.44
14034,63976,770,1,332.54
14035,92199,337,1,177.03
14036,48610,547,1,31.12
14037,25323,669,1,51.43
14038,9835,285,1,118.28
14039,97250,423,4,105.79
14040,76355,80,1,557.08
14041,56840,440,1,100.41
14042,83025,507,1,484.32
14043,45295,778,1,286.32
14044,22080,238,1,27.65
14045,54315,374,1,337.45
14046,16459,827,1,161.51
14047,94595,476,3,603.44
14048,23220,570,2,51.63
14049,85900,784,1,161.33
14050,11308,24,1,1004.36
14051,48444,416,2,237.73
14052,1073,841,2,37.29
14053,21514,370,1,41.18
14054,15773,401,3,111.92
14055,75900,694,1,57.93
14056,6869,555,1,112.86
14057,91197,117,1,1977.83
14058,16794,354,1,58.86
14059,95507,124,1,543.3
14060,90226,150,2,857.31
14061,21701,576,1,129.84
14062,62255,756,1,318.76
14063,83384,289,1,75.66
14064,73443,563,1,33.62
14065,27058,77,1,1880.83
14066,6103,131,1,1094.67
14067,14573,345,1,90.74
14068,2957,171,1,1633.75
14069,79897,262,1,238.23
14070,7246,386,1,403.91
14071,96087,591,2,33.88
14072,10978,670,1,62.57
14073,4521,552,2,108.39
14074,99507,744,1,207.32
14075,43173,460,1,119.48
14076,86631,801,1,280.08
14077,62920,574,1,77.48
14078,25449,19,1,1121.09
14079,38921,352,1,177.33
14080,83887,629,2,19.84
14081,70974,503,1,188.72
14082,12858,413,1,526.63
14083,19582,265,2,183.58
14084,26767,638,1,57.93
14085,55205,516,1,61.04
14086,1302,610,1,85.31
14087,15773,220,1,2128.96
14088,89350,742,1,149.39
14089,1379,334,1,50.93
14090,24448,551,1,67.02
14091,1101,636,2,81.59
14092,94442,664,1,57.36
14093,31992,5,2,644.02
14094,63960,363,1,99.37
14095,76597,734,1,91.41
14096,77199,247,2,94.97
14097,1768,356,2,129.5
14098,68977,44,1,2369.39
14099,70039,351,1,106.17
14100,77758,805,1,183.52
14101,85525,462,1,321.21
14102,82756,381,1,119.17
14103,11788,828,1,161.68
14104,85474,200,1,1905.88
14105,61964,153,1,621.19
14106,66516,803,1,231.37
14107,3882,554,1,71.05
14108,30651,172,1,220.1
14109,25115,307,1,108.22
14110,4035,528,1,45.58
14111,88493,187,1,2020.76
14112,45747,403,1,259.54
14113,67395,537,1,107.95
14114,73536,341,1,104.39
14115,68771,506,1,138.24
14116,36971,24,1,1004.36
14117,54245,4,2,1452.58
14118,79833,513,3,506.02
14119,34499,374,1,337.45
14120,12660,250,2,176.33
14121,34181,682,1,59.6
14122,47309,595,1,116.88
14123,14744,19,1,1121.09
14124,76743,616,1,122.24
14125,49792,573,2,55.72
14126,50160,320,1,71.03
14127,42488,344,1,95.79
14128,64789,193,1,2329.58
14129,13170,393,1,210.09
14130,63375,261,1,124.59
14131,28001,574,2,77.48
14132,10306,544,1,83.09
14133,28550,207,1,522.28
14134,79343,670,1,62.57
14135,49931,315,1,171.61
14136,38186,105,5,2361.4
14137,1647,98,1,1113.05
14138,52142,410,1,105.83
14139,26838,515,1,77.15
14140,26856,304,1,128.59
14141,35961,488,1,179.28
14142,25937,620,3,92.65
14143,64237,149,1,376.32
14144,65652,297,1,155.34
14145,23199,733,4,112.26
14146,96248,357,1,28.52
14147,20221,571,1,66.42
14148,96021,245,1,23.66
14149,13422,550,1,95.95
14150,17284,771,1,93.15
14151,80807,450,3,101.61
14152,74065,153,1,621.19
14153,51785,407,1,216.15
14154,58850,175,1,1556.96
14155,48357,802,1,107.98
14156,10989,792,1,234.78
14157,73939,527,2,57.31
14158,39785,188,1,1360.41
14159,62461,568,1,59.32
14160,27940,121,1,1989.62
14161,84295,244,1,86.8
14162,26329,553,1,70.14
14163,18540,605,1,31.92
14164,5042,274,1,195.72
14165,64181,705,1,32.06
14166,52936,834,2,115.52
14167,7978,696,2,103.81
14168,8031,158,1,1853.29
14169,27257,244,1,86.8
14170,36462,658,4,71.4
14171,6015,836,1,182
14172,95604,546,2,52.46
14173,89784,247,1,94.97
14174,21487,437,3,95.45
14175,30960,558,2,18.15
14176,31676,315,1,171.61
14177,1338,268,1,140.96
14178,18210,568,1,59.32
14179,76452,173,2,1273.32
14180,29181,701,1,92.7
14181,92201,243,1,196.32
14182,9184,773,1,99.41
14183,10601,663,4,103.09
14184,72006,259,1,116.9
14185,84008,409,1,479.24
14186,7528,700,1,85.88
14187,13879,95,1,1879.95
14188,54166,840,1,251.11
14189,84905,589,1,32.73
14190,3995,40,2,1136.17
14191,82064,829,3,292.82
14192,4453,685,1,170.52
14193,29523,204,1,2321.47
14194,39482,171,2,1633.75
14195,35758,138,1,1696.84
14196,13395,715,1,69.75
14197,25380,808,1,399.03
14198,29451,122,2,2310.87
14199,55590,808,2,399.03
14200,15072,175,4,1556.96
14201,44695,594,1,51.42
14202,88185,53,1,2521.54
14203,30604,537,1,107.95
14204,92090,182,1,551.45
14205,65080,616,1,122.24
14206,66254,777,3,130.57
14207,82820,638,1,57.93
14208,29618,616,1,122.24
14209,72381,117,2,1977.83
14210,78821,805,1,183.52
14211,21005,666,1,47.03
14212,48043,278,1,130.88
14213,79441,734,1,91.41
14214,72758,557,2,33.37
14215,19525,723,1,32.72
14216,91646,629,1,19.84
14217,70180,746,1,379.49
14218,55127,657,1,62.42
14219,78808,355,3,41.47
14220,78570,846,1,180.75
14221,9298,258,1,139.68
14222,69748,669,3,51.43
14223,21913,369,2,63.75
14224,25744,203,2,655.23
14225,89713,424,1,255.29
14226,51970,694,1,57.93
14227,75352,68,1,1973.25
14228,82811,385,1,364.27
14229,87676,771,2,93.15
14230,59792,382,1,344.3
14231,68769,805,2,183.52
14232,95556,337,3,177.03
14233,84850,616,1,122.24
14234,54708,652,1,93.32
14235,75098,568,2,59.32
14236,40298,707,1,66.73
14237,99766,502,2,271.9
14238,22402,325,1,213.64
14239,33498,6,1,643.98
14240,8550,827,2,161.51
14241,3323,513,1,506.02
14242,50146,818,3,176.25
14243,57654,446,1,522.5
14244,9378,74,1,2015.09
14245,45388,575,1,110.2
14246,85603,367,2,217.01
14247,35562,145,1,867.39
14248,37337,835,1,205.95
14249,34893,96,1,1237.53
14250,58726,581,1,61.28
14251,27853,108,3,1836.25
14252,5307,500,1,584.81
14253,5331,237,1,74.92
14254,39967,180,3,605.56
14255,92968,679,1,187.47
14256,12905,717,1,143.37
14257,55673,486,1,475.47
14258,37609,731,1,48.57
14259,55590,276,2,105.92
14260,17478,148,1,1254.83
14261,1303,657,3,62.42
14262,83813,207,1,522.28
14263,51369,719,4,42.9
14264,49285,778,1,286.32
14265,9741,266,1,148.88
14266,69332,395,1,199.29
14267,78017,53,1,2521.54
14268,21184,777,1,130.57
14269,41189,760,1,316.13
14270,84088,405,4,192.25
14271,94338,689,1,130.61
14272,74086,148,1,1254.83
14273,22825,421,4,396.57
14274,59051,350,1,126.51
14275,78879,417,2,183.3
14276,84639,699,1,47.24
14277,98885,514,2,446.84
14278,2386,298,1,66.54
14279,60121,736,2,154.75
14280,21757,329,1,93.74
14281,22532,477,1,96.07
14282,60843,120,3,1327.9
14283,48380,7,1,398.8
14284,39010,416,1,237.73
14285,45755,589,1,32.73
14286,61278,73,1,133.34
14287,17382,748,1,220.43
14288,27885,460,1,119.48
14289,11668,547,2,31.12
14290,1060,316,1,139.67
14291,24634,549,3,67.03
14292,53145,106,1,810.12
14293,8713,270,3,76.57
14294,48862,394,1,387.51
14295,33383,595,2,116.88
14296,68542,117,1,1977.83
14297,91366,345,1,90.74
14298,10463,595,1,116.88
14299,12010,131,1,1094.67
14300,3523,19,1,1121.09
14301,31701,371,1,110.74
14302,5264,792,1,234.78
14303,53157,757,1,246.69
14304,75305,108,2,1836.25
14305,74646,833,1,104.08
14306,60923,277,3,161.99
14307,84747,346,1,124.74
14308,57716,226,1,70.24
14309,12715,625,1,77.06
14310,15920,612,2,99.88
14311,36765,122,2,2310.87
14312,34187,347,2,128.17
14313,5854,485,1,292.09
14314,29652,68,3,1973.25
14315,11059,252,1,88.87
14316,7181,695,1,41.43
14317,57333,42,2,1240.21
14318,39023,446,2,522.5
14319,1264,813,2,98.39
14320,27989,839,1,232.84
14321,40408,687,1,98.13
14322,50797,22,1,609.78
14323,3583,678,1,75.52
14324,42123,13,2,2070.93
14325,11361,648,1,114.52
14326,61410,504,1,410.46
14327,76903,465,1,542.03
14328,15832,198,1,2315.24
14329,98316,93,1,1850.93
14330,69422,814,3,395.25
14331,31699,198,1,2315.24
14332,73810,246,1,201.57
14333,67852,837,2,390.61
14334,84970,90,1,1196.13
14335,10434,325,1,213.64
14336,26518,74,2,2015.09
14337,10326,129,1,147.78
14338,27556,761,1,107.7
14339,84864,538,5,43.54
14340,93884,648,5,114.52
14341,14962,802,2,107.98
14342,34619,577,1,34.72
14343,29364,346,1,124.74
14344,87878,597,1,82.6
14345,50412,570,1,51.63
14346,65196,677,1,40.98
14347,95483,29,1,1439.04
14348,51322,81,2,2179.45
14349,28972,687,2,98.13
14350,48255,748,2,220.43
14351,71548,850,1,237.95
14352,32228,250,1,176.33
14353,59654,743,1,297.24
14354,42243,691,1,66.88
14355,67281,316,5,139.67
14356,82549,7,1,398.8
14357,12010,191,1,500.92
14358,84889,791,1,108.25
14359,63438,370,1,41.18
14360,66703,310,3,73.64
14361,2307,371,1,110.74
14362,20842,372,1,52.26
14363,78975,494,1,148.01
14364,97936,691,1,66.88
14365,41835,288,2,112.41
14366,72108,278,1,130.88
14367,81712,406,1,470.57
14368,36212,48,2,1289.14
14369,10721,774,1,175.76
14370,30355,21,1,1481.54
14371,63504,450,1,101.61
14372,6061,181,2,960.96
14373,43125,207,3,522.28
14374,14291,490,1,466.11
14375,15776,579,2,64.34
14376,96181,261,2,124.59
14377,77707,647,1,101.3
14378,82525,441,2,102.35
14379,68751,784,1,161.33
14380,44181,107,2,1082
14381,45951,529,1,23.4
14382,36240,512,4,226.59
14383,47713,218,1,1811.21
14384,26733,416,2,237.73
14385,9803,334,1,50.93
14386,12421,752,1,411.24
14387,89854,474,1,466.85
14388,87797,522,1,54.38
14389,62470,753,1,249.45
14390,14554,586,1,42.98
14391,45960,599,3,38.98
14392,33648,121,1,1989.62
14393,85451,694,1,57.93
14394,28861,368,1,192.86
14395,79897,773,1,99.41
14396,91557,372,1,52.26
14397,66293,263,4,55.16
14398,7146,388,1,144.01
14399,9655,675,1,77.03
14400,41644,283,1,87.55
14401,85489,623,2,53.5
14402,28472,87,1,1765.71
14403,1622,26,2,1921.56
14404,16666,754,1,158.39
14405,12689,458,3,245.35
14406,81933,423,1,105.79
14407,69122,644,1,67.31
14408,29738,12,1,2721.53
14409,99637,780,1,254.38
14410,75397,376,1,191.89
14411,95063,716,1,170.57
14412,20344,680,1,151.72
14413,62938,396,1,503.93
14414,85101,598,4,37.17
14415,87931,253,1,175.8
14416,6371,386,1,403.91
14417,43464,270,1,76.57
14418,36058,611,1,20.37
14419,95446,450,2,101.61
14420,7748,174,1,772.9
14421,36203,715,1,69.75
14422,68814,421,2,396.57
14423,16769,167,1,926.76
14424,95996,728,1,135.75
14425,34060,189,2,1308.31
14426,71954,119,1,2295.88
14427,41282,578,1,123.63
14428,88029,69,1,449.82
14429,78346,33,1,421.17
14430,83614,10,1,1709.69
14431,75098,328,1,124.01
14432,62674,308,1,80.43
14433,18283,122,2,2310.87
14434,10162,551,2,67.02
14435,66053,817,1,236.52
14436,55481,314,1,217.82
14437,98254,344,1,95.79
14438,52521,481,1,312.06
14439,10955,645,2,42.2
14440,44444,497,1,291.81
14441,92142,351,1,106.17
14442,85139,282,5,82.43
14443,77229,730,3,48.49
14444,4837,592,2,79.56
14445,70665,7,1,398.8
14446,82207,462,2,321.21
14447,65261,46,1,1597.63
14448,39919,225,1,72.93
14449,73290,610,1,85.31
14450,99313,346,1,124.74
14451,1303,592,1,79.56
14452,96645,288,1,112.41
14453,55673,429,1,202.76
14454,78854,145,4,867.39
14455,36201,540,1,32.85
14456,3863,269,1,85.34
14457,78154,394,4,387.51
14458,79309,332,1,152.61
14459,83511,745,2,131.36
14460,4974,396,1,503.93
14461,71303,505,1,338.31
14462,6492,207,2,522.28
14463,77115,416,1,237.73
14464,58365,121,1,1989.62
14465,47198,24,2,1004.36
14466,63360,451,1,387.94
14467,51760,624,2,63.62
14468,86414,466,2,211.09
14469,77643,593,1,38.05
14470,48732,368,1,192.86
14471,93020,328,3,124.01
14472,51889,31,1,1472.03
14473,62898,585,2,78.72
14474,96238,336,1,33.43
14475,78578,233,1,118.05
14476,1827,209,1,128.3
14477,56694,399,3,372.92
14478,83076,805,1,183.52
14479,19884,7,1,398.8
14480,56023,172,1,220.1
14481,12239,171,2,1633.75
14482,94343,1,1,1018.58
14483,14229,702,1,29.47
14484,7470,471,1,44.33
14485,51942,704,1,44.41
14486,36443,677,1,40.98
14487,79340,615,1,112.27
14488,73745,62,1,845.49
14489,93659,136,1,930.82
14490,74562,819,1,67.91
14491,14292,473,1,75.58
14492,15127,90,3,1196.13
14493,26866,569,1,118.44
14494,92121,764,2,295.63
14495,22624,143,1,1244.23
14496,38104,54,1,2305.48
14497,83279,507,1,484.32
14498,90753,408,1,42.37
14499,98715,766,1,229.2
14500,22115,216,1,790.68
14501,36013,185,1,823.93
14502,55912,364,5,112.89
14503,35694,381,1,119.17
14504,3242,138,1,1696.84
14505,42560,142,4,814.09
14506,11222,42,1,1240.21
14507,79757,104,1,1266.38
14508,43690,738,1,140.26
14509,43970,86,1,934.14
14510,86206,121,1,1989.62
14511,98460,436,1,346.44
14512,18043,454,1,480.12
14513,3368,60,2,934.39
14514,63755,24,1,1004.36
14515,16181,136,3,930.82
14516,80184,830,1,191.83
14517,94546,204,2,2321.47
14518,42186,348,1,34.82
14519,91050,751,1,95.53
14520,27041,592,1,79.56
14521,3231,730,1,48.49
14522,28672,337,1,177.03
14523,89060,267,3,139.87
14524,85004,747,1,171.96
14525,26032,527,1,57.31
14526,66987,76,1,1764.12
14527,85334,679,1,187.47
14528,7003,241,1,206.75
14529,54468,431,1,130.19
14530,18212,314,1,217.82
14531,99113,31,1,1472.03
14532,58854,523,1,136.72
14533,72251,616,1,122.24
14534,55007,221,2,132.3
14535,4346,715,1,69.75
14536,19882,189,3,1308.31
14537,8089,610,1,85.31
14538,36677,398,1,230.52
14539,79052,206,1,167.72
14540,94314,207,3,522.28
14541,72341,331,1,84.86
14542,94958,61,1,1043.37
14543,40459,179,2,2506.19
14544,62646,247,1,94.97
14545,98833,257,3,204.86
14546,98559,673,1,35.45
14547,37807,234,1,104.53
14548,3091,488,1,179.28
14549,47856,108,1,1836.25
14550,63425,505,1,338.31
14551,23142,246,1,201.57
14552,84920,270,1,76.57
14553,3995,746,1,379.49
14554,15209,12,1,2721.53
14555,33039,610,1,85.31
14556,53793,849,1,207.15
14557,12193,493,1,178.11
14558,70977,376,3,191.89
14559,7640,290,2,120.4
14560,50148,253,2,175.8
14561,95730,267,1,139.87
14562,9381,612,1,99.88
14563,25425,295,1,52.91
14564,53390,167,1,926.76
14565,21670,207,2,522.28
14566,72467,156,1,798.5
14567,81511,395,1,199.29
14568,61067,745,2,131.36
14569,25858,370,1,41.18
14570,61644,849,2,207.15
14571,63624,491,1,240.43
14572,17299,420,1,373.76
14573,17584,653,1,100.32
14574,72720,67,1,612.82
14575,42281,217,1,934.5
14576,36367,376,2,191.89
14577,61138,651,1,36.69
14578,18590,356,1,129.5
14579,34857,779,2,285.39
14580,85221,261,4,124.59
14581,29432,384,1,455.69
14582,88377,574,1,77.48
14583,92256,678,1,75.52
14584,13659,255,1,59.87
14585,13604,849,1,207.15
14586,72101,161,1,1006.83
14587,3382,822,1,25.42
14588,55858,120,1,1327.9
14589,55166,783,1,136.46
14590,50241,154,1,1229.13
14591,25619,292,1,32.35
14592,34345,214,1,769.16
14593,69329,295,1,52.91
14594,47604,131,1,1094.67
14595,82259,820,1,158.47
14596,15509,577,1,34.72
14597,83402,754,1,158.39
14598,50380,468,1,448.77
14599,5000,50,2,699.69
14600,79361,178,1,1039.95
14601,12856,239,4,130.06
14602,40683,621,1,38.29
14603,76354,348,1,34.82
14604,30359,49,1,1342.93
14605,24452,70,2,2884.14
14606,29535,797,2,404.47
14607,52666,335,2,35.02
14608,41757,223,1,46.56
14609,56346,365,2,207.2
14610,97148,69,1,449.82
14611,36598,614,1,27.16
14612,52289,363,2,99.37
14613,69430,834,4,115.52
14614,74834,361,1,89.29
14615,14308,611,2,20.37
14616,31299,40,2,1136.17
14617,79974,603,1,37.61
14618,24940,344,2,95.79
14619,9997,380,4,179.57
14620,77564,558,1,18.15
14621,15311,91,1,565.72
14622,37699,507,4,484.32
14623,7029,623,1,53.5
14624,47825,561,2,86.98
14625,18656,762,2,152.14
14626,55706,481,2,312.06
14627,48587,649,1,134.51
14628,39036,806,1,292.37
14629,43848,566,2,74.04
14630,16041,85,1,910.42
14631,34396,614,1,27.16
14632,76443,145,4,867.39
14633,88185,433,4,307
14634,7145,516,1,61.04
14635,30464,204,1,2321.47
14636,4126,499,1,561.17
14637,21562,247,3,94.97
14638,47111,442,1,585.83
14639,99761,111,1,875.42
14640,95143,140,1,2736.66
14641,40656,848,1,495.21
14642,46563,455,2,115.87
14643,25141,116,1,2211.09
14644,3867,697,1,62.96
14645,74643,476,4,603.44
14646,49402,211,1,1347.08
14647,31851,550,1,95.95
14648,84133,442,1,585.83
14649,69244,783,1,136.46
14650,45054,477,1,96.07
14651,62822,368,1,192.86
14652,90305,600,2,20.67
14653,10696,726,1,145.95
14654,53502,70,1,2884.14
14655,8509,332,2,152.61
14656,49654,772,2,346.25
14657,59926,27,4,726.61
14658,8130,86,1,934.14
14659,63081,665,1,39.3
14660,55650,489,1,526.38
14661,89836,219,5,1567.32
14662,30589,746,1,379.49
14663,10868,740,2,73.03
14664,64697,494,2,148.01
14665,14035,135,1,2540.95
14666,67710,6,1,643.98
14667,46408,768,2,364.34
14668,57503,6,2,643.98
14669,74129,562,1,40.76
14670,82432,794,5,243.61
14671,99260,243,1,196.32
14672,18388,85,1,910.42
14673,81935,261,1,124.59
14674,42321,645,1,42.2
14675,23020,712,2,101.6
14676,31974,298,1,66.54
14677,81688,668,1,48.09
14678,19852,403,1,259.54
14679,30375,680,1,151.72
14680,13448,404,1,418.74
14681,93972,119,1,2295.88
14682,87614,57,1,488.73
14683,50685,197,1,1756.06
14684,63235,507,1,484.32
14685,4898,564,1,14.35
14686,23572,379,1,410.89
14687,28779,776,1,107.12
14688,12162,719,2,42.9
14689,79658,439,1,349.13
14690,63571,115,3,1529.93
14691,48681,253,1,175.8
14692,20863,805,3,183.52
14693,57546,151,2,2364.58
14694,57442,606,1,61.43
14695,33446,365,2,207.2
14696,36808,663,1,103.09
14697,60121,169,1,336.57
14698,29157,497,3,291.81
14699,83279,303,1,112.09
14700,85492,217,1,934.5
14701,21576,817,2,236.52
14702,1193,459,1,85.05
14703,6768,134,1,955.11
14704,76229,400,2,374.97
14705,5347,346,2,124.74
14706,35174,781,1,274.7
14707,58667,4,3,1452.58
14708,23709,75,1,1706.59
14709,47643,160,1,1762.02
14710,66860,156,1,798.5
14711,85340,761,2,107.7
14712,56159,336,1,33.43
14713,93112,236,1,145.03
14714,73578,518,1,408.38
14715,19514,168,1,702.77
14716,80808,501,1,345.02
14717,81511,72,2,724.9
14718,99126,38,1,512.7
14719,95437,818,1,176.25
14720,66797,644,1,67.31
14721,99834,829,4,292.82
14722,23821,287,1,100.46
14723,68740,41,1,571.32
14724,67026,367,1,217.01
14725,94653,31,1,1472.03
14726,59147,391,1,595.91
14727,89786,414,2,287.44
14728,77503,128,1,2170.64
14729,36461,727,2,45.19
14730,90610,248,1,220.15
14731,63749,724,1,125.26
14732,19393,584,1,50.02
14733,63808,729,1,53.27
14734,74861,535,1,95.48
14735,28690,462,1,321.21
14736,6704,445,3,409.82
14737,46952,320,2,71.03
14738,42295,7,1,398.8
14739,17034,756,1,318.76
14740,39177,763,2,135.61
14741,57710,610,1,85.31
14742,44414,546,1,52.46
14743,61627,595,3,116.88
14744,35449,190,2,798.17
14745,9611,7,1,398.8
14746,21014,661,1,70.59
14747,89981,519,3,587.38
14748,2294,414,2,287.44
14749,89617,210,1,653.61
14750,51146,90,1,1196.13
14751,77269,149,1,376.32
14752,43329,692,1,78.86
14753,41418,540,1,32.85
14754,75725,55,1,1450.93
14755,25296,510,1,359.27
14756,83688,594,1,51.42
14757,97845,188,1,1360.41
14758,78808,247,1,94.97
14759,94973,829,1,292.82
14760,67618,387,1,179.63
14761,10143,487,1,77.32
14762,55706,140,1,2736.66
14763,1948,34,1,2576.39
14764,17529,615,1,112.27
14765,49497,291,2,30.01
14766,62619,226,1,70.24
14767,10321,364,4,112.89
14768,51763,287,1,100.46
14769,85696,123,1,922.12
14770,26970,599,1,38.98
14771,75515,766,4,229.2
14772,62342,400,2,374.97
14773,81993,367,2,217.01
14774,89938,79,4,990.72
14775,94701,380,1,179.57
14776,94322,463,1,370.25
14777,76775,499,1,561.17
14778,61643,709,1,59.25
14779,46695,686,2,96.04
14780,9876,456,1,254.58
14781,5606,21,1,1481.54
14782,71968,244,2,86.8
14783,4595,594,2,51.42
14784,19059,661,2,70.59
14785,67664,402,1,476.71
14786,22105,466,4,211.09
14787,67723,573,3,55.72
14788,54420,278,1,130.88
14789,35731,590,1,35.21
14790,47200,206,1,167.72
14791,77474,442,1,585.83
14792,57548,667,1,58.31
14793,38255,266,1,148.88
14794,25219,304,2,128.59
14795,77545,552,1,108.39
14796,77624,782,1,220.16
14797,27523,40,1,1136.17
14798,11109,206,1,167.72
14799,98428,751,2,95.53
14800,65110,197,3,1756.06
14801,18600,243,1,196.32
14802,50260,692,3,78.86
14803,4763,142,1,814.09
14804,74671,728,1,135.75
14805,63233,115,1,1529.93
14806,44625,818,2,176.25
14807,65894,143,1,1244.23
14808,68708,136,1,930.82
14809,76943,414,1,287.44
14810,23224,782,1,220.16
14811,41470,222,1,116.61
14812,21393,165,2,493.52
14813,31830,735,2,70.91
14814,15821,582,2,141.03
14815,36804,732,1,139.82
14816,56430,630,3,43.94
14817,69232,619,1,100.91
14818,12420,521,2,74.48
14819,86210,443,2,210.88
14820,8753,636,2,81.59
14821,60270,149,1,376.32
14822,68295,286,3,31.89
14823,92283,575,2,110.2
14824,96248,674,2,91.61
14825,58323,825,1,218.42
14826,5151,668,1,48.09
14827,12671,711,1,128.83
14828,65833,805,1,183.52
14829,24845,538,1,43.54
14830,28145,272,1,164.9
14831,95702,491,2,240.43
14832,67224,748,3,220.43
14833,76654,270,1,76.57
14834,16038,774,1,175.76
14835,52574,771,1,93.15
14836,38156,120,1,1327.9
14837,28351,224,1,86.46
14838,6122,658,1,71.4
14839,55061,314,1,217.82
14840,12834,5,1,644.02
14841,63425,287,1,100.46
14842,96008,302,1,110.6
14843,38179,443,1,210.88
14844,61240,827,2,161.51
14845,1640,73,1,133.34
14846,28295,434,1,110.92
14847,17241,452,2,281.11
14848,16729,537,1,107.95
14849,67561,7,4,398.8
14850,81308,140,1,2736.66
14851,74555,641,2,20.23
14852,79004,360,1,117.81
14853,82276,608,1,52.97
14854,34282,190,1,798.17
14855,8337,252,1,88.87
14856,90998,670,1,62.57
14857,4516,367,1,217.01
14858,93120,131,1,1094.67
14859,62152,669,2,51.43
14860,18795,774,1,175.76
14861,59627,48,1,1289.14
14862,47567,593,1,38.05
14863,67678,69,1,449.82
14864,62672,766,2,229.2
14865,8869,480,1,266.64
14866,54371,185,1,823.93
14867,2073,53,1,2521.54
14868,23134,360,1,117.81
14869,95979,416,1,237.73
14870,80165,54,2,2305.48
14871,56830,294,1,85.44
14872,37277,661,1,70.59
14873,76455,628,1,92.54
14874,5908,402,1,476.71
14875,81732,213,1,1572.75
14876,56214,359,1,206.65
14877,30732,308,1,80.43
14878,58191,228,3,89.98
14879,28368,504,1,410.46
14880,13682,393,1,210.09
14881,70323,839,1,232.84
14882,15053,778,2,286.32
14883,75667,209,1,128.3
14884,66105,498,1,98.36
14885,70050,827,1,161.51
14886,62447,522,1,54.38
14887,65107,203,1,655.23
14888,98421,364,1,112.89
14889,25619,762,1,152.14
14890,45713,708,2,138.81
14891,67678,662,1,198.38
14892,9048,36,1,1992.63
14893,13014,504,1,410.46
14894,95330,9,1,1457.94
14895,35472,651,1,36.69
14896,78070,34,2,2576.39
14897,23834,748,1,220.43
14898,13594,472,1,553.66
14899,87847,43,2,310.32
14900,26706,434,2,110.92
14901,84887,838,1,165.94
14902,99593,93,1,1850.93
14903,93793,746,1,379.49
14904,40673,738,4,140.26
14905,73820,259,4,116.9
14906,77127,288,1,112.41
14907,87977,386,4,403.91
14908,56742,787,4,233.8
14909,11416,502,1,271.9
14910,1035,63,1,2058.51
14911,11832,165,1,493.52
14912,71198,452,2,281.11
14913,65891,8,1,2190.96
14914,47659,258,1,139.68
14915,9875,205,1,1469.58
14916,32983,530,1,110.63
14917,85189,834,1,115.52
14918,12761,474,3,466.85
14919,69303,542,1,75.76
14920,6167,76,3,1764.12
14921,3348,267,3,139.87
14922,79476,651,1,36.69
14923,24055,840,1,251.11
14924,27251,208,1,1599.96
14925,81587,631,1,120.31
14926,32845,768,1,364.34
14927,47008,773,1,99.41
14928,72411,492,2,307.86
14929,8002,188,1,1360.41
14930,75746,844,1,432.51
14931,42728,397,1,441.12
14932,73175,22,1,609.78
14933,67821,257,1,204.86
14934,60503,54,1,2305.48
14935,15858,198,1,2315.24
14936,6156,667,1,58.31
14937,79485,666,1,47.03
14938,40062,152,1,794.45
14939,72009,815,2,360.06
14940,70337,541,1,131.23
14941,4957,96,1,1237.53
14942,23834,365,1,207.2
14943,85598,721,4,173.77
14944,51535,68,1,1973.25
14945,89174,104,1,1266.38
14946,11625,704,2,44.41
14947,25082,845,1,106.71
14948,90444,607,5,40.2
14949,79412,114,1,1991.76
14950,92519,417,1,183.3
14951,71281,277,3,161.99
14952,47361,591,1,33.88
14953,78489,620,4,92.65
14954,61814,373,3,107.49
14955,20383,292,4,32.35
14956,90428,215,1,1720.21
14957,69966,283,1,87.55
14958,85355,228,2,89.98
14959,26860,559,1,93.58
14960,52494,707,1,66.73
14961,88149,712,1,101.6
14962,40066,185,2,823.93
14963,10829,124,1,543.3
14964,95200,346,1,124.74
14965,27703,651,1,36.69
14966,35302,510,2,359.27
14967,37144,393,2,210.09
14968,55893,71,1,1883.64
14969,19338,591,2,33.88
14970,39429,826,2,394.47
14971,34970,437,1,95.45
14972,11705,594,1,51.42
14973,82378,144,1,893.7
14974,41266,336,1,33.43
14975,23059,80,2,557.08
14976,10276,815,1,360.06
14977,52180,269,1,85.34
14978,77960,414,1,287.44
14979,19351,202,1,476.93
14980,48204,38,1,512.7
14981,85885,835,1,205.95
14982,45427,56,1,2429.03
14983,52368,806,1,292.37
14984,92216,73,1,133.34
14985,64245,17,2,899.25
14986,99892,20,2,877.84
14987,38281,134,2,955.11
14988,75338,34,1,2576.39
14989,5132,779,1,285.39
14990,7685,850,1,237.95
14991,94146,225,3,72.93
14992,16899,643,1,54.43
14993,96810,27,1,726.61
14994,4381,662,1,198.38
14995,78646,508,2,416.15
14996,41619,254,2,79.63
14997,85209,422,4,395.38
14998,34529,607,1,40.2
14999,17580,50,4,699.69
15000,19852,799,1,275.79
15001,94860,231,2,161.14
15002,26775,749,1,384.4
15003,27957,389,2,372.78
15004,85197,262,1,238.23
15005,6866,319,4,57.84
15006,6124,181,1,960.96
15007,94446,427,2,235.15
15008,71295,86,2,934.14
15009,46861,136,4,930.82
15010,2897,796,1,361.44
15011,31519,317,1,92.22
15012,20572,687,2,98.13
15013,67503,570,1,51.63
15014,47594,743,1,297.24
15015,86462,799,2,275.79
15016,80037,285,2,118.28
15017,15752,307,1,108.22
15018,8323,56,1,2429.03
15019,86418,118,1,702.86
15020,53590,717,4,143.37
15021,11274,681,1,140.36
15022,63437,624,1,63.62
15023,53854,450,2,101.61
15024,73617,260,2,47.28
15025,18528,753,1,249.45
15026,22098,420,1,373.76
15027,94040,294,1,85.44
15028,37337,408,1,42.37
15029,80494,554,1,71.05
15030,56694,321,1,113.48
15031,12533,261,2,124.59
15032,90893,596,1,62.64
15033,29332,751,1,95.53
15034,60105,293,1,168.08
15035,72950,834,1,115.52
15036,98903,605,1,31.92
15037,43065,629,1,19.84
15038,77759,147,1,1476.49
15039,84763,254,1,79.63
15040,11416,638,1,57.93
15041,45773,649,2,134.51
15042,35510,805,3,183.52
15043,31577,812,1,342.03
15044,32933,283,1,87.55
15045,13449,703,1,68.35
15046,23310,418,1,195.16
15047,91959,236,1,145.03
15048,8967,255,3,59.87
15049,61131,187,1,2020.76
15050,12809,280,2,161.38
15051,52916,249,3,218.37
15052,15803,650,1,88.13
15053,32976,293,1,168.08
15054,64175,435,1,101.95
15055,70593,740,1,73.03
15056,83457,510,2,359.27
15057,64890,257,1,204.86
15058,95989,328,1,124.01
15059,36405,377,3,431.36
15060,27382,787,2,233.8
15061,66100,690,1,51.49
15062,19526,493,1,178.11
15063,26982,819,1,67.91
15064,94171,58,1,720
15065,55203,255,2,59.87
15066,12869,37,1,899.87
15067,80910,416,1,237.73
15068,63800,188,1,1360.41
15069,58764,8,2,2190.96
15070,28806,777,1,130.57
15071,6916,105,2,2361.4
15072,54075,3,2,1772.05
15073,96640,334,1,50.93
15074,18500,396,1,503.93
15075,62581,79,2,990.72
15076,26340,544,1,83.09
15077,99097,357,1,28.52
15078,23375,648,2,114.52
15079,4116,196,2,974.84
15080,80771,305,2,145.78
15081,1364,476,1,603.44
15082,69714,619,1,100.91
15083,45615,63,1,2058.51
15084,23616,137,4,1286.59
15085,20448,526,1,62.16
15086,59896,679,1,187.47
15087,15712,17,1,899.25
15088,35987,94,1,1373.01
15089,82728,200,1,1905.88
15090,3678,277,1,161.99
15091,5001,23,1,879.34
15092,70674,527,1,57.31
15093,19690,159,3,791.31
15094,66703,650,2,88.13
15095,62784,94,1,1373.01
15096,82098,34,1,2576.39
15097,55519,576,1,129.84
15098,71709,657,3,62.42
15099,14977,826,2,394.47
15100,27176,599,3,38.98
15101,75351,606,1,61.43
15102,57951,285,1,118.28
15103,43587,729,3,53.27
15104,54563,101,1,297.32
15105,41364,768,1,364.34
15106,70514,345,3,90.74
15107,77503,356,1,129.5
15108,15919,164,1,1320.66
15109,10077,295,3,52.91
15110,70977,792,4,234.78
15111,43674,751,2,95.53
15112,91923,20,1,877.84
15113,72335,715,1,69.75
15114,51969,643,1,54.43
15115,79133,64,1,987.78
15116,65758,153,1,621.19
15117,98460,349,4,87.41
15118,60000,393,2,210.09
15119,2058,113,1,2468.65
15120,7556,606,1,61.43
15121,32990,801,2,280.08
15122,65816,451,2,387.94
15123,7083,718,1,185.18
15124,26108,799,2,275.79
15125,46485,490,1,466.11
15126,50820,125,1,775.3
15127,50601,262,4,238.23
15128,96777,210,1,653.61
15129,99992,249,2,218.37
15130,55403,536,4,128.45
15131,13301,225,1,72.93
15132,48740,601,5,36.85
15133,7726,838,1,165.94
15134,50499,620,1,92.65
15135,47840,502,1,271.9
15136,59351,291,1,30.01
15137,36601,733,1,112.26
15138,13407,784,1,161.33
15139,21207,669,3,51.43
15140,44599,600,1,20.67
15141,88365,653,1,100.32
15142,56468,166,1,2080.6
15143,93038,368,2,192.86
15144,21324,419,1,332.33
15145,12902,653,1,100.32
15146,94332,504,1,410.46
15147,22286,703,1,68.35
15148,18736,379,1,410.89
15149,95904,630,1,43.94
15150,43317,475,1,268.5
15151,58333,37,2,899.87
15152,13179,417,1,183.3
15153,10696,35,1,2688.65
15154,18970,267,2,139.87
15155,32117,389,1,372.78
15156,97385,53,1,2521.54
15157,75238,276,2,105.92
15158,38821,205,1,1469.58
15159,92545,801,1,280.08
15160,49067,558,1,18.15
15161,28433,5,1,644.02
15162,40520,273,2,180.43
15163,98182,559,1,93.58
15164,10626,431,1,130.19
15165,14613,578,1,123.63
15166,81732,796,1,361.44
15167,20794,221,3,132.3
15168,93038,9,4,1457.94
15169,14404,621,1,38.29
15170,6571,556,1,56.33
15171,67631,30,1,358.22
15172,79974,186,1,1591.62
15173,56987,333,1,23.12
15174,49062,122,2,2310.87
15175,97155,244,1,86.8
15176,96088,589,1,32.73
15177,69880,332,1,152.61
15178,41184,598,1,37.17
15179,38594,568,1,59.32
15180,15496,637,3,92.71
15181,58017,363,1,99.37
15182,44784,662,1,198.38
15183,96834,222,1,116.61
15184,4735,282,1,82.43
15185,2709,500,1,584.81
15186,49872,691,4,66.88
15187,74082,386,2,403.91
15188,30679,694,2,57.93
15189,7288,572,1,97.56
15190,35638,106,1,810.12
15191,35903,482,1,343.8
15192,51246,248,1,220.15
15193,18642,447,1,584.32
15194,27131,135,1,2540.95
15195,86486,799,1,275.79
15196,9802,542,5,75.76
15197,85565,170,1,1435.76
15198,46887,39,1,1650.03
15199,95499,732,1,139.82
15200,89182,778,1,286.32
15201,2805,97,1,1294.45
15202,50756,102,1,1536.79
15203,78922,155,2,2869.59
15204,8291,59,1,353.67
15205,29720,167,3,926.76
15206,7765,287,1,100.46
15207,94439,131,1,1094.67
15208,92926,591,1,33.88
15209,19519,649,1,134.51
15210,74797,658,1,71.4
15211,40647,729,4,53.27
15212,4910,838,4,165.94
15213,78511,737,3,74.87
15214,57060,192,2,2315.69
15215,47186,411,1,192
15216,52211,180,1,605.56
15217,73293,728,1,135.75
15218,35520,817,1,236.52
15219,22623,618,1,45.85
15220,12829,479,5,552.74
15221,4449,798,1,227.6
15222,99198,542,1,75.76
15223,95628,54,1,2305.48
15224,86762,138,1,1696.84
15225,47607,428,2,463.98
15226,28857,731,1,48.57
15227,82554,492,1,307.86
15228,34300,650,2,88.13
15229,42100,652,1,93.32
15230,48603,396,1,503.93
15231,94564,704,1,44.41
15232,44491,341,1,104.39
15233,6492,93,4,1850.93
15234,14953,603,1,37.61
15235,75965,474,1,466.85
15236,43570,404,1,418.74
15237,15270,247,1,94.97
15238,81073,222,1,116.61
15239,1535,341,1,104.39
15240,88295,155,1,2869.59
15241,32505,36,1,1992.63
15242,15336,798,1,227.6
15243,44983,811,1,465.41
15244,59340,276,1,105.92
15245,56643,632,1,159.73
15246,72772,260,1,47.28
15247,13639,196,3,974.84
15248,9880,132,1,765.52
15249,58456,320,1,71.03
15250,45820,769,1,160.34
15251,45427,583,1,64.38
15252,45550,80,1,557.08
15253,57398,323,1,132.78
15254,90032,781,2,274.7
15255,50892,147,2,1476.49
15256,13270,92,1,1722.95
15257,24472,95,1,1879.95
15258,69332,784,2,161.33
15259,44800,317,1,92.22
15260,42052,324,1,74.81
15261,8386,166,1,2080.6
15262,91056,164,2,1320.66
15263,13826,502,1,271.9
15264,16177,563,1,33.62
15265,25973,201,5,1549.7
15266,71934,244,1,86.8
15267,58896,35,2,2688.65
15268,46226,563,1,33.62
15269,90894,322,1,143.41
15270,91182,522,1,54.38
15271,33812,843,1,116.02
15272,68981,190,1,798.17
15273,18858,198,3,2315.24
15274,75461,167,1,926.76
15275,4935,761,2,107.7
15276,61294,370,2,41.18
15277,65350,830,1,191.83
15278,29189,775,1,320.37
15279,1955,612,2,99.88
15280,66237,183,1,2443.07
15281,30595,672,1,160.18
15282,62620,634,1,92.64
15283,47838,387,1,179.63
15284,14324,534,1,70.5
15285,8314,825,1,218.42
15286,62912,490,1,466.11
15287,43534,28,1,1277.56
15288,25401,506,1,138.24
15289,42534,304,1,128.59
15290,46434,186,2,1591.62
15291,80099,803,2,231.37
15292,46844,498,1,98.36
15293,32657,294,2,85.44
15294,95325,776,1,107.12
15295,3083,350,1,126.51
15296,58339,453,1,228.77
15297,7161,425,1,85.89
15298,85173,28,1,1277.56
15299,16641,169,1,336.57
15300,12588,310,1,73.64
15301,82968,457,2,43.15
15302,68042,472,4,553.66
15303,63505,169,2,336.57
15304,37811,108,1,1836.25
15305,6686,326,4,148.27
15306,70303,686,1,96.04
15307,44004,139,3,999.63
15308,46757,27,1,726.61
15309,84769,92,1,1722.95
15310,76533,782,1,220.16
15311,60807,470,1,543.54
15312,66962,444,1,209.61
15313,34189,168,1,702.77
15314,40569,715,3,69.75
15315,66886,518,2,408.38
15316,95310,133,1,566.35
15317,97655,555,1,112.86
15318,81138,216,2,790.68
15319,91969,437,2,95.45
15320,45843,659,4,109.2
15321,46620,695,3,41.43
15322,10315,574,1,77.48
15323,27651,632,1,159.73
15324,40371,295,1,52.91
15325,87908,316,1,139.67
15326,38923,764,1,295.63
15327,42089,519,1,587.38
15328,14678,372,2,52.26
15329,46321,492,1,307.86
15330,22459,31,3,1472.03
15331,85278,204,1,2321.47
15332,62491,346,1,124.74
15333,88872,351,4,106.17
15334,87551,596,1,62.64
15335,93575,308,1,80.43
15336,54421,270,1,76.57
15337,26369,844,1,432.51
15338,16696,702,1,29.47
15339,46663,140,1,2736.66
15340,9563,607,1,40.2
15341,62345,125,1,775.3
15342,46782,293,1,168.08
15343,40223,192,1,2315.69
15344,77971,411,1,192
15345,59751,816,1,212.43
15346,27496,162,1,1527.43
15347,58140,547,2,31.12
15348,70562,791,1,108.25
15349,82348,264,2,108.54
15350,69319,7,1,398.8
15351,13941,696,1,103.81
15352,53213,177,1,1666.57
15353,25640,563,3,33.62
15354,9142,488,1,179.28
15355,57757,640,1,73.07
15356,21958,118,1,702.86
15357,54470,343,1,60.44
15358,9400,191,1,500.92
15359,17216,682,1,59.6
15360,92316,364,1,112.89
15361,95034,307,3,108.22
15362,24157,635,1,40.19
15363,58653,360,1,117.81
15364,46140,531,1,101.94
15365,4565,623,1,53.5
15366,28929,406,1,470.57
15367,2620,485,1,292.09
15368,34196,440,2,100.41
15369,52214,436,1,346.44
15370,25892,604,1,28.08
15371,39023,662,1,198.38
15372,27610,86,1,934.14
15373,62507,66,2,1334.73
15374,81342,802,3,107.98
15375,99224,567,1,55.35
15376,67087,185,1,823.93
15377,13518,729,5,53.27
15378,52789,192,2,2315.69
15379,23525,268,1,140.96
15380,49192,842,1,262.8
15381,57133,772,2,346.25
15382,61713,4,1,1452.58
15383,11336,615,2,112.27
15384,59681,86,1,934.14
15385,20169,605,1,31.92
15386,48867,341,2,104.39
15387,55475,520,3,133.3
15388,58027,518,1,408.38
15389,69702,148,1,1254.83
15390,78922,653,1,100.32
15391,97655,347,1,128.17
15392,41069,764,1,295.63
15393,17389,421,2,396.57
15394,24368,588,1,32.82
15395,61992,38,1,512.7
15396,93666,406,1,470.57
15397,25497,18,1,1298.49
15398,72617,111,1,875.42
15399,60260,462,1,321.21
15400,73051,496,1,203.6
15401,88164,716,1,170.57
15402,14376,559,1,93.58
15403,92168,335,1,35.02
15404,76135,215,1,1720.21
15405,14575,249,2,218.37
15406,16608,11,2,243.48
15407,15140,158,2,1853.29
15408,89241,451,1,387.94
15409,77440,258,1,139.68
15410,72476,87,1,1765.71
15411,62400,419,1,332.33
15412,31014,6,1,643.98
15413,50401,688,1,62.01
15414,38681,268,1,140.96
15415,43160,586,1,42.98
15416,45054,577,1,34.72
15417,91746,169,1,336.57
15418,55205,481,1,312.06
15419,70285,628,2,92.54
15420,89311,3,1,1772.05
15421,86831,590,2,35.21
15422,44100,379,1,410.89
15423,73737,816,1,212.43
15424,46716,493,1,178.11
15425,75770,202,1,476.93
15426,26497,422,1,395.38
15427,69883,130,3,1270.67
15428,3038,370,2,41.18
15429,14949,292,1,32.35
15430,84535,3,1,1772.05
15431,15885,19,1,1121.09
15432,91004,630,1,43.94
15433,6248,425,1,85.89
15434,18790,797,1,404.47
15435,69124,389,1,372.78
15436,62619,651,2,36.69
15437,59062,39,1,1650.03
15438,43081,21,3,1481.54
15439,10687,591,1,33.88
15440,35033,683,1,49.44
15441,39525,530,1,110.63
15442,4380,19,1,1121.09
15443,48852,101,3,297.32
15444,56426,634,1,92.64
15445,65219,206,1,167.72
15446,85334,182,1,551.45
15447,68024,655,1,79.63
15448,78780,311,1,96.54
15449,35304,424,1,255.29
15450,25455,56,1,2429.03
15451,78864,118,1,702.86
15452,38823,14,1,748.83
15453,65947,636,2,81.59
15454,11929,781,5,274.7
15455,13368,754,1,158.39
15456,16941,325,1,213.64
15457,74323,327,1,114.31
15458,55003,396,3,503.93
15459,71588,123,2,922.12
15460,38176,545,2,77.05
15461,33378,565,2,51.83
15462,47123,738,1,140.26
15463,43995,112,1,654.43
15464,74551,229,1,188.3
15465,61974,416,1,237.73
15466,24061,839,1,232.84
15467,63204,626,2,53.36
15468,30871,622,2,40.46
15469,77811,76,1,1764.12
15470,84675,736,1,154.75
15471,89668,653,1,100.32
15472,39010,368,1,192.86
15473,96948,742,1,149.39
15474,87100,760,1,316.13
15475,31101,14,1,748.83
15476,68921,433,1,307
15477,92382,762,2,152.14
15478,29915,381,5,119.17
15479,89335,827,1,161.51
15480,10469,558,2,18.15
15481,21346,462,1,321.21
15482,13908,489,2,526.38
15483,68865,625,2,77.06
15484,13094,598,1,37.17
15485,71447,190,2,798.17
15486,65797,66,4,1334.73
15487,2956,726,2,145.95
15488,69376,651,1,36.69
15489,26223,194,1,1529.24
15490,91962,79,1,990.72
15491,44096,186,1,1591.62
15492,55481,558,1,18.15
15493,41197,756,1,318.76
15494,13088,771,5,93.15
15495,85776,444,2,209.61
15496,69439,807,1,406.4
15497,49688,689,1,130.61
15498,63181,827,2,161.51
15499,46881,544,1,83.09
15500,46379,656,2,43.4
15501,65412,529,1,23.4
15502,29563,539,1,60.5
15503,28666,307,1,108.22
15504,25567,444,2,209.61
15505,18270,590,1,35.21
15506,16313,250,1,176.33
15507,45083,777,3,130.57
15508,46164,306,3,226.09
15509,73884,257,1,204.86
15510,18550,525,1,106.03
15511,85184,284,1,46.63
15512,8804,89,1,2273.66
15513,1910,347,2,128.17
15514,79343,541,1,131.23
15515,59727,375,1,94.51
15516,94587,74,2,2015.09
15517,30740,5,1,644.02
15518,14558,542,1,75.76
15519,61597,45,5,825.27
15520,65552,288,1,112.41
15521,70674,612,1,99.88
15522,6714,122,1,2310.87
15523,67010,53,1,2521.54
15524,41793,173,2,1273.32
15525,18950,620,1,92.65
15526,17186,778,5,286.32
15527,70090,602,1,45.99
15528,2667,422,1,395.38
15529,9386,796,1,361.44
15530,69701,194,1,1529.24
15531,29116,498,2,98.36
15532,55741,786,1,385.84
15533,78520,764,4,295.63
15534,53699,130,4,1270.67
15535,69160,501,1,345.02
15536,30863,379,1,410.89
15537,67025,500,1,584.81
15538,51977,163,1,1530.22
15539,78808,382,1,344.3
15540,10564,35,1,2688.65
15541,14741,731,1,48.57
15542,71778,194,4,1529.24
15543,93419,342,2,101.64
15544,46717,792,1,234.78
15545,87522,149,1,376.32
15546,4613,516,1,61.04
15547,11193,350,1,126.51
15548,1088,848,1,495.21
15549,62595,213,1,1572.75
15550,47351,39,1,1650.03
15551,54345,778,1,286.32
15552,27005,248,1,220.15
15553,61097,245,1,23.66
15554,33312,843,1,116.02
15555,66131,686,3,96.04
15556,22889,549,1,67.03
15557,59143,469,2,160.55
15558,29928,608,1,52.97
15559,95086,715,1,69.75
15560,1875,441,1,102.35
15561,87546,437,1,95.45
15562,88929,446,1,522.5
15563,27706,649,1,134.51
15564,45884,278,1,130.88
15565,49723,362,2,129.66
15566,85877,533,2,152.22
15567,12152,504,1,410.46
15568,95529,450,1,101.61
15569,51053,778,1,286.32
15570,31725,600,1,20.67
15571,16389,248,1,220.15
15572,79520,196,1,974.84
15573,30954,725,2,98.54
15574,67603,763,2,135.61
15575,71797,777,2,130.57
15576,78402,385,2,364.27
15577,42820,383,1,311.85
15578,39431,402,1,476.71
15579,10463,470,1,543.54
15580,2958,838,1,165.94
15581,33578,87,1,1765.71
15582,39769,456,1,254.58
15583,50002,670,1,62.57
15584,30800,790,2,418.19
15585,22614,629,3,19.84
15586,76975,771,1,93.15
15587,92792,642,2,66.69
15588,72358,496,1,203.6
15589,70296,373,4,107.49
15590,23730,92,1,1722.95
15591,88649,484,2,311.22
15592,33104,638,1,57.93
15593,39106,704,1,44.41
15594,97913,571,1,66.42
15595,36797,383,1,311.85
15596,50601,719,1,42.9
15597,86872,669,1,51.43
15598,25194,491,2,240.43
15599,13437,319,2,57.84
15600,82708,785,4,117.09
15601,4915,287,1,100.46
15602,19894,210,1,653.61
15603,98582,265,1,183.58
15604,45106,241,1,206.75
15605,91221,753,4,249.45
15606,34877,17,1,899.25
15607,32549,128,3,2170.64
15608,69064,660,4,98.01
15609,75784,566,1,74.04
15610,33383,49,1,1342.93
15611,72961,168,1,702.77
15612,20883,94,3,1373.01
15613,66006,167,1,926.76
15614,39918,522,1,54.38
15615,11333,673,1,35.45
15616,4776,302,2,110.6
15617,42084,86,2,934.14
15618,65166,219,1,1567.32
15619,91761,182,1,551.45
15620,5164,273,1,180.43
15621,38207,688,1,62.01
15622,47308,163,1,1530.22
15623,70478,110,1,456.84
15624,91649,382,1,344.3
15625,17344,180,1,605.56
15626,19501,250,2,176.33
15627,14272,779,1,285.39
15628,22724,169,2,336.57
15629,43310,387,3,179.63
15630,40080,475,1,268.5
15631,73572,679,1,187.47
15632,46036,4,3,1452.58
15633,24259,517,1,211.65
15634,17342,316,1,139.67
15635,84218,849,3,207.15
15636,56795,588,1,32.82
15637,89670,125,1,775.3
15638,92429,683,1,49.44
15639,8874,223,1,46.56
15640,58224,42,1,1240.21
15641,1490,840,1,251.11
15642,12538,189,1,1308.31
15643,56422,238,1,27.65
15644,95536,71,1,1883.64
15645,98830,285,1,118.28
15646,98429,288,1,112.41
15647,76246,746,1,379.49
15648,5790,681,1,140.36
15649,73960,67,3,612.82
15650,38710,487,1,77.32
15651,68203,846,1,180.75
15652,85133,821,1,323.12
15653,3313,197,1,1756.06
15654,89890,818,1,176.25
15655,26329,410,2,105.83
15656,77382,352,1,177.33
15657,86156,727,1,45.19
15658,22862,198,1,2315.24
15659,60433,237,1,74.92
15660,21072,102,1,1536.79
15661,35319,324,2,74.81
15662,16245,843,1,116.02
15663,12688,421,1,396.57
15664,93034,711,2,128.83
15665,44866,115,1,1529.93
15666,97681,188,1,1360.41
15667,3298,244,1,86.8
15668,99250,363,2,99.37
15669,11271,798,1,227.6
15670,66878,419,1,332.33
15671,76233,723,1,32.72
15672,80058,509,2,525.62
15673,43118,173,1,1273.32
15674,67468,413,1,526.63
15675,71694,686,1,96.04
15676,28806,123,3,922.12
15677,5739,353,4,132.5
15678,71675,335,3,35.02
15679,21005,728,1,135.75
15680,49993,202,1,476.93
15681,35990,314,1,217.82
15682,61929,790,1,418.19
15683,39550,89,2,2273.66
15684,32646,678,1,75.52
15685,34840,58,1,720
15686,87859,599,1,38.98
15687,61824,806,3,292.37
15688,91040,105,1,2361.4
15689,36039,449,1,211.58
15690,9819,94,1,1373.01
15691,38544,572,3,97.56
15692,81897,818,2,176.25
15693,52375,373,2,107.49
15694,83595,827,1,161.51
15695,86097,414,1,287.44
15696,78901,510,2,359.27
15697,2629,382,1,344.3
15698,6635,149,1,376.32
15699,81257,189,1,1308.31
15700,21428,377,1,431.36
15701,67177,81,1,2179.45
15702,62345,233,1,118.05
15703,6104,479,1,552.74
15704,56511,766,1,229.2
15705,77696,118,1,702.86
15706,15732,525,1,106.03
15707,51543,4,1,1452.58
15708,4525,209,1,128.3
15709,85909,608,1,52.97
15710,85965,570,2,51.63
15711,96392,158,1,1853.29
15712,68880,578,1,123.63
15713,3473,201,1,1549.7
15714,13254,102,1,1536.79
15715,59645,710,2,114.92
15716,5528,459,1,85.05
15717,38000,425,1,85.89
15718,4268,392,3,224.55
15719,15166,655,2,79.63
15720,59114,835,1,205.95
15721,82578,33,1,421.17
15722,19031,291,1,30.01
15723,72498,498,1,98.36
15724,25222,10,1,1709.69
15725,14407,262,1,238.23
15726,2393,802,4,107.98
15727,53111,205,3,1469.58
15728,20232,547,1,31.12
15729,52060,410,1,105.83
15730,60325,200,1,1905.88
15731,40187,551,2,67.02
15732,2801,481,1,312.06
15733,7682,502,1,271.9
15734,77811,804,1,241.93
15735,6301,272,1,164.9
15736,91766,670,1,62.57
15737,13062,513,1,506.02
15738,55010,62,1,845.49
15739,33534,253,1,175.8
15740,86174,370,2,41.18
15741,60867,364,1,112.89
15742,9314,409,1,479.24
15743,91122,202,1,476.93
15744,97078,736,2,154.75
15745,52290,381,1,119.17
15746,22895,835,1,205.95
15747,45364,547,1,31.12
15748,27605,818,1,176.25
15749,74055,666,1,47.03
15750,53157,109,4,776.74
15751,12469,502,1,271.9
15752,36182,584,1,50.02
15753,77036,648,2,114.52
15754,78070,609,1,65.41
15755,85979,436,1,346.44
15756,59838,591,1,33.88
15757,71247,52,1,1892.01
15758,1929,384,1,455.69
15759,56214,209,1,128.3
15760,85487,437,2,95.45
15761,23995,184,2,2233.97
15762,67490,461,1,118.87
15763,11260,570,1,51.63
15764,60950,654,1,126.06
15765,92200,667,1,58.31
15766,2618,653,1,100.32
15767,39168,745,1,131.36
15768,94439,316,1,139.67
15769,56179,731,5,48.57
15770,57416,767,4,303.89
15771,19868,384,2,455.69
15772,23334,841,1,37.29
15773,50563,454,2,480.12
15774,97132,55,1,1450.93
15775,33960,740,1,73.03
15776,52445,1,3,1018.58
15777,18880,448,1,374.32
15778,1160,586,1,42.98
15779,94111,407,1,216.15
15780,3134,498,1,98.36
15781,86022,757,1,246.69
15782,71745,574,1,77.48
15783,7224,717,2,143.37
15784,85330,634,2,92.64
15785,25141,392,1,224.55
15786,37435,184,1,2233.97
15787,17940,647,1,101.3
15788,81571,847,1,82.79
15789,2189,569,1,118.44
15790,64771,135,2,2540.95
15791,42992,140,2,2736.66
15792,6458,580,2,44.39
15793,90459,242,2,213.16
15794,32633,179,3,2506.19
15795,69277,265,2,183.58
15796,71033,424,1,255.29
15797,25837,544,3,83.09
15798,38293,448,1,374.32
15799,35782,641,1,20.23
15800,51760,187,5,2020.76
15801,17607,584,1,50.02
15802,86134,684,1,112.82
15803,7470,755,1,103.54
15804,69319,724,1,125.26
15805,52521,115,1,1529.93
15806,23826,707,2,66.73
15807,36643,8,1,2190.96
15808,84899,268,1,140.96
15809,64313,415,3,313.17
15810,60347,520,1,133.3
15811,87879,335,1,35.02
15812,92673,192,2,2315.69
15813,24947,234,1,104.53
15814,41039,642,1,66.69
15815,93501,275,1,107.44
15816,77262,57,2,488.73
15817,39293,27,1,726.61
15818,77149,611,2,20.37
15819,51720,848,1,495.21
15820,21541,146,1,320.86
15821,21953,156,1,798.5
15822,83701,686,1,96.04
15823,23852,601,2,36.85
15824,79352,849,1,207.15
15825,89081,33,1,421.17
15826,42505,99,1,268.9
15827,64655,816,1,212.43
15828,12170,644,2,67.31
15829,17716,572,1,97.56
15830,4380,177,2,1666.57
15831,82158,406,1,470.57
15832,80115,678,1,75.52
15833,43067,764,1,295.63
15834,33481,404,1,418.74
15835,43226,445,3,409.82
15836,78232,622,4,40.46
15837,38740,646,1,158.39
15838,60780,298,1,66.54
15839,25219,612,1,99.88
15840,33782,201,2,1549.7
15841,99009,711,2,128.83
15842,14557,652,1,93.32
15843,60489,121,1,1989.62
15844,47327,25,1,1165.72
15845,51840,126,1,1112.26
15846,91510,301,1,36.64
15847,70517,597,2,82.6
15848,96223,218,1,1811.21
15849,8608,392,1,224.55
15850,44948,663,1,103.09
15851,6717,201,2,1549.7
15852,92344,402,1,476.71
15853,35802,107,1,1082
15854,42726,480,1,266.64
15855,30412,591,1,33.88
15856,56511,758,2,217.14
15857,40119,740,1,73.03
15858,84813,378,1,57.89
15859,83221,515,1,77.15
15860,11461,825,2,218.42
15861,49167,304,1,128.59
15862,46459,628,1,92.54
15863,36039,185,1,823.93
15864,30687,661,1,70.59
15865,88719,583,1,64.38
15866,4492,662,2,198.38
15867,96653,72,1,724.9
15868,55338,185,1,823.93
15869,43992,320,1,71.03
15870,25469,246,1,201.57
15871,72375,386,1,403.91
15872,82068,731,3,48.57
15873,13221,144,1,893.7
15874,17337,209,1,128.3
15875,52067,759,1,375.56
15876,19639,659,2,109.2
15877,10395,146,2,320.86
15878,39937,130,1,1270.67
15879,34483,22,1,609.78
15880,93344,120,1,1327.9
15881,91258,369,3,63.75
15882,21672,801,1,280.08
15883,71800,842,1,262.8
15884,46787,647,1,101.3
15885,99554,282,1,82.43
15886,89538,654,2,126.06
15887,14305,749,1,384.4
15888,43416,199,1,2273.14
15889,39810,828,2,161.68
15890,4763,180,1,605.56
15891,46562,687,1,98.13
15892,27490,640,3,73.07
15893,31753,586,1,42.98
15894,15821,755,3,103.54
15895,69743,319,2,57.84
15896,25542,451,3,387.94
15897,15379,150,2,857.31
15898,45530,801,1,280.08
15899,13399,753,2,249.45
15900,65213,808,2,399.03
15901,73624,848,1,495.21
15902,77263,769,1,160.34
15903,38447,792,1,234.78
15904,17679,653,1,100.32
15905,62771,360,2,117.81
15906,98147,759,1,375.56
15907,43515,72,3,724.9
15908,50603,88,2,1539.42
15909,27277,780,1,254.38
15910,91488,211,3,1347.08
15911,5007,343,1,60.44
15912,68553,637,2,92.71
15913,65780,133,2,566.35
15914,90277,135,2,2540.95
15915,48078,488,2,179.28
15916,9329,676,1,195.28
15917,94112,749,1,384.4
15918,44595,112,1,654.43
15919,46005,60,1,934.39
15920,33521,75,2,1706.59
15921,8771,774,1,175.76
15922,43247,847,1,82.79
15923,34676,725,2,98.54
15924,81540,111,1,875.42
15925,38780,826,1,394.47
15926,85256,543,1,42.06
15927,3186,739,1,80.56
15928,63107,826,1,394.47
15929,77489,327,2,114.31
15930,40300,637,1,92.71
15931,91555,736,2,154.75
15932,18800,558,1,18.15
15933,65198,615,2,112.27
15934,20462,78,3,448.34
15935,4952,93,1,1850.93
15936,60669,507,3,484.32
15937,35657,832,1,191.89
15938,41745,87,1,1765.71
15939,2594,257,2,204.86
15940,25343,246,2,201.57
15941,44946,833,1,104.08
15942,56441,725,1,98.54
15943,24821,41,1,571.32
15944,47246,734,1,91.41
15945,19837,68,1,1973.25
15946,34218,193,1,2329.58
15947,9575,770,1,332.54
15948,9962,766,1,229.2
15949,61992,487,1,77.32
15950,67452,275,1,107.44
15951,51135,510,2,359.27
15952,62542,202,1,476.93
15953,49754,654,2,126.06
15954,41600,37,3,899.87
15955,44944,301,3,36.64
15956,87175,720,3,123.41
15957,37235,722,1,50.76
15958,87287,624,1,63.62
15959,7722,219,1,1567.32
15960,55318,811,1,465.41
15961,80359,668,1,48.09
15962,94888,545,1,77.05
15963,12766,177,1,1666.57
15964,90751,295,1,52.91
15965,3733,244,1,86.8
15966,34504,542,1,75.76
15967,97986,119,1,2295.88
15968,39084,772,2,346.25
15969,9430,248,1,220.15
15970,74711,720,1,123.41
15971,3841,360,1,117.81
15972,36991,10,1,1709.69
15973,3962,722,1,50.76
15974,59336,213,3,1572.75
15975,59007,550,1,95.95
15976,68496,246,2,201.57
15977,69258,614,1,27.16
15978,56425,316,4,139.67
15979,84313,2,1,2587.65
15980,6015,447,1,584.32
15981,16455,189,3,1308.31
15982,95613,105,1,2361.4
15983,62949,7,1,398.8
15984,93445,111,1,875.42
15985,44290,559,2,93.58
15986,78773,382,1,344.3
15987,70306,691,1,66.88
15988,81324,849,1,207.15
15989,16130,188,1,1360.41
15990,33121,699,1,47.24
15991,35795,534,1,70.5
15992,69516,240,1,61.03
15993,51442,200,1,1905.88
15994,82858,323,1,132.78
15995,37419,538,1,43.54
15996,68275,18,1,1298.49
15997,79428,306,3,226.09
15998,90424,278,1,130.88
15999,16894,436,1,346.44
16000,32492,557,1,33.37
16001,16637,88,2,1539.42
16002,33091,136,1,930.82
16003,85221,736,1,154.75
16004,73356,191,1,500.92
16005,83746,71,1,1883.64
16006,15505,793,1,208.32
16007,32478,193,1,2329.58
16008,12613,771,2,93.15
16009,58449,711,1,128.83
16010,7919,221,2,132.3
16011,22023,832,1,191.89
16012,25699,448,1,374.32
16013,26249,644,1,67.31
16014,58565,448,1,374.32
16015,93666,475,1,268.5
16016,80253,119,1,2295.88
16017,83621,161,3,1006.83
16018,58244,37,3,899.87
16019,52617,460,2,119.48
16020,34331,529,3,23.4
16021,24892,485,2,292.09
16022,30971,838,1,165.94
16023,96068,106,2,810.12
16024,42150,514,1,446.84
16025,47500,727,1,45.19
16026,50412,233,1,118.05
16027,77674,108,2,1836.25
16028,89420,255,2,59.87
16029,39345,203,2,655.23
16030,91714,420,1,373.76
16031,66472,10,1,1709.69
16032,27213,36,1,1992.63
16033,49502,662,1,198.38
16034,20777,792,1,234.78
16035,5926,467,1,180.84
16036,76399,371,2,110.74
16037,92564,586,1,42.98
16038,63529,63,2,2058.51
16039,97886,354,1,58.86
16040,59019,140,2,2736.66
16041,33409,81,1,2179.45
16042,78554,819,1,67.91
16043,56456,179,2,2506.19
16044,89815,93,2,1850.93
16045,38068,529,1,23.4
16046,81160,655,1,79.63
16047,99231,810,1,94.15
16048,57084,47,1,911.63
16049,65546,233,1,118.05
16050,3252,10,1,1709.69
16051,4121,588,1,32.82
16052,7336,758,1,217.14
16053,33790,589,1,32.73
16054,31376,336,1,33.43
16055,87209,153,1,621.19
16056,51997,770,1,332.54
16057,24629,298,2,66.54
16058,65296,589,1,32.73
16059,63045,822,1,25.42
16060,26866,349,1,87.41
16061,10205,502,1,271.9
16062,55554,192,1,2315.69
16063,43915,495,1,243.47
16064,14170,503,4,188.72
16065,94145,830,1,191.83
16066,19402,145,2,867.39
16067,50828,816,2,212.43
16068,67964,576,1,129.84
16069,3995,29,1,1439.04
16070,47051,201,4,1549.7
16071,59007,7,1,398.8
16072,75607,816,1,212.43
16073,54669,175,4,1556.96
16074,47708,618,1,45.85
16075,70977,462,1,321.21
16076,90353,779,4,285.39
16077,29333,593,1,38.05
16078,41703,338,1,141.2
16079,84175,158,1,1853.29
16080,62855,338,1,141.2
16081,5409,771,1,93.15
16082,79072,681,1,140.36
16083,41617,75,1,1706.59
16084,76533,782,1,220.16
16085,49361,844,2,432.51
16086,58461,779,1,285.39
16087,81367,708,1,138.81
16088,82045,367,1,217.01
16089,87721,849,2,207.15
16090,98598,767,1,303.89
16091,37818,655,1,79.63
16092,43903,671,2,49.76
16093,31541,672,4,160.18
16094,30215,327,2,114.31
16095,51815,46,1,1597.63
16096,47813,302,2,110.6
16097,89411,470,1,543.54
16098,38992,344,1,95.79
16099,86672,308,1,80.43
16100,47966,441,2,102.35
16101,57934,596,1,62.64
16102,42953,227,1,224.15
16103,89638,490,1,466.11
16104,30607,242,1,213.16
16105,22459,819,1,67.91
16106,1086,65,1,861.03
16107,98734,73,1,133.34
16108,87536,213,1,1572.75
16109,36240,824,1,176.02
16110,93921,97,1,1294.45
16111,66621,79,3,990.72
16112,44624,594,1,51.42
16113,86427,20,1,877.84
16114,10109,480,2,266.64
16115,64700,574,1,77.48
16116,23374,219,1,1567.32
16117,88562,464,1,291.69
16118,43132,5,1,644.02
16119,95179,313,1,28.06
16120,82661,756,4,318.76
16121,78913,159,2,791.31
16122,9042,467,2,180.84
16123,10789,1,1,1018.58
16124,35336,500,1,584.81
16125,74832,648,1,114.52
16126,85755,403,1,259.54
16127,47013,189,1,1308.31
16128,66587,240,1,61.03
16129,97592,118,2,702.86
16130,19097,17,1,899.25
16131,36155,146,2,320.86
16132,45269,656,1,43.4
16133,95507,847,1,82.79
16134,24990,162,1,1527.43
16135,86498,230,1,127.46
16136,44992,357,2,28.52
16137,18424,155,2,2869.59
16138,79110,249,1,218.37
16139,52635,281,3,187.62
16140,22080,362,1,129.66
16141,94036,547,2,31.12
16142,9007,239,1,130.06
16143,42899,29,2,1439.04
16144,47316,684,1,112.82
16145,51315,247,2,94.97
16146,52657,230,1,127.46
16147,80796,305,2,145.78
16148,90468,343,1,60.44
16149,82854,325,1,213.64
16150,66327,798,1,227.6
16151,48669,847,1,82.79
16152,25800,208,1,1599.96
16153,10121,597,1,82.6
16154,63970,128,2,2170.64
16155,18149,295,3,52.91
16156,83483,729,1,53.27
16157,43831,568,1,59.32
16158,28501,505,1,338.31
16159,84888,769,2,160.34
16160,48401,551,1,67.02
16161,42408,356,2,129.5
16162,65100,608,1,52.97
16163,15085,235,1,63.67
16164,62981,844,3,432.51
16165,10261,141,1,2665.48
16166,58989,335,1,35.02
16167,10227,795,1,42.45
16168,2562,179,1,2506.19
16169,93120,398,1,230.52
16170,49977,287,1,100.46
16171,54366,621,4,38.29
16172,54577,391,1,595.91
16173,28946,347,1,128.17
16174,85914,167,1,926.76
16175,51822,59,1,353.67
16176,70910,467,1,180.84
16177,67479,408,1,42.37
16178,31388,534,1,70.5
16179,93925,603,2,37.61
16180,54413,237,1,74.92
16181,83043,826,1,394.47
16182,22388,472,2,553.66
16183,9142,171,2,1633.75
16184,44205,243,1,196.32
16185,60866,836,1,182
16186,32675,795,1,42.45
16187,35166,129,2,147.78
16188,12688,460,1,119.48
16189,36422,746,2,379.49
16190,86681,697,4,62.96
16191,25141,408,1,42.37
16192,51229,437,2,95.45
16193,99671,558,2,18.15
16194,69126,778,1,286.32
16195,92599,718,2,185.18
16196,1820,520,2,133.3
16197,33499,126,1,1112.26
16198,7417,769,1,160.34
16199,79200,731,1,48.57
16200,73001,441,1,102.35
16201,11435,521,2,74.48
16202,99601,520,1,133.3
16203,82810,439,3,349.13
16204,21323,418,2,195.16
16205,58748,67,3,612.82
16206,64201,284,1,46.63
16207,87341,409,1,479.24
16208,88008,699,1,47.24
16209,15580,749,1,384.4
16210,57042,239,1,130.06
16211,71756,604,1,28.08
16212,24203,721,1,173.77
16213,69477,604,1,28.08
16214,47394,419,1,332.33
16215,13011,573,1,55.72
16216,47017,391,1,595.91
16217,90294,274,1,195.72
16218,51468,706,1,201.34
16219,60321,112,1,654.43
16220,89851,654,1,126.06
16221,52037,11,1,243.48
16222,40300,753,2,249.45
16223,59038,242,1,213.16
16224,85122,130,2,1270.67
16225,31097,398,1,230.52
16226,40623,587,1,26.35
16227,65456,280,1,161.38
16228,19074,837,1,390.61
16229,32149,206,2,167.72
16230,81471,309,1,161.23
16231,21297,460,1,119.48
16232,34797,701,1,92.7
16233,77516,150,1,857.31
16234,47027,319,1,57.84
16235,22710,232,1,106.09
16236,61599,34,2,2576.39
16237,84243,174,2,772.9
16238,61457,250,1,176.33
16239,26506,800,1,396.56
16240,19665,233,1,118.05
16241,88623,430,1,118.66
16242,62894,408,1,42.37
16243,32379,469,1,160.55
16244,22880,473,1,75.58
16245,80596,801,1,280.08
16246,7416,731,1,48.57
16247,30798,83,1,943.76
16248,53106,229,2,188.3
16249,84546,614,1,27.16
16250,96087,9,1,1457.94
16251,64228,630,1,43.94
16252,85040,602,1,45.99
16253,50146,710,1,114.92
16254,17020,830,2,191.83
16255,94733,630,2,43.94
16256,51007,173,2,1273.32
16257,48455,485,3,292.09
16258,30798,837,2,390.61
16259,48484,42,4,1240.21
16260,57224,237,2,74.92
16261,39730,582,2,141.03
16262,52983,850,1,237.95
16263,47782,494,3,148.01
16264,63895,305,1,145.78
16265,58138,345,2,90.74
16266,90241,65,2,861.03
16267,88568,438,1,415.7
16268,23872,764,3,295.63
16269,60534,249,1,218.37
16270,21119,55,1,1450.93
16271,20655,354,2,58.86
16272,72817,502,2,271.9
16273,30215,667,4,58.31
16274,97135,603,2,37.61
16275,99345,635,2,40.19
16276,69235,690,1,51.49
16277,59613,795,2,42.45
16278,49554,826,1,394.47
16279,58092,621,1,38.29
16280,80966,640,1,73.07
16281,60456,92,1,1722.95
16282,20767,323,1,132.78
16283,37322,8,2,2190.96
16284,73179,708,1,138.81
16285,99402,49,2,1342.93
16286,6636,234,1,104.53
16287,90712,702,1,29.47
16288,18687,636,1,81.59
16289,43624,416,1,237.73
16290,82810,734,1,91.41
16291,13402,556,1,56.33
16292,42449,169,1,336.57
16293,40084,777,1,130.57
16294,71556,624,1,63.62
16295,81210,759,1,375.56
16296,54092,615,2,112.27
16297,52050,242,4,213.16
16298,25009,136,1,930.82
16299,70922,592,1,79.56
16300,29383,117,1,1977.83
16301,35506,838,2,165.94
16302,96537,585,4,78.72
16303,95129,450,2,101.61
16304,63047,298,1,66.54
16305,96129,571,2,66.42
16306,11361,142,1,814.09
16307,24699,612,2,99.88
16308,13420,694,2,57.93
16309,87522,653,1,100.32
16310,61780,521,1,74.48
16311,14485,797,1,404.47
16312,37967,255,2,59.87
16313,81792,271,1,164.71
16314,23249,365,3,207.2
16315,46778,204,1,2321.47
16316,90872,80,2,557.08
16317,29428,827,4,161.51
16318,2729,151,1,2364.58
16319,58109,749,1,384.4
16320,26310,438,2,415.7
16321,92771,187,1,2020.76
16322,60080,139,1,999.63
16323,63355,824,1,176.02
16324,74402,448,3,374.32
16325,61992,442,1,585.83
16326,83963,400,1,374.97
16327,62805,589,1,32.73
16328,10540,154,1,1229.13
16329,88513,44,2,2369.39
16330,92010,841,1,37.29
16331,54631,174,2,772.9
16332,26673,691,1,66.88
16333,57324,10,2,1709.69
16334,26310,765,2,54.88
16335,49040,428,1,463.98
16336,70766,772,1,346.25
16337,8957,54,2,2305.48
16338,44715,597,2,82.6
16339,29642,302,1,110.6
16340,99411,24,1,1004.36
16341,47870,743,1,297.24
16342,80610,819,1,67.91
16343,89491,44,1,2369.39
16344,22475,366,1,89.01
16345,62239,218,1,1811.21
16346,75221,387,1,179.63
16347,88253,139,1,999.63
16348,76941,87,1,1765.71
16349,56807,627,1,61.59
16350,85138,194,1,1529.24
16351,53138,500,1,584.81
16352,79784,206,4,167.72
16353,2621,545,1,77.05
16354,49503,445,3,409.82
16355,10892,147,1,1476.49
16356,47605,149,2,376.32
16357,56346,453,1,228.77
16358,15524,628,1,92.54
16359,35225,376,2,191.89
16360,68931,39,1,1650.03
16361,82319,174,1,772.9
16362,72003,27,1,726.61
16363,18842,323,1,132.78
16364,46013,494,1,148.01
16365,85052,36,2,1992.63
16366,39513,120,2,1327.9
16367,36359,789,1,194.77
16368,69703,295,2,52.91
16369,3091,317,2,92.22
16370,9236,201,1,1549.7
16371,92596,458,1,245.35
16372,81859,777,1,130.57
16373,95536,305,1,145.78
16374,50047,678,1,75.52
16375,97802,425,1,85.89
16376,81924,550,1,95.95
16377,80905,342,3,101.64
16378,20052,46,1,1597.63
16379,12776,340,1,47.41
16380,97142,251,1,76.69
16381,74441,195,2,957.51
16382,13180,110,1,456.84
16383,26609,807,1,406.4
16384,50716,640,1,73.07
16385,11721,147,1,1476.49
16386,55002,794,1,243.61
16387,41515,414,2,287.44
16388,46118,347,4,128.17
16389,74488,575,1,110.2
16390,17489,151,1,2364.58
16391,80242,592,1,79.56
16392,59832,687,2,98.13
16393,58210,516,1,61.04
16394,65563,324,1,74.81
16395,73448,365,2,207.2
16396,8120,140,1,2736.66
16397,84652,447,1,584.32
16398,48462,839,1,232.84
16399,60043,530,2,110.63
16400,10552,436,1,346.44
16401,80883,256,1,114.71
16402,66456,697,1,62.96
16403,82500,691,1,66.88
16404,52277,727,1,45.19
16405,31848,800,1,396.56
16406,9970,576,1,129.84
16407,20619,514,1,446.84
16408,97693,801,1,280.08
16409,72573,603,1,37.61
16410,24722,603,3,37.61
16411,76701,133,2,566.35
16412,74841,7,1,398.8
16413,19435,800,1,396.56
16414,96008,476,3,603.44
16415,17588,450,1,101.61
16416,74112,172,1,220.1
16417,94377,31,1,1472.03
16418,62270,548,1,83.07
16419,54656,460,1,119.48
16420,22862,269,1,85.34
16421,32578,239,1,130.06
16422,27829,200,4,1905.88
16423,43515,515,1,77.15
16424,88302,185,1,823.93
16425,87579,819,2,67.91
16426,53546,217,1,934.5
16427,42222,288,1,112.41
16428,94332,284,1,46.63
16429,4977,641,1,20.23
16430,43879,575,1,110.2
16431,50324,269,1,85.34
16432,91255,57,1,488.73
16433,75416,638,1,57.93
16434,18750,560,1,77.29
16435,41316,696,1,103.81
16436,35388,498,1,98.36
16437,19478,202,3,476.93
16438,59024,50,2,699.69
16439,43459,105,1,2361.4
16440,93807,638,1,57.93
16441,61952,814,1,395.25
16442,39492,283,3,87.55
16443,67632,129,4,147.78
16444,71540,819,2,67.91
16445,21222,59,2,353.67
16446,72700,615,1,112.27
16447,41636,847,1,82.79
16448,95162,394,1,387.51
16449,42558,717,1,143.37
16450,38947,39,2,1650.03
16451,8957,311,1,96.54
16452,56837,561,2,86.98
16453,1001,812,1,342.03
16454,34455,376,1,191.89
16455,53718,530,1,110.63
16456,62039,654,1,126.06
16457,76619,164,1,1320.66
16458,96880,532,1,157.74
16459,20025,186,1,1591.62
16460,96008,787,1,233.8
16461,55821,152,1,794.45
16462,17814,712,3,101.6
16463,3185,582,1,141.03
16464,12719,139,1,999.63
16465,33256,258,1,139.68
16466,59854,619,2,100.91
16467,29157,665,1,39.3
16468,10887,16,1,697
16469,29908,617,1,24.15
16470,71648,111,1,875.42
16471,12480,84,4,416.48
16472,22686,665,1,39.3
16473,9563,553,2,70.14
16474,46438,736,3,154.75
16475,14295,629,2,19.84
16476,81546,67,1,612.82
16477,88631,142,1,814.09
16478,75128,168,3,702.77
16479,97283,705,2,32.06
16480,38734,678,1,75.52
16481,60442,279,1,140.86
16482,72689,464,3,291.69
16483,10158,679,1,187.47
16484,24790,93,1,1850.93
16485,49794,61,2,1043.37
16486,35987,126,1,1112.26
16487,86028,747,1,171.96
16488,64139,152,1,794.45
16489,74715,425,1,85.89
16490,52838,723,2,32.72
16491,61485,167,2,926.76
16492,52069,828,2,161.68
16493,93702,387,3,179.63
16494,1452,657,1,62.42
16495,83078,588,4,32.82
16496,71022,215,1,1720.21
16497,69113,19,1,1121.09
16498,15948,782,1,220.16
16499,79350,416,2,237.73
16500,31292,117,2,1977.83
16501,66277,78,1,448.34
16502,63437,491,2,240.43
16503,28235,365,1,207.2
16504,80394,396,1,503.93
16505,48331,100,2,538.09
16506,62050,810,1,94.15
16507,63874,125,3,775.3
16508,18273,417,1,183.3
16509,61883,7,1,398.8
16510,49959,627,1,61.59
16511,96802,128,1,2170.64
16512,68000,841,3,37.29
16513,40257,780,1,254.38
16514,1107,732,1,139.82
16515,66797,615,1,112.27
16516,1636,665,1,39.3
16517,6361,728,1,135.75
16518,34597,433,1,307
16519,27229,78,1,448.34
16520,10902,224,1,86.46
16521,33762,84,1,416.48
16522,91965,558,1,18.15
16523,26591,244,1,86.8
16524,71649,288,1,112.41
16525,91537,720,2,123.41
16526,67772,84,2,416.48
16527,64721,167,1,926.76
16528,2930,85,1,910.42
16529,57585,591,1,33.88
16530,27822,403,1,259.54
16531,87328,526,2,62.16
16532,90374,280,1,161.38
16533,34905,565,1,51.83
16534,37529,74,2,2015.09
16535,11178,98,1,1113.05
16536,21548,59,1,353.67
16537,54587,274,1,195.72
16538,11812,369,3,63.75
16539,28107,833,1,104.08
16540,98258,182,1,551.45
16541,20333,24,1,1004.36
16542,10227,518,2,408.38
16543,79827,764,2,295.63
16544,94593,41,1,571.32
16545,15518,482,2,343.8
16546,45373,602,1,45.99
16547,94818,589,4,32.73
16548,81434,3,1,1772.05
16549,15841,296,1,109.15
16550,52375,570,1,51.63
16551,91090,85,1,910.42
16552,16745,4,1,1452.58
16553,91926,843,1,116.02
16554,61902,69,1,449.82
16555,71731,686,4,96.04
16556,42572,214,1,769.16
16557,32977,322,4,143.41
16558,64004,41,1,571.32
16559,33397,286,1,31.89
16560,54230,792,1,234.78
16561,63422,30,1,358.22
16562,51111,306,2,226.09
16563,63972,787,1,233.8
16564,39999,696,4,103.81
16565,16914,24,1,1004.36
16566,33790,508,3,416.15
16567,3660,645,1,42.2
16568,60143,837,1,390.61
16569,60753,194,1,1529.24
16570,76533,431,1,130.19
16571,90640,280,1,161.38
16572,20128,629,1,19.84
16573,11088,376,1,191.89
16574,74080,568,5,59.32
16575,50942,793,1,208.32
16576,78854,51,1,2718.95
16577,3148,439,1,349.13
16578,48386,666,2,47.03
16579,46702,176,1,679.98
16580,95978,74,4,2015.09
16581,24542,592,1,79.56
16582,10483,738,1,140.26
16583,44128,201,1,1549.7
16584,2787,365,3,207.2
16585,53354,15,3,694.06
16586,89420,744,2,207.32
16587,11077,727,2,45.19
16588,68271,396,1,503.93
16589,44287,443,1,210.88
16590,58590,335,1,35.02
16591,7907,792,2,234.78
16592,78178,537,1,107.95
16593,69306,147,2,1476.49
16594,9932,376,1,191.89
16595,85337,485,1,292.09
16596,63935,658,1,71.4
16597,60318,289,1,75.66
16598,22554,182,4,551.45
16599,65349,386,3,403.91
16600,22023,617,1,24.15
16601,29959,458,1,245.35
16602,26122,790,1,418.19
16603,57270,546,1,52.46
16604,66086,794,1,243.61
16605,86766,326,2,148.27
16606,18841,443,2,210.88
16607,89981,741,1,194.97
16608,20955,442,1,585.83
16609,97046,19,1,1121.09
16610,98224,271,2,164.71
16611,12708,769,1,160.34
16612,59038,735,1,70.91
16613,64318,117,1,1977.83
16614,49476,597,1,82.6
16615,66973,468,1,448.77
16616,93222,765,1,54.88
16617,85211,763,2,135.61
16618,84215,560,2,77.29
16619,56885,606,1,61.43
16620,33003,571,1,66.42
16621,74408,191,2,500.92
16622,16468,176,1,679.98
16623,7166,841,1,37.29
16624,42891,204,1,2321.47
16625,13422,416,1,237.73
16626,73373,587,1,26.35
16627,5347,662,2,198.38
16628,27375,451,3,387.94
16629,51452,362,1,129.66
16630,40479,152,1,794.45
16631,85621,31,1,1472.03
16632,2989,457,1,43.15
16633,89211,462,1,321.21
16634,85835,142,2,814.09
16635,47704,738,1,140.26
16636,37942,642,1,66.69
16637,89997,182,1,551.45
16638,29387,830,2,191.83
16639,69847,49,1,1342.93
16640,79316,823,1,158.01
16641,70457,74,1,2015.09
16642,89286,738,2,140.26
16643,68852,749,1,384.4
16644,7866,170,1,1435.76
16645,30237,848,1,495.21
16646,58667,9,1,1457.94
16647,73127,673,1,35.45
16648,21562,620,1,92.65
16649,44982,208,1,1599.96
16650,6244,335,1,35.02
16651,94314,815,1,360.06
16652,62806,652,1,93.32
16653,39829,161,1,1006.83
16654,57934,789,2,194.77
16655,24730,329,1,93.74
16656,95820,89,2,2273.66
16657,80799,535,1,95.48
16658,84884,664,1,57.36
16659,92254,140,1,2736.66
16660,98064,792,2,234.78
16661,31323,460,1,119.48
16662,36865,407,1,216.15
16663,64259,499,2,561.17
16664,14554,791,1,108.25
16665,48988,327,1,114.31
16666,12715,556,1,56.33
16667,84730,816,1,212.43
16668,50404,268,1,140.96
16669,22889,154,1,1229.13
16670,96239,217,1,934.5
16671,27647,132,1,765.52
16672,71650,833,1,104.08
16673,19057,138,1,1696.84
16674,13725,332,1,152.61
16675,40202,711,1,128.83
16676,63146,395,1,199.29
16677,55772,102,1,1536.79
16678,71030,595,1,116.88
16679,1728,618,2,45.85
16680,77298,849,1,207.15
16681,94714,212,1,1668.95
16682,14574,515,1,77.15
16683,45734,327,1,114.31
16684,41648,322,1,143.41
16685,40988,344,1,95.79
16686,55536,679,1,187.47
16687,86674,75,2,1706.59
16688,59926,579,1,64.34
16689,41445,215,1,1720.21
16690,50002,684,1,112.82
16691,89006,164,1,1320.66
16692,98144,760,1,316.13
16693,86551,457,1,43.15
16694,95730,453,1,228.77
16695,42178,605,2,31.92
16696,62822,143,2,1244.23
16697,39901,76,1,1764.12
16698,50598,466,1,211.09
16699,88335,716,1,170.57
16700,86736,457,1,43.15
16701,83643,190,3,798.17
16702,98457,233,1,118.05
16703,9655,191,1,500.92
16704,19709,234,4,104.53
16705,7682,158,2,1853.29
16706,16968,299,1,125.98
16707,6874,757,1,246.69
16708,4387,207,1,522.28
16709,90386,71,1,1883.64
16710,41538,728,2,135.75
16711,97394,467,1,180.84
16712,34031,426,2,277.42
16713,40263,425,1,85.89
16714,54951,156,1,798.5
16715,84917,61,1,1043.37
16716,95992,107,1,1082
16717,33898,437,1,95.45
16718,28689,411,4,192
16719,10171,38,1,512.7
16720,34509,464,1,291.69
16721,86503,464,2,291.69
16722,64190,286,1,31.89
16723,75916,196,1,974.84
16724,42870,319,1,57.84
16725,97835,333,1,23.12
16726,53720,621,1,38.29
16727,71802,178,1,1039.95
16728,11438,52,1,1892.01
16729,62179,156,3,798.5
16730,90305,648,1,114.52
16731,85928,709,2,59.25
16732,81902,342,1,101.64
16733,15257,812,1,342.03
16734,97288,418,2,195.16
16735,47254,607,2,40.2
16736,28924,627,1,61.59
16737,92464,698,1,99.51
16738,82087,84,1,416.48
16739,6262,171,1,1633.75
16740,28350,632,1,159.73
16741,73746,42,1,1240.21
16742,48656,244,1,86.8
16743,35011,72,4,724.9
16744,29247,570,1,51.63
16745,65295,835,1,205.95
16746,57716,11,1,243.48
16747,19501,410,1,105.83
16748,37186,518,3,408.38
16749,12417,723,1,32.72
16750,75972,565,1,51.83
16751,9184,77,1,1880.83
16752,80482,499,1,561.17
16753,63348,101,1,297.32
16754,46372,617,1,24.15
16755,62759,790,1,418.19
16756,91242,44,2,2369.39
16757,56380,125,1,775.3
16758,61138,275,1,107.44
16759,10140,728,2,135.75
16760,65447,764,1,295.63
16761,7219,822,1,25.42
16762,35192,4,2,1452.58
16763,25401,325,2,213.64
16764,33858,562,1,40.76
16765,40609,74,1,2015.09
16766,73623,316,1,139.67
16767,65611,444,1,209.61
16768,41923,393,1,210.09
16769,85468,533,3,152.22
16770,67176,251,1,76.69
16771,16163,617,1,24.15
16772,73667,511,2,304.85
16773,8785,682,1,59.6
16774,26652,783,1,136.46
16775,99781,610,1,85.31
16776,13604,113,1,2468.65
16777,19764,91,1,565.72
16778,3711,357,4,28.52
16779,9372,99,1,268.9
16780,28810,414,2,287.44
16781,8804,293,2,168.08
16782,19710,159,1,791.31
16783,86026,789,3,194.77
16784,2016,579,1,64.34
16785,79616,830,3,191.83
16786,21674,413,1,526.63
16787,87579,235,2,63.67
16788,71054,127,1,2023.32
16789,56168,369,2,63.75
16790,87612,443,2,210.88
16791,92305,102,1,1536.79
16792,13256,520,1,133.3
16793,64173,587,1,26.35
16794,67051,314,3,217.82
16795,71201,596,1,62.64
16796,24322,585,2,78.72
16797,18500,324,1,74.81
16798,60604,246,1,201.57
16799,8377,292,2,32.35
16800,76109,235,1,63.67
16801,30352,661,2,70.59
16802,67120,250,1,176.33
16803,95440,564,1,14.35
16804,35351,94,2,1373.01
16805,43662,200,1,1905.88
16806,32605,717,1,143.37
16807,35667,802,3,107.98
16808,12708,77,1,1880.83
16809,99884,530,1,110.63
16810,55389,719,2,42.9
16811,94653,766,1,229.2
16812,76120,823,1,158.01
16813,64861,15,1,694.06
16814,64721,805,1,183.52
16815,1074,122,3,2310.87
16816,77923,200,2,1905.88
16817,66802,579,1,64.34
16818,33046,517,4,211.65
16819,15633,351,1,106.17
16820,38657,26,2,1921.56
16821,2791,362,1,129.66
16822,34182,158,1,1853.29
16823,25108,23,1,879.34
16824,88127,180,3,605.56
16825,83483,85,1,910.42
16826,33009,602,2,45.99
16827,74872,149,2,376.32
16828,45585,799,2,275.79
16829,51792,315,1,171.61
16830,4466,511,1,304.85
16831,83094,608,1,52.97
16832,84309,79,1,990.72
16833,5962,706,1,201.34
16834,55278,52,1,1892.01
16835,95546,533,1,152.22
16836,99997,381,3,119.17
16837,76154,293,2,168.08
16838,7521,173,1,1273.32
16839,24039,810,3,94.15
16840,89083,708,1,138.81
16841,48929,840,1,251.11
16842,15641,284,1,46.63
16843,9225,473,1,75.58
16844,27174,346,1,124.74
16845,81345,325,1,213.64
16846,50832,124,1,543.3
16847,32901,385,2,364.27
16848,36124,697,2,62.96
16849,74466,132,1,765.52
16850,86317,332,2,152.61
16851,34181,18,3,1298.49
16852,92064,154,1,1229.13
16853,52948,603,1,37.61
16854,31586,48,1,1289.14
16855,1212,93,1,1850.93
16856,81545,445,2,409.82
16857,94636,40,1,1136.17
16858,30678,64,2,987.78
16859,30041,750,1,248.2
16860,84377,35,1,2688.65
16861,8324,814,1,395.25
16862,39035,349,1,87.41
16863,13863,271,1,164.71
16864,45292,32,1,672.62
16865,51269,828,1,161.68
16866,20992,372,1,52.26
16867,36920,182,1,551.45
16868,79575,27,1,726.61
16869,42292,729,1,53.27
16870,98463,794,1,243.61
16871,62239,507,1,484.32
16872,7327,185,2,823.93
16873,31519,32,1,672.62
16874,48775,672,1,160.18
16875,2727,248,1,220.15
16876,12626,342,1,101.64
16877,32210,427,1,235.15
16878,50803,477,2,96.07
16879,45663,282,1,82.43
16880,89435,741,1,194.97
16881,25150,95,1,1879.95
16882,39902,847,1,82.79
16883,91483,195,1,957.51
16884,1446,227,1,224.15
16885,30556,606,2,61.43
16886,26191,450,1,101.61
16887,32976,634,1,92.64
16888,60826,96,1,1237.53
16889,69676,689,1,130.61
16890,75626,288,1,112.41
16891,84656,309,1,161.23
16892,83688,439,1,349.13
16893,8608,661,4,70.59
16894,52698,485,1,292.09
16895,18655,155,2,2869.59
16896,43702,15,1,694.06
16897,74892,663,1,103.09
16898,28018,719,3,42.9
16899,71294,707,1,66.73
16900,74004,415,2,313.17
16901,45744,438,1,415.7
16902,90032,763,1,135.61
16903,72488,485,1,292.09
16904,14451,157,1,1620.62
16905,48924,505,1,338.31
16906,20850,350,1,126.51
16907,24607,359,2,206.65
16908,48922,71,1,1883.64
16909,50089,697,1,62.96
16910,38809,106,1,810.12
16911,15980,84,3,416.48
16912,55839,187,1,2020.76
16913,77129,493,1,178.11
16914,46954,418,1,195.16
16915,34478,261,1,124.59
16916,53149,225,1,72.93
16917,80289,50,1,699.69
16918,74393,488,1,179.28
16919,77955,130,1,1270.67
16920,58328,427,1,235.15
16921,41231,467,2,180.84
16922,56334,442,1,585.83
16923,13229,372,1,52.26
16924,54155,119,1,2295.88
16925,72033,599,1,38.98
16926,44075,237,3,74.92
16927,62161,88,1,1539.42
16928,95086,804,2,241.93
16929,93392,591,2,33.88
16930,33648,369,1,63.75
16931,40210,34,2,2576.39
16932,79110,522,1,54.38
16933,77048,54,1,2305.48
16934,84095,112,1,654.43
16935,79540,78,1,448.34
16936,95224,246,1,201.57
16937,94036,395,2,199.29
16938,42398,830,1,191.83
16939,86264,722,1,50.76
16940,22012,810,1,94.15
16941,22310,828,2,161.68
16942,93925,285,1,118.28
16943,74472,440,2,100.41
16944,72302,100,1,538.09
16945,53393,661,1,70.59
16946,88068,313,1,28.06
16947,53746,58,1,720
16948,36442,11,3,243.48
16949,77861,678,2,75.52
16950,98666,284,1,46.63
16951,10351,730,2,48.49
16952,59796,612,1,99.88
16953,18784,557,2,33.37
16954,78231,812,3,342.03
16955,11180,161,1,1006.83
16956,27813,257,4,204.86
16957,53577,139,1,999.63
16958,1946,410,2,105.83
16959,81398,286,1,31.89
16960,83129,288,2,112.41
16961,48607,86,3,934.14
16962,39565,427,1,235.15
16963,7871,78,1,448.34
16964,71031,346,1,124.74
16965,10810,427,4,235.15
16966,82714,805,1,183.52
16967,22063,601,3,36.85
16968,32210,782,1,220.16
16969,61226,719,1,42.9
16970,97915,307,3,108.22
16971,15790,239,1,130.06
16972,68576,178,1,1039.95
16973,87974,68,2,1973.25
16974,46272,719,1,42.9
16975,57963,834,1,115.52
16976,90801,209,1,128.3
16977,63714,266,3,148.88
16978,37214,82,1,1507.07
16979,86817,799,1,275.79
16980,84840,299,1,125.98
16981,89519,486,1,475.47
16982,31432,344,2,95.79
16983,27252,588,1,32.82
16984,35388,536,3,128.45
16985,12508,305,1,145.78
16986,69671,405,1,192.25
16987,92149,488,3,179.28
16988,13954,684,1,112.82
16989,64367,834,2,115.52
16990,97270,361,1,89.29
16991,15920,770,4,332.54
16992,33625,814,1,395.25
16993,50190,750,1,248.2
16994,3810,764,1,295.63
16995,61172,195,1,957.51
16996,99512,166,1,2080.6
16997,78655,832,1,191.89
16998,21184,213,3,1572.75
16999,21187,169,2,336.57
17000,14695,236,1,145.03
17001,14071,684,1,112.82
17002,1486,739,1,80.56
17003,8500,388,5,144.01
17004,58746,454,1,480.12
17005,37306,718,1,185.18
17006,71148,751,1,95.53
17007,36728,542,1,75.76
17008,2877,199,1,2273.14
17009,25984,770,1,332.54
17010,57351,818,1,176.25
17011,94823,128,1,2170.64
17012,83610,793,1,208.32
17013,66514,202,3,476.93
17014,7562,710,1,114.92
17015,84897,32,3,672.62
17016,52111,613,1,78.12
17017,5613,591,1,33.88
17018,61192,235,1,63.67
17019,32615,593,1,38.05
17020,71634,612,2,99.88
17021,80102,420,1,373.76
17022,12799,208,1,1599.96
17023,88740,811,2,465.41
17024,83457,423,1,105.79
17025,49130,5,1,644.02
17026,41324,397,1,441.12
17027,7154,417,2,183.3
17028,82248,627,1,61.59
17029,61574,17,1,899.25
17030,26692,226,1,70.24
17031,37509,742,2,149.39
17032,77127,621,1,38.29
17033,14896,726,1,145.95
17034,45088,90,1,1196.13
17035,21341,752,1,411.24
17036,27106,45,1,825.27
17037,70108,782,2,220.16
17038,93446,753,3,249.45
17039,54285,283,2,87.55
17040,27370,829,1,292.82
17041,91756,507,1,484.32
17042,17284,247,3,94.97
17043,36080,442,1,585.83
17044,11339,659,1,109.2
17045,52497,562,1,40.76
17046,47752,243,3,196.32
17047,53015,104,3,1266.38
17048,34533,827,4,161.51
17049,62903,70,3,2884.14
17050,85114,738,2,140.26
17051,82965,37,1,899.87
17052,57321,714,4,77.2
17053,96397,575,1,110.2
17054,25209,128,1,2170.64
17055,26359,61,2,1043.37
17056,89112,701,1,92.7
17057,87703,602,1,45.99
17058,69409,738,1,140.26
17059,76100,414,1,287.44
17060,2719,455,1,115.87
17061,93711,84,2,416.48
17062,79081,234,3,104.53
17063,96740,65,1,861.03
17064,68412,795,1,42.45
17065,89447,142,1,814.09
17066,6301,302,1,110.6
17067,26883,214,1,769.16
17068,17338,351,2,106.17
17069,32785,227,1,224.15
17070,19168,330,1,70.71
17071,86417,661,1,70.59
17072,41757,739,1,80.56
17073,27046,382,1,344.3
17074,18482,730,1,48.49
17075,54886,529,1,23.4
17076,47448,839,1,232.84
17077,17208,379,1,410.89
17078,17386,677,1,40.98
17079,18303,573,1,55.72
17080,25242,552,1,108.39
17081,30095,801,1,280.08
17082,54708,423,1,105.79
17083,33520,355,2,41.47
17084,52659,551,2,67.02
17085,24183,511,2,304.85
17086,25851,146,2,320.86
17087,22087,620,2,92.65
17088,35007,16,1,697
17089,28361,59,2,353.67
17090,54223,565,3,51.83
17091,15505,659,1,109.2
17092,46700,327,3,114.31
17093,55836,584,2,50.02
17094,51666,468,1,448.77
17095,79988,563,1,33.62
17096,37732,440,1,100.41
17097,19437,576,2,129.84
17098,94975,464,1,291.69
17099,66188,303,5,112.09
17100,23295,836,2,182
17101,99393,37,1,899.87
17102,43813,316,1,139.67
17103,15580,736,2,154.75
17104,18457,151,1,2364.58
17105,49454,16,3,697
17106,62948,309,1,161.23
17107,31046,289,1,75.66
17108,53589,1,1,1018.58
17109,92257,285,1,118.28
17110,5598,152,1,794.45
17111,84136,772,1,346.25
17112,10526,548,1,83.07
17113,47129,642,1,66.69
17114,79553,137,1,1286.59
17115,70275,189,1,1308.31
17116,82844,188,1,1360.41
17117,32813,213,1,1572.75
17118,81674,617,1,24.15
17119,76578,489,2,526.38
17120,96238,261,1,124.59
17121,15312,131,1,1094.67
17122,17753,680,1,151.72
17123,70348,363,1,99.37
17124,33610,588,1,32.82
17125,65813,478,1,279.21
17126,68093,408,1,42.37
17127,90809,463,1,370.25
17128,14531,16,1,697
17129,54787,19,1,1121.09
17130,35560,556,1,56.33
17131,92271,655,1,79.63
17132,7094,243,1,196.32
17133,61610,114,2,1991.76
17134,21843,785,3,117.09
17135,51176,326,2,148.27
17136,44076,251,2,76.69
17137,71493,190,1,798.17
17138,4611,736,1,154.75
17139,39856,725,1,98.54
17140,81088,343,1,60.44
17141,83279,564,1,14.35
17142,90788,258,1,139.68
17143,34733,378,1,57.89
17144,58794,847,1,82.79
17145,76344,263,1,55.16
17146,2261,486,1,475.47
17147,12127,332,1,152.61
17148,52975,173,2,1273.32
17149,80305,728,1,135.75
17150,48244,501,1,345.02
17151,41451,169,1,336.57
17152,33361,490,2,466.11
17153,93748,720,2,123.41
17154,72772,726,2,145.95
17155,63366,44,1,2369.39
17156,56981,39,1,1650.03
17157,22145,90,1,1196.13
17158,57638,292,2,32.35
17159,44157,437,1,95.45
17160,9139,777,1,130.57
17161,49776,119,1,2295.88
17162,5105,711,2,128.83
17163,46253,795,2,42.45
17164,66086,543,1,42.06
17165,79674,834,1,115.52
17166,79232,356,1,129.5
17167,6597,110,2,456.84
17168,1073,559,4,93.58
17169,75297,204,1,2321.47
17170,65350,103,2,916.04
17171,48409,25,1,1165.72
17172,96303,314,1,217.82
17173,4164,682,2,59.6
17174,92483,803,3,231.37
17175,4454,306,3,226.09
17176,46329,309,1,161.23
17177,48693,436,1,346.44
17178,43948,350,1,126.51
17179,2213,778,1,286.32
17180,72751,149,1,376.32
17181,51645,553,1,70.14
17182,85342,544,2,83.09
17183,22073,590,1,35.21
17184,5295,496,2,203.6
17185,63681,834,1,115.52
17186,88574,205,2,1469.58
17187,61725,592,1,79.56
17188,53782,290,1,120.4
17189,67860,322,1,143.41
17190,7051,219,1,1567.32
17191,98137,838,2,165.94
17192,85281,165,1,493.52
17193,34483,19,1,1121.09
17194,83596,380,1,179.57
17195,80710,719,1,42.9
17196,12877,170,1,1435.76
17197,7233,285,1,118.28
17198,6694,156,1,798.5
17199,4800,356,2,129.5
17200,92959,93,1,1850.93
17201,55462,146,1,320.86
17202,74223,30,1,358.22
17203,69011,669,2,51.43
17204,28163,453,1,228.77
17205,6416,368,1,192.86
17206,5985,542,1,75.76
17207,34877,214,2,769.16
17208,32854,815,2,360.06
17209,88214,175,2,1556.96
17210,37422,824,2,176.02
17211,20666,379,2,410.89
17212,62354,558,2,18.15
17213,63896,153,2,621.19
17214,49130,301,3,36.64
17215,60238,64,1,987.78
17216,19043,523,1,136.72
17217,27513,91,1,565.72
17218,55527,196,1,974.84
17219,85244,479,1,552.74
17220,15326,548,1,83.07
17221,46914,460,2,119.48
17222,4229,313,2,28.06
17223,61026,585,1,78.72
17224,71158,640,1,73.07
17225,67916,435,2,101.95
17226,63222,122,2,2310.87
17227,62518,156,1,798.5
17228,98582,193,1,2329.58
17229,30713,362,1,129.66
17230,78426,758,2,217.14
17231,52745,807,1,406.4
17232,44293,834,1,115.52
17233,94013,760,2,316.13
17234,69862,790,3,418.19
17235,15661,837,2,390.61
17236,32882,260,1,47.28
17237,38356,457,1,43.15
17238,52745,456,2,254.58
17239,82194,845,2,106.71
17240,89868,349,2,87.41
17241,23542,774,1,175.76
17242,5069,172,1,220.1
17243,67828,505,1,338.31
17244,60608,542,1,75.76
17245,22939,396,2,503.93
17246,77097,162,1,1527.43
17247,83558,529,1,23.4
17248,34436,447,1,584.32
17249,14133,323,5,132.78
17250,89112,228,3,89.98
17251,46392,536,5,128.45
17252,8528,214,1,769.16
17253,95989,764,1,295.63
17254,81431,788,1,176.78
17255,60496,746,4,379.49
17256,2666,143,4,1244.23
17257,77735,321,1,113.48
17258,57011,622,1,40.46
17259,56380,545,4,77.05
17260,91370,393,1,210.09
17261,29472,351,2,106.17
17262,96887,546,2,52.46
17263,98684,627,1,61.59
17264,11149,844,1,432.51
17265,57899,366,2,89.01
17266,71416,340,1,47.41
17267,1276,641,1,20.23
17268,12313,439,2,349.13
17269,20910,655,1,79.63
17270,18005,142,2,814.09
17271,59232,726,1,145.95
17272,36816,132,1,765.52
17273,24880,734,1,91.41
17274,77547,730,1,48.49
17275,4668,104,3,1266.38
17276,33369,723,1,32.72
17277,17720,753,1,249.45
17278,11279,701,1,92.7
17279,44431,830,4,191.83
17280,37241,410,1,105.83
17281,84775,519,1,587.38
17282,40476,483,2,240.01
17283,28567,630,1,43.94
17284,21684,117,1,1977.83
17285,19754,736,1,154.75
17286,28472,107,1,1082
17287,65049,390,1,406.02
17288,83191,580,1,44.39
17289,64919,470,2,543.54
17290,8746,484,1,311.22
17291,94055,216,1,790.68
17292,42426,506,2,138.24
17293,60179,86,1,934.14
17294,78799,805,1,183.52
17295,66060,84,3,416.48
17296,19753,158,1,1853.29
17297,12242,722,1,50.76
17298,70338,10,1,1709.69
17299,42561,452,2,281.11
17300,4312,189,1,1308.31
17301,57837,542,1,75.76
17302,76483,505,1,338.31
17303,98768,527,3,57.31
17304,29876,755,3,103.54
17305,22145,607,1,40.2
17306,79401,751,1,95.53
17307,38819,79,2,990.72
17308,70055,291,1,30.01
17309,86243,16,2,697
17310,94247,53,1,2521.54
17311,13856,831,1,129.32
17312,96996,384,1,455.69
17313,53453,721,2,173.77
17314,12327,657,4,62.42
17315,59828,745,1,131.36
17316,85298,77,2,1880.83
17317,22459,554,3,71.05
17318,15441,819,1,67.91
17319,26284,715,1,69.75
17320,36183,14,1,748.83
17321,3929,37,2,899.87
17322,29715,674,2,91.61
17323,54025,687,1,98.13
17324,27801,461,1,118.87
17325,36274,111,1,875.42
17326,15406,495,1,243.47
17327,42610,55,1,1450.93
17328,91657,539,1,60.5
17329,22558,606,1,61.43
17330,9387,808,1,399.03
17331,81168,347,1,128.17
17332,18980,128,1,2170.64
17333,63883,464,1,291.69
17334,61559,722,1,50.76
17335,13170,234,4,104.53
17336,92464,611,1,20.37
17337,46182,530,2,110.63
17338,5452,108,1,1836.25
17339,49307,636,1,81.59
17340,30705,291,4,30.01
17341,67543,581,1,61.28
17342,18938,166,1,2080.6
17343,52736,55,1,1450.93
17344,29538,76,2,1764.12
17345,27646,562,2,40.76
17346,31562,496,1,203.6
17347,4447,248,2,220.15
17348,84523,309,1,161.23
17349,64295,301,2,36.64
17350,33346,252,1,88.87
17351,1188,219,1,1567.32
17352,54788,314,1,217.82
17353,93174,464,1,291.69
17354,46555,430,4,118.66
17355,16398,640,2,73.07
17356,27289,451,3,387.94
17357,30273,8,2,2190.96
17358,15671,828,2,161.68
17359,25438,683,4,49.44
17360,87408,216,2,790.68
17361,56514,233,1,118.05
17362,51440,749,1,384.4
17363,3593,372,1,52.26
17364,49097,366,2,89.01
17365,95036,651,1,36.69
17366,27439,201,2,1549.7
17367,95124,476,1,603.44
17368,91123,177,1,1666.57
17369,66028,613,4,78.12
17370,77407,634,1,92.64
17371,77668,121,2,1989.62
17372,81383,782,5,220.16
17373,92659,365,1,207.2
17374,76743,766,1,229.2
17375,17533,246,1,201.57
17376,59667,28,2,1277.56
17377,57846,499,1,561.17
17378,68921,261,1,124.59
17379,55256,401,1,111.92
17380,4976,666,1,47.03
17381,30910,425,4,85.89
17382,73646,666,1,47.03
17383,45996,575,1,110.2
17384,20229,807,1,406.4
17385,99766,11,1,243.48
17386,95003,688,1,62.01
17387,86217,427,1,235.15
17388,56872,748,4,220.43
17389,41661,294,4,85.44
17390,63681,527,2,57.31
17391,18169,345,2,90.74
17392,41681,81,1,2179.45
17393,86217,660,2,98.01
17394,9880,436,2,346.44
17395,65929,664,1,57.36
17396,27739,180,2,605.56
17397,84062,176,1,679.98
17398,86028,763,1,135.61
17399,7704,300,1,44.81
17400,52956,582,1,141.03
17401,59632,318,2,60.45
17402,8353,711,1,128.83
17403,57202,633,1,89.89
17404,61390,598,5,37.17
17405,33591,709,1,59.25
17406,98749,332,3,152.61
17407,57469,841,1,37.29
17408,79576,771,1,93.15
17409,52050,50,1,699.69
17410,47972,599,1,38.98
17411,32933,667,1,58.31
17412,96376,486,1,475.47
17413,69716,683,1,49.44
17414,97403,782,3,220.16
17415,39691,812,1,342.03
17416,12533,765,1,54.88
17417,63492,747,2,171.96
17418,51910,330,1,70.71
17419,49794,358,2,119.54
17420,2195,81,5,2179.45
17421,83507,813,1,98.39
17422,10434,592,1,79.56
17423,60793,162,1,1527.43
17424,58349,116,1,2211.09
17425,40801,210,4,653.61
17426,58518,821,1,323.12
17427,70039,277,2,161.99
17428,70922,444,4,209.61
17429,11794,20,1,877.84
17430,7504,201,4,1549.7
17431,96941,576,2,129.84
17432,3935,209,2,128.3
17433,3789,102,1,1536.79
17434,3584,560,1,77.29
17435,71109,432,1,378.9
17436,38550,850,1,237.95
17437,41484,396,1,503.93
17438,50535,454,2,480.12
17439,77752,523,1,136.72
17440,92872,353,2,132.5
17441,43415,312,1,43.29
17442,71330,103,1,916.04
17443,53597,148,1,1254.83
17444,75700,556,2,56.33
17445,63900,465,2,542.03
17446,99917,810,2,94.15
17447,79004,196,4,974.84
17448,42032,239,2,130.06
17449,10311,152,1,794.45
17450,67390,612,1,99.88
17451,28690,188,1,1360.41
17452,20654,10,1,1709.69
17453,1255,466,1,211.09
17454,63222,252,1,88.87
17455,91729,103,1,916.04
17456,4506,780,2,254.38
17457,55554,78,1,448.34
17458,80084,351,2,106.17
17459,6862,847,3,82.79
17460,22614,666,1,47.03
17461,32367,603,1,37.61
17462,58523,308,1,80.43
17463,59759,412,3,525.95
17464,38714,77,1,1880.83
17465,36485,426,2,277.42
17466,29195,739,1,80.56
17467,22155,157,4,1620.62
17468,9988,665,1,39.3
17469,72246,193,1,2329.58
17470,15267,598,3,37.17
17471,49561,435,1,101.95
17472,14213,121,4,1989.62
17473,29188,454,1,480.12
17474,88516,381,1,119.17
17475,26894,329,2,93.74
17476,93794,712,1,101.6
17477,86119,682,1,59.6
17478,34277,842,1,262.8
17479,51985,53,3,2521.54
17480,90374,292,2,32.35
17481,80429,250,1,176.33
17482,11144,26,1,1921.56
17483,3948,38,1,512.7
17484,82777,292,1,32.35
17485,78505,830,1,191.83
17486,17216,73,1,133.34
17487,18368,600,2,20.67
17488,66921,535,1,95.48
17489,85650,23,1,879.34
17490,94141,535,1,95.48
17491,90434,467,1,180.84
17492,61749,789,1,194.77
17493,72271,703,2,68.35
17494,93880,170,2,1435.76
17495,42943,730,1,48.49
17496,6783,785,1,117.09
17497,21298,214,1,769.16
17498,71925,78,1,448.34
17499,72411,7,2,398.8
17500,61283,815,2,360.06
17501,52652,737,3,74.87
17502,59024,359,1,206.65
17503,96633,698,1,99.51
17504,25483,117,1,1977.83
17505,81931,271,1,164.71
17506,50902,671,1,49.76
17507,67871,26,3,1921.56
17508,21787,825,1,218.42
17509,71031,11,2,243.48
17510,24219,798,1,227.6
17511,60636,260,1,47.28
17512,6545,139,1,999.63
17513,80246,16,1,697
17514,14685,339,1,101.75
17515,23599,347,1,128.17
17516,43763,289,1,75.66
17517,78854,129,1,147.78
17518,16704,198,2,2315.24
17519,49063,837,2,390.61
17520,29628,669,1,51.43
17521,9773,522,1,54.38
17522,81865,267,1,139.87
17523,94426,410,1,105.83
17524,98883,170,1,1435.76
17525,12374,518,1,408.38
17526,9135,792,2,234.78
17527,55845,225,1,72.93
17528,20580,579,2,64.34
17529,92599,220,2,2128.96
17530,60327,489,1,526.38
17531,72393,336,2,33.43
17532,83812,454,1,480.12
17533,87687,687,1,98.13
17534,23553,360,1,117.81
17535,61780,656,1,43.4
17536,21037,129,1,147.78
17537,80320,14,1,748.83
17538,8810,10,1,1709.69
17539,82382,298,2,66.54
17540,6570,256,1,114.71
17541,76226,142,2,814.09
17542,66391,188,1,1360.41
17543,82538,371,1,110.74
17544,30513,394,1,387.51
17545,15081,25,1,1165.72
17546,16338,849,1,207.15
17547,13932,236,1,145.03
17548,62944,755,2,103.54
17549,81699,707,2,66.73
17550,29177,713,3,84.65
17551,59675,423,1,105.79
17552,3134,652,3,93.32
17553,95341,458,1,245.35
17554,89350,294,2,85.44
17555,76610,248,2,220.15
17556,60910,623,3,53.5
17557,73091,321,1,113.48
17558,79105,606,1,61.43
17559,8934,382,1,344.3
17560,37068,678,1,75.52
17561,51831,113,2,2468.65
17562,53120,267,1,139.87
17563,18223,472,2,553.66
17564,37673,824,1,176.02
17565,87882,777,2,130.57
17566,67088,111,1,875.42
17567,45571,531,4,101.94
17568,86665,386,1,403.91
17569,35506,779,1,285.39
17570,89367,133,1,566.35
17571,76514,726,1,145.95
17572,15777,435,1,101.95
17573,15952,643,1,54.43
17574,9987,354,1,58.86
17575,90652,456,1,254.58
17576,7017,201,2,1549.7
17577,96076,25,1,1165.72
17578,24583,453,3,228.77
17579,58048,181,1,960.96
17580,36433,517,1,211.65
17581,32871,419,1,332.33
17582,14737,529,1,23.4
17583,70609,370,1,41.18
17584,18539,78,1,448.34
17585,70985,433,1,307
17586,73756,713,1,84.65
17587,47936,64,1,987.78
17588,2381,399,1,372.92
17589,21260,93,1,1850.93
17590,28324,493,1,178.11
17591,38283,31,1,1472.03
17592,40381,98,2,1113.05
17593,60143,806,1,292.37
17594,1497,97,3,1294.45
17595,3794,148,2,1254.83
17596,78738,240,1,61.03
17597,52316,679,1,187.47
17598,12080,209,1,128.3
17599,32807,208,2,1599.96
17600,12145,319,1,57.84
17601,44401,195,2,957.51
17602,93079,290,4,120.4
17603,27596,563,2,33.62
17604,62334,802,1,107.98
17605,32153,35,2,2688.65
17606,92215,427,1,235.15
17607,11263,265,1,183.58
17608,81354,716,1,170.57
17609,32757,154,1,1229.13
17610,44172,448,1,374.32
17611,53542,797,1,404.47
17612,9668,103,1,916.04
17613,44557,113,1,2468.65
17614,6419,698,1,99.51
17615,26483,800,1,396.56
17616,9340,840,1,251.11
17617,65631,247,2,94.97
17618,32657,267,1,139.87
17619,54880,625,1,77.06
17620,34700,322,1,143.41
17621,48407,754,1,158.39
17622,19440,570,1,51.63
17623,68095,167,1,926.76
17624,82098,1,1,1018.58
17625,76925,724,1,125.26
17626,99404,660,1,98.01
17627,26317,186,1,1591.62
17628,83400,713,4,84.65
17629,63852,414,1,287.44
17630,95883,212,1,1668.95
17631,55178,840,1,251.11
17632,25650,278,1,130.88
17633,42993,321,1,113.48
17634,77289,333,1,23.12
17635,92772,444,2,209.61
17636,66516,158,2,1853.29
17637,71974,788,2,176.78
17638,63535,426,3,277.42
17639,68694,153,1,621.19
17640,24502,652,1,93.32
17641,15150,305,1,145.78
17642,39877,640,2,73.07
17643,24935,571,1,66.42
17644,91241,500,1,584.81
17645,16622,156,1,798.5
17646,29245,547,1,31.12
17647,66496,770,3,332.54
17648,72817,141,2,2665.48
17649,15476,631,1,120.31
17650,89901,850,5,237.95
17651,18427,29,1,1439.04
17652,99370,445,1,409.82
17653,59114,180,1,605.56
17654,81880,211,1,1347.08
17655,42972,231,1,161.14
17656,36237,275,1,107.44
17657,22482,207,3,522.28
17658,11536,205,2,1469.58
17659,34789,200,3,1905.88
17660,28969,347,1,128.17
17661,47309,581,2,61.28
17662,22273,727,1,45.19
17663,40270,285,1,118.28
17664,96172,175,2,1556.96
17665,27863,299,1,125.98
17666,99115,742,1,149.39
17667,72752,35,2,2688.65
17668,78773,360,1,117.81
17669,69068,76,3,1764.12
17670,45652,780,1,254.38
17671,26234,58,4,720
17672,66143,10,3,1709.69
17673,80424,458,1,245.35
17674,72916,638,1,57.93
17675,73738,745,2,131.36
17676,86882,411,1,192
17677,41523,217,2,934.5
17678,14076,731,2,48.57
17679,87459,12,1,2721.53
17680,11040,650,4,88.13
17681,13804,233,1,118.05
17682,60975,849,2,207.15
17683,95147,413,1,526.63
17684,78039,567,1,55.35
17685,85487,637,1,92.71
17686,80898,342,1,101.64
17687,31225,23,2,879.34
17688,47390,547,1,31.12
17689,95694,613,3,78.12
17690,6053,811,1,465.41
17691,33413,454,1,480.12
17692,85596,30,2,358.22
17693,50802,639,2,60.83
17694,50054,770,1,332.54
17695,79026,588,1,32.82
17696,97349,470,1,543.54
17697,2020,840,2,251.11
17698,49216,561,1,86.98
17699,62691,374,2,337.45
17700,12624,457,2,43.15
17701,79538,463,2,370.25
17702,67856,653,1,100.32
17703,75834,460,1,119.48
17704,20066,518,1,408.38
17705,50491,622,1,40.46
17706,48938,464,1,291.69
17707,90275,633,2,89.89
17708,88482,734,1,91.41
17709,22146,334,1,50.93
17710,18263,507,1,484.32
17711,74658,681,1,140.36
17712,32509,135,1,2540.95
17713,52841,247,2,94.97
17714,37329,630,1,43.94
17715,52220,24,1,1004.36
17716,86707,786,1,385.84
17717,77949,368,1,192.86
17718,79118,393,1,210.09
17719,18284,620,2,92.65
17720,79081,707,3,66.73
17721,33363,848,1,495.21
17722,77135,7,2,398.8
17723,55594,624,2,63.62
17724,30741,276,1,105.92
17725,39164,558,3,18.15
17726,50154,152,3,794.45
17727,31209,35,2,2688.65
17728,25340,327,1,114.31
17729,22356,601,1,36.85
17730,17311,527,2,57.31
17731,28990,538,1,43.54
17732,6741,743,1,297.24
17733,17622,621,3,38.29
17734,73327,296,2,109.15
17735,29445,226,2,70.24
17736,25238,801,1,280.08
17737,67092,708,1,138.81
17738,46450,724,3,125.26
17739,78346,88,1,1539.42
17740,97517,748,1,220.43
17741,46739,725,1,98.54
17742,61548,336,1,33.43
17743,39295,361,1,89.29
17744,95776,703,1,68.35
17745,91483,835,1,205.95
17746,1673,232,1,106.09
17747,42742,634,1,92.64
17748,57648,145,3,867.39
17749,52498,194,1,1529.24
17750,42899,104,1,1266.38
17751,85031,213,1,1572.75
17752,87287,238,1,27.65
17753,32164,567,1,55.35
17754,76229,80,1,557.08
17755,61128,596,4,62.64
17756,94664,619,1,100.91
17757,93557,470,2,543.54
17758,91371,213,3,1572.75
17759,77176,183,3,2443.07
17760,53573,739,2,80.56
17761,10724,616,1,122.24
17762,66393,684,1,112.82
17763,18904,791,1,108.25
17764,98001,779,1,285.39
17765,84196,703,1,68.35
17766,70865,698,1,99.51
17767,62579,350,1,126.51
17768,52148,233,1,118.05
17769,78178,801,1,280.08
17770,92421,538,1,43.54
17771,67664,422,1,395.38
17772,76310,828,2,161.68
17773,14548,658,1,71.4
17774,94467,251,2,76.69
17775,36426,528,1,45.58
17776,71059,650,1,88.13
17777,21102,632,1,159.73
17778,92219,675,1,77.03
17779,16631,197,3,1756.06
17780,54834,823,3,158.01
17781,62937,121,1,1989.62
17782,59428,79,4,990.72
17783,17771,186,2,1591.62
17784,53352,350,1,126.51
17785,9472,299,4,125.98
17786,94510,169,1,336.57
17787,44624,84,1,416.48
17788,12046,520,1,133.3
17789,28010,198,1,2315.24
17790,98421,259,1,116.9
17791,70285,422,2,395.38
17792,29784,408,1,42.37
17793,93509,794,1,243.61
17794,41251,110,2,456.84
17795,93227,135,1,2540.95
17796,95730,837,1,390.61
17797,24253,435,1,101.95
17798,40713,328,1,124.01
17799,5301,196,2,974.84
17800,8733,661,3,70.59
17801,30372,482,2,343.8
17802,15048,565,2,51.83
17803,25453,219,1,1567.32
17804,17764,303,1,112.09
17805,17577,273,1,180.43
17806,4012,363,1,99.37
17807,68138,453,3,228.77
17808,57146,70,1,2884.14
17809,91823,809,2,191.41
17810,11838,505,4,338.31
17811,95166,717,1,143.37
17812,53327,349,1,87.41
17813,80985,767,1,303.89
17814,34260,832,2,191.89
17815,6167,566,2,74.04
17816,64876,174,3,772.9
17817,58735,654,1,126.06
17818,85070,43,1,310.32
17819,4211,733,2,112.26
17820,28666,415,1,313.17
17821,4842,50,1,699.69
17822,57967,346,2,124.74
17823,80930,722,1,50.76
17824,85952,708,1,138.81
17825,44636,483,2,240.01
17826,53215,516,1,61.04
17827,71571,260,2,47.28
17828,52685,341,2,104.39
17829,83262,298,1,66.54
17830,19973,422,1,395.38
17831,65040,329,1,93.74
17832,82231,318,1,60.45
17833,4242,400,1,374.97
17834,22913,764,2,295.63
17835,3888,687,2,98.13
17836,15250,830,1,191.83
17837,28463,572,1,97.56
17838,2710,191,1,500.92
17839,80331,321,1,113.48
17840,84985,667,1,58.31
17841,9611,204,1,2321.47
17842,49322,292,2,32.35
17843,46995,138,1,1696.84
17844,23143,786,2,385.84
17845,46329,443,1,210.88
17846,52971,90,1,1196.13
17847,2037,98,4,1113.05
17848,31637,632,2,159.73
17849,71456,714,1,77.2
17850,61457,322,1,143.41
17851,31711,242,1,213.16
17852,58034,48,1,1289.14
17853,56316,321,1,113.48
17854,21961,156,1,798.5
17855,43418,160,2,1762.02
17856,5746,32,1,672.62
17857,55865,709,2,59.25
17858,27953,822,4,25.42
17859,30214,702,2,29.47
17860,7862,425,3,85.89
17861,4121,405,1,192.25
17862,6371,675,3,77.03
17863,98268,33,2,421.17
17864,22510,193,1,2329.58
17865,14147,783,2,136.46
17866,52047,477,1,96.07
17867,63551,599,1,38.98
17868,71439,234,1,104.53
17869,55634,815,1,360.06
17870,20813,675,2,77.03
17871,6104,270,1,76.57
17872,62672,493,3,178.11
17873,92909,733,3,112.26
17874,1669,386,4,403.91
17875,46175,734,1,91.41
17876,96941,683,1,49.44
17877,16437,244,1,86.8
17878,39728,126,1,1112.26
17879,52559,476,1,603.44
17880,16769,595,1,116.88
17881,98849,514,1,446.84
17882,68590,808,1,399.03
17883,47919,599,1,38.98
17884,23591,79,1,990.72
17885,74621,590,1,35.21
17886,40888,10,1,1709.69
17887,76360,42,1,1240.21
17888,49526,374,3,337.45
17889,13685,181,2,960.96
17890,98093,802,2,107.98
17891,29688,109,1,776.74
17892,21050,127,1,2023.32
17893,88019,411,2,192
17894,58036,283,1,87.55
17895,7145,621,1,38.29
17896,97953,637,1,92.71
17897,25105,145,1,867.39
17898,22113,109,1,776.74
17899,15563,605,1,31.92
17900,97551,686,2,96.04
17901,97874,468,1,448.77
17902,97030,542,1,75.76
17903,56658,174,1,772.9
17904,30840,40,2,1136.17
17905,25733,364,5,112.89
17906,46841,420,5,373.76
17907,15970,376,1,191.89
17908,63771,393,2,210.09
17909,71456,308,1,80.43
17910,84660,236,1,145.03
17911,7251,56,1,2429.03
17912,79575,571,1,66.42
17913,42854,89,2,2273.66
17914,85124,216,1,790.68
17915,86316,4,1,1452.58
17916,44802,394,1,387.51
17917,36989,130,2,1270.67
17918,70558,659,1,109.2
17919,48992,89,2,2273.66
17920,55478,192,4,2315.69
17921,88257,411,1,192
17922,94921,670,4,62.57
17923,19059,502,4,271.9
17924,94343,68,1,1973.25
17925,47351,337,1,177.03
17926,93501,284,3,46.63
17927,92375,125,1,775.3
17928,35002,337,1,177.03
17929,11299,702,2,29.47
17930,6179,178,2,1039.95
17931,67132,300,1,44.81
17932,68063,693,2,89.35
17933,76954,133,1,566.35
17934,40258,413,1,526.63
17935,61687,141,1,2665.48
17936,43538,630,1,43.94
17937,53885,134,2,955.11
17938,82910,754,2,158.39
17939,42087,542,1,75.76
17940,5672,747,2,171.96
17941,16941,485,1,292.09
17942,23832,300,2,44.81
17943,99315,122,2,2310.87
17944,48263,644,1,67.31
17945,40112,565,1,51.83
17946,53151,260,1,47.28
17947,38212,729,3,53.27
17948,8298,67,1,612.82
17949,41739,599,1,38.98
17950,30724,549,4,67.03
17951,53579,723,1,32.72
17952,51989,775,2,320.37
17953,91855,347,1,128.17
17954,8338,364,4,112.89
17955,29720,368,1,192.86
17956,92806,45,1,825.27
17957,76551,521,1,74.48
17958,90712,825,1,218.42
17959,29220,616,2,122.24
17960,37868,781,1,274.7
17961,16806,45,1,825.27
17962,61413,70,1,2884.14
17963,3367,64,1,987.78
17964,77115,141,1,2665.48
17965,66648,64,1,987.78
17966,4084,431,2,130.19
17967,87146,732,1,139.82
17968,17855,277,1,161.99
17969,99679,821,3,323.12
17970,23045,382,1,344.3
17971,81276,710,3,114.92
17972,21825,447,1,584.32
17973,45978,665,5,39.3
17974,19302,319,1,57.84
17975,95297,727,1,45.19
17976,74684,761,1,107.7
17977,55645,516,2,61.04
17978,87207,158,1,1853.29
17979,45247,407,2,216.15
17980,25592,79,4,990.72
17981,46886,451,1,387.94
17982,12955,271,1,164.71
17983,33895,73,1,133.34
17984,46749,111,1,875.42
17985,51970,441,1,102.35
17986,83732,70,1,2884.14
17987,80184,9,4,1457.94
17988,61131,786,1,385.84
17989,77483,557,1,33.37
17990,41064,732,1,139.82
17991,36222,804,1,241.93
17992,70964,631,1,120.31
17993,37400,528,1,45.58
17994,31699,76,1,1764.12
17995,66563,377,1,431.36
17996,84731,397,1,441.12
17997,55339,23,1,879.34
17998,23660,626,1,53.36
17999,76602,63,1,2058.51
18000,78207,212,2,1668.95
18001,5450,619,1,100.91
18002,88234,220,1,2128.96
18003,92780,22,1,609.78
18004,56878,486,3,475.47
18005,8980,335,1,35.02
18006,79660,592,1,79.56
18007,57685,106,1,810.12
18008,67264,703,2,68.35
18009,97691,358,1,119.54
18010,10837,729,1,53.27
18011,61542,19,1,1121.09
18012,84246,787,1,233.8
18013,25899,100,1,538.09
18014,56961,234,2,104.53
18015,73449,136,1,930.82
18016,89174,713,1,84.65
18017,65639,138,3,1696.84
18018,2291,641,2,20.23
18019,9591,105,2,2361.4
18020,52695,77,1,1880.83
18021,3788,517,1,211.65
18022,2042,144,1,893.7
18023,50485,312,1,43.29
18024,11928,790,2,418.19
18025,57360,506,1,138.24
18026,2959,160,1,1762.02
18027,3871,805,1,183.52
18028,17299,747,4,171.96
18029,47846,101,1,297.32
18030,52827,773,1,99.41
18031,17521,472,2,553.66
18032,27852,365,1,207.2
18033,52463,356,2,129.5
18034,33854,270,1,76.57
18035,46463,847,1,82.79
18036,63596,693,2,89.35
18037,60471,137,3,1286.59
18038,43854,236,1,145.03
18039,33835,546,1,52.46
18040,14320,230,1,127.46
18041,51727,313,4,28.06
18042,6660,622,2,40.46
18043,8638,99,1,268.9
18044,18635,490,1,466.11
18045,63563,730,2,48.49
18046,56533,743,1,297.24
18047,34602,546,3,52.46
18048,85186,369,1,63.75
18049,11760,768,1,364.34
18050,35393,143,1,1244.23
18051,81593,276,1,105.92
18052,32030,670,1,62.57
18053,15920,802,1,107.98
18054,85474,58,1,720
18055,30882,3,1,1772.05
18056,89306,41,1,571.32
18057,99182,18,1,1298.49
18058,70541,409,1,479.24
18059,13903,18,1,1298.49
18060,71503,829,2,292.82
18061,91238,642,1,66.69
18062,36939,54,1,2305.48
18063,84941,395,1,199.29
18064,42184,364,4,112.89
18065,58943,732,2,139.82
18066,69319,341,1,104.39
18067,66929,160,1,1762.02
18068,50170,474,1,466.85
18069,9716,484,2,311.22
18070,18994,485,4,292.09
18071,13616,14,1,748.83
18072,8542,90,1,1196.13
18073,76879,580,2,44.39
18074,35393,671,1,49.76
18075,13811,409,3,479.24
18076,88562,783,2,136.46
18077,78433,545,1,77.05
18078,9589,66,1,1334.73
18079,9326,368,1,192.86
18080,53596,815,1,360.06
18081,57669,549,1,67.03
18082,74887,658,1,71.4
18083,8882,178,2,1039.95
18084,83946,577,1,34.72
18085,94424,132,1,765.52
18086,70575,575,1,110.2
18087,73888,251,2,76.69
18088,84494,316,1,139.67
18089,84197,849,1,207.15
18090,60795,778,1,286.32
18091,38337,675,1,77.03
18092,75098,602,1,45.99
18093,55092,387,1,179.63
18094,61097,217,1,934.5
18095,33869,275,1,107.44
18096,8287,101,1,297.32
18097,13960,245,1,23.66
18098,5972,846,1,180.75
18099,52368,557,1,33.37
18100,91650,837,1,390.61
18101,89000,561,1,86.98
18102,81944,585,1,78.72
18103,77317,425,1,85.89
18104,97579,782,1,220.16
18105,75956,108,3,1836.25
18106,42084,48,2,1289.14
18107,76511,556,2,56.33
18108,59444,540,1,32.85
18109,96006,656,2,43.4
18110,84006,631,1,120.31
18111,62642,389,2,372.78
18112,89566,211,3,1347.08
18113,35562,235,2,63.67
18114,53761,12,1,2721.53
18115,43506,185,1,823.93
18116,15548,21,2,1481.54
18117,24016,305,1,145.78
18118,21761,45,2,825.27
18119,74963,732,1,139.82
18120,31885,525,2,106.03
18121,47607,749,2,384.4
18122,15397,273,1,180.43
18123,56008,640,2,73.07
18124,15879,5,1,644.02
18125,95509,789,1,194.77
18126,41841,210,1,653.61
18127,97592,404,1,418.74
18128,69132,66,1,1334.73
18129,45992,605,3,31.92
18130,33592,491,1,240.43
18131,6960,753,1,249.45
18132,44038,599,1,38.98
18133,63493,353,1,132.5
18134,20568,249,1,218.37
18135,44910,701,1,92.7
18136,97937,367,1,217.01
18137,85804,764,2,295.63
18138,54931,232,1,106.09
18139,31626,482,1,343.8
18140,66127,802,1,107.98
18141,56529,55,4,1450.93
18142,29389,540,4,32.85
18143,56021,706,2,201.34
18144,79111,411,2,192
18145,8509,846,1,180.75
18146,46927,44,1,2369.39
18147,14304,588,4,32.82
18148,54145,419,2,332.33
18149,43562,512,1,226.59
18150,28134,772,4,346.25
18151,74050,147,1,1476.49
18152,82144,379,1,410.89
18153,48398,273,3,180.43
18154,48782,846,1,180.75
18155,20591,201,2,1549.7
18156,21017,209,1,128.3
18157,46454,201,1,1549.7
18158,20997,103,1,916.04
18159,47593,795,2,42.45
18160,21820,192,1,2315.69
18161,85560,518,3,408.38
18162,6466,569,1,118.44
18163,86867,819,2,67.91
18164,17243,450,1,101.61
18165,84618,45,1,825.27
18166,83467,572,2,97.56
18167,28857,627,1,61.59
18168,45056,783,1,136.46
18169,31970,368,1,192.86
18170,91751,620,2,92.65
18171,86045,6,2,643.98
18172,13324,844,2,432.51
18173,48708,255,2,59.87
18174,7766,466,2,211.09
18175,23940,144,4,893.7
18176,75408,671,1,49.76
18177,60886,175,3,1556.96
18178,98446,273,1,180.43
18179,85912,654,1,126.06
18180,91060,149,4,376.32
18181,11025,89,1,2273.66
18182,78936,383,1,311.85
18183,40727,745,1,131.36
18184,23629,259,1,116.9
18185,9014,787,1,233.8
18186,83564,387,1,179.63
18187,80142,310,3,73.64
18188,95779,566,1,74.04
18189,23482,402,1,476.71
18190,36601,621,2,38.29
18191,61409,11,1,243.48
18192,12080,823,1,158.01
18193,8752,306,2,226.09
18194,92039,217,1,934.5
18195,27642,408,1,42.37
18196,3327,449,1,211.58
18197,11180,51,1,2718.95
18198,14537,206,1,167.72
18199,94857,459,1,85.05
18200,6582,717,2,143.37
18201,1183,480,1,266.64
18202,34718,819,3,67.91
18203,45727,204,1,2321.47
18204,65887,572,1,97.56
18205,31305,72,1,724.9
18206,68970,401,2,111.92
18207,10205,145,1,867.39
18208,7106,244,2,86.8
18209,66136,316,1,139.67
18210,41229,210,1,653.61
18211,39405,16,1,697
18212,19648,361,1,89.29
18213,59805,314,1,217.82
18214,33520,572,1,97.56
18215,39267,632,1,159.73
18216,46555,61,2,1043.37
18217,58213,236,1,145.03
18218,42087,786,1,385.84
18219,76009,260,1,47.28
18220,70769,88,1,1539.42
18221,66895,836,1,182
18222,81993,586,2,42.98
18223,70707,526,1,62.16
18224,1937,62,1,845.49
18225,22790,540,1,32.85
18226,27417,481,1,312.06
18227,70081,509,1,525.62
18228,23517,661,1,70.59
18229,44919,412,2,525.95
18230,99536,154,2,1229.13
18231,37993,523,1,136.72
18232,67345,225,1,72.93
18233,93249,261,3,124.59
18234,78027,494,1,148.01
18235,98699,533,1,152.22
18236,25439,64,1,987.78
18237,70305,730,1,48.49
18238,16552,104,1,1266.38
18239,7494,213,2,1572.75
18240,47156,826,1,394.47
18241,45218,614,1,27.16
18242,30990,306,3,226.09
18243,8261,699,3,47.24
18244,34629,827,2,161.51
18245,21380,142,2,814.09
18246,15804,521,1,74.48
18247,29239,352,1,177.33
18248,83133,643,1,54.43
18249,54367,832,1,191.89
18250,59618,613,1,78.12
18251,17061,313,3,28.06
18252,29359,432,2,378.9
18253,58870,153,1,621.19
18254,73887,103,1,916.04
18255,55322,384,2,455.69
18256,87397,53,1,2521.54
18257,2803,298,1,66.54
18258,56837,317,1,92.22
18259,27902,163,3,1530.22
18260,31289,612,2,99.88
18261,4084,410,2,105.83
18262,66131,848,1,495.21
18263,65198,84,1,416.48
18264,50963,162,1,1527.43
18265,78538,188,1,1360.41
18266,83728,447,1,584.32
18267,97133,285,1,118.28
18268,36369,193,1,2329.58
18269,33537,800,1,396.56
18270,77631,296,1,109.15
18271,58513,589,1,32.73
18272,47078,626,1,53.36
18273,77670,278,2,130.88
18274,24009,236,2,145.03
18275,48909,328,1,124.01
18276,3185,740,1,73.03
18277,37186,135,4,2540.95
18278,41184,114,1,1991.76
18279,39280,307,1,108.22
18280,61815,184,2,2233.97
18281,27012,306,3,226.09
18282,28672,63,1,2058.51
18283,53035,667,2,58.31
18284,60614,747,1,171.96
18285,2295,236,1,145.03
18286,20841,132,2,765.52
18287,20041,664,1,57.36
18288,36731,465,1,542.03
18289,52344,839,2,232.84
18290,12056,610,2,85.31
18291,52195,549,1,67.03
18292,3624,655,1,79.63
18293,70180,246,2,201.57
18294,55849,678,2,75.52
18295,33640,170,1,1435.76
18296,70054,112,2,654.43
18297,42679,625,2,77.06
18298,67762,792,1,234.78
18299,10776,122,1,2310.87
18300,27744,354,1,58.86
18301,84571,352,2,177.33
18302,91393,216,1,790.68
18303,16397,320,1,71.03
18304,99703,540,1,32.85
18305,78025,313,1,28.06
18306,19691,217,1,934.5
18307,36783,825,2,218.42
18308,63462,611,2,20.37
18309,96381,528,1,45.58
18310,83160,370,2,41.18
18311,91624,387,1,179.63
18312,2726,160,1,1762.02
18313,31885,398,1,230.52
18314,65221,378,1,57.89
18315,39528,793,2,208.32
18316,35377,827,1,161.51
18317,36816,151,4,2364.58
18318,51873,838,1,165.94
18319,69710,27,1,726.61
18320,73985,292,1,32.35
18321,38594,182,2,551.45
18322,28993,826,5,394.47
18323,10005,757,1,246.69
18324,55672,518,1,408.38
18325,88623,245,2,23.66
18326,80437,282,1,82.43
18327,6586,733,1,112.26
18328,73055,19,1,1121.09
18329,24424,408,1,42.37
18330,93655,279,3,140.86
18331,48077,516,1,61.04
18332,32835,682,1,59.6
18333,91923,549,1,67.03
18334,53980,606,1,61.43
18335,34886,28,1,1277.56
18336,71152,687,1,98.13
18337,12612,201,1,1549.7
18338,57255,26,1,1921.56
18339,65591,612,1,99.88
18340,87466,514,1,446.84
18341,25686,143,2,1244.23
18342,86809,443,2,210.88
18343,45313,372,1,52.26
18344,83100,246,1,201.57
18345,99803,334,2,50.93
18346,81306,201,2,1549.7
18347,60115,207,1,522.28
18348,73975,697,1,62.96
18349,29559,459,2,85.05
18350,35329,93,1,1850.93
18351,23057,26,1,1921.56
18352,92780,483,1,240.01
18353,24880,134,1,955.11
18354,40883,705,1,32.06
18355,66942,732,1,139.82
18356,62759,544,1,83.09
18357,18634,519,1,587.38
18358,81314,670,1,62.57
18359,92131,679,1,187.47
18360,47412,519,2,587.38
18361,98805,575,2,110.2
18362,7437,147,1,1476.49
18363,84588,629,1,19.84
18364,61087,735,1,70.91
18365,92821,507,1,484.32
18366,59829,288,1,112.41
18367,1610,568,1,59.32
18368,3644,333,1,23.12
18369,49288,465,1,542.03
18370,62395,530,2,110.63
18371,33231,508,1,416.15
18372,87094,52,3,1892.01
18373,2837,392,1,224.55
18374,13527,617,1,24.15
18375,74715,481,2,312.06
18376,38538,404,1,418.74
18377,34567,384,1,455.69
18378,86394,342,1,101.64
18379,39639,39,2,1650.03
18380,49169,281,2,187.62
18381,8732,137,1,1286.59
18382,96589,373,1,107.49
18383,88970,785,1,117.09
18384,48506,850,3,237.95
18385,4124,577,1,34.72
18386,72120,359,3,206.65
18387,97752,64,4,987.78
18388,7834,580,1,44.39
18389,78292,685,1,170.52
18390,10363,432,1,378.9
18391,9716,733,2,112.26
18392,62646,637,2,92.71
18393,23079,311,1,96.54
18394,57928,89,1,2273.66
18395,40446,414,1,287.44
18396,60561,428,1,463.98
18397,44807,667,1,58.31
18398,78610,484,1,311.22
18399,23615,600,2,20.67
18400,81098,111,1,875.42
18401,77268,59,2,353.67
18402,94064,649,1,134.51
18403,23282,406,2,470.57
18404,32447,478,2,279.21
18405,14874,455,1,115.87
18406,38893,104,1,1266.38
18407,89219,719,2,42.9
18408,32854,163,1,1530.22
18409,29139,297,1,155.34
18410,61532,250,2,176.33
18411,64998,376,1,191.89
18412,15371,204,2,2321.47
18413,50934,392,1,224.55
18414,73783,308,1,80.43
18415,32701,218,1,1811.21
18416,15596,36,1,1992.63
18417,11333,209,1,128.3
18418,41060,161,1,1006.83
18419,31732,682,4,59.6
18420,51140,721,2,173.77
18421,31120,834,1,115.52
18422,32032,551,1,67.02
18423,6451,169,1,336.57
18424,69920,182,1,551.45
18425,30740,807,2,406.4
18426,42817,323,2,132.78
18427,1832,576,1,129.84
18428,57335,698,1,99.51
18429,99732,547,1,31.12
18430,13510,4,1,1452.58
18431,78153,262,1,238.23
18432,45128,228,5,89.98
18433,98229,343,1,60.44
18434,19643,406,1,470.57
18435,5085,655,4,79.63
18436,32700,266,1,148.88
18437,65369,228,1,89.98
18438,30761,457,1,43.15
18439,11636,653,3,100.32
18440,71566,775,2,320.37
18441,45546,820,2,158.47
18442,29973,196,1,974.84
18443,95462,771,3,93.15
18444,37198,671,1,49.76
18445,25728,285,1,118.28
18446,26520,450,1,101.61
18447,98721,252,1,88.87
18448,8271,649,1,134.51
18449,82797,85,1,910.42
18450,71962,22,1,609.78
18451,54389,678,1,75.52
18452,75908,676,1,195.28
18453,40817,507,1,484.32
18454,94891,707,1,66.73
18455,97452,667,1,58.31
18456,84471,615,1,112.27
18457,77869,505,1,338.31
18458,49140,722,1,50.76
18459,46095,165,2,493.52
18460,84680,455,1,115.87
18461,1165,501,1,345.02
18462,22651,730,1,48.49
18463,60664,130,1,1270.67
18464,92206,468,3,448.77
18465,1491,101,2,297.32
18466,7514,387,2,179.63
18467,4480,713,2,84.65
18468,90302,169,1,336.57
18469,55628,113,1,2468.65
18470,63308,255,1,59.87
18471,88687,17,2,899.25
18472,24273,27,1,726.61
18473,34143,568,5,59.32
18474,46265,290,1,120.4
18475,19154,738,1,140.26
18476,52679,500,2,584.81
18477,94606,362,1,129.66
18478,38415,744,1,207.32
18479,3050,695,2,41.43
18480,38947,165,2,493.52
18481,87411,687,1,98.13
18482,68291,817,1,236.52
18483,77208,142,1,814.09
18484,71636,418,1,195.16
18485,98494,505,1,338.31
18486,26132,409,1,479.24
18487,51845,722,1,50.76
18488,16765,398,2,230.52
18489,98411,714,1,77.2
18490,27605,545,2,77.05
18491,88151,731,2,48.57
18492,33362,549,2,67.03
18493,79604,411,5,192
18494,5183,494,2,148.01
18495,92245,810,1,94.15
18496,81636,704,1,44.41
18497,16575,782,1,220.16
18498,15090,513,1,506.02
18499,63259,158,1,1853.29
18500,93622,236,1,145.03
18501,37968,687,1,98.13
18502,87215,641,1,20.23
18503,3579,461,1,118.87
18504,87419,795,2,42.45
18505,7025,386,1,403.91
18506,77356,47,4,911.63
18507,90190,298,2,66.54
18508,94297,652,1,93.32
18509,40270,133,1,566.35
18510,54706,154,1,1229.13
18511,74419,741,1,194.97
18512,23106,810,2,94.15
18513,11988,396,1,503.93
18514,8297,386,2,403.91
18515,49564,847,1,82.79
18516,33748,827,1,161.51
18517,76120,610,1,85.31
18518,84464,597,1,82.6
18519,89305,224,1,86.46
18520,29556,77,1,1880.83
18521,71157,162,2,1527.43
18522,7025,298,1,66.54
18523,83834,436,1,346.44
18524,16169,220,1,2128.96
18525,23323,435,1,101.95
18526,40440,519,1,587.38
18527,93166,433,1,307
18528,87305,550,1,95.95
18529,94902,658,1,71.4
18530,63649,481,2,312.06
18531,85197,711,4,128.83
18532,61532,769,1,160.34
18533,8447,349,3,87.41
18534,24283,320,2,71.03
18535,39887,421,2,396.57
18536,21924,695,1,41.43
18537,60975,569,1,118.44
18538,78155,627,3,61.59
18539,5332,808,3,399.03
18540,77036,754,1,158.39
18541,9442,421,2,396.57
18542,4566,600,3,20.67
18543,96989,743,1,297.24
18544,84519,470,3,543.54
18545,43240,434,1,110.92
18546,83502,27,1,726.61
18547,50123,410,1,105.83
18548,42254,301,2,36.64
18549,63109,156,2,798.5
18550,2500,455,1,115.87
18551,62749,309,1,161.23
18552,84861,774,1,175.76
18553,96321,744,1,207.32
18554,24696,664,3,57.36
18555,1851,542,1,75.76
18556,75509,711,1,128.83
18557,84208,525,2,106.03
18558,14273,361,1,89.29
18559,74085,241,2,206.75
18560,2941,149,1,376.32
18561,4113,719,3,42.9
18562,40546,582,1,141.03
18563,76744,104,1,1266.38
18564,79767,334,1,50.93
18565,52854,198,1,2315.24
18566,96494,631,3,120.31
18567,85974,654,1,126.06
18568,82681,430,2,118.66
18569,61764,73,5,133.34
18570,29213,454,3,480.12
18571,7352,22,1,609.78
18572,24190,477,2,96.07
18573,33960,177,3,1666.57
18574,50892,376,1,191.89
18575,32722,606,1,61.43
18576,48077,409,1,479.24
18577,35016,90,2,1196.13
18578,62345,293,1,168.08
18579,82856,146,3,320.86
18580,58590,704,1,44.41
18581,67543,595,1,116.88
18582,4995,287,2,100.46
18583,34877,229,1,188.3
18584,47418,149,1,376.32
18585,13554,800,1,396.56
18586,2420,715,1,69.75
18587,90932,825,1,218.42
18588,45846,418,2,195.16
18589,62906,312,2,43.29
18590,70306,51,1,2718.95
18591,54810,236,1,145.03
18592,44983,263,1,55.16
18593,14242,498,1,98.36
18594,31325,760,1,316.13
18595,58333,194,1,1529.24
18596,77720,569,1,118.44
18597,39591,427,3,235.15
18598,86477,20,2,877.84
18599,37776,689,3,130.61
18600,57686,501,1,345.02
18601,8876,163,1,1530.22
18602,61603,344,1,95.79
18603,58045,589,1,32.73
18604,62071,207,2,522.28
18605,6990,599,2,38.98
18606,73505,239,1,130.06
18607,47427,362,1,129.66
18608,43412,275,1,107.44
18609,67574,426,1,277.42
18610,13399,441,2,102.35
18611,99038,751,2,95.53
18612,73306,6,1,643.98
18613,82534,536,1,128.45
18614,68977,459,1,85.05
18615,49111,146,1,320.86
18616,71372,391,1,595.91
18617,14100,802,1,107.98
18618,29618,526,1,62.16
18619,99492,334,1,50.93
18620,73398,732,2,139.82
18621,60651,712,1,101.6
18622,31035,244,2,86.8
18623,95672,502,3,271.9
18624,98951,808,4,399.03
18625,20434,363,1,99.37
18626,56053,593,1,38.05
18627,98757,282,1,82.43
18628,88427,211,1,1347.08
18629,33009,69,2,449.82
18630,69076,385,1,364.27
18631,12139,628,4,92.54
18632,20605,659,1,109.2
18633,12327,479,1,552.74
18634,17449,590,1,35.21
18635,9990,574,1,77.48
18636,98800,346,1,124.74
18637,15798,713,1,84.65
18638,78817,568,1,59.32
18639,5060,669,1,51.43
18640,9088,231,1,161.14
18641,92417,596,1,62.64
18642,19950,106,4,810.12
18643,96812,294,1,85.44
18644,65296,512,1,226.59
18645,1428,149,1,376.32
18646,24730,533,1,152.22
18647,6846,114,2,1991.76
18648,54435,241,1,206.75
18649,95298,92,3,1722.95
18650,68173,605,2,31.92
18651,11260,733,1,112.26
18652,96064,746,1,379.49
18653,58236,546,1,52.46
18654,2805,619,1,100.91
18655,4082,424,2,255.29
18656,56144,823,2,158.01
18657,82536,40,1,1136.17
18658,53439,719,1,42.9
18659,82962,488,2,179.28
18660,18561,623,1,53.5
18661,67887,398,3,230.52
18662,69394,511,1,304.85
18663,72826,256,1,114.71
18664,82488,502,1,271.9
18665,61208,376,2,191.89
18666,20439,619,1,100.91
18667,7299,284,2,46.63
18668,84013,319,1,57.84
18669,65110,814,1,395.25
18670,37363,58,3,720
18671,3642,225,1,72.93
18672,55216,614,2,27.16
18673,25262,275,1,107.44
18674,82259,678,2,75.52
18675,8575,345,1,90.74
18676,39296,471,1,44.33
18677,33582,42,1,1240.21
18678,17356,584,2,50.02
18679,58564,655,1,79.63
18680,84831,517,1,211.65
18681,77523,541,1,131.23
18682,54724,117,2,1977.83
18683,86029,700,1,85.88
18684,74646,398,3,230.52
18685,88765,637,2,92.71
18686,63080,143,2,1244.23
18687,12802,359,1,206.65
18688,73093,415,1,313.17
18689,88590,472,2,553.66
18690,44557,617,1,24.15
18691,8661,629,1,19.84
18692,4015,368,1,192.86
18693,29687,751,2,95.53
18694,71096,476,2,603.44
18695,29907,123,1,922.12
18696,61332,44,1,2369.39
18697,30840,35,1,2688.65
18698,39445,631,1,120.31
18699,81255,747,3,171.96
18700,38921,506,2,138.24
18701,31284,277,1,161.99
18702,4480,339,1,101.75
18703,77209,399,2,372.92
18704,5772,767,3,303.89
18705,90388,151,1,2364.58
18706,73501,264,1,108.54
18707,63693,810,1,94.15
18708,15804,822,2,25.42
18709,97942,815,2,360.06
18710,71852,142,1,814.09
18711,90229,123,1,922.12
18712,23953,587,1,26.35
18713,93357,832,1,191.89
18714,90610,580,1,44.39
18715,59048,207,1,522.28
18716,98410,758,1,217.14
18717,97417,639,1,60.83
18718,23046,236,1,145.03
18719,35060,401,1,111.92
18720,84659,817,2,236.52
18721,2887,119,1,2295.88
18722,41308,368,1,192.86
18723,61548,232,1,106.09
18724,65894,787,1,233.8
18725,21751,658,1,71.4
18726,68363,446,2,522.5
18727,9437,691,2,66.88
18728,24157,62,2,845.49
18729,16338,310,1,73.64
18730,96298,337,1,177.03
18731,85581,666,2,47.03
18732,19774,51,1,2718.95
18733,14643,574,1,77.48
18734,45660,472,1,553.66
18735,77687,347,1,128.17
18736,64495,84,1,416.48
18737,41697,706,2,201.34
18738,49503,650,1,88.13
18739,6157,533,1,152.22
18740,18082,420,2,373.76
18741,42948,221,2,132.3
18742,21294,72,1,724.9
18743,61137,436,1,346.44
18744,14780,444,1,209.61
18745,97540,19,1,1121.09
18746,64014,77,1,1880.83
18747,31637,377,2,431.36
18748,8701,427,4,235.15
18749,96922,803,1,231.37
18750,55658,208,2,1599.96
18751,71822,303,1,112.09
18752,58852,831,2,129.32
18753,6801,436,1,346.44
18754,98084,253,1,175.8
18755,63841,397,2,441.12
18756,72901,689,3,130.61
18757,50981,617,1,24.15
18758,80414,273,2,180.43
18759,24234,488,1,179.28
18760,72674,786,1,385.84
18761,7166,806,1,292.37
18762,11741,75,1,1706.59
18763,51934,392,1,224.55
18764,35330,473,1,75.58
18765,44583,533,2,152.22
18766,10516,227,1,224.15
18767,97773,827,2,161.51
18768,3570,158,1,1853.29
18769,3529,747,1,171.96
18770,58392,506,1,138.24
18771,75692,710,1,114.92
18772,94715,194,1,1529.24
18773,67599,491,2,240.43
18774,50260,259,1,116.9
18775,43353,622,1,40.46
18776,66645,371,1,110.74
18777,39187,341,1,104.39
18778,20111,260,1,47.28
18779,28491,820,2,158.47
18780,29474,341,1,104.39
18781,91186,648,1,114.52
18782,93030,566,1,74.04
18783,75890,7,3,398.8
18784,60751,707,1,66.73
18785,2515,781,1,274.7
18786,24204,15,2,694.06
18787,85428,618,1,45.85
18788,22013,178,1,1039.95
18789,85405,111,1,875.42
18790,62447,743,1,297.24
18791,98759,566,1,74.04
18792,70478,240,2,61.03
18793,95223,85,1,910.42
18794,14732,578,2,123.63
18795,24800,741,1,194.97
18796,89568,369,1,63.75
18797,54799,203,1,655.23
18798,10464,125,2,775.3
18799,12623,418,1,195.16
18800,26352,360,1,117.81
18801,15066,523,2,136.72
18802,15000,172,5,220.1
18803,12067,281,1,187.62
18804,53540,90,2,1196.13
18805,45093,521,3,74.48
18806,52790,478,1,279.21
18807,43842,502,4,271.9
18808,72613,195,1,957.51
18809,27982,736,1,154.75
18810,22019,759,1,375.56
18811,54097,29,2,1439.04
18812,12723,2,1,2587.65
18813,59181,803,1,231.37
18814,85666,191,1,500.92
18815,89996,246,2,201.57
18816,55668,173,1,1273.32
18817,95316,430,2,118.66
18818,70881,680,2,151.72
18819,55527,671,1,49.76
18820,33070,669,3,51.43
18821,68073,539,2,60.5
18822,89967,461,1,118.87
18823,85219,427,1,235.15
18824,61228,362,5,129.66
18825,79833,821,1,323.12
18826,40589,171,1,1633.75
18827,22787,666,2,47.03
18828,12606,701,3,92.7
18829,79950,307,2,108.22
18830,80610,666,2,47.03
18831,24943,606,1,61.43
18832,67733,580,2,44.39
18833,93349,701,1,92.7
18834,23283,81,1,2179.45
18835,21524,494,1,148.01
18836,78254,530,1,110.63
18837,70827,295,1,52.91
18838,96041,644,1,67.31
18839,76246,358,1,119.54
18840,32605,655,1,79.63
18841,78289,501,1,345.02
18842,63259,113,1,2468.65
18843,38409,190,1,798.17
18844,31891,61,2,1043.37
18845,64190,560,1,77.29
18846,94881,218,2,1811.21
18847,80367,789,3,194.77
18848,60291,150,2,857.31
18849,21397,607,2,40.2
18850,99616,371,3,110.74
18851,81774,162,2,1527.43
18852,61752,294,1,85.44
18853,30882,181,2,960.96
18854,96742,179,2,2506.19
18855,10720,69,1,449.82
18856,24634,824,1,176.02
18857,56808,298,1,66.54
18858,49342,554,2,71.05
18859,98958,409,4,479.24
18860,48830,734,4,91.41
18861,23295,761,1,107.7
18862,83078,275,1,107.44
18863,64071,350,1,126.51
18864,25683,162,1,1527.43
18865,18380,486,1,475.47
18866,32619,460,1,119.48
18867,6827,392,1,224.55
18868,51841,458,1,245.35
18869,61005,578,1,123.63
18870,29068,623,1,53.5
18871,7435,219,1,1567.32
18872,94620,144,1,893.7
18873,10658,49,1,1342.93
18874,17044,107,2,1082
18875,14119,764,1,295.63
18876,56034,399,2,372.92
18877,21937,356,1,129.5
18878,49570,601,1,36.85
18879,50674,154,1,1229.13
18880,33483,654,1,126.06
18881,38893,661,1,70.59
18882,5197,69,1,449.82
18883,25753,793,1,208.32
18884,50073,97,1,1294.45
18885,39795,785,1,117.09
18886,30881,828,1,161.68
18887,78047,532,1,157.74
18888,69601,171,2,1633.75
18889,1078,707,4,66.73
18890,48732,848,1,495.21
18891,96069,215,2,1720.21
18892,44874,658,1,71.4
18893,41769,689,1,130.61
18894,69447,647,1,101.3
18895,81525,479,1,552.74
18896,1846,464,1,291.69
18897,28315,800,1,396.56
18898,26263,706,1,201.34
18899,63470,739,1,80.56
18900,96785,155,1,2869.59
18901,75813,43,1,310.32
18902,68149,20,3,877.84
18903,50118,90,2,1196.13
18904,88755,104,4,1266.38
18905,63414,512,4,226.59
18906,31135,728,2,135.75
18907,67570,610,4,85.31
18908,93884,1,2,1018.58
18909,93112,508,4,416.15
18910,34196,542,1,75.76
18911,89939,797,1,404.47
18912,14295,1,1,1018.58
18913,58370,193,1,2329.58
18914,87946,456,2,254.58
18915,28692,103,1,916.04
18916,58031,46,2,1597.63
18917,45281,412,1,525.95
18918,69535,380,1,179.57
18919,77467,527,1,57.31
18920,61446,309,2,161.23
18921,44096,795,2,42.45
18922,15712,105,1,2361.4
18923,57014,599,1,38.98
18924,17794,456,1,254.58
18925,8318,786,1,385.84
18926,56236,549,2,67.03
18927,9087,356,1,129.5
18928,57408,799,1,275.79
18929,90445,276,1,105.92
18930,26529,501,1,345.02
18931,6821,39,1,1650.03
18932,56119,719,1,42.9
18933,29562,395,3,199.29
18934,10734,688,2,62.01
18935,28618,36,2,1992.63
18936,49619,825,2,218.42
18937,97915,744,1,207.32
18938,93419,83,2,943.76
18939,77854,228,1,89.98
18940,30841,221,1,132.3
18941,52265,715,2,69.75
18942,26471,262,4,238.23
18943,58763,672,1,160.18
18944,9337,490,1,466.11
18945,60960,82,1,1507.07
18946,13915,190,1,798.17
18947,3217,36,1,1992.63
18948,46000,738,1,140.26
18949,46045,445,1,409.82
18950,25792,67,1,612.82
18951,91359,526,1,62.16
18952,66254,436,2,346.44
18953,35184,90,1,1196.13
18954,4473,820,1,158.47
18955,6746,539,1,60.5
18956,11536,790,3,418.19
18957,48167,203,1,655.23
18958,25746,583,1,64.38
18959,70109,675,2,77.03
18960,27275,611,3,20.37
18961,97962,259,2,116.9
18962,78988,553,1,70.14
18963,9388,568,1,59.32
18964,89272,729,2,53.27
18965,74640,565,1,51.83
18966,23265,249,1,218.37
18967,51503,370,1,41.18
18968,31323,689,1,130.61
18969,38550,636,1,81.59
18970,3447,838,2,165.94
18971,48315,689,2,130.61
18972,28111,229,1,188.3
18973,10276,242,1,213.16
18974,74060,816,1,212.43
18975,31562,486,2,475.47
18976,63154,190,1,798.17
18977,57732,619,1,100.91
18978,6577,119,1,2295.88
18979,56472,194,3,1529.24
18980,2301,42,1,1240.21
18981,94171,157,1,1620.62
18982,33685,665,1,39.3
18983,83418,323,1,132.78
18984,47171,487,1,77.32
18985,41928,110,1,456.84
18986,5876,494,2,148.01
18987,61315,305,1,145.78
18988,30333,408,1,42.37
18989,99921,690,1,51.49
18990,88439,639,1,60.83
18991,33625,196,2,974.84
18992,37010,768,1,364.34
18993,77468,576,2,129.84
18994,56520,433,3,307
18995,64534,718,1,185.18
18996,99646,516,2,61.04
18997,70802,420,1,373.76
18998,10667,96,1,1237.53
18999,63654,817,2,236.52
19000,29153,410,1,105.83
19001,38621,672,1,160.18
19002,60132,714,1,77.2
19003,58564,64,1,987.78
19004,70469,703,2,68.35
19005,26564,577,1,34.72
19006,90765,333,1,23.12
19007,89564,551,3,67.02
19008,72607,238,1,27.65
19009,42230,744,1,207.32
19010,50456,358,1,119.54
19011,98906,703,1,68.35
19012,8377,204,1,2321.47
19013,56048,528,1,45.58
19014,71730,269,1,85.34
19015,31635,24,1,1004.36
19016,67346,741,1,194.97
19017,20377,488,1,179.28
19018,66099,513,1,506.02
19019,87043,374,1,337.45
19020,32419,557,2,33.37
19021,66617,513,1,506.02
19022,68566,840,1,251.11
19023,21163,23,1,879.34
19024,47443,156,2,798.5
19025,26179,377,1,431.36
19026,95535,294,1,85.44
19027,62558,472,1,553.66
19028,76206,516,1,61.04
19029,55214,609,1,65.41
19030,68936,715,1,69.75
19031,31035,601,1,36.85
19032,54067,524,1,106.66
19033,11521,319,1,57.84
19034,45150,705,1,32.06
19035,85285,87,1,1765.71
19036,22804,604,1,28.08
19037,47032,486,1,475.47
19038,12145,148,1,1254.83
19039,66479,799,1,275.79
19040,21514,809,2,191.41
19041,38219,161,1,1006.83
19042,32768,68,1,1973.25
19043,12374,798,1,227.6
19044,86489,744,1,207.32
19045,57416,648,1,114.52
19046,16941,485,1,292.09
19047,65164,185,1,823.93
19048,46084,641,1,20.23
19049,32471,394,1,387.51
19050,77118,97,1,1294.45
19051,99760,284,1,46.63
19052,35887,744,2,207.32
19053,56179,410,1,105.83
19054,8904,239,1,130.06
19055,63743,261,1,124.59
19056,63586,683,2,49.44
19057,71125,240,1,61.03
19058,83604,706,1,201.34
19059,8638,382,1,344.3
19060,72011,357,2,28.52
19061,64480,649,3,134.51
19062,64703,33,1,421.17
19063,79724,844,1,432.51
19064,22006,358,1,119.54
19065,28332,289,4,75.66
19066,90886,344,2,95.79
19067,84897,222,1,116.61
19068,75495,792,1,234.78
19069,37116,830,1,191.83
19070,56426,368,1,192.86
19071,37100,222,1,116.61
19072,99382,811,1,465.41
19073,20747,532,1,157.74
19074,5774,767,1,303.89
19075,18099,263,2,55.16
19076,84186,683,2,49.44
19077,99427,701,1,92.7
19078,60321,820,1,158.47
19079,68421,483,1,240.01
19080,94506,262,1,238.23
19081,27557,444,1,209.61
19082,78748,265,1,183.58
19083,11570,36,1,1992.63
19084,45394,797,1,404.47
19085,34719,649,2,134.51
19086,27174,290,2,120.4
19087,12802,453,1,228.77
19088,18276,586,1,42.98
19089,83022,658,1,71.4
19090,37216,158,1,1853.29
19091,22191,797,1,404.47
19092,59955,836,2,182
19093,28745,497,1,291.81
19094,47316,717,1,143.37
19095,18112,49,3,1342.93
19096,30951,37,1,899.87
19097,95762,394,1,387.51
19098,53945,472,4,553.66
19099,20240,613,1,78.12
19100,39721,115,1,1529.93
19101,97012,408,1,42.37
19102,38921,199,1,2273.14
19103,89564,662,1,198.38
19104,77105,719,2,42.9
19105,21906,256,2,114.71
19106,62674,744,1,207.32
19107,85248,734,1,91.41
19108,19720,383,3,311.85
19109,44607,537,1,107.95
19110,6001,745,2,131.36
19111,59769,573,1,55.72
19112,29837,153,2,621.19
19113,66465,579,2,64.34
19114,1569,379,1,410.89
19115,11589,47,1,911.63
19116,9965,206,1,167.72
19117,41763,643,1,54.43
19118,70844,848,1,495.21
19119,25542,410,1,105.83
19120,14318,437,1,95.45
19121,74744,271,1,164.71
19122,99452,660,1,98.01
19123,44854,140,1,2736.66
19124,31967,288,1,112.41
19125,60130,558,1,18.15
19126,62636,63,1,2058.51
19127,84897,191,1,500.92
19128,64721,781,2,274.7
19129,4337,317,1,92.22
19130,56529,698,2,99.51
19131,53045,579,3,64.34
19132,67077,534,1,70.5
19133,48154,337,1,177.03
19134,73432,588,1,32.82
19135,44354,84,1,416.48
19136,54355,61,1,1043.37
19137,97371,85,4,910.42
19138,48501,579,1,64.34
19139,8643,629,4,19.84
19140,42243,621,1,38.29
19141,32901,666,1,47.03
19142,91584,638,2,57.93
19143,94213,222,1,116.61
19144,4035,504,2,410.46
19145,24088,258,1,139.68
19146,97979,515,1,77.15
19147,1994,211,1,1347.08
19148,73870,398,4,230.52
19149,72853,368,1,192.86
19150,31228,203,1,655.23
19151,11478,821,1,323.12
19152,48879,757,2,246.69
19153,22098,72,1,724.9
19154,67542,18,1,1298.49
19155,75892,843,1,116.02
19156,83837,548,1,83.07
19157,45373,145,1,867.39
19158,58131,377,2,431.36
19159,10841,232,1,106.09
19160,89305,439,3,349.13
19161,51643,683,1,49.44
19162,65886,222,1,116.61
19163,13492,350,1,126.51
19164,49469,495,1,243.47
19165,13863,608,1,52.97
19166,19627,44,1,2369.39
19167,84658,104,2,1266.38
19168,45036,301,1,36.64
19169,31254,233,1,118.05
19170,54501,413,3,526.63
19171,64801,74,1,2015.09
19172,14123,118,1,702.86
19173,78212,395,5,199.29
19174,26188,590,1,35.21
19175,55703,386,1,403.91
19176,11944,177,3,1666.57
19177,24310,816,1,212.43
19178,47450,222,1,116.61
19179,89644,217,1,934.5
19180,96142,50,1,699.69
19181,64807,385,2,364.27
19182,64559,660,1,98.01
19183,45212,746,1,379.49
19184,21640,48,1,1289.14
19185,19568,248,1,220.15
19186,4096,551,1,67.02
19187,47273,439,1,349.13
19188,78088,342,1,101.64
19189,98525,301,2,36.64
19190,91874,792,2,234.78
19191,2331,166,1,2080.6
19192,99054,224,2,86.46
19193,52471,607,3,40.2
19194,6543,689,1,130.61
19195,33458,242,1,213.16
19196,45025,584,1,50.02
19197,54220,291,1,30.01
19198,58765,746,1,379.49
19199,18921,282,1,82.43
19200,61638,228,2,89.98
19201,62937,774,1,175.76
19202,91471,284,2,46.63
19203,96941,356,1,129.5
19204,77644,168,3,702.77
19205,14324,755,2,103.54
19206,94247,361,1,89.29
19207,95031,531,1,101.94
19208,18112,454,1,480.12
19209,66565,263,2,55.16
19210,19222,594,1,51.42
19211,11301,27,2,726.61
19212,38953,458,2,245.35
19213,54563,602,1,45.99
19214,55174,299,1,125.98
19215,24832,726,1,145.95
19216,78773,693,1,89.35
19217,3700,745,1,131.36
19218,73783,83,1,943.76
19219,45977,139,1,999.63
19220,70414,104,1,1266.38
19221,59463,539,1,60.5
19222,92732,154,2,1229.13
19223,55554,620,2,92.65
19224,18101,25,1,1165.72
19225,39297,343,2,60.44
19226,23707,43,4,310.32
19227,51449,331,1,84.86
19228,71138,158,2,1853.29
19229,55475,372,1,52.26
19230,20307,386,1,403.91
19231,21980,484,1,311.22
19232,82578,488,1,179.28
19233,55201,80,1,557.08
19234,19531,676,1,195.28
19235,41647,105,1,2361.4
19236,89311,621,1,38.29
19237,74306,493,1,178.11
19238,78388,219,1,1567.32
19239,12380,98,3,1113.05
19240,24178,65,1,861.03
19241,81124,420,1,373.76
19242,53007,571,1,66.42
19243,18095,524,4,106.66
19244,16500,387,1,179.63
19245,76993,453,1,228.77
19246,5824,437,4,95.45
19247,46964,205,1,1469.58
19248,1508,585,2,78.72
19249,52420,466,1,211.09
19250,74647,151,1,2364.58
19251,44807,769,2,160.34
19252,61788,504,1,410.46
19253,99310,558,1,18.15
19254,50996,281,1,187.62
19255,63181,253,1,175.8
19256,31491,220,2,2128.96
19257,19828,22,3,609.78
19258,60777,534,1,70.5
19259,7648,172,1,220.1
19260,88709,432,1,378.9
19261,26374,315,1,171.61
19262,34143,768,1,364.34
19263,30672,151,1,2364.58
19264,26725,676,1,195.28
19265,95614,469,1,160.55
19266,70584,763,1,135.61
19267,67377,806,3,292.37
19268,60029,521,2,74.48
19269,7684,496,1,203.6
19270,76505,97,4,1294.45
19271,73601,765,3,54.88
19272,24007,290,2,120.4
19273,83365,33,3,421.17
19274,19444,191,1,500.92
19275,22333,262,1,238.23
19276,84213,485,1,292.09
19277,70338,408,1,42.37
19278,26944,426,1,277.42
19279,81554,64,4,987.78
19280,21953,38,1,512.7
19281,66105,110,1,456.84
19282,12050,741,1,194.97
19283,26179,174,4,772.9
19284,38722,681,1,140.36
19285,96175,117,1,1977.83
19286,5803,80,1,557.08
19287,98208,38,1,512.7
19288,36929,441,1,102.35
19289,31804,602,1,45.99
19290,27687,456,3,254.58
19291,65648,360,1,117.81
19292,55185,101,1,297.32
19293,88679,787,2,233.8
19294,20694,634,1,92.64
19295,69033,448,2,374.32
19296,95574,727,1,45.19
19297,92774,194,1,1529.24
19298,86568,519,1,587.38
19299,16666,659,1,109.2
19300,99134,710,2,114.92
19301,78794,773,1,99.41
19302,26472,367,2,217.01
19303,40363,281,1,187.62
19304,30910,185,1,823.93
19305,32828,369,1,63.75
19306,48177,684,2,112.82
19307,40683,792,1,234.78
19308,10734,80,1,557.08
19309,21394,61,1,1043.37
19310,82588,391,3,595.91
19311,65912,258,1,139.68
19312,8174,336,1,33.43
19313,85904,181,1,960.96
19314,89134,818,1,176.25
19315,82448,715,1,69.75
19316,35078,193,1,2329.58
19317,58131,632,1,159.73
19318,49125,147,1,1476.49
19319,45749,326,2,148.27
19320,1027,808,1,399.03
19321,62270,550,1,95.95
19322,45255,184,1,2233.97
19323,79746,609,1,65.41
19324,93939,586,1,42.98
19325,46246,303,1,112.09
19326,37036,435,2,101.95
19327,94269,163,2,1530.22
19328,45045,272,1,164.9
19329,24435,675,2,77.03
19330,12685,664,1,57.36
19331,96390,223,1,46.56
19332,12498,146,1,320.86
19333,15928,123,1,922.12
19334,99752,709,1,59.25
19335,67728,100,1,538.09
19336,98475,354,4,58.86
19337,19983,114,1,1991.76
19338,96053,275,1,107.44
19339,38182,713,1,84.65
19340,59394,837,1,390.61
19341,83773,708,1,138.81
19342,87799,687,1,98.13
19343,79994,462,2,321.21
19344,35398,261,2,124.59
19345,56145,683,1,49.44
19346,66773,34,1,2576.39
19347,18519,722,1,50.76
19348,18890,259,4,116.9
19349,92464,309,1,161.23
19350,46533,701,1,92.7
19351,90777,814,1,395.25
19352,90214,624,2,63.62
19353,27757,231,1,161.14
19354,21564,375,1,94.51
19355,7103,360,1,117.81
19356,94144,700,1,85.88
19357,81314,247,1,94.97
19358,75746,548,1,83.07
19359,42670,341,1,104.39
19360,48643,36,1,1992.63
19361,41568,753,3,249.45
19362,83005,244,3,86.8
19363,73406,509,4,525.62
19364,49682,259,5,116.9
19365,71437,780,1,254.38
19366,3848,628,2,92.54
19367,27318,123,1,922.12
19368,91496,76,4,1764.12
19369,21973,107,1,1082
19370,48681,259,1,116.9
19371,6764,718,1,185.18
19372,75621,173,1,1273.32
19373,20080,683,1,49.44
19374,70605,789,1,194.77
19375,45866,462,1,321.21
19376,27187,498,1,98.36
19377,2862,218,1,1811.21
19378,53458,269,2,85.34
19379,92446,221,1,132.3
19380,19289,400,3,374.97
19381,79208,436,2,346.44
19382,20609,20,1,877.84
19383,61531,142,1,814.09
19384,99826,806,2,292.37
19385,4262,411,2,192
19386,58657,320,1,71.03
19387,22137,777,1,130.57
19388,22153,530,1,110.63
19389,71372,121,1,1989.62
19390,95850,546,2,52.46
19391,73981,725,3,98.54
19392,77670,80,1,557.08
19393,19459,247,1,94.97
19394,1833,742,1,149.39
19395,42564,452,4,281.11
19396,31407,67,1,612.82
19397,54931,108,1,1836.25
19398,82108,759,2,375.56
19399,82811,273,1,180.43
19400,86206,28,1,1277.56
19401,79107,572,5,97.56
19402,31763,842,1,262.8
19403,63349,379,1,410.89
19404,43235,298,1,66.54
19405,82549,62,1,845.49
19406,8425,275,1,107.44
19407,90190,489,1,526.38
19408,32379,90,1,1196.13
19409,37881,57,1,488.73
19410,44942,169,1,336.57
19411,80304,379,1,410.89
19412,78789,188,2,1360.41
19413,74978,376,2,191.89
19414,31198,414,1,287.44
19415,24120,563,1,33.62
19416,79232,260,2,47.28
19417,57732,263,1,55.16
19418,76360,211,4,1347.08
19419,35757,291,1,30.01
19420,15033,795,1,42.45
19421,26521,448,1,374.32
19422,60866,605,1,31.92
19423,70028,721,2,173.77
19424,32720,56,1,2429.03
19425,87189,760,1,316.13
19426,19178,254,1,79.63
19427,5839,252,1,88.87
19428,7053,455,3,115.87
19429,32835,830,1,191.83
19430,95397,308,1,80.43
19431,16552,586,1,42.98
19432,74172,35,1,2688.65
19433,60364,747,3,171.96
19434,21529,711,1,128.83
19435,2885,55,1,1450.93
19436,62398,215,4,1720.21
19437,54419,826,1,394.47
19438,65620,705,1,32.06
19439,74306,361,1,89.29
19440,76638,489,1,526.38
19441,70898,69,1,449.82
19442,43662,13,4,2070.93
19443,30974,265,1,183.58
19444,91131,742,1,149.39
19445,53603,324,3,74.81
19446,30372,381,1,119.17
19447,69615,376,2,191.89
19448,52020,73,1,133.34
19449,29027,485,2,292.09
19450,59777,40,1,1136.17
19451,57732,640,1,73.07
19452,26905,24,2,1004.36
19453,48939,470,1,543.54
19454,32224,212,1,1668.95
19455,62344,346,1,124.74
19456,91060,450,1,101.61
19457,88427,661,1,70.59
19458,67496,417,1,183.3
19459,18919,259,1,116.9
19460,80629,497,1,291.81
19461,24898,76,1,1764.12
19462,73677,544,2,83.09
19463,35628,672,2,160.18
19464,28355,395,1,199.29
19465,84817,522,1,54.38
19466,56466,748,2,220.43
19467,42453,741,2,194.97
19468,72552,675,1,77.03
19469,46210,200,1,1905.88
19470,19524,842,1,262.8
19471,7919,459,1,85.05
19472,87287,595,1,116.88
19473,76265,680,1,151.72
19474,24713,42,1,1240.21
19475,46183,343,1,60.44
19476,6076,830,1,191.83
19477,11585,37,1,899.87
19478,48377,539,2,60.5
19479,37396,847,1,82.79
19480,64309,696,2,103.81
19481,91156,234,1,104.53
19482,21516,161,1,1006.83
19483,19396,669,1,51.43
19484,91601,350,1,126.51
19485,66226,691,2,66.88
19486,46594,534,1,70.5
19487,67049,685,1,170.52
19488,53706,539,1,60.5
19489,87667,191,1,500.92
19490,2189,233,1,118.05
19491,77879,609,1,65.41
19492,21278,43,1,310.32
19493,71289,38,2,512.7
19494,18841,90,1,1196.13
19495,55379,636,1,81.59
19496,93614,548,1,83.07
19497,62764,654,1,126.06
19498,24669,548,4,83.07
19499,35429,695,1,41.43
19500,87867,710,1,114.92
19501,31214,262,1,238.23
19502,60665,20,1,877.84
19503,1640,487,2,77.32
19504,62982,172,1,220.1
19505,93927,684,1,112.82
19506,49816,238,3,27.65
19507,55839,197,1,1756.06
19508,34663,184,2,2233.97
19509,65068,316,2,139.67
19510,28350,440,1,100.41
19511,66368,827,1,161.51
19512,70300,503,2,188.72
19513,88852,321,1,113.48
19514,22286,113,1,2468.65
19515,1446,100,1,538.09
19516,44173,252,1,88.87
19517,37165,175,1,1556.96
19518,85850,683,2,49.44
19519,14613,612,1,99.88
19520,36405,60,1,934.39
19521,32529,484,3,311.22
19522,7557,713,1,84.65
19523,61283,558,4,18.15
19524,54728,614,1,27.16
19525,37422,123,1,922.12
19526,98952,818,1,176.25
19527,9704,540,1,32.85
19528,16849,849,1,207.15
19529,62529,393,3,210.09
19530,93782,246,2,201.57
19531,93886,752,1,411.24
19532,80387,597,1,82.6
19533,30750,31,1,1472.03
19534,44992,266,1,148.88
19535,95024,692,2,78.86
19536,81151,779,1,285.39
19537,44321,839,4,232.84
19538,23450,782,1,220.16
19539,97699,357,3,28.52
19540,96645,826,2,394.47
19541,2235,749,1,384.4
19542,57555,810,1,94.15
19543,23161,187,1,2020.76
19544,87161,753,2,249.45
19545,75770,632,1,159.73
19546,91607,35,1,2688.65
19547,28491,826,2,394.47
19548,46644,828,3,161.68
19549,63972,18,1,1298.49
19550,57538,231,1,161.14
19551,6333,478,1,279.21
19552,50495,104,1,1266.38
19553,79983,63,1,2058.51
19554,7562,828,1,161.68
19555,60389,848,1,495.21
19556,93156,478,1,279.21
19557,18864,222,2,116.61
19558,43270,475,4,268.5
19559,17006,353,1,132.5
19560,47524,24,1,1004.36
19561,96252,619,1,100.91
19562,11415,372,1,52.26
19563,72264,58,1,720
19564,84801,347,2,128.17
19565,35556,127,1,2023.32
19566,77036,351,1,106.17
19567,9400,121,1,1989.62
19568,34944,381,1,119.17
19569,42114,227,1,224.15
19570,81995,428,1,463.98
19571,54631,467,1,180.84
19572,95537,386,1,403.91
19573,73080,842,1,262.8
19574,78315,250,5,176.33
19575,76860,575,1,110.2
19576,31237,707,2,66.73
19577,8001,370,1,41.18
19578,37442,369,1,63.75
19579,75716,246,2,201.57
19580,53229,345,1,90.74
19581,8473,565,2,51.83
19582,71596,143,1,1244.23
19583,93430,570,2,51.63
19584,44253,683,1,49.44
19585,8074,833,1,104.08
19586,43302,454,1,480.12
19587,94363,759,1,375.56
19588,55259,763,1,135.61
19589,63809,16,1,697
19590,43587,546,1,52.46
19591,48245,278,2,130.88
19592,18759,115,1,1529.93
19593,8869,809,1,191.41
19594,4159,769,1,160.34
19595,79857,270,1,76.57
19596,31429,269,2,85.34
19597,35181,687,1,98.13
19598,42132,143,3,1244.23
19599,3226,697,1,62.96
19600,24653,808,1,399.03
19601,91643,458,3,245.35
19602,10411,533,1,152.22
19603,16425,161,2,1006.83
19604,18800,302,2,110.6
19605,89739,316,1,139.67
19606,13700,288,1,112.41
19607,15685,385,1,364.27
19608,86968,663,2,103.09
19609,57036,91,2,565.72
19610,14311,107,5,1082
19611,68304,738,1,140.26
19612,28345,656,2,43.4
19613,17053,12,1,2721.53
19614,87540,517,1,211.65
19615,90362,243,2,196.32
19616,16229,63,1,2058.51
19617,35320,769,4,160.34
19618,3240,607,1,40.2
19619,96712,175,5,1556.96
19620,59459,665,2,39.3
19621,92879,616,2,122.24
19622,67647,413,2,526.63
19623,93038,606,3,61.43
19624,83304,334,1,50.93
19625,33072,672,2,160.18
19626,56824,667,1,58.31
19627,55436,794,1,243.61
19628,96397,448,1,374.32
19629,75233,366,1,89.01
19630,70889,803,1,231.37
19631,44240,169,1,336.57
19632,22082,304,1,128.59
19633,23967,824,2,176.02
19634,42537,819,1,67.91
19635,90841,171,1,1633.75
19636,53486,37,4,899.87
19637,97538,707,3,66.73
19638,52514,491,3,240.43
19639,19342,285,1,118.28
19640,3602,641,2,20.23
19641,31493,832,1,191.89
19642,57160,637,1,92.71
19643,90390,120,1,1327.9
19644,28453,565,1,51.83
19645,65905,770,1,332.54
19646,76076,473,1,75.58
19647,7358,161,1,1006.83
19648,33066,359,1,206.65
19649,83319,363,4,99.37
19650,14114,130,1,1270.67
19651,74137,585,1,78.72
19652,42924,540,1,32.85
19653,64625,260,1,47.28
19654,52648,745,3,131.36
19655,82704,564,3,14.35
19656,14066,136,2,930.82
19657,30323,589,2,32.73
19658,27230,264,1,108.54
19659,75830,357,1,28.52
19660,73883,339,1,101.75
19661,61383,286,1,31.89
19662,6370,699,5,47.24
19663,93622,560,1,77.29
19664,43028,719,2,42.9
19665,40961,35,1,2688.65
19666,55144,67,1,612.82
19667,9324,632,1,159.73
19668,74469,453,1,228.77
19669,38218,558,1,18.15
19670,94007,599,1,38.98
19671,15336,577,1,34.72
19672,99782,578,1,123.63
19673,31110,702,3,29.47
19674,6783,270,1,76.57
19675,45786,181,1,960.96
19676,47023,489,2,526.38
19677,10321,184,1,2233.97
19678,4054,416,1,237.73
19679,49957,481,1,312.06
19680,9372,729,5,53.27
19681,28486,374,1,337.45
19682,77494,674,3,91.61
19683,36245,661,1,70.59
19684,92633,267,1,139.87
19685,6789,190,2,798.17
19686,34842,171,1,1633.75
19687,96634,524,1,106.66
19688,29140,623,2,53.5
19689,10965,13,3,2070.93
19690,37965,782,1,220.16
19691,24415,196,2,974.84
19692,96452,185,2,823.93
19693,7673,838,1,165.94
19694,16397,746,1,379.49
19695,79286,554,1,71.05
19696,3325,458,1,245.35
19697,64313,500,1,584.81
19698,32709,452,1,281.11
19699,64861,342,2,101.64
19700,22522,77,1,1880.83
19701,37748,605,2,31.92
19702,68755,425,2,85.89
19703,10597,820,2,158.47
19704,50807,374,1,337.45
19705,46010,503,1,188.72
19706,54704,840,3,251.11
19707,84901,58,1,720
19708,83152,765,1,54.88
19709,33633,569,1,118.44
19710,3070,357,1,28.52
19711,22354,700,1,85.88
19712,27818,718,1,185.18
19713,53197,159,3,791.31
19714,36652,689,2,130.61
19715,24242,620,1,92.65
19716,45695,374,1,337.45
19717,67155,44,1,2369.39
19718,78607,510,1,359.27
19719,58185,393,3,210.09
19720,84652,820,2,158.47
19721,34828,144,1,893.7
19722,21922,665,1,39.3
19723,33946,324,1,74.81
19724,55563,520,1,133.3
19725,89694,335,2,35.02
19726,13653,452,1,281.11
19727,25776,843,1,116.02
19728,38222,55,1,1450.93
19729,64942,524,1,106.66
19730,40870,71,2,1883.64
19731,46185,366,1,89.01
19732,7710,64,1,987.78
19733,52283,376,2,191.89
19734,81349,76,3,1764.12
19735,28426,544,1,83.09
19736,73171,418,1,195.16
19737,4133,656,2,43.4
19738,58069,37,1,899.87
19739,8938,259,1,116.9
19740,50498,178,1,1039.95
19741,50394,840,1,251.11
19742,52522,610,2,85.31
19743,14960,399,1,372.92
19744,93336,826,4,394.47
19745,16068,538,1,43.54
19746,94171,92,1,1722.95
19747,66069,581,1,61.28
19748,44402,62,2,845.49
19749,88018,522,1,54.38
19750,91734,773,1,99.41
19751,10566,154,1,1229.13
19752,75141,835,1,205.95
19753,96222,297,3,155.34
19754,7559,488,1,179.28
19755,39068,444,1,209.61
19756,34786,650,2,88.13
19757,73264,626,2,53.36
19758,26929,145,1,867.39
19759,66561,30,1,358.22
19760,43959,24,1,1004.36
19761,13402,113,2,2468.65
19762,29938,94,1,1373.01
19763,69303,361,2,89.29
19764,27289,92,1,1722.95
19765,2694,497,2,291.81
19766,44290,735,1,70.91
19767,16834,389,1,372.78
19768,77108,702,2,29.47
19769,38167,841,1,37.29
19770,31967,796,1,361.44
19771,7383,429,3,202.76
19772,32790,574,1,77.48
19773,44217,827,1,161.51
19774,37258,543,1,42.06
19775,74260,27,2,726.61
19776,20285,11,1,243.48
19777,35825,99,2,268.9
19778,37363,24,2,1004.36
19779,56284,49,1,1342.93
19780,43138,520,1,133.3
19781,6858,779,1,285.39
19782,94433,575,4,110.2
19783,35214,554,2,71.05
19784,42647,447,1,584.32
19785,76430,338,2,141.2
19786,38440,280,1,161.38
19787,98389,547,1,31.12
19788,94016,86,1,934.14
19789,58034,624,4,63.62
19790,23557,789,3,194.77
19791,65100,456,2,254.58
19792,90777,423,1,105.79
19793,51966,819,1,67.91
19794,53623,345,1,90.74
19795,50593,424,4,255.29
19796,16441,99,2,268.9
19797,38953,346,1,124.74
19798,5492,24,1,1004.36
19799,53857,720,1,123.41
19800,99588,312,1,43.29
19801,46485,276,1,105.92
19802,57897,523,1,136.72
19803,49010,355,4,41.47
19804,20992,462,1,321.21
19805,18009,610,1,85.31
19806,62518,511,1,304.85
19807,37426,732,1,139.82
19808,96473,275,3,107.44
19809,10529,721,1,173.77
19810,19876,464,1,291.69
19811,39509,71,1,1883.64
19812,68104,545,1,77.05
19813,8408,478,4,279.21
19814,55929,45,1,825.27
19815,75351,466,1,211.09
19816,98856,356,1,129.5
19817,21549,172,1,220.1
19818,5436,744,1,207.32
19819,20780,685,1,170.52
19820,6444,743,3,297.24
19821,28477,528,1,45.58
19822,92416,237,2,74.92
19823,66957,600,3,20.67
19824,19132,640,1,73.07
19825,57512,214,1,769.16
19826,75917,397,1,441.12
19827,97948,334,1,50.93
19828,86442,333,1,23.12
19829,88095,454,1,480.12
19830,42100,28,3,1277.56
19831,62196,789,1,194.77
19832,92638,85,1,910.42
19833,48359,162,1,1527.43
19834,70472,79,3,990.72
19835,1273,390,1,406.02
19836,57903,413,1,526.63
19837,83098,392,1,224.55
19838,34117,77,1,1880.83
19839,75356,611,1,20.37
19840,91647,60,3,934.39
19841,64723,551,2,67.02
19842,50175,15,2,694.06
19843,66499,90,1,1196.13
19844,30975,493,1,178.11
19845,38341,806,1,292.37
19846,53602,310,2,73.64
19847,7644,837,1,390.61
19848,10696,597,2,82.6
19849,20505,496,1,203.6
19850,11577,340,1,47.41
19851,89701,721,2,173.77
19852,33114,604,1,28.08
19853,91810,139,2,999.63
19854,3088,342,1,101.64
19855,25326,161,3,1006.83
19856,71552,200,1,1905.88
19857,22012,546,1,52.46
19858,63340,413,1,526.63
19859,32976,750,1,248.2
19860,31808,841,1,37.29
19861,38362,177,2,1666.57
19862,18436,725,1,98.54
19863,44883,700,1,85.88
19864,68067,836,1,182
19865,50073,77,2,1880.83
19866,81666,435,1,101.95
19867,1902,518,1,408.38
19868,53327,585,1,78.72
19869,18947,692,3,78.86
19870,38133,237,1,74.92
19871,88731,111,1,875.42
19872,88482,498,1,98.36
19873,37065,73,2,133.34
19874,23644,422,2,395.38
19875,19904,65,1,861.03
19876,43109,9,1,1457.94
19877,35744,262,1,238.23
19878,65618,50,1,699.69
19879,70414,563,1,33.62
19880,97128,278,1,130.88
19881,95191,746,1,379.49
19882,36648,297,1,155.34
19883,26937,146,1,320.86
19884,43716,471,1,44.33
19885,56020,199,1,2273.14
19886,91959,1,1,1018.58
19887,53134,563,4,33.62
19888,62886,259,2,116.9
19889,69316,519,3,587.38
19890,94036,678,1,75.52
19891,26198,641,1,20.23
19892,61749,366,1,89.01
19893,87387,579,1,64.34
19894,65152,435,1,101.95
19895,81432,268,1,140.96
19896,54669,527,1,57.31
19897,58133,702,4,29.47
19898,26991,654,1,126.06
19899,86857,41,4,571.32
19900,16068,102,1,1536.79
19901,15689,139,1,999.63
19902,79017,284,2,46.63
19903,49271,460,1,119.48
19904,40126,798,1,227.6
19905,81993,603,1,37.61
19906,66645,219,1,1567.32
19907,44439,53,1,2521.54
19908,43995,721,1,173.77
19909,7785,365,1,207.2
19910,19903,601,1,36.85
19911,10733,37,1,899.87
19912,63348,129,1,147.78
19913,3798,429,1,202.76
19914,80321,388,1,144.01
19915,12274,477,1,96.07
19916,41425,411,2,192
19917,66979,243,1,196.32
19918,72290,735,1,70.91
19919,32587,3,1,1772.05
19920,64655,211,1,1347.08
19921,88633,32,1,672.62
19922,63976,361,1,89.29
19923,17697,678,1,75.52
19924,41582,466,1,211.09
19925,70699,652,1,93.32
19926,62493,802,1,107.98
19927,59724,327,1,114.31
19928,71851,307,1,108.22
19929,41514,455,1,115.87
19930,75781,799,1,275.79
19931,23467,350,1,126.51
19932,80511,436,2,346.44
19933,96834,850,2,237.95
19934,23457,543,2,42.06
19935,43089,419,1,332.33
19936,44525,268,1,140.96
19937,28563,322,1,143.41
19938,11027,828,1,161.68
19939,46000,103,1,916.04
19940,9810,799,1,275.79
19941,39944,304,1,128.59
19942,55006,282,2,82.43
19943,69175,537,1,107.95
19944,99410,16,1,697
19945,53757,54,1,2305.48
19946,15401,480,1,266.64
19947,12836,751,1,95.53
19948,26427,155,1,2869.59
19949,79379,393,1,210.09
19950,92355,171,3,1633.75
19951,39073,394,1,387.51
19952,74635,194,2,1529.24
19953,74467,628,3,92.54
19954,26518,828,2,161.68
19955,2420,62,1,845.49
19956,85633,577,2,34.72
19957,59596,66,1,1334.73
19958,98189,165,2,493.52
19959,65118,813,1,98.39
19960,41053,766,1,229.2
19961,91957,654,2,126.06
19962,71648,679,1,187.47
19963,8696,662,1,198.38
19964,33412,294,1,85.44
19965,81161,329,2,93.74
19966,9488,663,2,103.09
19967,53981,718,2,185.18
19968,78159,665,1,39.3
19969,70216,537,2,107.95
19970,86079,536,1,128.45
19971,53968,240,2,61.03
19972,16267,361,1,89.29
19973,15892,452,1,281.11
19974,28025,516,2,61.04
19975,22862,514,1,446.84
19976,88571,194,1,1529.24
19977,98875,568,1,59.32
19978,39314,247,1,94.97
19979,52932,233,1,118.05
19980,28004,671,1,49.76
19981,3993,213,1,1572.75
19982,25577,827,1,161.51
19983,34381,419,1,332.33
19984,44903,568,2,59.32
19985,43908,703,1,68.35
19986,99793,106,1,810.12
19987,86096,499,4,561.17
19988,3855,204,1,2321.47
19989,88578,25,1,1165.72
19990,72339,377,1,431.36
19991,72177,208,1,1599.96
19992,42293,102,1,1536.79
19993,55867,90,1,1196.13
19994,94962,180,2,605.56
19995,21207,74,1,2015.09
19996,8012,348,1,34.82
19997,59593,749,1,384.4
19998,17633,366,2,89.01
19999,87236,638,1,57.93
20000,30654,170,2,1435.76
20001,45588,784,1,161.33
20002,54381,184,2,2233.97
20003,77018,260,1,47.28
20004,61563,683,2,49.44
20005,44398,76,1,1764.12
20006,61427,437,1,95.45
20007,3575,323,1,132.78
20008,83388,735,2,70.91
20009,38644,112,2,654.43
20010,73613,154,2,1229.13
20011,24527,154,2,1229.13
20012,99859,130,1,1270.67
20013,63707,515,1,77.15
20014,4154,194,1,1529.24
20015,4247,425,1,85.89
20016,94706,371,1,110.74
20017,81979,19,1,1121.09
20018,54223,604,1,28.08
20019,73829,39,1,1650.03
20020,98487,850,1,237.95
20021,62470,650,1,88.13
20022,50968,310,2,73.64
20023,10219,315,1,171.61
20024,2889,663,1,103.09
20025,83926,760,1,316.13
20026,50456,343,1,60.44
20027,20415,363,1,99.37
20028,82525,225,1,72.93
20029,21474,426,1,277.42
20030,55786,207,1,522.28
20031,75095,795,2,42.45
20032,8801,512,1,226.59
20033,12575,406,1,470.57
20034,31913,124,4,543.3
20035,42099,697,2,62.96
20036,43298,790,2,418.19
20037,17525,469,1,160.55
20038,26658,703,1,68.35
20039,51231,216,2,790.68
20040,37620,825,3,218.42
20041,69412,32,1,672.62
20042,48739,354,3,58.86
20043,81245,347,1,128.17
20044,83616,299,1,125.98
20045,45875,68,1,1973.25
20046,54603,331,2,84.86
20047,17629,7,1,398.8
20048,10402,165,2,493.52
20049,85971,762,1,152.14
20050,86745,619,2,100.91
20051,81467,621,1,38.29
20052,28299,545,2,77.05
20053,25328,51,1,2718.95
20054,36300,469,1,160.55
20055,77756,847,2,82.79
20056,71451,833,1,104.08
20057,72673,590,1,35.21
20058,75466,462,1,321.21
20059,70434,812,1,342.03
20060,29697,6,2,643.98
20061,26405,488,1,179.28
20062,64331,820,1,158.47
20063,28312,170,1,1435.76
20064,86425,359,1,206.65
20065,18336,83,1,943.76
20066,16848,8,1,2190.96
20067,33942,186,1,1591.62
20068,55720,843,1,116.02
20069,75124,75,1,1706.59
20070,43377,360,1,117.81
20071,53266,763,1,135.61
20072,18797,688,1,62.01
20073,33927,151,1,2364.58
20074,49627,93,2,1850.93
20075,96686,674,1,91.61
20076,79352,69,1,449.82
20077,86947,90,1,1196.13
20078,18659,269,1,85.34
20079,52679,832,5,191.89
20080,92644,685,2,170.52
20081,34847,641,1,20.23
20082,17934,847,1,82.79
20083,88341,235,1,63.67
20084,27218,200,1,1905.88
20085,68744,797,2,404.47
20086,10652,598,1,37.17
20087,49599,296,1,109.15
20088,60522,761,4,107.7
20089,64370,448,1,374.32
20090,50107,195,2,957.51
20091,48078,130,1,1270.67
20092,50787,792,1,234.78
20093,78922,600,2,20.67
20094,62763,427,1,235.15
20095,95509,96,1,1237.53
20096,79963,627,1,61.59
20097,14449,48,1,1289.14
20098,53757,14,1,748.83
20099,71164,656,1,43.4
20100,18268,829,1,292.82
20101,41517,170,1,1435.76
20102,42979,474,1,466.85
20103,65367,35,1,2688.65
20104,52186,134,1,955.11
20105,97535,794,1,243.61
20106,98296,241,1,206.75
20107,7648,636,1,81.59
20108,29656,513,3,506.02
20109,80121,319,1,57.84
20110,10217,190,1,798.17
20111,53620,688,2,62.01
20112,76938,740,3,73.03
20113,44560,840,2,251.11
20114,27342,460,1,119.48
20115,44540,816,1,212.43
20116,6405,129,3,147.78
20117,88687,210,1,653.61
20118,76352,315,4,171.61
20119,94587,522,1,54.38
20120,80689,525,1,106.03
20121,65630,657,1,62.42
20122,24245,130,1,1270.67
20123,95902,595,1,116.88
20124,69172,432,1,378.9
20125,36687,353,2,132.5
20126,93279,436,1,346.44
20127,89937,513,2,506.02
20128,2295,355,1,41.47
20129,53156,582,1,141.03
20130,8430,252,1,88.87
20131,28397,759,1,375.56
20132,82405,421,1,396.57
20133,80215,180,1,605.56
20134,80708,232,2,106.09
20135,11802,637,2,92.71
20136,78719,651,1,36.69
20137,22065,215,4,1720.21
20138,93712,318,2,60.45
20139,30919,632,1,159.73
20140,95024,747,1,171.96
20141,22652,100,1,538.09
20142,31234,578,1,123.63
20143,6344,93,1,1850.93
20144,73331,32,2,672.62
20145,2349,385,1,364.27
20146,56918,731,1,48.57
20147,90407,646,3,158.39
20148,99913,160,1,1762.02
20149,49893,629,2,19.84
20150,23714,453,1,228.77
20151,9142,509,1,525.62
20152,90919,619,1,100.91
20153,91017,339,1,101.75
20154,82841,699,1,47.24
20155,33580,86,1,934.14
20156,71888,312,1,43.29
20157,72679,808,1,399.03
20158,90184,240,1,61.03
20159,68271,389,1,372.78
20160,76028,481,1,312.06
20161,28338,246,3,201.57
20162,90502,17,1,899.25
20163,21083,13,2,2070.93
20164,78231,309,5,161.23
20165,17585,548,2,83.07
20166,43813,2,1,2587.65
20167,29908,732,1,139.82
20168,13741,649,1,134.51
20169,34277,222,1,116.61
20170,80814,507,1,484.32
20171,6375,188,1,1360.41
20172,3832,594,3,51.42
20173,6525,444,1,209.61
20174,46841,488,3,179.28
20175,17616,108,1,1836.25
20176,4420,329,1,93.74
20177,99999,801,1,280.08
20178,92350,673,1,35.45
20179,54328,566,1,74.04
20180,14604,162,1,1527.43
20181,79025,837,2,390.61
20182,75585,334,1,50.93
20183,23595,449,1,211.58
20184,1578,762,1,152.14
20185,46063,816,2,212.43
20186,37582,480,3,266.64
20187,58576,120,1,1327.9
20188,30679,711,1,128.83
20189,8733,629,1,19.84
20190,47835,665,2,39.3
20191,24832,698,1,99.51
20192,66293,221,1,132.3
20193,8630,406,1,470.57
20194,66203,806,1,292.37
20195,12205,784,2,161.33
20196,79125,526,1,62.16
20197,84775,775,3,320.37
20198,1692,260,1,47.28
20199,75916,634,1,92.64
20200,57282,535,5,95.48
20201,44046,741,1,194.97
20202,44195,131,1,1094.67
20203,60289,651,1,36.69
20204,98209,622,3,40.46
20205,50488,752,1,411.24
20206,27993,381,1,119.17
20207,28072,747,1,171.96
20208,25087,171,1,1633.75
20209,73825,311,1,96.54
20210,49918,689,1,130.61
20211,67353,682,1,59.6
20212,53220,570,1,51.63
20213,94562,110,1,456.84
20214,66593,790,1,418.19
20215,28314,456,1,254.58
20216,2184,564,1,14.35
20217,42943,675,1,77.03
20218,73779,137,4,1286.59
20219,23612,694,1,57.93
20220,26305,701,1,92.7
20221,98185,504,2,410.46
20222,18462,286,2,31.89
20223,60252,476,1,603.44
20224,52417,637,3,92.71
20225,3744,104,1,1266.38
20226,32382,740,1,73.03
20227,84464,599,1,38.98
20228,21119,529,1,23.4
20229,28246,727,2,45.19
20230,5927,611,1,20.37
20231,72299,770,1,332.54
20232,15948,142,1,814.09
20233,80521,360,1,117.81
20234,92280,144,1,893.7
20235,85277,791,1,108.25
20236,11390,561,1,86.98
20237,12427,365,1,207.2
20238,25496,148,2,1254.83
20239,12146,224,1,86.46
20240,61328,563,1,33.62
20241,9928,607,1,40.2
20242,30990,330,1,70.71
20243,96787,255,1,59.87
20244,59303,292,2,32.35
20245,35472,543,2,42.06
20246,1073,292,1,32.35
20247,88861,261,1,124.59
20248,81608,848,1,495.21
20249,51624,367,3,217.01
20250,61548,538,1,43.54
20251,40038,5,2,644.02
20252,68943,106,2,810.12
20253,89183,369,2,63.75
20254,90035,499,1,561.17
20255,83685,638,1,57.93
20256,73185,591,2,33.88
20257,40227,198,1,2315.24
20258,61592,639,1,60.83
20259,85120,823,1,158.01
20260,23365,35,1,2688.65
20261,36900,285,1,118.28
20262,68762,228,1,89.98
20263,3215,823,3,158.01
20264,55366,645,1,42.2
20265,54022,498,1,98.36
20266,15688,226,1,70.24
20267,69558,469,1,160.55
20268,6370,805,2,183.52
20269,78836,455,1,115.87
20270,4831,642,2,66.69
20271,62965,449,1,211.58
20272,3890,430,2,118.66
20273,3073,503,1,188.72
20274,57069,352,1,177.33
20275,52697,113,1,2468.65
20276,36585,365,1,207.2
20277,28181,475,1,268.5
20278,73960,189,1,1308.31
20279,84626,27,1,726.61
20280,26923,398,1,230.52
20281,23933,261,2,124.59
20282,83262,779,1,285.39
20283,12870,50,1,699.69
20284,36626,521,1,74.48
20285,7336,62,2,845.49
20286,59645,182,2,551.45
20287,47097,370,1,41.18
20288,3242,839,1,232.84
20289,68546,787,2,233.8
20290,13648,426,1,277.42
20291,69214,605,1,31.92
20292,21665,381,1,119.17
20293,91350,429,2,202.76
20294,73170,790,1,418.19
20295,45324,516,1,61.04
20296,75934,214,1,769.16
20297,20282,42,1,1240.21
20298,9752,400,1,374.97
20299,96214,154,1,1229.13
20300,78943,625,1,77.06
20301,2562,355,3,41.47
20302,50397,307,1,108.22
20303,92765,232,1,106.09
20304,86986,508,3,416.15
20305,74459,314,2,217.82
20306,1385,133,1,566.35
20307,58439,838,1,165.94
20308,12771,72,1,724.9
20309,75403,809,1,191.41
20310,36648,337,1,177.03
20311,44422,363,1,99.37
20312,41841,780,2,254.38
20313,58666,235,1,63.67
20314,79790,26,2,1921.56
20315,53415,722,1,50.76
20316,6179,536,2,128.45
20317,48285,609,1,65.41
20318,43371,679,1,187.47
20319,84326,67,1,612.82
20320,95059,583,1,64.38
20321,35985,7,1,398.8
20322,46652,797,1,404.47
20323,90919,497,1,291.81
20324,49737,637,1,92.71
20325,64878,773,1,99.41
20326,1846,563,1,33.62
20327,44217,387,2,179.63
20328,27658,628,1,92.54
20329,86652,297,1,155.34
20330,90226,645,2,42.2
20331,28731,134,1,955.11
20332,28155,764,2,295.63
20333,48373,759,1,375.56
20334,55055,745,1,131.36
20335,67678,690,1,51.49
20336,28478,215,1,1720.21
20337,55769,59,2,353.67
20338,13765,541,1,131.23
20339,78836,458,1,245.35
20340,87687,392,1,224.55
20341,7995,671,1,49.76
20342,27376,788,2,176.78
20343,74283,369,1,63.75
20344,86442,743,1,297.24
20345,54955,415,3,313.17
20346,45585,186,1,1591.62
20347,49650,7,2,398.8
20348,52107,576,1,129.84
20349,66208,836,1,182
20350,9048,497,1,291.81
20351,60669,521,1,74.48
20352,23703,314,1,217.82
20353,50295,242,1,213.16
20354,65077,409,1,479.24
20355,46739,829,1,292.82
20356,11082,692,2,78.86
20357,58936,312,2,43.29
20358,94983,769,1,160.34
20359,21324,310,1,73.64
20360,80538,14,1,748.83
20361,57069,808,1,399.03
20362,79259,296,1,109.15
20363,10690,599,1,38.98
20364,38356,11,2,243.48
20365,20464,212,1,1668.95
20366,99059,374,1,337.45
20367,43880,475,1,268.5
20368,80460,512,1,226.59
20369,4544,104,1,1266.38
20370,52740,495,1,243.47
20371,74708,263,3,55.16
20372,34756,170,1,1435.76
20373,96102,265,1,183.58
20374,38690,650,1,88.13
20375,42274,264,1,108.54
20376,28350,688,1,62.01
20377,33650,799,1,275.79
20378,80930,819,1,67.91
20379,69515,17,1,899.25
20380,85332,674,2,91.61
20381,59318,581,1,61.28
20382,77700,843,1,116.02
20383,83003,251,1,76.69
20384,61928,38,1,512.7
20385,9416,818,1,176.25
20386,21868,504,4,410.46
20387,77285,658,1,71.4
20388,96537,25,1,1165.72
20389,90502,642,2,66.69
20390,62609,12,1,2721.53
20391,54568,668,1,48.09
20392,47952,88,1,1539.42
20393,89338,323,1,132.78
20394,65894,639,1,60.83
20395,38391,318,1,60.45
20396,79447,416,4,237.73
20397,6105,627,1,61.59
20398,38175,608,2,52.97
20399,26920,728,1,135.75
20400,81408,131,1,1094.67
20401,49350,560,2,77.29
20402,92498,692,1,78.86
20403,84985,648,1,114.52
20404,41661,442,1,585.83
20405,63274,798,1,227.6
20406,84887,240,2,61.03
20407,34629,19,1,1121.09
20408,19325,629,1,19.84
20409,69287,611,1,20.37
20410,90066,785,1,117.09
20411,62662,213,1,1572.75
20412,4015,326,1,148.27
20413,34178,593,1,38.05
20414,94334,313,1,28.06
20415,8019,263,1,55.16
20416,21504,145,3,867.39
20417,95898,7,1,398.8
20418,50456,322,4,143.41
20419,44548,525,1,106.03
20420,94741,640,1,73.07
20421,82045,104,2,1266.38
20422,52562,590,1,35.21
20423,39020,754,1,158.39
20424,6230,366,1,89.01
20425,79733,829,1,292.82
20426,43000,237,2,74.92
20427,54454,458,1,245.35
20428,34923,334,1,50.93
20429,22648,786,1,385.84
20430,67746,132,1,765.52
20431,99404,273,2,180.43
20432,95193,35,1,2688.65
20433,48422,821,3,323.12
20434,37078,307,1,108.22
20435,89375,6,1,643.98
20436,98865,787,1,233.8
20437,43127,239,1,130.06
20438,57219,515,1,77.15
20439,51966,575,2,110.2
20440,88770,244,2,86.8
20441,78904,369,1,63.75
20442,26995,477,1,96.07
20443,17492,501,1,345.02
20444,29807,344,2,95.79
20445,94823,737,1,74.87
20446,1246,618,3,45.85
20447,34806,663,1,103.09
20448,71851,694,2,57.93
20449,24230,411,2,192
20450,84649,517,1,211.65
20451,67117,323,1,132.78
20452,28010,273,2,180.43
20453,84528,484,1,311.22
20454,79812,4,1,1452.58
20455,84842,396,1,503.93
20456,6069,772,1,346.25
20457,53509,450,1,101.61
20458,35298,13,1,2070.93
20459,2212,443,1,210.88
20460,60875,41,1,571.32
20461,35781,825,2,218.42
20462,45680,793,1,208.32
20463,31188,586,1,42.98
20464,93203,237,1,74.92
20465,55534,672,1,160.18
20466,30573,705,1,32.06
20467,87543,574,1,77.48
20468,65672,579,3,64.34
20469,52934,43,4,310.32
20470,25133,220,2,2128.96
20471,85804,657,1,62.42
20472,37724,26,2,1921.56
20473,98351,152,1,794.45
20474,74227,642,1,66.69
20475,59953,595,1,116.88
20476,67139,186,1,1591.62
20477,52196,516,2,61.04
20478,49915,553,2,70.14
20479,30676,106,1,810.12
20480,21898,700,1,85.88
20481,63986,615,1,112.27
20482,36783,469,1,160.55
20483,74763,248,4,220.15
20484,19101,785,2,117.09
20485,93823,748,4,220.43
20486,72779,659,2,109.2
20487,8062,249,1,218.37
20488,27762,832,1,191.89
20489,67549,265,1,183.58
20490,31404,849,4,207.15
20491,54336,482,1,343.8
20492,60442,10,1,1709.69
20493,53563,399,1,372.92
20494,66093,701,1,92.7
20495,59064,527,2,57.31
20496,33809,532,2,157.74
20497,14538,267,5,139.87
20498,26831,396,1,503.93
20499,53397,303,2,112.09
20500,86830,250,1,176.33
20501,32740,184,2,2233.97
20502,68143,535,1,95.48
20503,20192,1,1,1018.58
20504,96961,230,2,127.46
20505,68658,665,1,39.3
20506,13209,606,1,61.43
20507,83463,787,1,233.8
20508,72791,133,3,566.35
20509,4714,549,2,67.03
20510,94598,600,1,20.67
20511,21803,544,1,83.09
20512,32888,518,1,408.38
20513,85280,457,1,43.15
20514,18332,610,1,85.31
20515,20386,383,1,311.85
20516,48771,451,1,387.94
20517,67701,44,2,2369.39
20518,5602,496,1,203.6
20519,67117,308,1,80.43
20520,50385,304,1,128.59
20521,47726,726,3,145.95
20522,28438,565,2,51.83
20523,41598,422,1,395.38
20524,13267,754,1,158.39
20525,33032,551,1,67.02
20526,43815,336,1,33.43
20527,76618,540,5,32.85
20528,56217,167,1,926.76
20529,52196,127,1,2023.32
20530,76690,699,1,47.24
20531,56273,551,2,67.02
20532,76848,830,2,191.83
20533,34378,337,2,177.03
20534,15679,264,1,108.54
20535,22396,76,1,1764.12
20536,59106,544,1,83.09
20537,15300,184,1,2233.97
20538,34928,5,1,644.02
20539,83150,397,1,441.12
20540,97633,540,1,32.85
20541,23565,750,1,248.2
20542,39008,268,2,140.96
20543,91460,572,1,97.56
20544,78887,347,2,128.17
20545,59748,311,1,96.54
20546,21174,782,1,220.16
20547,3027,606,3,61.43
20548,37072,509,2,525.62
20549,8355,77,3,1880.83
20550,22879,846,1,180.75
20551,99951,312,2,43.29
20552,46250,482,1,343.8
20553,74995,238,1,27.65
20554,31836,471,1,44.33
20555,53663,788,1,176.78
20556,42276,239,2,130.06
20557,17521,364,2,112.89
20558,49621,415,1,313.17
20559,22745,366,1,89.01
20560,59273,672,1,160.18
20561,52220,515,1,77.15
20562,53319,21,3,1481.54
20563,41853,840,1,251.11
20564,62439,580,1,44.39
20565,45503,208,2,1599.96
20566,41318,754,1,158.39
20567,76063,737,2,74.87
20568,14787,711,2,128.83
20569,93806,353,1,132.5
20570,4914,751,1,95.53
20571,80708,776,1,107.12
20572,87349,762,1,152.14
20573,5850,64,1,987.78
20574,20354,683,1,49.44
20575,48154,314,1,217.82
20576,17155,105,1,2361.4
20577,35808,707,2,66.73
20578,85577,103,1,916.04
20579,21007,436,1,346.44
20580,21674,692,3,78.86
20581,45839,244,2,86.8
20582,52364,824,1,176.02
20583,93781,361,1,89.29
20584,69684,378,1,57.89
20585,28806,35,1,2688.65
20586,55624,454,1,480.12
20587,7652,43,1,310.32
20588,29626,98,4,1113.05
20589,91502,396,2,503.93
20590,95247,419,1,332.33
20591,84546,210,1,653.61
20592,65908,145,2,867.39
20593,86360,295,2,52.91
20594,44813,290,1,120.4
20595,9296,67,1,612.82
20596,62060,340,1,47.41
20597,61240,722,1,50.76
20598,21459,804,4,241.93
20599,18153,247,1,94.97
20600,24306,559,1,93.58
20601,92766,346,1,124.74
20602,56620,522,1,54.38
20603,34479,151,3,2364.58
20604,19415,716,1,170.57
20605,14292,736,1,154.75
20606,7442,111,1,875.42
20607,13317,48,1,1289.14
20608,1610,383,2,311.85
20609,45128,35,1,2688.65
20610,63028,465,1,542.03
20611,45007,356,1,129.5
20612,47099,687,1,98.13
20613,30296,583,2,64.38
20614,51111,543,2,42.06
20615,99250,177,2,1666.57
20616,77437,352,1,177.33
20617,27484,200,1,1905.88
20618,55205,352,1,177.33
20619,99566,349,1,87.41
20620,7822,793,4,208.32
20621,83182,420,1,373.76
20622,51525,762,1,152.14
20623,95191,497,1,291.81
20624,76914,729,1,53.27
20625,51191,569,1,118.44
20626,10783,698,1,99.51
20627,8191,713,1,84.65
20628,92394,367,1,217.01
20629,40642,833,3,104.08
20630,27293,669,1,51.43
20631,79033,598,1,37.17
20632,66482,322,1,143.41
20633,53976,62,1,845.49
20634,14879,95,1,1879.95
20635,20561,87,1,1765.71
20636,91341,555,4,112.86
20637,31377,845,1,106.71
20638,29819,322,1,143.41
20639,40323,544,1,83.09
20640,80545,601,1,36.85
20641,40589,561,1,86.98
20642,32630,233,1,118.05
20643,59636,325,2,213.64
20644,74297,694,2,57.93
20645,85606,680,1,151.72
20646,96323,537,1,107.95
20647,86197,451,1,387.94
20648,44384,396,1,503.93
20649,28291,185,1,823.93
20650,12270,744,1,207.32
20651,74507,477,3,96.07
20652,46570,451,1,387.94
20653,82699,277,1,161.99
20654,30482,198,1,2315.24
20655,8035,401,1,111.92
20656,96436,242,2,213.16
20657,65089,214,1,769.16
20658,67034,554,1,71.05
20659,95551,115,1,1529.93
20660,30805,184,1,2233.97
20661,78843,328,3,124.01
20662,48318,691,1,66.88
20663,61912,675,1,77.03
20664,29821,681,4,140.36
20665,78883,846,1,180.75
20666,58124,565,1,51.83
20667,81302,566,1,74.04
20668,33198,727,1,45.19
20669,63102,236,2,145.03
20670,51783,326,1,148.27
20671,44532,370,1,41.18
20672,47488,161,1,1006.83
20673,99548,834,1,115.52
20674,9134,723,2,32.72
20675,59004,415,1,313.17
20676,69551,147,1,1476.49
20677,25973,459,1,85.05
20678,23607,408,1,42.37
20679,44517,62,1,845.49
20680,42983,426,1,277.42
20681,50105,632,1,159.73
20682,98021,161,1,1006.83
20683,29622,850,1,237.95
20684,33576,292,1,32.35
20685,42307,62,1,845.49
20686,58653,236,1,145.03
20687,66481,239,1,130.06
20688,47089,652,3,93.32
20689,82644,624,1,63.62
20690,98119,257,1,204.86
20691,61142,347,1,128.17
20692,83821,321,2,113.48
20693,41728,22,1,609.78
20694,33420,703,1,68.35
20695,53548,838,2,165.94
20696,16325,100,2,538.09
20697,77228,121,1,1989.62
20698,41142,718,1,185.18
20699,39489,339,1,101.75
20700,10722,351,1,106.17
20701,99300,699,3,47.24
20702,96810,37,2,899.87
20703,11190,246,1,201.57
20704,68981,34,1,2576.39
20705,42907,60,1,934.39
20706,77399,622,1,40.46
20707,44932,609,1,65.41
20708,32553,283,2,87.55
20709,81800,784,1,161.33
20710,2755,469,1,160.55
20711,46246,796,2,361.44
20712,67807,364,1,112.89
20713,81327,838,1,165.94
20714,64790,822,1,25.42
20715,72393,204,1,2321.47
20716,35029,125,1,775.3
20717,35997,141,1,2665.48
20718,33647,4,1,1452.58
20719,28288,27,1,726.61
20720,26188,398,2,230.52
20721,93625,700,1,85.88
20722,24219,391,1,595.91
20723,27382,429,3,202.76
20724,71972,17,1,899.25
20725,45975,422,2,395.38
20726,93096,393,5,210.09
20727,9450,474,1,466.85
20728,34738,425,1,85.89
20729,63763,415,4,313.17
20730,69890,175,1,1556.96
20731,76075,52,1,1892.01
20732,7915,726,1,145.95
20733,64998,621,1,38.29
20734,19197,169,1,336.57
20735,40656,185,1,823.93
20736,22554,566,1,74.04
20737,15535,767,1,303.89
20738,56936,330,2,70.71
20739,33256,164,1,1320.66
20740,22227,143,1,1244.23
20741,52887,379,1,410.89
20742,4492,760,1,316.13
20743,55876,684,1,112.82
20744,53120,354,1,58.86
20745,46463,179,1,2506.19
20746,15282,89,1,2273.66
20747,12046,102,2,1536.79
20748,88446,508,1,416.15
20749,90972,844,1,432.51
20750,35854,631,1,120.31
20751,28694,460,1,119.48
20752,7383,326,1,148.27
20753,47545,823,3,158.01
20754,95648,543,1,42.06
20755,58827,725,3,98.54
20756,12116,570,1,51.63
20757,51354,237,1,74.92
20758,24116,459,1,85.05
20759,52835,491,2,240.43
20760,19185,305,1,145.78
20761,79494,169,1,336.57
20762,12869,423,1,105.79
20763,7124,658,1,71.4
20764,14673,257,1,204.86
20765,88256,545,1,77.05
20766,11055,408,1,42.37
20767,54252,266,2,148.88
20768,70349,189,1,1308.31
20769,44559,435,1,101.95
20770,56404,813,1,98.39
20771,29137,136,2,930.82
20772,32977,162,4,1527.43
20773,33409,72,3,724.9
20774,74448,433,2,307
20775,33608,543,2,42.06
20776,57133,166,1,2080.6
20777,98492,773,1,99.41
20778,44857,555,1,112.86
20779,13090,474,1,466.85
20780,78252,553,2,70.14
20781,62857,183,2,2443.07
20782,75956,325,1,213.64
20783,47372,697,2,62.96
20784,57503,54,2,2305.48
20785,8770,157,1,1620.62
20786,16665,692,1,78.86
20787,5164,61,1,1043.37
20788,7137,704,4,44.41
20789,37482,495,1,243.47
20790,54846,515,1,77.15
20791,78161,506,1,138.24
20792,74418,850,1,237.95
20793,25952,690,1,51.49
20794,31614,690,1,51.49
20795,12946,815,1,360.06
20796,41146,113,2,2468.65
20797,74784,372,1,52.26
20798,43898,539,1,60.5
20799,4608,681,2,140.36
20800,75136,750,1,248.2
20801,48144,205,1,1469.58
20802,50966,232,3,106.09
20803,80777,833,3,104.08
20804,59688,345,1,90.74
20805,37772,708,2,138.81
20806,41296,15,2,694.06
20807,20367,828,1,161.68
20808,27432,845,1,106.71
20809,81021,676,1,195.28
20810,13547,352,2,177.33
20811,1069,180,1,605.56
20812,60012,325,2,213.64
20813,93902,553,1,70.14
20814,68744,641,1,20.23
20815,7943,682,2,59.6
20816,38464,465,1,542.03
20817,43702,644,1,67.31
20818,91479,358,2,119.54
20819,89645,502,1,271.9
20820,55926,43,1,310.32
20821,17074,565,1,51.83
20822,56936,812,1,342.03
20823,49313,140,1,2736.66
20824,30295,624,2,63.62
20825,63498,514,1,446.84
20826,39793,614,1,27.16
20827,56654,730,2,48.49
20828,49661,581,2,61.28
20829,63775,2,1,2587.65
20830,77608,51,4,2718.95
20831,92986,36,2,1992.63
20832,79278,316,1,139.67
20833,2307,674,1,91.61
20834,94606,639,2,60.83
20835,56158,617,2,24.15
20836,35676,188,2,1360.41
20837,57112,565,4,51.83
20838,29341,472,2,553.66
20839,87495,608,1,52.97
20840,70810,606,1,61.43
20841,45429,436,1,346.44
20842,59103,844,1,432.51
20843,76303,593,1,38.05
20844,69599,565,1,51.83
20845,30871,384,2,455.69
20846,36508,633,1,89.89
20847,29166,833,1,104.08
20848,45099,42,2,1240.21
20849,68955,344,1,95.79
20850,14940,507,1,484.32
20851,38182,370,4,41.18
20852,66122,172,1,220.1
20853,51038,310,1,73.64
20854,98144,133,1,566.35
20855,23333,750,3,248.2
20856,18847,754,2,158.39
20857,56881,657,3,62.42
20858,9689,596,2,62.64
20859,73479,691,2,66.88
20860,21572,463,1,370.25
20861,27328,443,1,210.88
20862,89122,461,1,118.87
20863,59625,346,1,124.74
20864,63273,51,1,2718.95
20865,70964,159,1,791.31
20866,42969,578,1,123.63
20867,94707,537,4,107.95
20868,90714,357,2,28.52
20869,78080,416,1,237.73
20870,91481,794,1,243.61
20871,70187,210,1,653.61
20872,17232,722,1,50.76
20873,68128,535,1,95.48
20874,36808,40,1,1136.17
20875,70448,522,2,54.38
20876,94539,554,1,71.05
20877,92345,102,1,1536.79
20878,19868,796,2,361.44
20879,26920,411,3,192
20880,11352,55,1,1450.93
20881,78945,718,2,185.18
20882,30401,438,1,415.7
20883,38544,329,1,93.74
20884,30600,748,1,220.43
20885,26799,130,2,1270.67
20886,87827,260,1,47.28
20887,38143,526,2,62.16
20888,14925,554,2,71.05
20889,26122,302,1,110.6
20890,12602,201,1,1549.7
20891,22488,575,1,110.2
20892,45428,772,1,346.25
20893,99313,672,2,160.18
20894,86373,289,1,75.66
20895,7336,791,1,108.25
20896,85650,512,1,226.59
20897,56328,814,1,395.25
20898,57596,706,1,201.34
20899,87505,360,3,117.81
20900,22202,825,2,218.42
20901,97266,327,1,114.31
20902,40922,172,1,220.1
20903,75853,366,2,89.01
20904,75294,104,1,1266.38
20905,21066,759,2,375.56
20906,85397,654,2,126.06
20907,26168,657,1,62.42
20908,50476,473,1,75.58
20909,44370,410,2,105.83
20910,69325,386,1,403.91
20911,95486,482,3,343.8
20912,15131,846,1,180.75
20913,47097,352,1,177.33
20914,39482,133,1,566.35
20915,30165,459,1,85.05
20916,69883,484,2,311.22
20917,40068,850,1,237.95
20918,87217,704,1,44.41
20919,1588,362,1,129.66
20920,81991,613,1,78.12
20921,92323,414,1,287.44
20922,95031,653,1,100.32
20923,53678,306,2,226.09
20924,54546,499,1,561.17
20925,26266,803,2,231.37
20926,92947,329,2,93.74
20927,10789,141,4,2665.48
20928,96465,51,3,2718.95
20929,31273,176,3,679.98
20930,47032,366,1,89.01
20931,86948,287,1,100.46
20932,42724,218,1,1811.21
20933,58480,176,1,679.98
20934,52287,487,5,77.32
20935,47375,310,1,73.64
20936,4759,198,1,2315.24
20937,98459,503,1,188.72
20938,56311,354,1,58.86
20939,24146,27,1,726.61
20940,83709,419,2,332.33
20941,81700,336,1,33.43
20942,68073,262,1,238.23
20943,55195,99,3,268.9
20944,4425,568,1,59.32
20945,69746,106,4,810.12
20946,31199,595,1,116.88
20947,28307,434,2,110.92
20948,79520,204,1,2321.47
20949,73797,431,1,130.19
20950,40941,402,1,476.71
20951,38405,811,1,465.41
20952,51448,564,2,14.35
20953,71041,328,1,124.01
20954,44680,833,5,104.08
20955,80113,200,1,1905.88
20956,52791,374,1,337.45
20957,21968,809,1,191.41
20958,8656,300,3,44.81
20959,64292,495,1,243.47
20960,18465,236,1,145.03
20961,93033,814,1,395.25
20962,95784,140,1,2736.66
20963,55841,14,1,748.83
20964,77225,709,3,59.25
20965,44772,709,2,59.25
20966,61558,791,1,108.25
20967,55041,259,1,116.9
20968,75044,328,2,124.01
20969,74567,763,1,135.61
20970,57686,527,1,57.31
20971,55993,192,1,2315.69
20972,8297,14,1,748.83
20973,93650,790,1,418.19
20974,66804,735,2,70.91
20975,61234,616,1,122.24
20976,73109,808,1,399.03
20977,71049,683,1,49.44
20978,92267,533,2,152.22
20979,1159,161,4,1006.83
20980,29710,191,1,500.92
20981,65803,559,1,93.58
20982,56021,544,3,83.09
20983,7782,796,1,361.44
20984,22388,89,1,2273.66
20985,79287,198,3,2315.24
20986,76282,636,1,81.59
20987,64886,804,1,241.93
20988,21682,235,3,63.67
20989,27725,836,1,182
20990,29921,96,2,1237.53
20991,21355,552,2,108.39
20992,71496,802,1,107.98
20993,7785,526,2,62.16
20994,29016,690,1,51.49
20995,35040,592,3,79.56
20996,33685,329,1,93.74
20997,70300,343,1,60.44
20998,7213,354,1,58.86
20999,27151,478,1,279.21
21000,77284,690,2,51.49
21001,54917,830,1,191.83
21002,16871,771,1,93.15
21003,92818,195,1,957.51
21004,45295,257,1,204.86
21005,29538,74,2,2015.09
21006,59502,509,1,525.62
21007,68471,610,2,85.31
21008,64641,825,1,218.42
21009,23073,479,4,552.74
21010,68814,36,1,1992.63
21011,9437,124,2,543.3
21012,8648,269,1,85.34
21013,34095,748,1,220.43
21014,81438,554,1,71.05
21015,41441,627,1,61.59
21016,25596,534,1,70.5
21017,15349,322,1,143.41
21018,77040,609,1,65.41
21019,71148,538,1,43.54
21020,70681,531,1,101.94
21021,12892,814,1,395.25
21022,20610,663,2,103.09
21023,76447,639,1,60.83
21024,58594,405,1,192.25
21025,80179,22,4,609.78
21026,36929,16,2,697
21027,35773,423,1,105.79
21028,73359,430,1,118.66
21029,8775,675,3,77.03
21030,33540,185,1,823.93
21031,7876,458,1,245.35
21032,7293,233,2,118.05
21033,14179,749,1,384.4
21034,30158,130,1,1270.67
21035,76275,212,1,1668.95
21036,89316,495,1,243.47
21037,77069,123,1,922.12
21038,40034,187,2,2020.76
21039,65412,156,2,798.5
21040,23630,734,1,91.41
21041,51969,195,2,957.51
21042,22292,157,1,1620.62
21043,42327,381,1,119.17
21044,50701,311,1,96.54
21045,46743,619,1,100.91
21046,82541,683,1,49.44
21047,14737,631,1,120.31
21048,96091,382,1,344.3
21049,4764,640,2,73.07
21050,3900,356,1,129.5
21051,40265,678,1,75.52
21052,37057,264,1,108.54
21053,59394,742,2,149.39
21054,86872,563,1,33.62
21055,76569,220,2,2128.96
21056,19200,596,1,62.64
21057,37287,731,1,48.57
21058,99962,585,1,78.72
21059,2374,759,1,375.56
21060,31386,395,1,199.29
21061,82515,764,1,295.63
21062,77547,13,1,2070.93
21063,98865,20,2,877.84
21064,96137,46,2,1597.63
21065,26927,360,3,117.81
21066,81608,661,1,70.59
21067,46187,475,1,268.5
21068,52894,396,1,503.93
21069,42026,510,2,359.27
21070,54956,803,1,231.37
21071,90275,218,1,1811.21
21072,40903,661,1,70.59
21073,74778,688,3,62.01
21074,71177,130,1,1270.67
21075,49999,268,1,140.96
21076,50035,296,1,109.15
21077,17271,806,1,292.37
21078,91585,705,1,32.06
21079,54965,76,1,1764.12
21080,87321,753,3,249.45
21081,74554,43,1,310.32
21082,98947,719,2,42.9
21083,33660,18,1,1298.49
21084,9826,178,2,1039.95
21085,60083,611,1,20.37
21086,77807,716,1,170.57
21087,94951,801,2,280.08
21088,21169,259,1,116.9
21089,37482,200,1,1905.88
21090,83040,37,2,899.87
21091,59459,511,2,304.85
21092,88223,465,2,542.03
21093,25999,726,1,145.95
21094,21937,269,1,85.34
21095,79995,264,1,108.54
21096,16184,225,1,72.93
21097,77329,132,1,765.52
21098,43738,159,2,791.31
21099,25811,501,2,345.02
21100,73613,573,2,55.72
21101,99917,45,1,825.27
21102,31103,774,1,175.76
21103,78550,135,2,2540.95
21104,14865,332,1,152.61
21105,16404,723,1,32.72
21106,95099,704,1,44.41
21107,69619,674,2,91.61
21108,58873,133,1,566.35
21109,63047,533,1,152.22
21110,72810,850,1,237.95
21111,32029,31,2,1472.03
21112,94377,820,1,158.47
21113,73876,690,1,51.49
21114,53718,495,2,243.47
21115,81949,104,2,1266.38
21116,27471,619,2,100.91
21117,99092,630,1,43.94
21118,20605,135,1,2540.95
21119,91279,771,1,93.15
21120,38544,184,2,2233.97
21121,90087,327,1,114.31
21122,77139,499,1,561.17
21123,3958,464,1,291.69
21124,2100,637,1,92.71
21125,18041,41,1,571.32
21126,74993,722,3,50.76
21127,6916,633,2,89.89
21128,50091,255,1,59.87
21129,25331,291,5,30.01
21130,19338,844,1,432.51
21131,45426,584,1,50.02
21132,60456,90,1,1196.13
21133,80681,760,1,316.13
21134,30016,844,2,432.51
21135,13269,73,1,133.34
21136,69011,129,1,147.78
21137,63273,160,1,1762.02
21138,75591,611,1,20.37
21139,66481,797,1,404.47
21140,45364,122,1,2310.87
21141,76305,514,2,446.84
21142,45224,562,1,40.76
21143,57382,141,1,2665.48
21144,25404,31,1,1472.03
21145,96329,599,1,38.98
21146,90864,391,1,595.91
21147,26108,813,2,98.39
21148,44928,664,3,57.36
21149,16038,261,1,124.59
21150,12699,412,2,525.95
21151,21215,826,2,394.47
21152,55996,739,1,80.56
21153,62662,163,1,1530.22
21154,86209,18,2,1298.49
21155,36530,487,1,77.32
21156,52854,555,2,112.86
21157,23111,848,1,495.21
21158,46533,77,1,1880.83
21159,34646,552,2,108.39
21160,78664,555,1,112.86
21161,22622,263,2,55.16
21162,42906,673,1,35.45
21163,65547,261,2,124.59
21164,55746,730,1,48.49
21165,88574,539,2,60.5
21166,12808,137,3,1286.59
21167,61701,676,1,195.28
21168,93197,339,1,101.75
21169,12968,452,1,281.11
21170,52773,285,1,118.28
21171,72368,204,1,2321.47
21172,52934,757,1,246.69
21173,28469,564,1,14.35
21174,57543,471,1,44.33
21175,25042,270,4,76.57
21176,30233,594,1,51.42
21177,73735,834,1,115.52
21178,34533,65,2,861.03
21179,11001,525,1,106.03
21180,22398,103,1,916.04
21181,41699,595,1,116.88
21182,58670,632,1,159.73
21183,31687,770,2,332.54
21184,67849,174,1,772.9
21185,89390,121,2,1989.62
21186,85132,509,1,525.62
21187,29727,782,1,220.16
21188,21227,335,3,35.02
21189,38699,343,1,60.44
21190,69291,370,1,41.18
21191,70855,589,1,32.73
21192,18453,356,1,129.5
21193,19058,602,2,45.99
21194,1143,656,1,43.4
21195,8004,207,1,522.28
21196,14372,799,1,275.79
21197,92374,126,1,1112.26
21198,45250,457,1,43.15
21199,26018,330,1,70.71
21200,62242,162,2,1527.43
21201,11721,765,3,54.88
21202,45010,365,1,207.2
21203,52031,219,1,1567.32
21204,65166,71,1,1883.64
21205,67852,265,1,183.58
21206,65087,178,1,1039.95
21207,92684,244,1,86.8
21208,23748,781,1,274.7
21209,99309,554,1,71.05
21210,21876,345,1,90.74
21211,77124,58,1,720
21212,67734,305,1,145.78
21213,40295,480,1,266.64
21214,85904,576,1,129.84
21215,22426,185,1,823.93
21216,23742,25,1,1165.72
21217,56352,142,1,814.09
21218,2045,166,2,2080.6
21219,18482,583,2,64.38
21220,26963,564,1,14.35
21221,8408,355,1,41.47
21222,68542,850,2,237.95
21223,36718,271,1,164.71
21224,48277,767,2,303.89
21225,92338,588,1,32.82
21226,9076,740,1,73.03
21227,97627,397,1,441.12
21228,2869,548,1,83.07
21229,23073,121,1,1989.62
21230,95224,504,1,410.46
21231,21439,290,2,120.4
21232,61090,779,1,285.39
21233,63493,171,1,1633.75
21234,1365,722,1,50.76
21235,92962,267,1,139.87
21236,76992,422,1,395.38
21237,14329,777,1,130.57
21238,73209,477,2,96.07
21239,41229,137,2,1286.59
21240,64831,449,1,211.58
21241,9560,109,2,776.74
21242,61957,101,1,297.32
21243,1902,590,1,35.21
21244,19178,747,1,171.96
21245,42735,328,1,124.01
21246,3132,661,4,70.59
21247,79287,67,5,612.82
21248,2295,523,1,136.72
21249,92254,651,3,36.69
21250,65071,219,1,1567.32
21251,86416,825,1,218.42
21252,92300,740,1,73.03
21253,63235,481,3,312.06
21254,32160,253,1,175.8
21255,98304,737,2,74.87
21256,20415,438,1,415.7
21257,80642,344,1,95.79
21258,46254,244,1,86.8
21259,52934,628,1,92.54
21260,76120,601,1,36.85
21261,96815,92,1,1722.95
21262,44217,842,2,262.8
21263,7411,129,1,147.78
21264,17741,107,1,1082
21265,83706,78,1,448.34
21266,30870,443,1,210.88
21267,75628,696,1,103.81
21268,85916,446,1,522.5
21269,67189,588,1,32.82
21270,26905,348,1,34.82
21271,27935,430,2,118.66
21272,90362,390,1,406.02
21273,11426,726,1,145.95
21274,90776,205,1,1469.58
21275,55085,665,1,39.3
21276,2775,314,1,217.82
21277,32398,144,1,893.7
21278,71577,490,2,466.11
21279,57968,787,2,233.8
21280,51298,412,1,525.95
21281,70074,742,1,149.39
21282,13274,687,1,98.13
21283,80814,52,2,1892.01
21284,4823,627,1,61.59
21285,22354,561,1,86.98
21286,54248,454,1,480.12
21287,96621,14,2,748.83
21288,24812,476,2,603.44
21289,27555,56,2,2429.03
21290,56229,161,1,1006.83
21291,21761,140,1,2736.66
21292,49504,348,1,34.82
21293,69662,49,4,1342.93
21294,96460,15,1,694.06
21295,52635,631,2,120.31
21296,56087,547,1,31.12
21297,74746,218,1,1811.21
21298,28969,663,2,103.09
21299,34295,35,4,2688.65
21300,32455,437,1,95.45
21301,8103,301,1,36.64
21302,88304,396,5,503.93
21303,40257,139,1,999.63
21304,14102,643,1,54.43
21305,48796,770,1,332.54
21306,26242,597,1,82.6
21307,44666,747,1,171.96
21308,93838,842,1,262.8
21309,27940,207,3,522.28
21310,49837,627,1,61.59
21311,46611,373,2,107.49
21312,18965,418,1,195.16
21313,59683,694,1,57.93
21314,42854,639,2,60.83
21315,46588,231,2,161.14
21316,74684,287,1,100.46
21317,17334,542,3,75.76
21318,54982,790,2,418.19
21319,27828,381,3,119.17
21320,26541,724,1,125.26
21321,68433,352,1,177.33
21322,97770,841,1,37.29
21323,76251,84,1,416.48
21324,3556,757,2,246.69
21325,85173,419,1,332.33
21326,3326,414,3,287.44
21327,20609,187,2,2020.76
21328,65469,296,2,109.15
21329,16989,515,1,77.15
21330,13513,784,2,161.33
21331,87074,786,1,385.84
21332,34592,659,1,109.2
21333,76251,223,1,46.56
21334,72349,452,1,281.11
21335,51606,540,1,32.85
21336,99555,66,1,1334.73
21337,55638,686,1,96.04
21338,31345,523,1,136.72
21339,67043,93,3,1850.93
21340,95693,330,2,70.71
21341,73256,350,2,126.51
21342,84039,639,1,60.83
21343,58564,449,1,211.58
21344,11898,67,1,612.82
21345,28748,531,1,101.94
21346,48010,363,1,99.37
21347,68679,657,1,62.42
21348,87540,116,1,2211.09
21349,95876,7,2,398.8
21350,3153,14,2,748.83
21351,70149,214,3,769.16
21352,38254,270,1,76.57
21353,83496,72,1,724.9
21354,41048,207,1,522.28
21355,33925,813,1,98.39
21356,14213,89,1,2273.66
21357,73078,498,2,98.36
21358,86346,207,1,522.28
21359,44162,115,2,1529.93
21360,16226,793,1,208.32
21361,17424,32,1,672.62
21362,92293,524,1,106.66
21363,1086,568,1,59.32
21364,50231,487,2,77.32
21365,41948,176,1,679.98
21366,80009,21,1,1481.54
21367,55244,53,1,2521.54
21368,14100,264,1,108.54
21369,82488,240,2,61.03
21370,6768,191,3,500.92
21371,83001,341,1,104.39
21372,97496,550,1,95.95
21373,81337,737,1,74.87
21374,80343,126,1,1112.26
21375,21753,695,1,41.43
21376,42005,467,2,180.84
21377,93131,8,1,2190.96
21378,32939,636,1,81.59
21379,4734,205,1,1469.58
21380,60465,552,2,108.39
21381,95982,348,1,34.82
21382,52698,1,1,1018.58
21383,35364,516,1,61.04
21384,97020,539,1,60.5
21385,97656,36,2,1992.63
21386,58653,287,1,100.46
21387,80489,474,1,466.85
21388,77982,442,1,585.83
21389,32423,178,1,1039.95
21390,77879,119,2,2295.88
21391,49317,797,1,404.47
21392,58295,602,1,45.99
21393,86221,96,1,1237.53
21394,21457,353,1,132.5
21395,1352,553,1,70.14
21396,18793,7,1,398.8
21397,45048,286,2,31.89
21398,46328,575,1,110.2
21399,34802,648,1,114.52
21400,26970,1,1,1018.58
21401,5629,463,1,370.25
21402,15733,586,1,42.98
21403,47862,170,1,1435.76
21404,78553,275,1,107.44
21405,41517,214,1,769.16
21406,4521,465,1,542.03
21407,77104,14,1,748.83
21408,2599,722,2,50.76
21409,46604,611,4,20.37
21410,93294,73,5,133.34
21411,35101,532,3,157.74
21412,76691,464,1,291.69
21413,94931,746,1,379.49
21414,29068,661,4,70.59
21415,43452,732,1,139.82
21416,99182,658,1,71.4
21417,8258,432,1,378.9
21418,5183,578,2,123.63
21419,78212,219,3,1567.32
21420,81258,176,1,679.98
21421,73741,254,2,79.63
21422,14911,325,1,213.64
21423,26612,840,2,251.11
21424,81105,68,2,1973.25
21425,35576,706,1,201.34
21426,71362,59,1,353.67
21427,40498,609,1,65.41
21428,33223,350,1,126.51
21429,86507,35,2,2688.65
21430,72488,258,1,139.68
21431,44076,578,1,123.63
21432,77743,175,4,1556.96
21433,23126,645,2,42.2
21434,48633,93,1,1850.93
21435,72442,280,2,161.38
21436,66171,627,1,61.59
21437,34930,755,1,103.54
21438,66855,453,1,228.77
21439,55276,431,2,130.19
21440,40284,446,4,522.5
21441,97821,550,1,95.95
21442,7943,334,1,50.93
21443,94240,731,1,48.57
21444,17547,10,1,1709.69
21445,6460,475,1,268.5
21446,86947,381,1,119.17
21447,8525,480,1,266.64
21448,17486,567,2,55.35
21449,53684,408,1,42.37
21450,85336,34,2,2576.39
21451,53397,553,1,70.14
21452,42211,192,3,2315.69
21453,99555,603,1,37.61
21454,16606,642,1,66.69
21455,50431,27,1,726.61
21456,10739,380,2,179.57
21457,41205,708,2,138.81
21458,84663,28,1,1277.56
21459,40577,644,1,67.31
21460,73526,790,2,418.19
21461,94541,323,1,132.78
21462,55167,508,1,416.15
21463,95086,624,1,63.62
21464,19771,115,1,1529.93
21465,92288,747,1,171.96
21466,45880,245,1,23.66
21467,27799,150,1,857.31
21468,13938,30,1,358.22
21469,42547,846,1,180.75
21470,58811,460,1,119.48
21471,83858,69,1,449.82
21472,23134,538,1,43.54
21473,24004,739,1,80.56
21474,7280,830,2,191.83
21475,9907,637,1,92.71
21476,13008,707,2,66.73
21477,37354,595,1,116.88
21478,49527,4,1,1452.58
21479,33546,123,2,922.12
21480,61243,274,1,195.72
21481,83056,632,1,159.73
21482,42233,550,2,95.95
21483,29329,682,1,59.6
21484,77617,774,1,175.76
21485,73001,671,1,49.76
21486,81284,552,1,108.39
21487,95821,605,1,31.92
21488,95820,678,1,75.52
21489,89523,189,1,1308.31
21490,38387,496,2,203.6
21491,52214,213,3,1572.75
21492,51593,74,3,2015.09
21493,83457,318,1,60.45
21494,63948,690,1,51.49
21495,29114,440,1,100.41
21496,21669,415,1,313.17
21497,5612,105,1,2361.4
21498,37718,594,1,51.42
21499,15504,490,1,466.11
21500,17295,283,1,87.55
21501,72131,607,3,40.2
21502,14035,384,1,455.69
21503,59445,257,1,204.86
21504,89768,720,1,123.41
21505,30343,241,1,206.75
21506,32534,512,1,226.59
21507,84457,519,3,587.38
21508,31511,83,1,943.76
21509,91203,678,1,75.52
21510,43469,446,1,522.5
21511,41837,443,1,210.88
21512,11077,312,1,43.29
21513,92019,685,1,170.52
21514,22741,482,1,343.8
21515,79323,1,1,1018.58
21516,79485,152,1,794.45
21517,41396,306,1,226.09
21518,82663,619,2,100.91
21519,8433,316,2,139.67
21520,89011,348,1,34.82
21521,8804,251,1,76.69
21522,14976,514,2,446.84
21523,19529,484,2,311.22
21524,43900,645,1,42.2
21525,75999,599,1,38.98
21526,35029,360,3,117.81
21527,43297,734,5,91.41
21528,69423,142,1,814.09
21529,94504,80,1,557.08
21530,42171,1,2,1018.58
21531,40340,320,1,71.03
21532,21195,516,2,61.04
21533,96111,17,1,899.25
21534,30508,124,1,543.3
21535,57767,376,1,191.89
21536,38167,426,1,277.42
21537,40052,207,2,522.28
21538,91008,352,1,177.33
21539,7590,315,2,171.61
21540,57178,543,1,42.06
21541,60478,421,1,396.57
21542,65156,185,2,823.93
21543,68421,626,1,53.36
21544,99285,104,1,1266.38
21545,19431,382,4,344.3
21546,21601,683,1,49.44
21547,52060,205,1,1469.58
21548,85809,92,1,1722.95
21549,41745,750,1,248.2
21550,70637,809,2,191.41
21551,33121,831,1,129.32
21552,98028,34,1,2576.39
21553,58551,57,1,488.73
21554,79479,474,1,466.85
21555,57375,633,1,89.89
21556,88731,80,2,557.08
21557,5007,440,1,100.41
21558,93298,85,1,910.42
21559,52239,389,1,372.78
21560,66878,328,1,124.01
21561,35454,65,4,861.03
21562,4929,264,1,108.54
21563,64265,156,1,798.5
21564,75133,577,1,34.72
21565,29245,399,1,372.92
21566,23212,748,1,220.43
21567,48450,635,1,40.19
21568,37353,679,1,187.47
21569,88625,199,1,2273.14
21570,41191,287,1,100.46
21571,13181,533,1,152.22
21572,67238,843,1,116.02
21573,32330,571,1,66.42
21574,55301,726,1,145.95
21575,49502,513,1,506.02
21576,61435,504,3,410.46
21577,84849,675,2,77.03
21578,30619,773,1,99.41
21579,80050,751,2,95.53
21580,37492,494,1,148.01
21581,43298,603,1,37.61
21582,92873,86,1,934.14
21583,74496,67,1,612.82
21584,93366,291,2,30.01
21585,66858,842,1,262.8
21586,50640,692,1,78.86
21587,99021,537,1,107.95
21588,41647,754,1,158.39
21589,42851,135,2,2540.95
21590,96262,665,1,39.3
21591,94682,460,4,119.48
21592,41261,284,2,46.63
21593,94412,841,2,37.29
21594,4242,611,4,20.37
21595,54240,412,1,525.95
21596,87299,786,2,385.84
21597,65907,431,1,130.19
21598,77599,626,1,53.36
21599,2301,749,1,384.4
21600,42963,656,1,43.4
21601,91038,13,3,2070.93
21602,88346,416,3,237.73
21603,66488,768,1,364.34
21604,85139,774,1,175.76
21605,64727,821,1,323.12
21606,69516,169,1,336.57
21607,60099,66,3,1334.73
21608,67526,117,2,1977.83
21609,99051,161,1,1006.83
21610,26336,501,1,345.02
21611,11363,535,1,95.48
21612,32533,254,1,79.63
21613,35641,307,1,108.22
21614,46548,439,1,349.13
21615,19200,101,1,297.32
21616,13170,34,1,2576.39
21617,37634,462,2,321.21
21618,68959,108,3,1836.25
21619,35563,684,1,112.82
21620,70942,150,1,857.31
21621,65927,626,1,53.36
21622,43887,274,1,195.72
21623,7179,726,1,145.95
21624,35667,161,2,1006.83
21625,21502,800,1,396.56
21626,95937,414,1,287.44
21627,40866,562,1,40.76
21628,7327,427,1,235.15
21629,71910,775,3,320.37
21630,41842,667,2,58.31
21631,55668,362,1,129.66
21632,40740,198,1,2315.24
21633,95201,814,1,395.25
21634,29138,740,1,73.03
21635,54366,646,1,158.39
21636,56602,732,1,139.82
21637,9880,500,3,584.81
21638,28685,730,1,48.49
21639,28277,781,1,274.7
21640,39851,385,1,364.27
21641,23510,441,1,102.35
21642,44290,20,3,877.84
21643,50145,629,2,19.84
21644,93728,429,1,202.76
21645,78759,810,2,94.15
21646,75655,466,1,211.09
21647,20324,87,2,1765.71
21648,57864,426,2,277.42
21649,36417,282,1,82.43
21650,45157,459,1,85.05
21651,45909,766,2,229.2
21652,17416,459,1,85.05
21653,44540,603,1,37.61
21654,69224,540,2,32.85
21655,22534,686,1,96.04
21656,39989,69,1,449.82
21657,1350,685,2,170.52
21658,74408,57,1,488.73
21659,63854,85,1,910.42
21660,30263,340,1,47.41
21661,50691,369,1,63.75
21662,61571,90,1,1196.13
21663,35606,76,1,1764.12
21664,7790,331,1,84.86
21665,57687,191,1,500.92
21666,64017,237,1,74.92
21667,10435,251,2,76.69
21668,25554,645,1,42.2
21669,6248,434,1,110.92
21670,54834,666,1,47.03
21671,83925,14,1,748.83
21672,32424,423,1,105.79
21673,77317,740,1,73.03
21674,1120,323,1,132.78
21675,9022,302,1,110.6
21676,98049,560,1,77.29
21677,56003,551,1,67.02
21678,76072,352,1,177.33
21679,62782,590,1,35.21
21680,58041,779,1,285.39
21681,12727,815,1,360.06
21682,58390,31,2,1472.03
21683,95929,792,2,234.78
21684,52932,341,2,104.39
21685,81258,539,1,60.5
21686,17841,246,1,201.57
21687,1564,26,1,1921.56
21688,2030,42,1,1240.21
21689,62949,84,1,416.48
21690,46005,618,2,45.85
21691,33949,650,1,88.13
21692,18687,769,2,160.34
21693,98525,817,1,236.52
21694,6453,150,1,857.31
21695,76241,226,1,70.24
21696,79410,38,1,512.7
21697,17684,640,1,73.07
21698,40309,635,1,40.19
21699,20785,31,4,1472.03
21700,40943,593,1,38.05
21701,29474,819,2,67.91
21702,95947,770,1,332.54
21703,22602,723,1,32.72
21704,34930,840,1,251.11
21705,20271,675,1,77.03
21706,6339,738,2,140.26
21707,50531,592,3,79.56
21708,48862,763,2,135.61
21709,61321,420,1,373.76
21710,83859,379,1,410.89
21711,53615,716,1,170.57
21712,34303,629,4,19.84
21713,84917,271,1,164.71
21714,60392,254,1,79.63
21715,31085,745,1,131.36
21716,27793,735,1,70.91
21717,77097,737,1,74.87
21718,19292,138,1,1696.84
21719,74515,41,1,571.32
21720,45535,4,1,1452.58
21721,93107,303,1,112.09
21722,25653,472,1,553.66
21723,98278,170,2,1435.76
21724,77418,325,1,213.64
21725,86595,483,1,240.01
21726,46583,604,1,28.08
21727,51784,153,1,621.19
21728,90809,502,1,271.9
21729,42026,1,1,1018.58
21730,87292,12,1,2721.53
21731,90987,831,1,129.32
21732,83003,262,1,238.23
21733,25690,178,1,1039.95
21734,85359,213,1,1572.75
21735,12880,833,3,104.08
21736,37806,392,1,224.55
21737,53629,843,1,116.02
21738,4806,41,3,571.32
21739,55318,761,1,107.7
21740,29701,614,1,27.16
21741,76025,826,1,394.47
21742,71307,100,1,538.09
21743,56782,475,1,268.5
21744,83005,344,1,95.79
21745,97079,544,1,83.09
21746,10844,538,3,43.54
21747,52563,422,1,395.38
21748,96111,341,1,104.39
21749,14422,342,1,101.64
21750,56293,127,3,2023.32
21751,96589,502,1,271.9
21752,72646,177,1,1666.57
21753,99698,412,1,525.95
21754,94719,242,1,213.16
21755,92201,717,1,143.37
21756,10186,566,3,74.04
21757,82958,556,1,56.33
21758,78443,98,1,1113.05
21759,58927,784,1,161.33
21760,70865,661,1,70.59
21761,4465,562,1,40.76
21762,14241,650,2,88.13
21763,76569,725,2,98.54
21764,61749,492,1,307.86
21765,65298,691,1,66.88
21766,72636,649,1,134.51
21767,45582,580,1,44.39
21768,89300,836,1,182
21769,30352,618,2,45.85
21770,69521,812,1,342.03
21771,88489,478,2,279.21
21772,69925,166,1,2080.6
21773,58932,523,1,136.72
21774,68073,241,1,206.75
21775,80023,643,1,54.43
21776,18151,559,1,93.58
21777,38521,195,2,957.51
21778,75435,412,2,525.95
21779,35228,23,1,879.34
21780,15110,319,1,57.84
21781,37234,199,1,2273.14
21782,14954,340,1,47.41
21783,74715,201,1,1549.7
21784,74261,812,1,342.03
21785,67887,389,1,372.78
21786,79634,667,1,58.31
21787,91251,522,1,54.38
21788,65578,73,2,133.34
21789,58233,128,2,2170.64
21790,99285,409,1,479.24
21791,27478,92,1,1722.95
21792,52088,199,1,2273.14
21793,88214,483,1,240.01
21794,27213,540,1,32.85
21795,30862,250,1,176.33
21796,1435,575,1,110.2
21797,59888,182,1,551.45
21798,12636,68,1,1973.25
21799,51546,155,1,2869.59
21800,51849,616,1,122.24
21801,80097,188,1,1360.41
21802,75874,515,5,77.15
21803,39471,530,1,110.63
21804,91044,197,2,1756.06
21805,59738,589,1,32.73
21806,40006,413,1,526.63
21807,20003,822,1,25.42
21808,43027,287,2,100.46
21809,79128,404,1,418.74
21810,34779,114,1,1991.76
21811,84338,713,2,84.65
21812,2105,11,1,243.48
21813,41827,455,1,115.87
21814,85126,843,1,116.02
21815,22073,773,1,99.41
21816,18005,782,1,220.16
21817,95147,542,1,75.76
21818,23710,777,2,130.57
21819,15290,283,1,87.55
21820,85256,140,1,2736.66
21821,56658,347,1,128.17
21822,79506,559,1,93.58
21823,95702,807,2,406.4
21824,46592,669,1,51.43
21825,53590,497,2,291.81
21826,52556,168,1,702.77
21827,92729,286,2,31.89
21828,84471,373,1,107.49
21829,7764,666,2,47.03
21830,97687,468,1,448.77
21831,54462,603,1,37.61
21832,25241,740,1,73.03
21833,59905,436,1,346.44
21834,71493,760,1,316.13
21835,37958,382,2,344.3
21836,56214,495,2,243.47
21837,14100,420,1,373.76
21838,44777,523,2,136.72
21839,58974,678,2,75.52
21840,49539,785,1,117.09
21841,71378,733,1,112.26
21842,36013,122,1,2310.87
21843,55568,790,4,418.19
21844,90413,649,3,134.51
21845,7060,584,4,50.02
21846,61822,656,2,43.4
21847,67021,434,2,110.92
21848,58979,726,1,145.95
21849,40120,2,1,2587.65
21850,58794,652,1,93.32
21851,37882,769,1,160.34
21852,86022,28,1,1277.56
21853,2325,6,1,643.98
21854,81597,334,1,50.93
21855,17409,733,1,112.26
21856,73789,819,4,67.91
21857,78646,81,1,2179.45
21858,56683,487,2,77.32
21859,19970,274,2,195.72
21860,29828,530,3,110.63
21861,28488,472,1,553.66
21862,91234,520,1,133.3
21863,85929,152,1,794.45
21864,12157,199,3,2273.14
21865,82748,428,1,463.98
21866,65717,86,2,934.14
21867,96887,353,1,132.5
21868,68679,427,1,235.15
21869,68257,215,2,1720.21
21870,92090,55,1,1450.93
21871,29465,65,1,861.03
21872,88344,193,1,2329.58
21873,36760,198,2,2315.24
21874,97065,140,1,2736.66
21875,2449,762,2,152.14
21876,6977,760,3,316.13
21877,29474,63,2,2058.51
21878,99991,728,1,135.75
21879,86034,486,3,475.47
21880,4735,665,1,39.3
21881,62575,125,1,775.3
21882,8002,382,1,344.3
21883,72363,14,2,748.83
21884,56307,51,1,2718.95
21885,82525,533,2,152.22
21886,67821,690,3,51.49
21887,32517,109,1,776.74
21888,85219,720,2,123.41
21889,6716,129,2,147.78
21890,47998,19,1,1121.09
21891,78705,485,1,292.09
21892,88521,373,1,107.49
21893,43350,574,1,77.48
21894,46416,326,3,148.27
21895,74694,476,1,603.44
21896,1928,399,1,372.92
21897,73443,118,3,702.86
21898,84767,455,1,115.87
21899,54731,344,3,95.79
21900,91307,787,2,233.8
21901,62821,241,1,206.75
21902,53118,778,3,286.32
21903,47952,709,4,59.25
21904,80949,748,1,220.43
21905,79590,311,1,96.54
21906,15139,420,3,373.76
21907,21953,797,2,404.47
21908,26056,272,2,164.9
21909,23935,701,2,92.7
21910,76185,637,2,92.71
21911,21017,328,1,124.01
21912,58372,7,1,398.8
21913,65107,683,2,49.44
21914,55273,398,1,230.52
21915,33140,403,1,259.54
21916,16862,793,2,208.32
21917,81324,618,1,45.85
21918,8324,693,1,89.35
21919,72906,22,1,609.78
21920,38446,769,3,160.34
21921,47944,695,3,41.43
21922,40779,198,2,2315.24
21923,89367,765,2,54.88
21924,27254,29,1,1439.04
21925,96721,807,1,406.4
21926,2267,534,2,70.5
21927,19101,631,1,120.31
21928,26663,705,2,32.06
21929,99653,184,1,2233.97
21930,87991,240,1,61.03
21931,57536,69,1,449.82
21932,6630,798,1,227.6
21933,69619,104,2,1266.38
21934,12132,684,1,112.82
21935,79668,389,2,372.78
21936,63872,653,1,100.32
21937,55854,629,1,19.84
21938,56671,9,2,1457.94
21939,57093,510,1,359.27
21940,29000,339,2,101.75
21941,38145,75,1,1706.59
21942,68311,629,1,19.84
21943,14590,521,3,74.48
21944,7575,676,1,195.28
21945,10673,564,1,14.35
21946,33320,538,2,43.54
21947,53811,838,2,165.94
21948,58161,168,1,702.77
21949,38419,338,1,141.2
21950,38802,827,4,161.51
21951,43016,640,2,73.07
21952,30582,211,1,1347.08
21953,33307,486,2,475.47
21954,76195,820,1,158.47
21955,93315,213,1,1572.75
21956,90087,226,1,70.24
21957,88390,289,1,75.66
21958,48807,480,1,266.64
21959,40117,374,1,337.45
21960,23480,395,1,199.29
21961,70682,836,1,182
21962,33927,248,1,220.15
21963,24488,145,1,867.39
21964,17992,27,1,726.61
21965,51027,182,1,551.45
21966,53266,498,5,98.36
21967,44793,134,1,955.11
21968,56810,44,3,2369.39
21969,93107,161,3,1006.83
21970,36761,567,3,55.35
21971,83921,180,5,605.56
21972,46189,423,2,105.79
21973,46611,758,1,217.14
21974,7866,754,1,158.39
21975,28864,580,1,44.39
21976,69623,15,1,694.06
21977,29913,443,1,210.88
21978,12108,583,1,64.38
21979,59681,666,1,47.03
21980,57892,783,1,136.46
21981,39867,381,2,119.17
21982,6069,148,5,1254.83
21983,71286,90,4,1196.13
21984,45991,460,1,119.48
21985,33985,442,1,585.83
21986,70003,570,1,51.63
21987,13537,145,1,867.39
21988,58685,144,2,893.7
21989,5104,686,1,96.04
21990,73299,513,2,506.02
21991,65498,147,1,1476.49
21992,76735,641,1,20.23
21993,60648,623,1,53.5
21994,90947,149,3,376.32
21995,27702,829,1,292.82
21996,92823,51,2,2718.95
21997,8198,432,3,378.9
21998,46438,814,1,395.25
21999,23789,100,1,538.09
22000,38921,57,1,488.73
22001,17059,372,1,52.26
22002,57234,276,2,105.92
22003,97923,708,1,138.81
22004,39470,206,1,167.72
22005,37699,308,4,80.43
22006,20732,30,1,358.22
22007,65095,710,1,114.92
22008,14416,441,1,102.35
22009,85904,113,1,2468.65
22010,89300,79,1,990.72
22011,43922,472,1,553.66
22012,70727,418,2,195.16
22013,12605,144,1,893.7
22014,65431,725,1,98.54
22015,6466,641,2,20.23
22016,61768,51,2,2718.95
22017,46265,78,1,448.34
22018,49339,525,1,106.03
22019,87737,235,1,63.67
22020,75223,246,1,201.57
22021,82735,28,1,1277.56
22022,25012,374,1,337.45
22023,78291,348,2,34.82
22024,64890,821,1,323.12
22025,19018,634,1,92.64
22026,51760,306,5,226.09
22027,27631,685,1,170.52
22028,18969,839,2,232.84
22029,73723,149,1,376.32
22030,75072,25,1,1165.72
22031,66370,162,1,1527.43
22032,21700,218,1,1811.21
22033,60087,634,4,92.64
22034,46808,162,1,1527.43
22035,82082,173,1,1273.32
22036,83322,365,1,207.2
22037,22787,446,1,522.5
22038,16076,46,2,1597.63
22039,44625,266,1,148.88
22040,6103,567,4,55.35
22041,42151,457,1,43.15
22042,75650,639,4,60.83
22043,17761,624,4,63.62
22044,26291,69,1,449.82
22045,25480,331,3,84.86
22046,35694,178,1,1039.95
22047,32460,648,3,114.52
22048,23360,211,1,1347.08
22049,4105,693,1,89.35
22050,40662,535,1,95.48
22051,87941,188,1,1360.41
22052,98188,269,2,85.34
22053,10845,739,1,80.56
22054,86955,813,1,98.39
22055,51209,147,2,1476.49
22056,93845,58,2,720
22057,44352,806,1,292.37
22058,18161,190,1,798.17
22059,32486,678,1,75.52
22060,56346,788,2,176.78
22061,18519,202,3,476.93
22062,57482,465,1,542.03
22063,53820,145,1,867.39
22064,36932,350,4,126.51
22065,80681,444,1,209.61
22066,27187,595,1,116.88
22067,1069,474,2,466.85
22068,51354,263,2,55.16
22069,43962,521,2,74.48
22070,41648,637,2,92.71
22071,37054,673,1,35.45
22072,31714,610,2,85.31
22073,67419,35,1,2688.65
22074,18748,248,2,220.15
22075,61542,372,1,52.26
22076,72657,246,2,201.57
22077,66368,831,2,129.32
22078,59613,738,1,140.26
22079,88034,117,3,1977.83
22080,37049,688,3,62.01
22081,17302,642,1,66.69
22082,77477,781,1,274.7
22083,18287,666,1,47.03
22084,74507,454,1,480.12
22085,84182,252,1,88.87
22086,62813,371,1,110.74
22087,21157,189,1,1308.31
22088,17278,319,1,57.84
22089,70966,762,3,152.14
22090,47895,724,1,125.26
22091,74448,830,1,191.83
22092,41566,209,2,128.3
22093,53168,135,2,2540.95
22094,33653,242,4,213.16
22095,57178,399,2,372.92
22096,25193,316,2,139.67
22097,29916,807,1,406.4
22098,38316,682,2,59.6
22099,95023,764,2,295.63
22100,85718,150,2,857.31
22101,25029,177,1,1666.57
22102,92418,620,1,92.65
22103,65528,657,1,62.42
22104,70046,669,1,51.43
22105,23591,798,3,227.6
22106,45148,769,2,160.34
22107,91099,834,1,115.52
22108,86436,554,1,71.05
22109,10368,577,1,34.72
22110,96469,304,1,128.59
22111,80909,130,1,1270.67
22112,81392,202,1,476.93
22113,99966,546,2,52.46
22114,73095,269,1,85.34
22115,67082,409,1,479.24
22116,52368,736,1,154.75
22117,34804,446,1,522.5
22118,71423,263,4,55.16
22119,76317,3,1,1772.05
22120,4952,348,1,34.82
22121,62642,97,3,1294.45
22122,10989,751,2,95.53
22123,60393,227,1,224.15
22124,25141,171,1,1633.75
22125,57408,114,2,1991.76
22126,57482,260,1,47.28
22127,49234,611,2,20.37
22128,2209,614,1,27.16
22129,25752,550,1,95.95
22130,97283,746,1,379.49
22131,28307,230,1,127.46
22132,92417,768,1,364.34
22133,6325,281,1,187.62
22134,87190,655,1,79.63
22135,16541,337,2,177.03
22136,44868,596,2,62.64
22137,99059,241,1,206.75
22138,47654,642,1,66.69
22139,30589,569,2,118.44
22140,25476,333,1,23.12
22141,22981,735,1,70.91
22142,80537,89,1,2273.66
22143,59688,529,1,23.4
22144,9022,314,1,217.82
22145,47668,834,1,115.52
22146,23716,787,1,233.8
22147,9912,534,5,70.5
22148,72518,391,1,595.91
22149,96654,225,2,72.93
22150,34906,578,1,123.63
22151,22826,740,1,73.03
22152,34980,763,1,135.61
22153,54835,441,1,102.35
22154,43458,689,1,130.61
22155,90419,532,1,157.74
22156,65412,206,1,167.72
22157,84463,277,1,161.99
22158,55340,822,1,25.42
22159,58839,416,1,237.73
22160,96941,542,4,75.76
22161,95086,732,1,139.82
22162,38136,561,4,86.98
22163,1824,442,1,585.83
22164,28095,406,1,470.57
22165,28565,633,1,89.89
22166,77124,249,1,218.37
22167,40574,446,1,522.5
22168,19461,149,1,376.32
22169,5816,824,4,176.02
22170,45429,682,1,59.6
22171,52740,814,1,395.25
22172,45660,764,2,295.63
22173,87050,485,2,292.09
22174,20549,397,1,441.12
22175,99916,178,1,1039.95
22176,64232,734,1,91.41
22177,72756,196,2,974.84
22178,26340,671,1,49.76
22179,27825,359,1,206.65
22180,70190,223,1,46.56
22181,71516,291,3,30.01
22182,72002,89,1,2273.66
22183,85929,275,4,107.44
22184,20648,785,1,117.09
22185,78045,671,1,49.76
22186,99443,462,2,321.21
22187,53692,19,2,1121.09
22188,86830,470,1,543.54
22189,26692,553,1,70.14
22190,82830,362,2,129.66
22191,82960,74,1,2015.09
22192,56766,637,1,92.71
22193,67500,34,1,2576.39
22194,83665,606,1,61.43
22195,88062,511,2,304.85
22196,1665,676,3,195.28
22197,91741,553,1,70.14
22198,29108,534,1,70.5
22199,75046,780,2,254.38
22200,83350,126,1,1112.26
22201,69710,21,1,1481.54
22202,11919,240,1,61.03
22203,65803,334,1,50.93
22204,68056,81,1,2179.45
22205,96462,611,1,20.37
22206,67137,5,2,644.02
22207,56981,773,1,99.41
22208,70367,378,1,57.89
22209,31252,110,2,456.84
22210,42330,192,1,2315.69
22211,7815,620,1,92.65
22212,2167,326,1,148.27
22213,69412,638,1,57.93
22214,21959,169,1,336.57
22215,38565,477,1,96.07
22216,90946,364,4,112.89
22217,5076,510,1,359.27
22218,44615,76,2,1764.12
22219,32624,369,1,63.75
22220,81844,449,1,211.58
22221,49247,157,1,1620.62
22222,33601,470,1,543.54
22223,98156,147,1,1476.49
22224,66491,299,1,125.98
22225,92200,819,1,67.91
22226,56025,140,1,2736.66
22227,80813,335,1,35.02
22228,73981,528,1,45.58
22229,81283,215,1,1720.21
22230,18202,599,1,38.98
22231,77118,486,1,475.47
22232,20974,338,1,141.2
22233,1085,798,1,227.6
22234,7871,190,1,798.17
22235,6315,815,2,360.06
22236,26831,366,2,89.01
22237,26083,511,1,304.85
22238,60775,675,1,77.03
22239,34467,777,2,130.57
22240,11109,587,1,26.35
22241,38003,415,1,313.17
22242,19051,293,1,168.08
22243,48939,224,1,86.46
22244,3712,671,1,49.76
22245,81734,512,1,226.59
22246,37384,647,1,101.3
22247,83437,419,1,332.33
22248,31562,782,1,220.16
22249,3142,612,2,99.88
22250,39574,281,1,187.62
22251,60609,118,2,702.86
22252,9400,442,1,585.83
22253,26117,220,1,2128.96
22254,32210,662,3,198.38
22255,72896,173,2,1273.32
22256,61120,382,4,344.3
22257,45930,771,1,93.15
22258,64323,232,1,106.09
22259,92519,172,1,220.1
22260,78429,108,1,1836.25
22261,29332,627,1,61.59
22262,41703,55,1,1450.93
22263,39810,57,1,488.73
22264,9793,658,1,71.4
22265,49099,711,2,128.83
22266,3879,501,1,345.02
22267,50775,279,1,140.86
22268,47732,182,1,551.45
22269,87806,448,1,374.32
22270,27935,514,1,446.84
22271,41827,633,1,89.89
22272,9739,105,1,2361.4
22273,23260,335,1,35.02
22274,84170,178,1,1039.95
22275,29563,1,2,1018.58
22276,20151,705,3,32.06
22277,53103,625,1,77.06
22278,92517,418,1,195.16
22279,13722,34,1,2576.39
22280,90306,472,1,553.66
22281,99152,732,1,139.82
22282,27255,816,3,212.43
22283,50379,157,3,1620.62
22284,40696,235,1,63.67
22285,98545,385,1,364.27
22286,1589,517,1,211.65
22287,23249,494,1,148.01
22288,1320,434,1,110.92
22289,75923,763,3,135.61
22290,10769,796,1,361.44
22291,27335,797,4,404.47
22292,91052,598,1,37.17
22293,62518,710,1,114.92
22294,58833,701,1,92.7
22295,85136,312,1,43.29
22296,33952,422,1,395.38
22297,14077,75,1,1706.59
22298,42222,648,3,114.52
22299,62763,125,1,775.3
22300,24452,667,1,58.31
22301,55916,266,1,148.88
22302,58565,626,1,53.36
22303,10902,550,1,95.95
22304,41318,469,1,160.55
22305,78911,296,2,109.15
22306,95509,569,1,118.44
22307,57456,308,2,80.43
22308,52442,547,2,31.12
22309,7151,584,1,50.02
22310,51570,622,1,40.46
22311,81692,178,2,1039.95
22312,14066,229,2,188.3
22313,58583,131,2,1094.67
22314,4192,98,1,1113.05
22315,20285,708,1,138.81
22316,52932,697,1,62.96
22317,86087,248,1,220.15
22318,30750,431,1,130.19
22319,32056,545,1,77.05
22320,35336,797,1,404.47
22321,74509,199,1,2273.14
22322,92417,155,1,2869.59
22323,89279,528,1,45.58
22324,71080,846,1,180.75
22325,63648,575,1,110.2
22326,25380,822,2,25.42
22327,11878,610,1,85.31
22328,34460,436,1,346.44
22329,38415,168,1,702.77
22330,59838,566,2,74.04
22331,13031,286,3,31.89
22332,11922,76,1,1764.12
22333,60686,746,2,379.49
22334,23597,690,2,51.49
22335,4492,510,3,359.27
22336,16397,143,1,1244.23
22337,74176,401,1,111.92
22338,40005,274,2,195.72
22339,1432,583,2,64.38
22340,98210,498,1,98.36
22341,17267,264,1,108.54
22342,92131,342,1,101.64
22343,51708,162,2,1527.43
22344,49080,66,1,1334.73
22345,60503,382,1,344.3
22346,8547,483,1,240.01
22347,90443,44,1,2369.39
22348,55778,150,1,857.31
22349,18494,495,1,243.47
22350,5036,260,1,47.28
22351,6883,603,4,37.61
22352,26905,608,1,52.97
22353,66374,562,2,40.76
22354,32583,156,2,798.5
22355,80397,357,1,28.52
22356,66901,242,1,213.16
22357,13393,506,2,138.24
22358,8465,455,3,115.87
22359,8144,215,1,1720.21
22360,61468,448,2,374.32
22361,48422,523,4,136.72
22362,14573,797,1,404.47
22363,35208,551,1,67.02
22364,23271,139,1,999.63
22365,1441,609,1,65.41
22366,95452,67,1,612.82
22367,7251,323,2,132.78
22368,81842,164,1,1320.66
22369,19877,764,1,295.63
22370,90111,712,2,101.6
22371,32348,321,1,113.48
22372,2912,596,1,62.64
22373,37602,591,3,33.88
22374,46787,360,1,117.81
22375,45321,40,2,1136.17
22376,5257,473,1,75.58
22377,10755,132,1,765.52
22378,17916,454,1,480.12
22379,65554,448,3,374.32
22380,30473,756,1,318.76
22381,43174,412,1,525.95
22382,2042,760,2,316.13
22383,68199,353,1,132.5
22384,46895,521,1,74.48
22385,23015,171,1,1633.75
22386,74515,52,1,1892.01
22387,43382,13,1,2070.93
22388,9721,131,1,1094.67
22389,35991,680,1,151.72
22390,52534,676,2,195.28
22391,33319,170,1,1435.76
22392,68696,172,2,220.1
22393,35985,133,3,566.35
22394,65182,447,1,584.32
22395,55147,436,4,346.44
22396,20745,12,1,2721.53
22397,10806,624,2,63.62
22398,32902,850,3,237.95
22399,99898,712,1,101.6
22400,78355,738,1,140.26
22401,59346,282,1,82.43
22402,10079,267,2,139.87
22403,74342,620,1,92.65
22404,44808,86,1,934.14
22405,57660,632,2,159.73
22406,28324,703,1,68.35
22407,83837,505,1,338.31
22408,69721,547,1,31.12
22409,54775,372,1,52.26
22410,93661,335,1,35.02
22411,31999,495,1,243.47
22412,8743,342,3,101.64
22413,18835,195,1,957.51
22414,98817,312,2,43.29
22415,70018,587,1,26.35
22416,63204,828,1,161.68
22417,3621,712,1,101.6
22418,85299,642,2,66.69
22419,55951,685,1,170.52
22420,70222,309,1,161.23
22421,94222,23,1,879.34
22422,1469,696,1,103.81
22423,18646,377,1,431.36
22424,88424,777,3,130.57
22425,86231,850,1,237.95
22426,12070,349,1,87.41
22427,40656,360,1,117.81
22428,53780,371,1,110.74
22429,85642,326,1,148.27
22430,72381,640,2,73.07
22431,7103,742,1,149.39
22432,1302,530,1,110.63
22433,35773,81,1,2179.45
22434,18758,566,1,74.04
22435,6581,360,1,117.81
22436,92132,698,2,99.51
22437,35576,720,1,123.41
22438,61644,196,1,974.84
22439,92839,743,1,297.24
22440,29138,208,1,1599.96
22441,75048,22,1,609.78
22442,66858,197,1,1756.06
22443,91044,747,2,171.96
22444,52703,843,1,116.02
22445,5379,356,1,129.5
22446,10005,183,1,2443.07
22447,98047,629,2,19.84
22448,89268,138,1,1696.84
22449,80820,236,1,145.03
22450,36777,145,1,867.39
22451,2081,811,2,465.41
22452,23260,484,4,311.22
22453,5846,318,1,60.45
22454,39728,333,1,23.12
22455,64017,616,1,122.24
22456,41660,728,4,135.75
22457,20344,170,3,1435.76
22458,25263,492,1,307.86
22459,64839,40,2,1136.17
22460,63973,105,2,2361.4
22461,26673,99,1,268.9
22462,16796,593,3,38.05
22463,88907,844,2,432.51
22464,86916,735,2,70.91
22465,72092,271,1,164.71
22466,94124,194,2,1529.24
22467,79812,326,1,148.27
22468,43587,372,1,52.26
22469,29468,219,1,1567.32
22470,13631,164,1,1320.66
22471,75897,470,1,543.54
22472,42755,341,1,104.39
22473,17035,497,1,291.81
22474,42072,636,1,81.59
22475,70661,781,2,274.7
22476,56365,804,2,241.93
22477,31071,319,1,57.84
22478,76726,348,2,34.82
22479,54684,795,1,42.45
22480,38005,355,1,41.47
22481,49705,654,2,126.06
22482,28011,220,1,2128.96
22483,60807,301,1,36.64
22484,12453,252,3,88.87
22485,40741,273,3,180.43
22486,23161,648,1,114.52
22487,11036,715,1,69.75
22488,6299,778,2,286.32
22489,94377,69,1,449.82
22490,51543,493,1,178.11
22491,3030,211,1,1347.08
22492,69809,764,1,295.63
22493,21968,329,1,93.74
22494,20839,392,1,224.55
22495,78820,408,1,42.37
22496,50485,70,1,2884.14
22497,77700,503,1,188.72
22498,60787,831,2,129.32
22499,50107,577,1,34.72
22500,26938,700,2,85.88
22501,31182,6,1,643.98
22502,90234,463,1,370.25
22503,1578,505,1,338.31
22504,21714,99,1,268.9
22505,47726,358,2,119.54
22506,35093,526,1,62.16
22507,4848,664,2,57.36
22508,88370,108,1,1836.25
22509,96507,47,2,911.63
22510,99671,94,1,1373.01
22511,84548,302,1,110.6
22512,78660,496,3,203.6
22513,10171,649,2,134.51
22514,29556,339,1,101.75
22515,60546,248,1,220.15
22516,36588,46,1,1597.63
22517,84096,128,1,2170.64
22518,70910,444,4,209.61
22519,26066,103,1,916.04
22520,49218,675,1,77.03
22521,63858,135,1,2540.95
22522,15787,719,1,42.9
22523,40791,727,2,45.19
22524,59861,393,1,210.09
22525,88458,528,1,45.58
22526,35102,320,1,71.03
22527,7113,437,1,95.45
22528,7143,437,2,95.45
22529,94450,262,1,238.23
22530,86264,826,1,394.47
22531,43293,400,2,374.97
22532,74671,416,1,237.73
22533,65100,237,1,74.92
22534,9059,312,1,43.29
22535,71962,217,1,934.5
22536,31612,250,1,176.33
22537,79553,438,1,415.7
22538,9331,119,1,2295.88
22539,75338,370,2,41.18
22540,39129,626,1,53.36
22541,64071,251,1,76.69
22542,65626,633,1,89.89
22543,7025,695,2,41.43
22544,75604,324,1,74.81
22545,23652,273,1,180.43
22546,78601,531,1,101.94
22547,89367,604,2,28.08
22548,7745,523,3,136.72
22549,51969,598,1,37.17
22550,76992,14,2,748.83
22551,5896,771,1,93.15
22552,30256,347,1,128.17
22553,69929,19,1,1121.09
22554,7276,485,1,292.09
22555,13292,780,1,254.38
22556,10542,328,1,124.01
22557,78520,178,1,1039.95
22558,85809,251,1,76.69
22559,45192,33,4,421.17
22560,27009,574,1,77.48
22561,52277,6,1,643.98
22562,40943,257,1,204.86
22563,99775,803,2,231.37
22564,58443,488,1,179.28
22565,2115,23,1,879.34
22566,11143,362,2,129.66
22567,47626,42,1,1240.21
22568,59254,304,1,128.59
22569,61107,314,1,217.82
22570,97740,482,1,343.8
22571,65722,579,1,64.34
22572,55836,504,2,410.46
22573,45250,132,3,765.52
22574,80321,405,1,192.25
22575,81668,326,1,148.27
22576,73348,227,1,224.15
22577,4756,504,1,410.46
22578,65748,488,2,179.28
22579,35883,625,1,77.06
22580,94680,96,5,1237.53
22581,56680,552,1,108.39
22582,46926,709,1,59.25
22583,28671,774,1,175.76
22584,82165,507,1,484.32
22585,53014,242,1,213.16
22586,21555,728,1,135.75
22587,73781,834,1,115.52
22588,39264,80,2,557.08
22589,83052,152,1,794.45
22590,32629,241,1,206.75
22591,28808,407,3,216.15
22592,76729,122,1,2310.87
22593,75740,651,1,36.69
22594,55580,630,1,43.94
22595,26864,212,1,1668.95
22596,87565,798,1,227.6
22597,31499,335,1,35.02
22598,79673,329,2,93.74
22599,9889,685,2,170.52
22600,9298,312,1,43.29
22601,76491,745,1,131.36
22602,73235,790,1,418.19
22603,51021,809,1,191.41
22604,33154,116,1,2211.09
22605,14518,454,1,480.12
22606,69022,42,1,1240.21
22607,48411,470,2,543.54
22608,70932,729,2,53.27
22609,66595,783,1,136.46
22610,47524,769,1,160.34
22611,50298,696,1,103.81
22612,24075,571,1,66.42
22613,51516,28,2,1277.56
22614,45323,137,3,1286.59
22615,6293,129,1,147.78
22616,91596,476,3,603.44
22617,73264,77,1,1880.83
22618,81584,729,1,53.27
22619,96893,287,1,100.46
22620,4004,539,1,60.5
22621,76554,796,1,361.44
22622,78155,711,1,128.83
22623,25954,255,2,59.87
22624,51970,287,1,100.46
22625,67062,42,2,1240.21
22626,20025,589,1,32.73
22627,90014,798,2,227.6
22628,52921,144,1,893.7
22629,89478,395,1,199.29
22630,98302,307,1,108.22
22631,38990,306,3,226.09
22632,53858,614,1,27.16
22633,75573,522,1,54.38
22634,27793,627,1,61.59
22635,32495,124,1,543.3
22636,71736,491,1,240.43
22637,63611,529,3,23.4
22638,94719,325,1,213.64
22639,34380,512,1,226.59
22640,6434,344,2,95.79
22641,13793,569,1,118.44
22642,41736,280,1,161.38
22643,69258,138,1,1696.84
22644,93949,561,1,86.98
22645,6468,737,1,74.87
22646,38994,125,1,775.3
22647,78876,590,1,35.21
22648,39421,222,1,116.61
22649,8360,439,1,349.13
22650,13012,472,2,553.66
22651,65943,240,1,61.03
22652,12935,690,2,51.49
22653,7650,252,1,88.87
22654,21593,668,1,48.09
22655,95763,211,1,1347.08
22656,36845,344,1,95.79
22657,37940,268,1,140.96
22658,82532,588,1,32.82
22659,13482,248,1,220.15
22660,7784,371,1,110.74
22661,3787,208,1,1599.96
22662,75477,621,2,38.29
22663,15371,842,1,262.8
22664,62773,61,1,1043.37
22665,49756,283,1,87.55
22666,97482,162,1,1527.43
22667,85605,34,1,2576.39
22668,95614,822,1,25.42
22669,30842,308,2,80.43
22670,35388,188,1,1360.41
22671,99916,492,1,307.86
22672,90827,488,1,179.28
22673,70866,840,3,251.11
22674,72075,641,1,20.23
22675,49142,77,3,1880.83
22676,40055,305,1,145.78
22677,15220,63,1,2058.51
22678,88206,486,5,475.47
22679,18493,660,3,98.01
22680,99645,718,1,185.18
22681,89083,763,1,135.61
22682,52740,801,5,280.08
22683,21157,263,1,55.16
22684,4458,259,3,116.9
22685,31763,207,2,522.28
22686,16425,488,2,179.28
22687,57086,372,1,52.26
22688,19673,332,1,152.61
22689,29021,216,1,790.68
22690,38167,341,1,104.39
22691,37190,352,1,177.33
22692,5178,235,1,63.67
22693,85442,85,4,910.42
22694,76954,160,2,1762.02
22695,7822,15,2,694.06
22696,44035,542,1,75.76
22697,34420,459,1,85.05
22698,54248,4,4,1452.58
22699,98189,236,1,145.03
22700,65554,101,1,297.32
22701,65621,849,2,207.15
22702,38101,483,3,240.01
22703,33278,686,2,96.04
22704,61332,457,3,43.15
22705,55746,441,1,102.35
22706,55346,824,1,176.02
22707,11038,16,1,697
22708,66215,95,1,1879.95
22709,37937,447,1,584.32
22710,67941,598,2,37.17
22711,20688,551,2,67.02
22712,5986,468,2,448.77
22713,53166,420,1,373.76
22714,11010,434,1,110.92
22715,87085,349,1,87.41
22716,91412,176,1,679.98
22717,86269,484,2,311.22
22718,78378,621,1,38.29
22719,71148,13,2,2070.93
22720,56561,3,1,1772.05
22721,61315,214,1,769.16
22722,11447,78,1,448.34
22723,73194,472,1,553.66
22724,33149,11,1,243.48
22725,70594,506,1,138.24
22726,70703,82,4,1507.07
22727,27626,598,2,37.17
22728,59288,153,1,621.19
22729,73470,694,1,57.93
22730,84747,501,3,345.02
22731,92433,308,1,80.43
22732,76268,727,2,45.19
22733,62516,744,1,207.32
22734,91873,413,1,526.63
22735,93094,751,1,95.53
22736,68380,279,1,140.86
22737,64331,146,1,320.86
22738,66697,498,1,98.36
22739,39280,116,1,2211.09
22740,11920,657,1,62.42
22741,76587,165,1,493.52
22742,88900,363,1,99.37
22743,17182,110,1,456.84
22744,77399,145,1,867.39
22745,17473,708,1,138.81
22746,31376,381,1,119.17
22747,26171,297,1,155.34
22748,48618,138,1,1696.84
22749,47709,850,1,237.95
22750,64141,507,1,484.32
22751,22231,192,3,2315.69
22752,54908,649,1,134.51
22753,46862,158,1,1853.29
22754,33532,639,3,60.83
22755,46266,625,1,77.06
22756,16688,168,1,702.77
22757,80338,787,1,233.8
22758,21803,390,2,406.02
22759,7618,1,1,1018.58
22760,36840,483,1,240.01
22761,86142,572,1,97.56
22762,72853,750,4,248.2
22763,13480,3,1,1772.05
22764,37339,164,3,1320.66
22765,6051,14,1,748.83
22766,6996,351,1,106.17
22767,24699,441,2,102.35
22768,14787,130,1,1270.67
22769,99230,103,2,916.04
22770,23400,768,1,364.34
22771,33104,323,1,132.78
22772,97694,158,1,1853.29
22773,66771,771,1,93.15
22774,66223,373,2,107.49
22775,17867,162,2,1527.43
22776,88402,725,1,98.54
22777,77510,505,1,338.31
22778,13509,612,1,99.88
22779,83203,597,1,82.6
22780,96321,64,1,987.78
22781,42766,228,1,89.98
22782,75902,555,1,112.86
22783,62060,689,2,130.61
22784,31894,637,1,92.71
22785,93634,105,2,2361.4
22786,44868,537,1,107.95
22787,96197,832,2,191.89
22788,53981,660,1,98.01
22789,38291,654,1,126.06
22790,34713,375,2,94.51
22791,73788,278,3,130.88
22792,49047,77,1,1880.83
22793,24648,804,1,241.93
22794,17549,614,2,27.16
22795,34388,216,1,790.68
22796,59077,40,1,1136.17
22797,84509,118,1,702.86
22798,6631,719,1,42.9
22799,30968,201,1,1549.7
22800,91761,203,2,655.23
22801,93294,17,2,899.25
22802,72950,781,1,274.7
22803,64299,846,1,180.75
22804,85505,388,1,144.01
22805,80520,17,5,899.25
22806,67711,64,1,987.78
22807,32300,479,2,552.74
22808,91631,661,1,70.59
22809,33624,485,1,292.09
22810,10791,836,3,182
22811,28118,362,1,129.66
22812,20805,128,1,2170.64
22813,85285,837,1,390.61
22814,51437,755,1,103.54
22815,8547,497,2,291.81
22816,13108,524,1,106.66
22817,44925,416,3,237.73
22818,71456,257,4,204.86
22819,86489,195,1,957.51
22820,94598,355,1,41.47
22821,61508,355,3,41.47
22822,31382,6,1,643.98
22823,33325,276,1,105.92
22824,34818,499,1,561.17
22825,80450,829,1,292.82
22826,36989,231,1,161.14
22827,97288,530,2,110.63
22828,81641,290,1,120.4
22829,43054,455,1,115.87
22830,36080,181,1,960.96
22831,72570,492,1,307.86
22832,76631,318,1,60.45
22833,91210,181,1,960.96
22834,83780,751,1,95.53
22835,82856,16,1,697
22836,34771,804,1,241.93
22837,93423,16,1,697
22838,90385,770,1,332.54
22839,55036,304,3,128.59
22840,55002,703,1,68.35
22841,67120,850,1,237.95
22842,28312,222,1,116.61
22843,56269,504,1,410.46
22844,85186,436,1,346.44
22845,83424,467,1,180.84
22846,70390,155,1,2869.59
22847,81302,277,3,161.99
22848,57382,422,1,395.38
22849,61192,717,1,143.37
22850,22645,157,1,1620.62
22851,72769,307,2,108.22
22852,84142,826,1,394.47
22853,93391,688,1,62.01
22854,58528,175,1,1556.96
22855,63843,770,1,332.54
22856,2263,464,2,291.69
22857,43583,580,3,44.39
22858,56856,12,1,2721.53
22859,45949,73,1,133.34
22860,64491,787,2,233.8
22861,85343,552,1,108.39
22862,8429,732,3,139.82
22863,83185,408,2,42.37
22864,51209,712,1,101.6
22865,1834,338,3,141.2
22866,86417,189,1,1308.31
22867,83174,827,1,161.51
22868,29569,551,1,67.02
22869,35744,468,1,448.77
22870,86978,665,1,39.3
22871,89625,301,1,36.64
22872,71972,189,4,1308.31
22873,74770,145,1,867.39
22874,65934,134,1,955.11
22875,23563,367,1,217.01
22876,58093,154,1,1229.13
22877,99518,235,2,63.67
22878,45517,485,3,292.09
22879,44286,392,3,224.55
22880,85884,772,1,346.25
22881,31429,518,1,408.38
22882,32334,192,1,2315.69
22883,94684,352,1,177.33
22884,14422,330,3,70.71
22885,97851,93,1,1850.93
22886,84068,828,1,161.68
22887,74725,225,4,72.93
22888,19020,266,1,148.88
22889,84182,837,1,390.61
22890,29039,563,4,33.62
22891,15131,293,2,168.08
22892,62392,695,2,41.43
22893,83639,837,1,390.61
22894,83683,257,1,204.86
22895,24809,217,1,934.5
22896,41138,437,1,95.45
22897,37023,711,2,128.83
22898,9402,4,1,1452.58
22899,67838,691,3,66.88
22900,80705,206,1,167.72
22901,47011,621,1,38.29
22902,15811,532,2,157.74
22903,84222,273,1,180.43
22904,48004,828,2,161.68
22905,76891,709,1,59.25
22906,82872,415,1,313.17
22907,79107,745,1,131.36
22908,83853,308,1,80.43
22909,76885,83,1,943.76
22910,27041,582,1,141.03
22911,64363,619,3,100.91
22912,39153,54,1,2305.48
22913,83457,679,1,187.47
22914,71486,424,1,255.29
22915,18672,696,1,103.81
22916,3487,542,1,75.76
22917,39538,651,1,36.69
22918,27680,425,3,85.89
22919,90741,171,2,1633.75
22920,61687,40,2,1136.17
22921,42802,56,1,2429.03
22922,43624,735,1,70.91
22923,45124,843,1,116.02
22924,31876,476,2,603.44
22925,32853,388,1,144.01
22926,98106,766,1,229.2
22927,9208,279,1,140.86
22928,99824,95,1,1879.95
22929,6898,145,3,867.39
22930,93315,150,1,857.31
22931,84842,570,5,51.63
22932,20864,420,2,373.76
22933,51666,503,1,188.72
22934,56861,196,1,974.84
22935,85143,118,1,702.86
22936,29192,443,1,210.88
22937,54375,730,2,48.49
22938,31857,766,1,229.2
22939,93423,630,2,43.94
22940,12671,512,2,226.59
22941,92147,716,1,170.57
22942,31840,560,1,77.29
22943,59414,456,1,254.58
22944,93013,305,1,145.78
22945,57595,207,2,522.28
22946,41318,441,3,102.35
22947,8679,87,1,1765.71
22948,63406,777,1,130.57
22949,95910,485,1,292.09
22950,56936,587,1,26.35
22951,60464,768,1,364.34
22952,6475,780,1,254.38
22953,44554,266,1,148.88
22954,40943,753,1,249.45
22955,11364,487,1,77.32
22956,82714,566,2,74.04
22957,33748,537,2,107.95
22958,23311,298,2,66.54
22959,44974,747,1,171.96
22960,71236,104,1,1266.38
22961,91741,77,2,1880.83
22962,37540,742,1,149.39
22963,23604,313,1,28.06
22964,38429,704,1,44.41
22965,56895,50,1,699.69
22966,74964,499,2,561.17
22967,3714,479,2,552.74
22968,69940,317,1,92.22
22969,13177,318,1,60.45
22970,59646,839,1,232.84
22971,39542,270,1,76.57
22972,19579,670,3,62.57
22973,98343,572,4,97.56
22974,53248,524,1,106.66
22975,44892,70,1,2884.14
22976,47803,337,1,177.03
22977,82338,10,1,1709.69
22978,9432,278,1,130.88
22979,95442,45,1,825.27
22980,75098,577,1,34.72
22981,65299,419,1,332.33
22982,31778,222,2,116.61
22983,48727,474,1,466.85
22984,92113,804,4,241.93
22985,16042,707,1,66.73
22986,81733,223,2,46.56
22987,53600,185,2,823.93
22988,2385,84,1,416.48
22989,40491,118,1,702.86
22990,47674,317,1,92.22
22991,68765,514,4,446.84
22992,54826,537,1,107.95
22993,24367,487,1,77.32
22994,72394,167,1,926.76
22995,67277,276,2,105.92
22996,78200,734,1,91.41
22997,97562,294,1,85.44
22998,12909,769,1,160.34
22999,79590,193,1,2329.58
23000,46884,531,1,101.94
23001,59168,770,2,332.54
23002,34709,10,1,1709.69
23003,99842,392,2,224.55
23004,47194,120,1,1327.9
23005,61241,70,2,2884.14
23006,77503,850,1,237.95
23007,2686,532,1,157.74
23008,99058,764,1,295.63
23009,65620,759,3,375.56
23010,27556,665,1,39.3
23011,75473,117,1,1977.83
23012,3795,70,1,2884.14
23013,89901,673,2,35.45
23014,97918,570,1,51.63
23015,58168,109,1,776.74
23016,38992,726,2,145.95
23017,65924,714,1,77.2
23018,94101,461,1,118.87
23019,88640,58,1,720
23020,88889,843,2,116.02
23021,19881,291,1,30.01
23022,79107,342,1,101.64
23023,93674,509,1,525.62
23024,84287,810,1,94.15
23025,57065,323,1,132.78
23026,69449,826,2,394.47
23027,19900,697,1,62.96
23028,56179,205,3,1469.58
23029,52707,125,1,775.3
23030,4116,285,1,118.28
23031,79988,51,1,2718.95
23032,18454,61,2,1043.37
23033,57522,5,1,644.02
23034,88513,338,1,141.2
23035,52215,244,1,86.8
23036,86096,475,1,268.5
23037,52777,465,1,542.03
23038,96958,843,2,116.02
23039,63215,773,1,99.41
23040,50284,131,2,1094.67
23041,72932,176,2,679.98
23042,60225,103,4,916.04
23043,57984,191,1,500.92
23044,36515,191,2,500.92
23045,79625,553,1,70.14
23046,2722,845,1,106.71
23047,98358,386,2,403.91
23048,78002,189,5,1308.31
23049,3473,3,2,1772.05
23050,66237,365,3,207.2
23051,55460,96,1,1237.53
23052,18405,339,2,101.75
23053,73331,201,1,1549.7
23054,32812,658,2,71.4
23055,56549,806,4,292.37
23056,89842,262,1,238.23
23057,58011,141,2,2665.48
23058,42991,143,2,1244.23
23059,43567,489,1,526.38
23060,40152,511,1,304.85
23061,42276,396,2,503.93
23062,26948,330,1,70.71
23063,14799,26,1,1921.56
23064,55338,367,2,217.01
23065,1896,646,1,158.39
23066,36760,368,1,192.86
23067,41514,232,1,106.09
23068,96413,309,3,161.23
23069,11404,403,1,259.54
23070,63080,381,1,119.17
23071,97752,598,1,37.17
23072,62764,237,1,74.92
23073,66053,324,1,74.81
23074,7569,222,2,116.61
23075,83780,93,1,1850.93
23076,85129,628,1,92.54
23077,59068,842,1,262.8
23078,98955,674,1,91.61
23079,18919,333,1,23.12
23080,61732,164,2,1320.66
23081,15736,121,1,1989.62
23082,35222,792,1,234.78
23083,77368,524,3,106.66
23084,12177,73,1,133.34
23085,64069,80,4,557.08
23086,65561,454,1,480.12
23087,47229,113,1,2468.65
23088,83285,61,1,1043.37
23089,49522,247,2,94.97
23090,57069,56,1,2429.03
23091,31003,51,1,2718.95
23092,4884,633,1,89.89
23093,14431,22,1,609.78
23094,39488,621,1,38.29
23095,78737,201,1,1549.7
23096,17895,708,2,138.81
23097,38337,169,2,336.57
23098,19623,395,1,199.29
23099,82899,464,1,291.69
23100,38745,785,2,117.09
23101,81540,217,1,934.5
23102,34072,509,1,525.62
23103,15858,812,1,342.03
23104,69551,587,1,26.35
23105,12885,313,1,28.06
23106,1128,729,1,53.27
23107,31845,714,1,77.2
23108,42979,720,1,123.41
23109,96184,12,1,2721.53
23110,47895,764,1,295.63
23111,29386,662,1,198.38
23112,88426,223,1,46.56
23113,95826,688,2,62.01
23114,83323,630,3,43.94
23115,51539,65,1,861.03
23116,40597,272,1,164.9
23117,3000,33,1,421.17
23118,94247,442,1,585.83
23119,95249,686,5,96.04
23120,31135,478,2,279.21
23121,10443,630,3,43.94
23122,98487,753,2,249.45
23123,84078,580,2,44.39
23124,14717,74,1,2015.09
23125,31724,278,1,130.88
23126,30741,699,1,47.24
23127,94137,34,1,2576.39
23128,27986,389,1,372.78
23129,60720,25,1,1165.72
23130,78710,463,1,370.25
23131,23396,342,1,101.64
23132,86891,347,1,128.17
23133,9498,84,1,416.48
23134,75439,55,1,1450.93
23135,72886,793,1,208.32
23136,33281,845,1,106.71
23137,56899,579,1,64.34
23138,67301,366,1,89.01
23139,19823,193,1,2329.58
23140,91836,663,2,103.09
23141,61542,138,2,1696.84
23142,76644,6,1,643.98
23143,55932,459,1,85.05
23144,33908,473,1,75.58
23145,44321,752,1,411.24
23146,15777,348,1,34.82
23147,57485,689,1,130.61
23148,23018,526,2,62.16
23149,5999,382,2,344.3
23150,90804,501,1,345.02
23151,61747,599,1,38.98
23152,12637,635,1,40.19
23153,99182,599,1,38.98
23154,20917,828,1,161.68
23155,77477,688,1,62.01
23156,30170,676,2,195.28
23157,74647,244,1,86.8
23158,68583,456,1,254.58
23159,10991,640,1,73.07
23160,72578,187,2,2020.76
23161,37049,275,1,107.44
23162,24826,709,2,59.25
23163,20396,391,1,595.91
23164,1859,850,1,237.95
23165,20864,8,1,2190.96
23166,37639,121,1,1989.62
23167,29400,122,2,2310.87
23168,33875,771,1,93.15
23169,9370,333,1,23.12
23170,94884,833,1,104.08
23171,30678,213,2,1572.75
23172,12331,659,1,109.2
23173,1913,198,1,2315.24
23174,51536,48,1,1289.14
23175,28523,754,2,158.39
23176,35023,13,2,2070.93
23177,63747,304,1,128.59
23178,91922,679,1,187.47
23179,3135,700,1,85.88
23180,22087,238,1,27.65
23181,12689,308,3,80.43
23182,59541,188,2,1360.41
23183,97937,436,1,346.44
23184,44434,120,1,1327.9
23185,1610,358,1,119.54
23186,85459,485,1,292.09
23187,84369,246,1,201.57
23188,29984,268,2,140.96
23189,6339,314,1,217.82
23190,68304,613,1,78.12
23191,66069,229,1,188.3
23192,9634,704,2,44.41
23193,63771,68,1,1973.25
23194,67532,220,5,2128.96
23195,68373,793,1,208.32
23196,90573,296,1,109.15
23197,22873,582,1,141.03
23198,12164,290,2,120.4
23199,50657,653,1,100.32
23200,82384,27,1,726.61
23201,70099,259,1,116.9
23202,58480,743,1,297.24
23203,73600,765,1,54.88
23204,6258,371,2,110.74
23205,22370,102,1,1536.79
23206,40353,746,1,379.49
23207,23084,540,1,32.85
23208,29894,521,1,74.48
23209,36772,624,1,63.62
23210,69743,590,1,35.21
23211,38516,412,1,525.95
23212,3937,633,1,89.89
23213,36808,726,1,145.95
23214,57731,247,1,94.97
23215,21958,822,1,25.42
23216,20288,224,1,86.46
23217,36486,237,1,74.92
23218,28149,453,2,228.77
23219,65779,796,1,361.44
23220,3871,753,3,249.45
23221,57020,72,3,724.9
23222,12535,458,1,245.35
23223,89890,704,1,44.41
23224,46758,9,1,1457.94
23225,75081,407,1,216.15
23226,79219,357,1,28.52
23227,65112,479,1,552.74
23228,51325,476,1,603.44
23229,3054,267,3,139.87
23230,97155,567,1,55.35
23231,73825,280,1,161.38
23232,38341,558,1,18.15
23233,29777,98,1,1113.05
23234,79355,773,1,99.41
23235,58872,224,1,86.46
23236,62447,247,1,94.97
23237,89641,719,2,42.9
23238,40038,659,1,109.2
23239,82158,726,2,145.95
23240,7455,289,2,75.66
23241,30053,460,1,119.48
23242,6879,151,1,2364.58
23243,64228,44,3,2369.39
23244,92316,663,1,103.09
23245,52808,346,2,124.74
23246,20783,385,1,364.27
23247,84017,480,1,266.64
23248,66237,425,3,85.89
23249,63348,579,1,64.34
23250,40904,748,1,220.43
23251,67414,244,1,86.8
23252,26365,589,1,32.73
23253,57698,148,1,1254.83
23254,93797,847,4,82.79
23255,35684,622,1,40.46
23256,62288,769,1,160.34
23257,52626,373,1,107.49
23258,55259,368,1,192.86
23259,51240,253,1,175.8
23260,17878,708,1,138.81
23261,46265,158,2,1853.29
23262,56141,43,2,310.32
23263,71912,88,1,1539.42
23264,68702,602,2,45.99
23265,53014,489,1,526.38
23266,57963,831,2,129.32
23267,31988,609,1,65.41
23268,25485,336,1,33.43
23269,33892,198,2,2315.24
23270,21083,771,3,93.15
23271,85945,630,2,43.94
23272,99015,755,1,103.54
23273,45704,421,2,396.57
23274,16032,89,1,2273.66
23275,83261,35,1,2688.65
23276,29066,37,5,899.87
23277,38547,442,1,585.83
23278,85636,591,1,33.88
23279,42665,112,1,654.43
23280,6574,502,1,271.9
23281,98028,441,2,102.35
23282,40708,369,1,63.75
23283,73327,796,1,361.44
23284,9285,414,4,287.44
23285,22137,163,1,1530.22
23286,4437,450,1,101.61
23287,15042,123,1,922.12
23288,74174,656,1,43.4
23289,31496,747,1,171.96
23290,18878,187,1,2020.76
23291,86172,804,2,241.93
23292,36608,35,1,2688.65
23293,58400,690,1,51.49
23294,97979,628,1,92.54
23295,58367,566,1,74.04
23296,43225,524,3,106.66
23297,29710,214,2,769.16
23298,14681,143,1,1244.23
23299,8547,310,1,73.64
23300,95041,564,1,14.35
23301,76905,128,1,2170.64
23302,53980,841,1,37.29
23303,53762,526,1,62.16
23304,80220,100,1,538.09
23305,65365,740,2,73.03
23306,2341,220,1,2128.96
23307,20777,844,1,432.51
23308,58313,707,4,66.73
23309,80103,527,1,57.31
23310,55174,523,1,136.72
23311,51094,77,1,1880.83
23312,80121,54,1,2305.48
23313,4420,236,1,145.03
23314,46900,209,1,128.3
23315,74045,467,1,180.84
23316,46960,392,1,224.55
23317,62251,662,1,198.38
23318,3995,339,1,101.75
23319,96753,554,1,71.05
23320,11737,312,1,43.29
23321,20240,608,1,52.97
23322,58324,48,1,1289.14
23323,95224,348,1,34.82
23324,25056,342,1,101.64
23325,57256,408,1,42.37
23326,19386,581,2,61.28
23327,89372,547,1,31.12
23328,83178,195,2,957.51
23329,47788,646,1,158.39
23330,38924,231,2,161.14
23331,23494,348,1,34.82
23332,63950,56,1,2429.03
23333,32172,138,1,1696.84
23334,17827,236,2,145.03
23335,42881,43,2,310.32
23336,67756,200,1,1905.88
23337,99671,696,2,103.81
23338,93891,392,1,224.55
23339,16163,566,1,74.04
23340,49125,643,2,54.43
23341,43079,624,2,63.62
23342,90397,60,1,934.39
23343,2619,786,2,385.84
23344,34907,829,2,292.82
23345,65999,83,1,943.76
23346,29660,284,1,46.63
23347,24617,342,1,101.64
23348,73735,362,1,129.66
23349,38034,165,1,493.52
23350,38182,633,3,89.89
23351,59143,798,1,227.6
23352,48123,444,1,209.61
23353,65389,324,2,74.81
23354,84990,662,1,198.38
23355,31005,657,1,62.42
23356,25401,573,1,55.72
23357,62549,543,1,42.06
23358,35351,230,1,127.46
23359,90031,848,1,495.21
23360,48850,273,1,180.43
23361,36900,549,1,67.03
23362,63086,97,1,1294.45
23363,59378,454,3,480.12
23364,71456,60,1,934.39
23365,62246,437,1,95.45
23366,93807,84,1,416.48
23367,56418,572,1,97.56
23368,97132,460,1,119.48
23369,34150,755,2,103.54
23370,70375,795,2,42.45
23371,28398,452,1,281.11
23372,85320,540,1,32.85
23373,2621,140,1,2736.66
23374,19531,518,2,408.38
23375,1565,822,1,25.42
23376,5687,639,1,60.83
23377,35698,412,1,525.95
23378,64698,576,3,129.84
23379,35698,781,1,274.7
23380,97915,79,3,990.72
23381,4606,589,1,32.73
23382,30079,217,1,934.5
23383,70970,71,1,1883.64
23384,33110,187,3,2020.76
23385,11143,568,1,59.32
23386,13012,212,1,1668.95
23387,29649,486,1,475.47
23388,44618,797,1,404.47
23389,36315,55,1,1450.93
23390,2345,606,3,61.43
23391,50734,144,1,893.7
23392,75134,834,1,115.52
23393,64349,565,1,51.83
23394,77980,388,1,144.01
23395,8346,215,1,1720.21
23396,6923,552,1,108.39
23397,45539,767,2,303.89
23398,93911,461,1,118.87
23399,33858,530,1,110.63
23400,51969,403,4,259.54
23401,83859,324,1,74.81
23402,64636,717,1,143.37
23403,64213,78,2,448.34
23404,84523,10,2,1709.69
23405,22639,222,4,116.61
23406,81954,232,1,106.09
23407,18659,482,1,343.8
23408,39728,461,1,118.87
23409,24634,152,1,794.45
23410,75294,33,2,421.17
23411,17172,677,1,40.98
23412,33854,199,2,2273.14
23413,33038,643,5,54.43
23414,33218,557,2,33.37
23415,1273,365,1,207.2
23416,88929,555,1,112.86
23417,14779,307,1,108.22
23418,99407,594,1,51.42
23419,45398,196,4,974.84
23420,81367,612,1,99.88
23421,95133,428,1,463.98
23422,57878,391,1,595.91
23423,71681,655,1,79.63
23424,14065,150,3,857.31
23425,99997,797,2,404.47
23426,74514,367,1,217.01
23427,12841,597,2,82.6
23428,19033,104,1,1266.38
23429,23494,731,1,48.57
23430,70603,844,2,432.51
23431,6076,260,1,47.28
23432,52265,359,1,206.65
23433,25564,582,1,141.03
23434,78717,281,1,187.62
23435,43710,244,1,86.8
23436,49822,724,2,125.26
23437,89338,390,1,406.02
23438,80641,541,1,131.23
23439,84482,158,1,1853.29
23440,27684,412,1,525.95
23441,40553,334,1,50.93
23442,17299,141,1,2665.48
23443,92042,378,1,57.89
23444,98463,347,2,128.17
23445,76905,172,1,220.1
23446,37426,481,2,312.06
23447,13090,599,1,38.98
23448,14295,143,4,1244.23
23449,34644,286,1,31.89
23450,34470,567,1,55.35
23451,98837,100,1,538.09
23452,76602,437,2,95.45
23453,95851,394,1,387.51
23454,64138,187,1,2020.76
23455,56683,419,2,332.33
23456,74823,717,3,143.37
23457,81463,448,1,374.32
23458,86798,164,1,1320.66
23459,94116,298,1,66.54
23460,54453,441,1,102.35
23461,12274,519,1,587.38
23462,3209,503,1,188.72
23463,39148,298,1,66.54
23464,53548,318,1,60.45
23465,24723,444,3,209.61
23466,33856,342,2,101.64
23467,69745,405,2,192.25
23468,76943,550,1,95.95
23469,68762,829,1,292.82
23470,90574,20,1,877.84
23471,40358,244,2,86.8
23472,47098,545,1,77.05
23473,11093,834,1,115.52
23474,57768,286,1,31.89
23475,34897,115,1,1529.93
23476,4988,370,1,41.18
23477,5793,695,1,41.43
23478,5401,458,1,245.35
23479,33032,581,2,61.28
23480,78360,175,1,1556.96
23481,99006,284,2,46.63
23482,53775,188,2,1360.41
23483,29562,484,1,311.22
23484,9392,729,1,53.27
23485,90135,472,3,553.66
23486,96321,32,1,672.62
23487,91099,77,1,1880.83
23488,90092,195,1,957.51
23489,66129,720,1,123.41
23490,99452,29,1,1439.04
23491,31724,344,1,95.79
23492,61560,352,1,177.33
23493,12636,179,1,2506.19
23494,20565,294,2,85.44
23495,26227,732,1,139.82
23496,57638,163,3,1530.22
23497,71016,292,1,32.35
23498,24264,346,2,124.74
23499,13472,692,1,78.86
23500,88642,552,3,108.39
23501,67278,40,1,1136.17
23502,60651,158,1,1853.29
23503,49200,268,1,140.96
23504,27596,575,1,110.2
23505,9021,533,2,152.22
23506,61957,518,2,408.38
23507,63678,477,2,96.07
23508,4241,259,2,116.9
23509,14164,189,2,1308.31
23510,80771,290,1,120.4
23511,20708,797,1,404.47
23512,92662,743,1,297.24
23513,87809,496,1,203.6
23514,51776,330,1,70.71
23515,17841,161,1,1006.83
23516,68298,457,2,43.15
23517,24245,11,2,243.48
23518,95995,246,1,201.57
23519,15010,741,1,194.97
23520,42114,802,1,107.98
23521,7871,508,1,416.15
23522,23616,354,1,58.86
23523,16223,718,1,185.18
23524,85277,578,1,123.63
23525,60885,40,1,1136.17
23526,24253,453,1,228.77
23527,4240,643,1,54.43
23528,98522,112,1,654.43
23529,3837,135,1,2540.95
23530,47693,191,2,500.92
23531,31145,577,2,34.72
23532,17433,842,4,262.8
23533,45686,162,2,1527.43
23534,23273,72,1,724.9
23535,43068,235,2,63.67
23536,2146,147,2,1476.49
23537,11959,170,1,1435.76
23538,30812,831,3,129.32
23539,32274,775,1,320.37
23540,94896,358,1,119.54
23541,14715,600,1,20.67
23542,68627,592,3,79.56
23543,56156,676,1,195.28
23544,20481,198,3,2315.24
23545,90635,517,2,211.65
23546,18826,82,1,1507.07
23547,37636,82,1,1507.07
23548,86260,591,1,33.88
23549,54655,270,3,76.57
23550,68733,501,1,345.02
23551,43977,329,1,93.74
23552,40473,271,1,164.71
23553,74903,501,1,345.02
23554,22268,612,1,99.88
23555,2337,304,1,128.59
23556,78808,418,2,195.16
23557,42963,258,1,139.68
23558,20003,226,1,70.24
23559,27116,289,1,75.66
23560,49837,685,1,170.52
23561,95534,223,1,46.56
23562,69721,626,1,53.36
23563,6908,469,1,160.55
23564,64304,787,2,233.8
23565,79966,509,1,525.62
23566,17703,289,1,75.66
23567,34373,403,1,259.54
23568,95756,628,1,92.54
23569,10015,193,1,2329.58
23570,66171,629,2,19.84
23571,83199,80,2,557.08
23572,7465,257,5,204.86
23573,28025,842,1,262.8
23574,11733,761,1,107.7
23575,17311,607,1,40.2
23576,4732,391,1,595.91
23577,79026,270,1,76.57
23578,84466,840,1,251.11
23579,68112,312,1,43.29
23580,53931,595,3,116.88
23581,35265,123,1,922.12
23582,29400,190,1,798.17
23583,73964,240,1,61.03
23584,3855,232,2,106.09
23585,69756,600,1,20.67
23586,64500,22,1,609.78
23587,1211,619,3,100.91
23588,85628,11,3,243.48
23589,31638,297,1,155.34
23590,59079,809,1,191.41
23591,86507,584,1,50.02
23592,93650,88,1,1539.42
23593,23849,349,1,87.41
23594,61429,315,1,171.61
23595,26111,767,1,303.89
23596,18295,292,1,32.35
23597,97401,447,1,584.32
23598,95067,697,2,62.96
23599,16611,62,3,845.49
23600,52624,80,1,557.08
23601,7710,75,1,1706.59
23602,3085,563,1,33.62
23603,77459,530,1,110.63
23604,80262,686,1,96.04
23605,41835,833,1,104.08
23606,24715,433,1,307
23607,47256,79,1,990.72
23608,42915,33,1,421.17
23609,65155,487,1,77.32
23610,43716,229,1,188.3
23611,27375,675,2,77.03
23612,53676,658,1,71.4
23613,19292,496,1,203.6
23614,70910,353,1,132.5
23615,84278,194,1,1529.24
23616,13237,68,1,1973.25
23617,33640,70,1,2884.14
23618,84763,76,2,1764.12
23619,23557,18,1,1298.49
23620,75636,303,1,112.09
23621,81818,128,2,2170.64
23622,38274,544,1,83.09
23623,25454,163,1,1530.22
23624,86872,470,1,543.54
23625,13321,413,2,526.63
23626,61393,768,1,364.34
23627,15689,700,1,85.88
23628,32980,44,1,2369.39
23629,64722,511,1,304.85
23630,85133,196,2,974.84
23631,45529,743,1,297.24
23632,70986,479,1,552.74
23633,17679,770,1,332.54
23634,5047,245,1,23.66
23635,73448,28,2,1277.56
23636,80215,115,1,1529.93
23637,29153,392,1,224.55
23638,22346,613,1,78.12
23639,80052,466,1,211.09
23640,64444,84,1,416.48
23641,10094,497,1,291.81
23642,19885,15,2,694.06
23643,4385,631,1,120.31
23644,79649,349,1,87.41
23645,16363,25,1,1165.72
23646,61574,364,1,112.89
23647,74632,443,1,210.88
23648,56053,756,1,318.76
23649,13615,637,2,92.71
23650,53215,786,1,385.84
23651,65595,475,2,268.5
23652,81862,139,1,999.63
23653,78438,685,1,170.52
23654,3079,216,3,790.68
23655,82045,212,4,1668.95
23656,49983,553,1,70.14
23657,55651,252,4,88.87
23658,74319,797,1,404.47
23659,7416,809,1,191.41
23660,98967,514,1,446.84
23661,42483,451,2,387.94
23662,88559,227,2,224.15
23663,5080,568,1,59.32
23664,76023,268,1,140.96
23665,88549,578,1,123.63
23666,20950,228,1,89.98
23667,9054,17,2,899.25
23668,94935,44,1,2369.39
23669,39356,778,1,286.32
23670,52238,395,1,199.29
23671,2899,696,2,103.81
23672,52642,808,1,399.03
23673,50847,58,1,720
23674,45228,470,1,543.54
23675,49290,747,1,171.96
23676,55293,264,1,108.54
23677,19026,160,1,1762.02
23678,70375,816,1,212.43
23679,15948,814,1,395.25
23680,20288,813,1,98.39
23681,5577,437,1,95.45
23682,30154,416,2,237.73
23683,27812,248,1,220.15
23684,33519,400,2,374.97
23685,61531,247,1,94.97
23686,99170,757,4,246.69
23687,24794,657,2,62.42
23688,40727,261,2,124.59
23689,36085,57,1,488.73
23690,55947,5,1,644.02
23691,24430,162,2,1527.43
23692,75091,176,1,679.98
23693,89461,803,4,231.37
23694,48852,451,1,387.94
23695,96050,137,1,1286.59
23696,80918,38,1,512.7
23697,44007,187,1,2020.76
23698,22596,422,1,395.38
23699,74459,783,1,136.46
23700,58742,394,1,387.51
23701,45113,339,1,101.75
23702,62597,727,1,45.19
23703,68237,27,1,726.61
23704,23073,54,2,2305.48
23705,62846,107,1,1082
23706,46986,756,2,318.76
23707,7995,561,1,86.98
23708,54421,188,1,1360.41
23709,34467,622,1,40.46
23710,49955,363,1,99.37
23711,85914,575,2,110.2
23712,52597,48,1,1289.14
23713,9716,271,2,164.71
23714,79653,169,1,336.57
23715,53596,389,3,372.78
23716,36486,320,4,71.03
23717,43420,458,1,245.35
23718,15859,610,1,85.31
23719,6210,121,4,1989.62
23720,71157,381,1,119.17
23721,57280,840,2,251.11
23722,30673,619,1,100.91
23723,31121,140,1,2736.66
23724,90758,130,2,1270.67
23725,80593,581,1,61.28
23726,43067,469,1,160.55
23727,12387,488,1,179.28
23728,72952,304,1,128.59
23729,90536,548,1,83.07
23730,57260,232,2,106.09
23731,38802,818,3,176.25
23732,45077,746,1,379.49
23733,61435,195,2,957.51
23734,84586,340,1,47.41
23735,34176,272,1,164.9
23736,6598,375,1,94.51
23737,75137,522,1,54.38
23738,96122,675,1,77.03
23739,36900,794,1,243.61
23740,41525,105,1,2361.4
23741,4974,386,1,403.91
23742,10516,281,1,187.62
23743,63986,754,4,158.39
23744,72661,383,1,311.85
23745,97655,778,2,286.32
23746,1132,266,1,148.88
23747,64831,673,1,35.45
23748,78491,452,1,281.11
23749,84463,802,1,107.98
23750,79492,473,1,75.58
23751,41261,3,1,1772.05
23752,6192,238,1,27.65
23753,30590,33,1,421.17
23754,71791,385,1,364.27
23755,17675,166,1,2080.6
23756,29526,426,1,277.42
23757,51369,278,2,130.88
23758,4361,690,1,51.49
23759,67675,93,1,1850.93
23760,5301,401,1,111.92
23761,83382,415,1,313.17
23762,32267,171,2,1633.75
23763,56899,221,2,132.3
23764,66565,83,1,943.76
23765,43561,8,1,2190.96
23766,78087,719,1,42.9
23767,13915,558,2,18.15
23768,88694,14,1,748.83
23769,76888,770,2,332.54
23770,5707,329,1,93.74
23771,3243,516,1,61.04
23772,39513,739,2,80.56
23773,46621,90,2,1196.13
23774,82449,593,1,38.05
23775,61931,363,1,99.37
23776,99203,628,1,92.54
23777,62827,429,1,202.76
23778,11806,107,2,1082
23779,96435,108,1,1836.25
23780,4265,776,1,107.12
23781,51377,182,1,551.45
23782,74308,461,1,118.87
23783,55403,711,2,128.83
23784,35351,307,1,108.22
23785,79125,304,1,128.59
23786,56725,824,1,176.02
23787,87387,153,1,621.19
23788,73980,572,2,97.56
23789,3253,311,1,96.54
23790,83027,156,1,798.5
23791,45607,359,1,206.65
23792,14493,586,1,42.98
23793,99992,246,1,201.57
23794,45319,152,2,794.45
23795,56936,616,1,122.24
23796,55144,516,1,61.04
23797,87387,239,1,130.06
23798,85024,115,1,1529.93
23799,19903,11,2,243.48
23800,16070,574,1,77.48
23801,86173,658,1,71.4
23802,1698,416,1,237.73
23803,41228,73,1,133.34
23804,47539,91,2,565.72
23805,79107,689,1,130.61
23806,6397,743,2,297.24
23807,14181,742,1,149.39
23808,49059,374,1,337.45
23809,66535,413,2,526.63
23810,92201,806,1,292.37
23811,88348,743,1,297.24
23812,67273,563,2,33.62
23813,3812,130,1,1270.67
23814,69740,760,2,316.13
23815,3085,731,1,48.57
23816,86941,245,2,23.66
23817,49076,629,1,19.84
23818,46563,392,1,224.55
23819,47499,572,2,97.56
23820,56082,90,1,1196.13
23821,12818,238,1,27.65
23822,90819,331,2,84.86
23823,68852,302,1,110.6
23824,43730,252,1,88.87
23825,99286,182,1,551.45
23826,85663,485,2,292.09
23827,36570,494,1,148.01
23828,4059,637,1,92.71
23829,91432,771,3,93.15
23830,29829,363,3,99.37
23831,90472,517,1,211.65
23832,4493,643,1,54.43
23833,51960,369,2,63.75
23834,39275,340,1,47.41
23835,2045,615,1,112.27
23836,31635,694,4,57.93
23837,40371,497,1,291.81
23838,87604,116,1,2211.09
23839,19687,107,1,1082
23840,29923,607,1,40.2
23841,57256,33,1,421.17
23842,29717,403,2,259.54
23843,83036,519,1,587.38
23844,54482,392,1,224.55
23845,1364,352,1,177.33
23846,30144,83,1,943.76
23847,98363,842,1,262.8
23848,58827,395,1,199.29
23849,54120,783,1,136.46
23850,41594,406,1,470.57
23851,40349,400,3,374.97
23852,87827,312,1,43.29
23853,24029,579,1,64.34
23854,88963,688,1,62.01
23855,16152,25,3,1165.72
23856,25388,490,1,466.11
23857,8458,207,1,522.28
23858,52934,253,1,175.8
23859,67678,390,1,406.02
23860,70181,619,1,100.91
23861,69515,360,2,117.81
23862,91166,380,2,179.57
23863,39879,145,1,867.39
23864,41396,225,2,72.93
23865,2430,694,1,57.93
23866,48656,22,1,609.78
23867,3715,341,2,104.39
23868,96219,257,1,204.86
23869,97801,391,1,595.91
23870,68387,826,1,394.47
23871,83946,247,2,94.97
23872,28145,711,1,128.83
23873,71122,749,1,384.4
23874,18672,425,1,85.89
23875,54697,262,1,238.23
23876,53491,191,1,500.92
23877,22225,475,1,268.5
23878,31206,794,1,243.61
23879,49317,594,1,51.42
23880,79153,33,3,421.17
23881,82793,417,1,183.3
23882,17741,351,1,106.17
23883,81777,570,1,51.63
23884,13399,487,2,77.32
23885,25958,611,2,20.37
23886,35181,558,4,18.15
23887,70308,603,1,37.61
23888,87789,395,2,199.29
23889,19970,279,1,140.86
23890,49454,365,2,207.2
23891,81467,28,1,1277.56
23892,47732,53,1,2521.54
23893,29717,352,1,177.33
23894,33650,587,1,26.35
23895,65316,234,1,104.53
23896,20203,608,2,52.97
23897,60727,831,4,129.32
23898,59148,86,1,934.14
23899,78449,829,1,292.82
23900,53120,189,2,1308.31
23901,51047,391,2,595.91
23902,54381,451,1,387.94
23903,24170,655,1,79.63
23904,83036,324,1,74.81
23905,17782,628,2,92.54
23906,6307,481,1,312.06
23907,92288,753,1,249.45
23908,30284,502,1,271.9
23909,37149,561,1,86.98
23910,8893,478,1,279.21
23911,70841,570,1,51.63
23912,94480,313,2,28.06
23913,89765,758,1,217.14
23914,27975,48,2,1289.14
23915,28718,846,1,180.75
23916,76597,180,2,605.56
23917,60029,15,1,694.06
23918,92064,307,1,108.22
23919,13653,67,1,612.82
23920,47255,772,2,346.25
23921,49286,499,1,561.17
23922,40258,566,1,74.04
23923,51672,89,1,2273.66
23924,25060,833,1,104.08
23925,78642,202,1,476.93
23926,36842,286,1,31.89
23927,91486,294,1,85.44
23928,44352,236,3,145.03
23929,14376,278,1,130.88
23930,35182,339,1,101.75
23931,58264,182,3,551.45
23932,4129,70,2,2884.14
23933,11992,826,1,394.47
23934,88605,296,1,109.15
23935,45659,475,2,268.5
23936,71372,735,1,70.91
23937,6053,366,1,89.01
23938,75305,21,4,1481.54
23939,23481,816,1,212.43
23940,70587,622,1,40.46
23941,34900,647,1,101.3
23942,58272,842,1,262.8
23943,2331,230,1,127.46
23944,6038,639,2,60.83
23945,28601,781,1,274.7
23946,96383,760,1,316.13
23947,13312,654,1,126.06
23948,8618,52,1,1892.01
23949,92731,108,1,1836.25
23950,24617,381,2,119.17
23951,26831,540,1,32.85
23952,62300,168,4,702.77
23953,24821,454,1,480.12
23954,94924,743,1,297.24
23955,29530,396,1,503.93
23956,39999,1,1,1018.58
23957,97079,345,1,90.74
23958,16423,676,1,195.28
23959,20086,468,1,448.77
23960,16046,638,1,57.93
23961,77624,32,1,672.62
23962,6670,260,5,47.28
23963,51608,153,1,621.19
23964,43488,441,1,102.35
23965,31821,664,1,57.36
23966,53193,341,4,104.39
23967,48144,550,4,95.95
23968,30218,244,2,86.8
23969,27255,485,1,292.09
23970,48386,396,1,503.93
23971,44300,124,5,543.3
23972,24826,641,1,20.23
23973,35399,761,1,107.7
23974,42228,538,1,43.54
23975,18454,127,2,2023.32
23976,16600,668,1,48.09
23977,53664,539,2,60.5
23978,46146,638,2,57.93
23979,64430,155,1,2869.59
23980,19983,504,1,410.46
23981,13604,612,1,99.88
23982,9280,795,1,42.45
23983,82662,79,1,990.72
23984,28118,174,1,772.9
23985,45820,229,2,188.3
23986,47837,169,2,336.57
23987,20585,750,3,248.2
23988,44744,361,1,89.29
23989,4637,561,1,86.98
23990,58965,62,2,845.49
23991,61862,747,2,171.96
23992,45923,367,1,217.01
23993,85087,306,1,226.09
23994,53705,652,1,93.32
23995,79220,457,1,43.15
23996,56110,613,2,78.12
23997,82694,24,1,1004.36
23998,35244,470,1,543.54
23999,83638,209,1,128.3
24000,36731,31,1,1472.03
24001,67051,444,4,209.61
24002,24275,593,1,38.05
24003,17225,714,3,77.2
24004,88788,316,2,139.67
24005,88861,494,1,148.01
24006,6778,515,4,77.15
24007,79695,347,1,128.17
24008,58462,49,1,1342.93
24009,13682,636,1,81.59
24010,39759,455,2,115.87
24011,96347,41,1,571.32
24012,38572,448,2,374.32
24013,16777,318,1,60.45
24014,93291,463,1,370.25
24015,16488,233,1,118.05
24016,56469,136,2,930.82
24017,79004,677,2,40.98
24018,78155,459,4,85.05
24019,21323,272,1,164.9
24020,65871,814,1,395.25
24021,47551,40,1,1136.17
24022,49234,206,1,167.72
24023,4447,324,1,74.81
24024,68018,56,1,2429.03
24025,12067,349,1,87.41
24026,75100,298,1,66.54
24027,87346,369,1,63.75
24028,9064,301,1,36.64
24029,90014,839,3,232.84
24030,36476,830,2,191.83
24031,26772,94,1,1373.01
24032,91766,375,1,94.51
24033,67037,39,1,1650.03
24034,2093,632,2,159.73
24035,98351,848,1,495.21
24036,55017,128,1,2170.64
24037,95678,587,1,26.35
24038,79704,42,2,1240.21
24039,11346,603,1,37.61
24040,63947,96,1,1237.53
24041,62207,530,1,110.63
24042,58586,407,1,216.15
24043,56461,797,1,404.47
24044,23199,308,1,80.43
24045,32810,541,1,131.23
24046,86994,593,2,38.05
24047,11218,258,1,139.68
24048,42286,681,1,140.36
24049,74067,123,1,922.12
24050,51242,658,1,71.4
24051,62586,491,3,240.43
24052,90743,186,1,1591.62
24053,13424,619,1,100.91
24054,19657,73,1,133.34
24055,59223,797,2,404.47
24056,51882,363,2,99.37
24057,17309,13,2,2070.93
24058,72083,317,1,92.22
24059,10981,318,5,60.45
24060,62549,786,1,385.84
24061,73058,561,1,86.98
24062,57042,172,1,220.1
24063,78748,738,1,140.26
24064,93902,574,1,77.48
24065,46332,372,4,52.26
24066,26030,13,1,2070.93
24067,1007,191,1,500.92
24068,43173,28,1,1277.56
24069,25948,768,1,364.34
24070,86301,437,1,95.45
24071,44873,110,1,456.84
24072,72159,771,1,93.15
24073,44821,358,1,119.54
24074,86318,569,2,118.44
24075,88205,633,1,89.89
24076,83135,393,1,210.09
24077,80525,195,1,957.51
24078,28353,408,2,42.37
24079,41078,44,2,2369.39
24080,57160,618,1,45.85
24081,23257,610,1,85.31
24082,33151,477,1,96.07
24083,34903,612,1,99.88
24084,46118,834,1,115.52
24085,50965,442,1,585.83
24086,81948,692,1,78.86
24087,79733,540,1,32.85
24088,91607,202,2,476.93
24089,11121,427,1,235.15
24090,20025,674,1,91.61
24091,6105,456,1,254.58
24092,8053,464,1,291.69
24093,30731,142,1,814.09
24094,31966,48,1,1289.14
24095,59949,663,5,103.09
24096,12005,465,2,542.03
24097,94601,431,3,130.19
24098,7875,40,1,1136.17
24099,90180,636,1,81.59
24100,80657,813,2,98.39
24101,76905,846,1,180.75
24102,22240,52,1,1892.01
24103,12071,657,1,62.42
24104,70936,299,2,125.98
24105,85426,476,1,603.44
24106,30591,322,1,143.41
24107,59961,549,5,67.03
24108,92979,367,1,217.01
24109,88269,208,1,1599.96
24110,47919,545,1,77.05
24111,9691,302,2,110.6
24112,39866,663,2,103.09
24113,68291,572,4,97.56
24114,93030,52,1,1892.01
24115,7397,497,1,291.81
24116,48661,337,1,177.03
24117,1427,291,1,30.01
24118,44408,557,1,33.37
24119,17899,187,1,2020.76
24120,67395,818,1,176.25
24121,41042,84,4,416.48
24122,8804,423,2,105.79
24123,52162,161,1,1006.83
24124,29697,416,1,237.73
24125,12731,749,4,384.4
24126,55055,89,1,2273.66
24127,12579,406,1,470.57
24128,89148,465,1,542.03
24129,52393,211,2,1347.08
24130,15290,309,2,161.23
24131,86343,430,1,118.66
24132,29224,78,1,448.34
24133,44872,28,1,1277.56
24134,10531,766,1,229.2
24135,4613,679,1,187.47
24136,41451,432,1,378.9
24137,17771,454,1,480.12
24138,11359,500,1,584.81
24139,62478,776,3,107.12
24140,46743,126,1,1112.26
24141,80305,664,1,57.36
24142,8341,365,1,207.2
24143,5870,348,1,34.82
24144,75509,220,1,2128.96
24145,82960,308,1,80.43
24146,87730,757,1,246.69
24147,22155,790,1,418.19
24148,33092,605,1,31.92
24149,71745,29,1,1439.04
24150,86223,644,4,67.31
24151,33422,840,1,251.11
24152,56629,735,1,70.91
24153,15674,352,1,177.33
24154,72289,739,1,80.56
24155,47538,805,1,183.52
24156,95875,711,1,128.83
24157,67040,604,1,28.08
24158,71469,293,1,168.08
24159,69599,788,1,176.78
24160,20228,789,1,194.77
24161,25133,650,1,88.13
24162,36053,688,1,62.01
24163,6072,74,2,2015.09
24164,59723,784,2,161.33
24165,66934,230,2,127.46
24166,79458,84,1,416.48
24167,28759,367,3,217.01
24168,39415,529,1,23.4
24169,67098,55,3,1450.93
24170,67821,393,1,210.09
24171,17337,356,1,129.5
24172,41102,40,1,1136.17
24173,65100,607,2,40.2
24174,50924,400,3,374.97
24175,27335,300,1,44.81
24176,71910,107,1,1082
24177,70126,737,2,74.87
24178,15208,500,1,584.81
24179,75685,300,1,44.81
24180,13725,695,2,41.43
24181,41017,667,1,58.31
24182,39778,473,1,75.58
24183,35301,211,1,1347.08
24184,59181,729,1,53.27
24185,86859,1,1,1018.58
24186,96008,565,1,51.83
24187,33427,43,1,310.32
24188,9106,735,1,70.91
24189,2869,5,2,644.02
24190,12108,781,2,274.7
24191,66456,170,2,1435.76
24192,63191,635,1,40.19
24193,53106,135,1,2540.95
24194,96612,293,1,168.08
24195,45373,630,1,43.94
24196,7624,461,1,118.87
24197,8807,369,1,63.75
24198,34745,89,1,2273.66
24199,92772,33,1,421.17
24200,26817,79,1,990.72
24201,87739,672,3,160.18
24202,24120,383,1,311.85
24203,81354,351,1,106.17
24204,6655,182,1,551.45
24205,34700,820,1,158.47
24206,62916,827,1,161.51
24207,51295,491,2,240.43
24208,88060,153,1,621.19
24209,42926,252,1,88.87
24210,9591,577,1,34.72
24211,17808,38,1,512.7
24212,57160,132,2,765.52
24213,97739,114,4,1991.76
24214,85256,107,1,1082
24215,70734,557,1,33.37
24216,96172,3,1,1772.05
24217,94841,746,1,379.49
24218,72068,505,1,338.31
24219,53381,337,2,177.03
24220,13727,533,1,152.22
24221,26757,808,2,399.03
24222,35118,461,2,118.87
24223,7041,707,1,66.73
24224,81119,470,1,543.54
24225,82554,481,1,312.06
24226,6807,225,1,72.93
24227,37802,307,1,108.22
24228,53342,322,1,143.41
24229,37562,80,1,557.08
24230,86037,34,1,2576.39
24231,40711,374,2,337.45
24232,65396,280,2,161.38
24233,48501,202,1,476.93
24234,77619,307,2,108.22
24235,23771,390,1,406.02
24236,87098,591,4,33.88
24237,64025,67,1,612.82
24238,97329,100,1,538.09
24239,71972,224,1,86.46
24240,55312,618,1,45.85
24241,87459,403,2,259.54
24242,28740,243,1,196.32
24243,98930,72,1,724.9
24244,21503,81,1,2179.45
24245,81788,837,1,390.61
24246,33597,306,1,226.09
24247,78277,227,1,224.15
24248,94875,809,1,191.41
24249,31395,513,2,506.02
24250,38239,63,1,2058.51
24251,66970,178,1,1039.95
24252,43491,116,1,2211.09
24253,7443,474,3,466.85
24254,73470,53,1,2521.54
24255,72003,1,2,1018.58
24256,82856,183,5,2443.07
24257,10587,377,1,431.36
24258,54444,229,1,188.3
24259,15381,809,1,191.41
24260,37449,430,1,118.66
24261,87844,490,3,466.11
24262,75796,793,2,208.32
24263,75925,240,1,61.03
24264,2562,152,1,794.45
24265,6456,430,3,118.66
24266,30468,458,1,245.35
24267,34706,643,1,54.43
24268,64094,435,1,101.95
24269,2925,24,3,1004.36
24270,25668,499,2,561.17
24271,90545,594,1,51.42
24272,73023,527,2,57.31
24273,21831,375,1,94.51
24274,40868,404,1,418.74
24275,18682,47,1,911.63
24276,87642,77,2,1880.83
24277,20029,144,1,893.7
24278,73246,735,1,70.91
24279,27884,580,1,44.39
24280,48199,352,2,177.33
24281,33046,107,1,1082
24282,9136,54,2,2305.48
24283,87146,161,1,1006.83
24284,12374,288,1,112.41
24285,86212,151,1,2364.58
24286,96962,57,3,488.73
24287,3688,376,3,191.89
24288,46417,656,2,43.4
24289,77779,748,1,220.43
24290,75134,71,1,1883.64
24291,75454,749,1,384.4
24292,83409,68,1,1973.25
24293,92511,132,2,765.52
24294,23498,32,1,672.62
24295,43831,137,2,1286.59
24296,80707,240,1,61.03
24297,54847,804,1,241.93
24298,1006,410,2,105.83
24299,12417,782,1,220.16
24300,49502,394,2,387.51
24301,77083,109,1,776.74
24302,18761,43,1,310.32
24303,15090,667,5,58.31
24304,17498,607,1,40.2
24305,2722,708,3,138.81
24306,47490,134,1,955.11
24307,91959,731,1,48.57
24308,14409,166,1,2080.6
24309,43887,108,1,1836.25
24310,73725,464,5,291.69
24311,43412,685,3,170.52
24312,48281,129,1,147.78
24313,34286,102,1,1536.79
24314,53015,769,2,160.34
24315,14922,685,1,170.52
24316,55346,562,1,40.76
24317,79103,508,1,416.15
24318,95587,718,1,185.18
24319,28419,308,1,80.43
24320,16992,833,1,104.08
24321,36031,524,1,106.66
24322,13472,336,1,33.43
24323,83959,570,2,51.63
24324,92382,765,1,54.88
24325,83382,440,2,100.41
24326,29673,808,1,399.03
24327,52658,31,1,1472.03
24328,52226,283,2,87.55
24329,58339,247,4,94.97
24330,74841,117,1,1977.83
24331,27089,366,1,89.01
24332,33281,666,1,47.03
24333,81099,664,1,57.36
24334,7652,563,1,33.62
24335,43452,839,1,232.84
24336,17543,714,1,77.2
24337,88364,182,2,551.45
24338,93340,153,1,621.19
24339,14737,313,1,28.06
24340,88388,477,1,96.07
24341,3209,724,2,125.26
24342,24940,186,1,1591.62
24343,32678,162,2,1527.43
24344,9542,440,2,100.41
24345,8781,527,1,57.31
24346,7872,462,2,321.21
24347,62447,23,3,879.34
24348,86599,271,2,164.71
24349,92121,532,2,157.74
24350,53945,776,1,107.12
24351,32354,810,1,94.15
24352,56827,334,1,50.93
24353,68503,143,1,1244.23
24354,84394,202,1,476.93
24355,73311,507,1,484.32
24356,89873,274,1,195.72
24357,82289,643,1,54.43
24358,20175,11,2,243.48
24359,34178,849,4,207.15
24360,27116,648,1,114.52
24361,49499,641,3,20.23
24362,75476,86,1,934.14
24363,28202,233,2,118.05
24364,45930,730,1,48.49
24365,85662,599,1,38.98
24366,50619,678,1,75.52
24367,5086,248,1,220.15
24368,99793,68,3,1973.25
24369,26122,372,2,52.26
24370,76131,42,1,1240.21
24371,17522,198,1,2315.24
24372,35020,103,1,916.04
24373,49266,293,2,168.08
24374,45413,806,1,292.37
24375,15841,8,1,2190.96
24376,45561,404,1,418.74
24377,51708,155,2,2869.59
24378,26692,745,2,131.36
24379,43711,795,2,42.45
24380,19325,154,1,1229.13
24381,85132,226,1,70.24
24382,12108,299,1,125.98
24383,15397,774,1,175.76
24384,17391,52,1,1892.01
24385,88037,316,2,139.67
24386,55916,609,1,65.41
24387,97312,194,1,1529.24
24388,66944,723,1,32.72
24389,27740,755,1,103.54
24390,66327,168,1,702.77
24391,52211,499,1,561.17
24392,59547,292,1,32.35
24393,49569,46,1,1597.63
24394,53185,65,1,861.03
24395,75192,708,1,138.81
24396,23721,647,1,101.3
24397,56961,319,1,57.84
24398,85581,647,1,101.3
24399,76905,488,1,179.28
24400,37774,490,1,466.11
24401,30807,125,4,775.3
24402,7768,364,1,112.89
24403,12416,751,1,95.53
24404,56516,54,1,2305.48
24405,63959,789,1,194.77
24406,35779,126,1,1112.26
24407,15216,751,1,95.53
24408,65401,418,2,195.16
24409,80078,681,1,140.36
24410,51900,736,2,154.75
24411,87737,168,1,702.77
24412,83776,480,4,266.64
24413,87926,103,1,916.04
24414,7490,436,2,346.44
24415,59567,129,1,147.78
24416,6460,818,2,176.25
24417,1067,365,2,207.2
24418,30041,670,1,62.57
24419,80097,239,1,130.06
24420,27706,111,1,875.42
24421,9387,540,1,32.85
24422,75724,190,1,798.17
24423,48377,176,1,679.98
24424,60551,304,1,128.59
24425,15251,810,1,94.15
24426,21137,110,2,456.84
24427,27510,421,1,396.57
24428,1279,124,2,543.3
24429,58974,83,2,943.76
24430,7956,344,1,95.79
24431,33197,148,2,1254.83
24432,9669,280,1,161.38
24433,35629,557,1,33.37
24434,36342,581,1,61.28
24435,36945,697,1,62.96
24436,4148,121,2,1989.62
24437,41345,27,2,726.61
24438,69749,592,1,79.56
24439,13746,28,1,1277.56
24440,5577,705,1,32.06
24441,45291,452,4,281.11
24442,90912,519,1,587.38
24443,7675,772,1,346.25
24444,6766,183,1,2443.07
24445,51449,187,1,2020.76
24446,56620,259,3,116.9
24447,65555,595,1,116.88
24448,50393,342,1,101.64
24449,51546,625,2,77.06
24450,68305,100,1,538.09
24451,89444,527,1,57.31
24452,59701,373,1,107.49
24453,94426,208,1,1599.96
24454,78636,703,2,68.35
24455,26357,452,1,281.11
24456,42311,252,1,88.87
24457,12428,657,2,62.42
24458,24600,490,2,466.11
24459,45033,130,1,1270.67
24460,53394,576,1,129.84
24461,87969,481,2,312.06
24462,46954,545,1,77.05
24463,84346,714,1,77.2
24464,56575,293,1,168.08
24465,99936,62,1,845.49
24466,39243,233,1,118.05
24467,41445,627,2,61.59
24468,29153,1,2,1018.58
24469,78820,422,1,395.38
24470,92913,192,1,2315.69
24471,51867,219,1,1567.32
24472,23013,129,1,147.78
24473,10623,256,1,114.71
24474,48862,41,2,571.32
24475,44992,680,1,151.72
24476,23265,268,1,140.96
24477,29472,22,1,609.78
24478,1143,778,1,286.32
24479,83812,745,2,131.36
24480,98946,585,1,78.72
24481,14509,758,2,217.14
24482,47663,105,2,2361.4
24483,72214,142,1,814.09
24484,21357,354,1,58.86
24485,49809,101,1,297.32
24486,39621,832,2,191.89
24487,44414,445,1,409.82
24488,69645,71,3,1883.64
24489,50154,630,3,43.94
24490,44386,225,2,72.93
24491,68067,633,1,89.89
24492,19769,262,1,238.23
24493,4465,266,1,148.88
24494,74863,488,1,179.28
24495,46250,308,1,80.43
24496,41054,205,2,1469.58
24497,5373,148,1,1254.83
24498,91718,617,1,24.15
24499,58883,610,2,85.31
24500,61106,152,1,794.45
24501,11279,412,1,525.95
24502,26132,459,2,85.05
24503,69057,459,1,85.05
24504,54465,746,1,379.49
24505,61733,493,1,178.11
24506,56573,470,1,543.54
24507,24833,617,2,24.15
24508,43580,775,2,320.37
24509,65213,776,1,107.12
24510,50009,568,2,59.32
24511,16640,831,1,129.32
24512,81244,565,1,51.83
24513,9058,105,1,2361.4
24514,24077,831,1,129.32
24515,11570,742,2,149.39
24516,45919,187,1,2020.76
24517,69641,407,1,216.15
24518,64944,190,1,798.17
24519,36332,603,1,37.61
24520,26546,504,1,410.46
24521,33120,604,1,28.08
24522,64195,781,1,274.7
24523,97142,54,2,2305.48
24524,1291,392,1,224.55
24525,55887,424,1,255.29
24526,14715,631,1,120.31
24527,34333,351,1,106.17
24528,64263,16,1,697
24529,20649,408,2,42.37
24530,25824,361,1,89.29
24531,1160,366,1,89.01
24532,75792,698,1,99.51
24533,42426,349,1,87.41
24534,22710,322,1,143.41
24535,18596,567,1,55.35
24536,12836,657,1,62.42
24537,88952,798,1,227.6
24538,16869,736,1,154.75
24539,91823,800,1,396.56
24540,13554,479,2,552.74
24541,17919,388,1,144.01
24542,50930,595,3,116.88
24543,18685,61,1,1043.37
24544,74212,6,1,643.98
24545,12505,708,2,138.81
24546,91534,216,1,790.68
24547,34483,618,1,45.85
24548,88400,60,2,934.39
24549,33342,293,1,168.08
24550,52908,458,1,245.35
24551,18047,147,2,1476.49
24552,58526,238,1,27.65
24553,71791,591,1,33.88
24554,82144,734,1,91.41
24555,13606,106,1,810.12
24556,36084,598,1,37.17
24557,63771,496,1,203.6
24558,99409,162,1,1527.43
24559,73725,510,1,359.27
24560,52853,670,1,62.57
24561,48737,827,2,161.51
24562,48699,291,1,30.01
24563,51448,728,1,135.75
24564,70614,368,1,192.86
24565,42184,234,1,104.53
24566,83764,443,1,210.88
24567,45684,171,1,1633.75
24568,66385,195,1,957.51
24569,49030,40,1,1136.17
24570,97272,733,2,112.26
24571,84658,700,1,85.88
24572,50411,627,2,61.59
24573,7085,350,1,126.51
24574,9231,202,2,476.93
24575,41489,147,1,1476.49
24576,44622,745,2,131.36
24577,82968,616,1,122.24
24578,17078,396,1,503.93
24579,87755,360,1,117.81
24580,68304,716,1,170.57
24581,65343,472,1,553.66
24582,27108,808,2,399.03
24583,79281,419,1,332.33
24584,97142,823,1,158.01
24585,91241,260,1,47.28
24586,90433,94,1,1373.01
24587,59525,409,3,479.24
24588,1951,719,1,42.9
24589,41318,73,1,133.34
24590,40508,5,1,644.02
24591,32701,250,2,176.33
24592,41721,661,2,70.59
24593,33288,240,1,61.03
24594,74012,846,1,180.75
24595,1132,359,1,206.65
24596,99831,142,1,814.09
24597,95815,412,1,525.95
24598,61527,779,1,285.39
24599,32794,439,5,349.13
24600,97064,334,2,50.93
24601,21623,160,1,1762.02
24602,79846,242,3,213.16
24603,9575,245,1,23.66
24604,33741,610,1,85.31
24605,24390,402,2,476.71
24606,91594,394,1,387.51
24607,18389,14,2,748.83
24608,67840,586,1,42.98
24609,25247,752,1,411.24
24610,80266,452,2,281.11
24611,92031,56,1,2429.03
24612,21479,375,1,94.51
24613,65961,338,3,141.2
24614,58621,259,1,116.9
24615,49371,32,1,672.62
24616,91038,648,1,114.52
24617,17557,686,1,96.04
24618,44297,275,1,107.44
24619,54523,194,1,1529.24
24620,34525,388,1,144.01
24621,51896,653,1,100.32
24622,14911,200,1,1905.88
24623,20329,110,2,456.84
24624,40496,372,1,52.26
24625,93151,704,1,44.41
24626,16152,741,1,194.97
24627,47099,366,1,89.01
24628,70601,767,2,303.89
24629,73980,734,1,91.41
24630,69762,647,1,101.3
24631,41954,41,2,571.32
24632,77221,620,1,92.65
24633,44335,288,1,112.41
24634,16932,825,3,218.42
24635,13122,363,3,99.37
24636,21640,210,1,653.61
24637,88387,697,1,62.96
24638,71288,789,1,194.77
24639,39889,735,1,70.91
24640,34642,498,5,98.36
24641,28043,798,2,227.6
24642,78774,652,1,93.32
24643,64936,524,1,106.66
24644,93048,387,2,179.63
24645,86091,449,1,211.58
24646,81732,11,1,243.48
24647,5426,559,1,93.58
24648,9692,646,1,158.39
24649,73437,311,1,96.54
24650,41517,760,1,316.13
24651,60505,133,1,566.35
24652,47136,341,1,104.39
24653,68835,645,1,42.2
24654,30183,456,1,254.58
24655,15633,165,1,493.52
24656,92872,637,3,92.71
24657,99309,551,4,67.02
24658,23271,259,2,116.9
24659,21297,36,1,1992.63
24660,28953,787,1,233.8
24661,5985,603,1,37.61
24662,83470,168,1,702.77
24663,11564,815,4,360.06
24664,29249,478,1,279.21
24665,56559,193,1,2329.58
24666,21575,206,3,167.72
24667,53330,96,1,1237.53
24668,92977,429,1,202.76
24669,81924,23,1,879.34
24670,51246,801,1,280.08
24671,58288,652,1,93.32
24672,27764,253,1,175.8
24673,5528,263,1,55.16
24674,78814,801,1,280.08
24675,98062,229,2,188.3
24676,4878,337,2,177.03
24677,5471,638,1,57.93
24678,66681,290,1,120.4
24679,11822,543,2,42.06
24680,33154,822,2,25.42
24681,73851,551,2,67.02
24682,38953,732,1,139.82
24683,83100,490,1,466.11
24684,11928,775,1,320.37
24685,84545,769,1,160.34
24686,78936,408,1,42.37
24687,85080,454,3,480.12
24688,96423,412,1,525.95
24689,90154,107,3,1082
24690,27362,596,1,62.64
24691,19924,484,1,311.22
24692,44231,646,1,158.39
24693,55274,122,1,2310.87
24694,32631,638,1,57.93
24695,51122,692,1,78.86
24696,58512,152,2,794.45
24697,13536,730,1,48.49
24698,6211,429,1,202.76
24699,6885,848,2,495.21
24700,17357,571,1,66.42
24701,47835,350,1,126.51
24702,79225,302,1,110.6
24703,19025,633,2,89.89
24704,76435,206,1,167.72
24705,63686,783,1,136.46
24706,90489,158,1,1853.29
24707,98146,753,1,249.45
24708,19018,526,1,62.16
24709,73941,338,1,141.2
24710,38819,521,1,74.48
24711,75874,821,1,323.12
24712,35446,659,1,109.2
24713,78289,752,1,411.24
24714,89869,179,1,2506.19
24715,10777,629,1,19.84
24716,33875,301,1,36.64
24717,9437,319,3,57.84
24718,86971,517,1,211.65
24719,98403,67,2,612.82
24720,6489,566,1,74.04
24721,55839,138,1,1696.84
24722,19101,118,1,702.86
24723,49246,122,1,2310.87
24724,27741,287,1,100.46
24725,82892,269,1,85.34
24726,61610,348,1,34.82
24727,35560,694,2,57.93
24728,70310,657,3,62.42
24729,95275,59,1,353.67
24730,7925,627,1,61.59
24731,11288,634,1,92.64
24732,4774,567,1,55.35
24733,84142,122,1,2310.87
24734,11526,155,2,2869.59
24735,85343,772,2,346.25
24736,95556,176,1,679.98
24737,7202,308,1,80.43
24738,63895,375,1,94.51
24739,33181,661,2,70.59
24740,12591,452,1,281.11
24741,9965,257,2,204.86
24742,92031,421,1,396.57
24743,31169,546,1,52.46
24744,75128,537,1,107.95
24745,99710,609,1,65.41
24746,74569,749,1,384.4
24747,13336,27,1,726.61
24748,46356,21,1,1481.54
24749,78745,618,3,45.85
24750,43948,594,1,51.42
24751,86720,607,2,40.2
24752,45087,105,1,2361.4
24753,47835,11,2,243.48
24754,83960,309,1,161.23
24755,90804,132,1,765.52
24756,80266,396,2,503.93
24757,63703,410,1,105.83
24758,50563,402,1,476.71
24759,75172,571,2,66.42
24760,77361,99,1,268.9
24761,25651,248,1,220.15
24762,27813,452,2,281.11
24763,77916,211,1,1347.08
24764,55499,274,1,195.72
24765,18346,85,2,910.42
24766,80321,114,1,1991.76
24767,65547,277,1,161.99
24768,46340,387,1,179.63
24769,87190,484,1,311.22
24770,46438,170,3,1435.76
24771,15399,461,4,118.87
24772,28471,657,1,62.42
24773,22082,341,2,104.39
24774,56389,79,1,990.72
24775,50118,353,4,132.5
24776,54208,700,1,85.88
24777,67937,314,1,217.82
24778,57344,526,1,62.16
24779,20929,17,1,899.25
24780,71736,371,3,110.74
24781,31245,166,1,2080.6
24782,35392,311,1,96.54
24783,48842,463,2,370.25
24784,73599,505,2,338.31
24785,34901,381,1,119.17
24786,81879,496,1,203.6
24787,53883,108,3,1836.25
24788,22978,211,4,1347.08
24789,6570,413,1,526.63
24790,34136,186,1,1591.62
24791,2584,225,1,72.93
24792,66951,112,1,654.43
24793,59007,56,3,2429.03
24794,54276,533,2,152.22
24795,14664,712,2,101.6
24796,73433,237,1,74.92
24797,30202,421,4,396.57
24798,96654,446,1,522.5
24799,13147,369,1,63.75
24800,74347,739,1,80.56
24801,15641,800,2,396.56
24802,3491,274,1,195.72
24803,33310,805,2,183.52
24804,69818,847,2,82.79
24805,43962,621,1,38.29
24806,6056,544,1,83.09
24807,21128,602,2,45.99
24808,7489,619,1,100.91
24809,64241,176,2,679.98
24810,74126,786,1,385.84
24811,45151,569,1,118.44
24812,75709,302,1,110.6
24813,95148,244,1,86.8
24814,35340,170,1,1435.76
24815,92528,96,1,1237.53
24816,77357,838,1,165.94
24817,34794,312,1,43.29
24818,6558,209,2,128.3
24819,15689,71,2,1883.64
24820,42109,705,1,32.06
24821,97773,91,1,565.72
24822,82854,677,2,40.98
24823,11374,360,1,117.81
24824,95404,766,2,229.2
24825,35472,762,1,152.14
24826,76372,523,1,136.72
24827,50560,815,1,360.06
24828,68590,361,1,89.29
24829,62817,795,1,42.45
24830,47860,8,1,2190.96
24831,75399,320,2,71.03
24832,9716,347,5,128.17
24833,67701,14,1,748.83
24834,63938,150,1,857.31
24835,30590,87,2,1765.71
24836,42151,523,1,136.72
24837,32599,709,1,59.25
24838,10862,669,1,51.43
24839,75289,329,1,93.74
24840,58588,565,1,51.83
24841,24982,293,1,168.08
24842,1012,278,2,130.88
24843,22527,99,1,268.9
24844,25676,408,2,42.37
24845,65034,80,2,557.08
24846,65688,687,1,98.13
24847,57552,393,1,210.09
24848,48815,28,1,1277.56
24849,49246,341,2,104.39
24850,50050,505,1,338.31
24851,73884,437,1,95.45
24852,27608,352,3,177.33
24853,21058,196,2,974.84
24854,15406,834,2,115.52
24855,59111,594,1,51.42
24856,57075,408,4,42.37
24857,87551,682,1,59.6
24858,48386,266,2,148.88
24859,3797,849,1,207.15
24860,27631,198,4,2315.24
24861,41142,433,2,307
24862,98676,569,1,118.44
24863,71974,341,3,104.39
24864,76738,278,1,130.88
24865,70557,392,1,224.55
24866,74031,757,1,246.69
24867,6244,196,2,974.84
24868,23658,232,1,106.09
24869,11782,685,1,170.52
24870,76069,140,1,2736.66
24871,50456,688,2,62.01
24872,81597,476,1,603.44
24873,38229,697,3,62.96
24874,5193,718,1,185.18
24875,2699,221,1,132.3
24876,18898,299,2,125.98
24877,81333,676,1,195.28
24878,59450,720,1,123.41
24879,69468,720,3,123.41
24880,91835,301,1,36.64
24881,93475,26,1,1921.56
24882,29362,365,3,207.2
24883,83502,166,2,2080.6
24884,14299,739,1,80.56
24885,35313,710,1,114.92
24886,48530,578,2,123.63
24887,10838,395,2,199.29
24888,91123,78,1,448.34
24889,78373,703,2,68.35
24890,88523,9,1,1457.94
24891,5013,540,3,32.85
24892,46979,751,1,95.53
24893,70721,166,1,2080.6
24894,22333,255,1,59.87
24895,86091,386,1,403.91
24896,97402,211,3,1347.08
24897,8804,413,1,526.63
24898,32028,734,1,91.41
24899,49654,831,1,129.32
24900,43602,427,1,235.15
24901,34510,315,2,171.61
24902,76335,752,1,411.24
24903,72393,560,2,77.29
24904,56194,555,1,112.86
24905,11721,636,1,81.59
24906,10470,647,1,101.3
24907,9967,806,1,292.37
24908,9311,657,1,62.42
24909,57238,156,3,798.5
24910,35182,238,1,27.65
24911,66518,628,2,92.54
24912,16277,319,1,57.84
24913,31991,226,5,70.24
24914,50895,178,1,1039.95
24915,71934,589,1,32.73
24916,26826,281,3,187.62
24917,80325,345,3,90.74
24918,41371,631,2,120.31
24919,58576,601,1,36.85
24920,93810,440,1,100.41
24921,26982,163,1,1530.22
24922,26224,196,1,974.84
24923,39048,167,1,926.76
24924,70692,732,1,139.82
24925,66929,389,1,372.78
24926,66621,730,1,48.49
24927,10776,552,1,108.39
24928,10749,538,3,43.54
24929,98706,229,1,188.3
24930,87774,387,1,179.63
24931,73187,367,1,217.01
24932,4637,612,2,99.88
24933,93370,227,1,224.15
24934,8002,586,1,42.98
24935,44743,303,4,112.09
24936,95420,342,1,101.64
24937,56766,243,3,196.32
24938,54577,74,4,2015.09
24939,30997,734,1,91.41
24940,42934,488,5,179.28
24941,3605,768,2,364.34
24942,74770,732,2,139.82
24943,65098,694,1,57.93
24944,79527,424,1,255.29
24945,29913,301,1,36.64
24946,6215,462,1,321.21
24947,78579,303,1,112.09
24948,50831,126,1,1112.26
24949,48682,588,2,32.82
24950,67880,834,3,115.52
24951,80613,276,3,105.92
24952,33746,107,1,1082
24953,76241,370,1,41.18
24954,61625,512,2,226.59
24955,10571,581,2,61.28
24956,44273,238,1,27.65
24957,88184,156,2,798.5
24958,95499,423,2,105.79
24959,54956,309,2,161.23
24960,19285,494,2,148.01
24961,65780,800,1,396.56
24962,62345,7,1,398.8
24963,81055,842,1,262.8
24964,49577,623,1,53.5
24965,17375,437,1,95.45
24966,49288,144,2,893.7
24967,52401,173,1,1273.32
24968,59905,834,1,115.52
24969,86361,472,1,553.66
24970,22231,207,1,522.28
24971,25448,235,1,63.67
24972,2558,44,1,2369.39
24973,72342,132,1,765.52
24974,50877,832,2,191.89
24975,31058,585,1,78.72
24976,5258,841,1,37.29
24977,1273,812,2,342.03
24978,11895,758,2,217.14
24979,52777,286,1,31.89
24980,89491,5,3,644.02
24981,80501,13,1,2070.93
24982,22491,202,1,476.93
24983,72512,74,3,2015.09
24984,3163,136,2,930.82
24985,26551,17,1,899.25
24986,64303,674,1,91.61
24987,30882,536,1,128.45
24988,25650,362,1,129.66
24989,47607,673,1,35.45
24990,98342,777,1,130.57
24991,14145,110,1,456.84
24992,64771,647,1,101.3
24993,74026,435,1,101.95
24994,82934,379,1,410.89
24995,66717,805,2,183.52
24996,60520,562,1,40.76
24997,95512,188,3,1360.41
24998,90949,802,1,107.98
24999,15467,124,1,543.3
25000,33543,567,1,55.35
