payment_id,order_id,payment_date,payment_status
1,83698,23-08-2022,Payment Successed
2,38313,17-02-2021,Payment Successed
3,74467,24-02-2023,Payment Successed
4,2957,30-06-2020,Payment Successed
5,36768,18-12-2022,Payment Successed
6,32785,06-03-2022,Payment Successed
7,48285,03-09-2024,Payment Successed
8,40351,10-01-2024,Payment Successed
9,74283,14-09-2020,Refunded
10,68147,19-05-2024,Payment Successed
11,39909,22-08-2021,Payment Successed
12,49402,29-04-2021,Payment Successed
13,50142,12-11-2021,Payment Successed
14,65034,12-03-2023,Refunded
15,12330,07-11-2020,Payment Successed
16,95471,14-11-2022,Payment Successed
17,48342,11-10-2022,Payment Successed
18,93554,29-06-2022,Payment Successed
19,51299,03-08-2021,Payment Successed
20,48463,11-08-2022,Payment Successed
21,89871,12-05-2023,Payment Successed
22,96740,12-12-2023,Payment Successed
23,4287,26-10-2021,Payment Successed
24,46977,28-02-2022,Payment Successed
25,8853,04-01-2021,Payment Successed
26,49446,11-04-2021,Payment Successed
27,77335,04-06-2022,Payment Successed
28,47285,30-05-2023,Payment Successed
29,79733,11-04-2020,Payment Successed
30,45517,15-07-2020,Refunded
31,33407,27-06-2021,Payment Successed
32,99954,26-06-2022,Failed
33,55344,16-10-2023,Payment Successed
34,21443,08-04-2020,Payment Successed
35,33653,24-01-2022,Payment Successed
36,49590,07-12-2022,Payment Successed
37,1178,11-06-2023,Payment Successed
38,72582,21-09-2020,Payment Successed
39,6383,17-08-2023,Payment Successed
40,4959,29-08-2020,Payment Successed
41,85357,08-02-2023,Payment Successed
42,71766,31-05-2021,Payment Successed
43,61097,25-05-2020,Payment Successed
44,93036,10-09-2022,Payment Successed
45,45212,02-07-2023,Payment Successed
46,43357,13-11-2021,Payment Successed
47,65618,21-10-2021,Payment Successed
48,22577,17-01-2024,Payment Successed
49,80262,08-02-2020,Failed
50,30779,21-06-2022,Payment Successed
51,19350,02-05-2024,Payment Successed
52,20090,17-01-2023,Payment Successed
53,73188,22-04-2021,Payment Successed
54,17442,26-03-2020,Payment Successed
55,38856,22-10-2024,Payment Successed
56,81089,04-05-2023,Payment Successed
57,51145,03-12-2020,Payment Successed
58,21543,30-05-2020,Payment Successed
59,6746,23-07-2020,Payment Successed
60,41072,31-08-2023,Payment Successed
61,65664,02-02-2024,Payment Successed
62,63482,18-02-2024,Payment Successed
63,4911,12-08-2023,Payment Successed
64,72352,21-02-2020,Payment Successed
65,15557,01-06-2024,Payment Successed
66,47654,05-08-2022,Payment Successed
67,2648,19-01-2022,Payment Successed
68,73306,14-05-2021,Payment Successed
69,54860,28-11-2020,Payment Successed
70,86269,19-06-2022,Payment Successed
71,69615,06-03-2022,Refunded
72,12284,31-05-2021,Payment Successed
73,25105,03-03-2023,Refunded
74,71827,19-12-2020,Payment Successed
75,10831,08-06-2021,Payment Successed
76,32025,17-01-2020,Payment Successed
77,50166,17-02-2021,Payment Successed
78,84688,01-07-2023,Payment Successed
79,50803,15-10-2024,Refunded
80,53805,13-10-2024,Payment Successed
81,49780,02-06-2021,Payment Successed
82,61757,19-03-2020,Refunded
83,58870,14-11-2024,Payment Successed
84,8570,30-05-2024,Payment Successed
85,20165,15-11-2023,Payment Successed
86,18353,18-02-2020,Payment Successed
87,15946,23-01-2020,Payment Successed
88,39191,17-07-2023,Refunded
89,80071,07-03-2024,Payment Successed
90,18115,20-08-2020,Payment Successed
91,82234,26-02-2021,Payment Successed
92,91535,28-07-2023,Refunded
93,72233,22-05-2022,Payment Successed
94,52773,16-09-2022,Payment Successed
95,43324,21-08-2023,Payment Successed
96,16071,22-03-2020,Failed
97,31234,26-06-2024,Payment Successed
98,5762,04-01-2020,Payment Successed
99,52986,28-01-2023,Payment Successed
100,72040,09-05-2022,Payment Successed
101,24205,09-03-2022,Payment Successed
102,63620,28-09-2022,Payment Successed
103,26084,03-10-2023,Payment Successed
104,92672,18-08-2020,Payment Successed
105,64746,25-02-2024,Payment Successed
106,86183,04-10-2021,Payment Successed
107,71307,21-07-2020,Payment Successed
108,74323,18-07-2021,Failed
109,33498,03-06-2021,Payment Successed
110,89807,05-10-2023,Payment Successed
111,92417,01-01-2020,Failed
112,18639,26-12-2023,Payment Successed
113,9772,30-11-2023,Payment Successed
114,68225,09-01-2022,Payment Successed
115,87153,09-03-2022,Payment Successed
116,79860,23-02-2020,Refunded
117,58873,12-01-2022,Payment Successed
118,16177,18-10-2020,Payment Successed
119,53011,16-07-2020,Payment Successed
120,62595,11-10-2022,Payment Successed
121,50614,30-03-2021,Payment Successed
122,85274,12-10-2021,Payment Successed
123,51151,12-11-2024,Payment Successed
124,42171,30-12-2024,Payment Successed
125,14142,23-01-2022,Payment Successed
126,18564,21-06-2020,Refunded
127,22585,07-07-2021,Payment Successed
128,28433,04-11-2020,Payment Successed
129,58400,19-01-2022,Payment Successed
130,48823,17-09-2021,Payment Successed
131,70191,18-04-2022,Refunded
132,56937,08-03-2020,Payment Successed
133,96524,06-05-2023,Payment Successed
134,68576,25-04-2022,Payment Successed
135,82090,15-01-2021,Payment Successed
136,85330,07-11-2023,Payment Successed
137,44003,19-06-2023,Refunded
138,43964,20-11-2022,Failed
139,27965,01-03-2020,Payment Successed
140,70663,07-03-2023,Payment Successed
141,95317,17-11-2024,Payment Successed
142,95937,05-08-2022,Payment Successed
143,25241,12-01-2023,Payment Successed
144,59767,22-03-2022,Payment Successed
145,86898,09-10-2022,Payment Successed
146,96719,08-01-2023,Payment Successed
147,71556,16-12-2024,Payment Successed
148,55093,06-06-2024,Payment Successed
149,79822,10-05-2021,Payment Successed
150,3135,01-03-2022,Payment Successed
151,26831,24-07-2024,Payment Successed
152,29049,10-09-2024,Payment Successed
153,60381,09-11-2024,Refunded
154,88275,20-03-2024,Payment Successed
155,13423,23-10-2022,Payment Successed
156,66133,07-05-2022,Payment Successed
157,89359,20-12-2021,Payment Successed
158,94008,27-01-2023,Payment Successed
159,52265,01-03-2022,Payment Successed
160,41444,30-09-2020,Payment Successed
161,44093,08-04-2024,Payment Successed
162,88511,12-12-2021,Payment Successed
163,31784,28-05-2020,Refunded
164,39459,20-05-2020,Payment Successed
165,69447,11-06-2024,Payment Successed
166,88502,17-09-2024,Payment Successed
167,35227,28-11-2024,Payment Successed
168,89374,12-03-2023,Payment Successed
169,86115,02-09-2023,Refunded
170,58113,31-01-2021,Payment Successed
171,86140,20-09-2022,Payment Successed
172,6573,03-03-2023,Payment Successed
173,71759,15-03-2024,Failed
174,27007,29-12-2023,Payment Successed
175,13078,24-03-2024,Payment Successed
176,20231,13-07-2023,Failed
177,39811,18-12-2024,Payment Successed
178,77018,02-05-2021,Payment Successed
179,75754,15-04-2020,Payment Successed
180,13484,07-11-2023,Payment Successed
181,42701,08-12-2022,Payment Successed
182,67302,26-08-2022,Payment Successed
183,95815,16-01-2024,Payment Successed
184,23940,23-05-2024,Refunded
185,96039,12-11-2024,Payment Successed
186,77698,03-08-2023,Payment Successed
187,76459,16-08-2023,Payment Successed
188,95029,17-02-2023,Refunded
189,84385,13-10-2024,Refunded
190,55097,10-09-2024,Payment Successed
191,74535,05-11-2020,Payment Successed
192,50208,11-09-2024,Payment Successed
193,21087,04-03-2023,Payment Successed
194,67747,15-03-2021,Payment Successed
195,6458,09-11-2023,Payment Successed
196,4924,21-07-2022,Payment Successed
197,79863,16-10-2021,Failed
198,62515,26-04-2024,Payment Successed
199,98903,10-04-2020,Payment Successed
200,53546,15-10-2020,Payment Successed
201,1841,18-05-2021,Payment Successed
202,4824,31-08-2024,Payment Successed
203,7392,05-04-2023,Payment Successed
204,39107,06-02-2023,Payment Successed
205,50158,25-06-2020,Payment Successed
206,34095,10-12-2020,Payment Successed
207,91279,20-06-2023,Payment Successed
208,69642,08-03-2020,Refunded
209,10470,24-07-2020,Payment Successed
210,91378,06-04-2023,Payment Successed
211,48018,17-10-2020,Payment Successed
212,92567,06-07-2022,Payment Successed
213,9126,23-04-2022,Payment Successed
214,36761,08-06-2024,Payment Successed
215,76758,12-07-2023,Payment Successed
216,5886,24-02-2024,Payment Successed
217,8917,03-11-2021,Payment Successed
218,61087,28-09-2021,Refunded
219,25778,07-06-2024,Payment Successed
220,73373,22-01-2022,Refunded
221,69703,29-09-2022,Payment Successed
222,1925,01-12-2021,Payment Successed
223,27909,20-12-2023,Payment Successed
224,38850,01-12-2022,Payment Successed
225,54144,02-04-2021,Payment Successed
226,67542,28-11-2020,Payment Successed
227,10119,18-02-2024,Payment Successed
228,78462,19-07-2021,Payment Successed
229,10633,23-08-2024,Payment Successed
230,64631,21-10-2023,Payment Successed
231,29432,08-05-2021,Payment Successed
232,88642,29-01-2022,Payment Successed
233,21479,18-06-2022,Payment Successed
234,82744,03-07-2023,Payment Successed
235,47693,17-11-2024,Payment Successed
236,55835,06-04-2022,Payment Successed
237,43346,30-08-2021,Payment Successed
238,36097,03-10-2021,Payment Successed
239,2235,26-11-2023,Payment Successed
240,83969,26-07-2020,Payment Successed
241,99106,26-03-2021,Failed
242,99404,29-05-2021,Payment Successed
243,28438,26-01-2024,Payment Successed
244,6756,23-01-2020,Payment Successed
245,3214,20-06-2021,Payment Successed
246,71548,11-01-2024,Payment Successed
247,46102,06-07-2022,Payment Successed
248,61559,15-02-2023,Payment Successed
249,12497,08-09-2024,Payment Successed
250,20992,26-04-2021,Payment Successed
251,80561,03-06-2020,Payment Successed
252,73759,04-01-2024,Payment Successed
253,19790,01-12-2023,Payment Successed
254,78022,30-09-2021,Payment Successed
255,84823,07-10-2024,Payment Successed
256,54631,31-01-2022,Payment Successed
257,42514,18-01-2021,Payment Successed
258,91443,29-09-2021,Payment Successed
259,31574,30-05-2022,Payment Successed
260,22566,14-09-2022,Failed
261,8804,08-04-2020,Payment Successed
262,71571,23-05-2024,Payment Successed
263,26735,14-08-2020,Payment Successed
264,92947,01-03-2022,Payment Successed
265,36273,23-10-2020,Payment Successed
266,17238,12-11-2024,Payment Successed
267,41176,10-08-2024,Payment Successed
268,10227,29-09-2022,Payment Successed
269,22238,02-05-2024,Payment Successed
270,6176,31-05-2022,Payment Successed
271,39368,09-05-2024,Payment Successed
272,23161,16-06-2023,Payment Successed
273,73542,10-09-2021,Failed
274,74067,26-12-2024,Payment Successed
275,12804,05-05-2021,Payment Successed
276,91392,04-06-2020,Payment Successed
277,48000,11-06-2022,Payment Successed
278,50220,28-09-2023,Payment Successed
279,51858,12-06-2024,Payment Successed
280,45742,11-09-2020,Payment Successed
281,29125,06-08-2020,Payment Successed
282,6581,28-06-2023,Refunded
283,55475,31-05-2020,Payment Successed
284,18467,10-12-2024,Refunded
285,61497,26-07-2023,Payment Successed
286,53892,26-04-2021,Payment Successed
287,10244,14-02-2024,Payment Successed
288,81991,28-01-2023,Payment Successed
289,18223,27-11-2020,Payment Successed
290,61713,23-06-2024,Payment Successed
291,18369,09-11-2021,Payment Successed
292,63801,06-08-2024,Payment Successed
293,13515,22-03-2023,Payment Successed
294,90553,30-11-2024,Payment Successed
295,73116,17-08-2022,Payment Successed
296,78151,17-11-2024,Payment Successed
297,64713,03-02-2024,Payment Successed
298,66086,12-12-2024,Payment Successed
299,68894,27-06-2021,Payment Successed
300,50068,02-07-2023,Payment Successed
301,66561,04-10-2023,Payment Successed
302,63072,26-06-2024,Payment Successed
303,91020,25-11-2021,Payment Successed
304,49007,12-12-2022,Payment Successed
305,52587,23-07-2024,Payment Successed
306,77106,25-08-2023,Payment Successed
307,57935,25-05-2022,Payment Successed
308,16535,17-03-2024,Failed
309,18574,01-09-2022,Payment Successed
310,73884,16-02-2023,Failed
311,15413,20-12-2023,Payment Successed
312,33163,18-05-2020,Payment Successed
313,95212,21-03-2021,Payment Successed
314,59528,19-05-2024,Payment Successed
315,81402,03-01-2021,Payment Successed
316,29032,10-08-2024,Payment Successed
317,15824,20-09-2024,Payment Successed
318,69416,10-09-2024,Payment Successed
319,70181,21-04-2023,Payment Successed
320,18219,14-01-2020,Payment Successed
321,21922,08-04-2020,Payment Successed
322,64988,14-03-2022,Payment Successed
323,64380,09-12-2022,Refunded
324,9725,27-10-2022,Payment Successed
325,21222,22-08-2022,Payment Successed
326,49982,17-11-2022,Payment Successed
327,65813,26-10-2021,Payment Successed
328,91979,23-03-2022,Payment Successed
329,59547,21-04-2022,Payment Successed
330,19135,20-03-2022,Payment Successed
331,93491,15-04-2021,Payment Successed
332,8990,19-10-2022,Payment Successed
333,86817,24-12-2021,Failed
334,12579,29-06-2022,Refunded
335,20375,17-10-2020,Payment Successed
336,9680,12-08-2023,Payment Successed
337,42889,10-06-2022,Payment Successed
338,79798,11-11-2022,Payment Successed
339,18001,10-12-2024,Payment Successed
340,92265,10-08-2020,Payment Successed
341,57357,11-08-2021,Payment Successed
342,13345,24-05-2021,Payment Successed
343,93577,17-05-2021,Payment Successed
344,45582,29-03-2021,Payment Successed
345,84267,27-09-2023,Payment Successed
346,67054,08-12-2024,Payment Successed
347,97417,11-11-2022,Payment Successed
348,33268,30-06-2024,Payment Successed
349,38322,18-12-2022,Payment Successed
350,95546,05-03-2020,Payment Successed
351,1104,28-11-2020,Payment Successed
352,76611,02-07-2023,Payment Successed
353,29176,05-10-2021,Payment Successed
354,51499,13-02-2024,Payment Successed
355,27739,23-07-2024,Payment Successed
356,6789,30-05-2021,Payment Successed
357,76200,06-04-2022,Payment Successed
358,15760,28-11-2021,Payment Successed
359,70036,18-03-2024,Payment Successed
360,50451,03-05-2021,Payment Successed
361,34373,25-03-2020,Payment Successed
362,2632,02-10-2020,Payment Successed
363,37382,19-05-2023,Payment Successed
364,67829,14-11-2023,Payment Successed
365,33165,12-09-2024,Refunded
366,99170,21-05-2024,Payment Successed
367,72971,01-02-2020,Payment Successed
368,89505,17-05-2020,Payment Successed
369,15257,24-01-2023,Payment Successed
370,12170,04-12-2020,Payment Successed
371,40303,26-01-2020,Payment Successed
372,28737,30-08-2020,Payment Successed
373,27318,12-09-2022,Refunded
374,37699,16-07-2021,Payment Successed
375,6473,18-01-2023,Payment Successed
376,87113,02-01-2024,Payment Successed
377,39875,11-06-2021,Payment Successed
378,15528,05-04-2023,Payment Successed
379,17172,20-03-2022,Payment Successed
380,84561,29-08-2024,Payment Successed
381,16641,07-11-2023,Payment Successed
382,49837,05-04-2021,Refunded
383,22602,09-02-2024,Payment Successed
384,29921,04-09-2021,Payment Successed
385,27012,25-01-2021,Payment Successed
386,29062,22-08-2021,Payment Successed
387,11201,24-10-2024,Payment Successed
388,83683,07-12-2020,Payment Successed
389,3360,29-10-2020,Payment Successed
390,31044,08-03-2022,Payment Successed
391,73631,27-03-2023,Payment Successed
392,3565,04-09-2020,Payment Successed
393,49663,01-04-2023,Payment Successed
394,31482,10-11-2023,Payment Successed
395,20955,11-01-2021,Payment Successed
396,73253,27-09-2024,Payment Successed
397,38657,02-12-2021,Failed
398,73705,23-05-2021,Payment Successed
399,37330,18-11-2021,Payment Successed
400,56629,10-08-2021,Payment Successed
401,14162,23-11-2020,Refunded
402,7446,13-06-2021,Payment Successed
403,69386,07-08-2024,Payment Successed
404,7352,11-03-2020,Payment Successed
405,16070,13-01-2020,Payment Successed
406,25456,26-07-2023,Payment Successed
407,8535,14-07-2024,Payment Successed
408,62400,02-09-2023,Payment Successed
409,79343,24-04-2021,Payment Successed
410,67025,31-03-2022,Payment Successed
411,78474,24-04-2024,Payment Successed
412,82676,02-08-2024,Payment Successed
413,52245,26-01-2020,Payment Successed
414,76729,22-04-2024,Payment Successed
415,15732,14-03-2024,Payment Successed
416,67476,03-02-2021,Payment Successed
417,90380,29-04-2022,Payment Successed
418,1127,25-09-2021,Payment Successed
419,88715,20-05-2024,Payment Successed
420,50998,02-07-2022,Refunded
421,56646,05-03-2022,Payment Successed
422,26220,12-01-2023,Payment Successed
423,48718,16-11-2022,Refunded
424,39574,07-02-2020,Payment Successed
425,84747,01-08-2022,Payment Successed
426,22573,22-08-2020,Refunded
427,45443,11-01-2022,Payment Successed
428,57690,04-11-2022,Payment Successed
429,6716,04-11-2023,Payment Successed
430,46302,18-06-2024,Payment Successed
431,59189,27-05-2024,Payment Successed
432,28462,28-09-2021,Payment Successed
433,11484,07-03-2020,Payment Successed
434,82403,19-10-2020,Payment Successed
435,32029,02-05-2021,Payment Successed
436,32762,07-04-2024,Payment Successed
437,50231,29-05-2023,Payment Successed
438,3123,29-08-2023,Payment Successed
439,68678,02-09-2021,Failed
440,16501,01-05-2021,Payment Successed
441,81168,03-10-2023,Payment Successed
442,60151,23-08-2022,Payment Successed
443,60291,21-01-2023,Payment Successed
444,10010,19-09-2020,Payment Successed
445,38550,14-02-2021,Payment Successed
446,87520,27-07-2020,Payment Successed
447,24583,04-09-2020,Payment Successed
448,95640,18-04-2023,Payment Successed
449,14949,08-06-2020,Payment Successed
450,41977,24-02-2021,Payment Successed
451,31359,13-01-2020,Payment Successed
452,33060,30-04-2024,Payment Successed
453,73536,18-02-2023,Payment Successed
454,75126,17-08-2020,Failed
455,34470,05-03-2022,Payment Successed
456,99638,27-04-2021,Payment Successed
457,10463,13-07-2023,Failed
458,29367,27-03-2023,Refunded
459,60664,24-06-2021,Payment Successed
460,35692,09-11-2023,Payment Successed
461,51793,24-10-2024,Payment Successed
462,72668,20-06-2020,Payment Successed
463,3456,29-12-2021,Payment Successed
464,4018,30-09-2020,Payment Successed
465,47837,13-04-2020,Refunded
466,62027,06-09-2024,Refunded
467,56549,08-12-2021,Payment Successed
468,92090,14-04-2023,Payment Successed
469,94921,15-12-2022,Payment Successed
470,8108,14-02-2022,Payment Successed
471,33229,20-11-2020,Payment Successed
472,82289,17-09-2024,Payment Successed
473,27229,24-02-2022,Payment Successed
474,93666,07-10-2022,Payment Successed
475,77741,13-12-2023,Payment Successed
476,28572,17-02-2023,Payment Successed
477,25817,04-04-2023,Payment Successed
478,91052,04-03-2022,Payment Successed
479,12037,14-02-2020,Failed
480,85334,09-12-2020,Refunded
481,69673,05-03-2021,Payment Successed
482,49460,20-09-2021,Payment Successed
483,60040,08-08-2023,Payment Successed
484,69012,19-01-2021,Payment Successed
485,62994,19-02-2022,Payment Successed
486,29497,06-08-2024,Failed
487,91488,27-07-2023,Payment Successed
488,34342,16-01-2024,Payment Successed
489,79049,13-12-2022,Payment Successed
490,7288,02-04-2021,Failed
491,75602,21-07-2020,Payment Successed
492,34484,21-05-2022,Payment Successed
493,49668,25-12-2020,Refunded
494,29100,10-02-2021,Payment Successed
495,46548,19-09-2021,Payment Successed
496,53531,15-03-2023,Payment Successed
497,9496,05-04-2022,Payment Successed
498,20757,17-11-2021,Payment Successed
499,68014,28-10-2022,Payment Successed
500,13039,07-08-2024,Payment Successed
501,9140,23-03-2021,Payment Successed
502,85510,14-10-2021,Payment Successed
503,36718,28-12-2023,Refunded
504,9135,18-06-2020,Payment Successed
505,52136,03-09-2023,Payment Successed
506,88043,25-04-2021,Refunded
507,77395,27-06-2021,Payment Successed
508,74677,09-02-2020,Payment Successed
509,77222,19-11-2020,Payment Successed
510,73309,28-03-2024,Payment Successed
511,5331,24-12-2024,Payment Successed
512,58292,03-11-2020,Payment Successed
513,74025,13-06-2021,Payment Successed
514,20356,12-02-2021,Payment Successed
515,38915,04-07-2022,Payment Successed
516,58451,23-04-2020,Payment Successed
517,58796,11-08-2021,Payment Successed
518,60465,29-01-2020,Payment Successed
519,28367,06-03-2023,Payment Successed
520,78284,21-12-2020,Payment Successed
521,79948,19-05-2023,Payment Successed
522,70482,02-04-2020,Payment Successed
523,13148,24-09-2023,Payment Successed
524,27556,20-01-2024,Payment Successed
525,34843,09-06-2022,Payment Successed
526,36053,28-10-2021,Payment Successed
527,33620,29-07-2022,Payment Successed
528,83714,27-03-2021,Payment Successed
529,13908,23-09-2024,Payment Successed
530,25037,26-11-2023,Payment Successed
531,72518,28-01-2020,Payment Successed
532,48420,10-02-2022,Payment Successed
533,91186,05-12-2021,Payment Successed
534,95245,21-09-2022,Payment Successed
535,89478,05-10-2023,Payment Successed
536,13705,26-03-2024,Payment Successed
537,66484,30-03-2021,Payment Successed
538,52328,22-02-2021,Payment Successed
539,81210,14-09-2020,Payment Successed
540,43285,13-12-2021,Payment Successed
541,30052,22-03-2020,Payment Successed
542,54885,31-03-2024,Payment Successed
543,47835,12-10-2021,Payment Successed
544,78789,19-09-2024,Payment Successed
545,39908,09-01-2024,Payment Successed
546,44476,12-05-2024,Payment Successed
547,8606,01-02-2024,Payment Successed
548,15535,25-06-2020,Payment Successed
549,7624,09-11-2020,Payment Successed
550,93930,10-10-2023,Payment Successed
551,21787,15-06-2022,Payment Successed
552,99229,24-02-2020,Payment Successed
553,55836,24-12-2024,Payment Successed
554,40129,06-03-2024,Payment Successed
555,51364,01-03-2021,Payment Successed
556,65162,02-04-2022,Refunded
557,49834,09-12-2020,Payment Successed
558,1766,20-07-2021,Payment Successed
559,23190,05-07-2020,Payment Successed
560,73437,25-06-2022,Payment Successed
561,79508,28-12-2023,Payment Successed
562,54175,17-01-2024,Payment Successed
563,84196,09-12-2021,Payment Successed
564,77618,13-01-2024,Payment Successed
565,19802,17-04-2020,Payment Successed
566,40376,31-12-2020,Payment Successed
567,83405,20-05-2020,Payment Successed
568,86346,05-10-2022,Refunded
569,57996,14-03-2020,Payment Successed
570,40381,19-01-2022,Payment Successed
571,38408,18-02-2023,Payment Successed
572,76773,21-05-2020,Payment Successed
573,15685,10-05-2024,Payment Successed
574,73420,08-12-2024,Payment Successed
575,43491,24-04-2021,Refunded
576,63551,12-02-2024,Payment Successed
577,35898,06-11-2020,Payment Successed
578,69848,05-12-2022,Payment Successed
579,76865,25-11-2022,Failed
580,17697,20-06-2023,Payment Successed
581,76804,11-07-2022,Payment Successed
582,96910,11-03-2022,Payment Successed
583,63188,15-06-2021,Payment Successed
584,80393,21-09-2023,Payment Successed
585,69146,07-03-2022,Payment Successed
586,47251,11-12-2024,Payment Successed
587,63916,28-06-2021,Refunded
588,11283,08-05-2021,Payment Successed
589,12184,04-03-2023,Payment Successed
590,46106,03-06-2024,Payment Successed
591,77289,23-12-2021,Payment Successed
592,58777,16-05-2024,Payment Successed
593,12685,28-03-2021,Payment Successed
594,30508,19-11-2024,Payment Successed
595,75604,04-10-2022,Payment Successed
596,3553,24-01-2022,Payment Successed
597,84986,06-09-2023,Payment Successed
598,83810,16-05-2023,Payment Successed
599,36536,27-10-2021,Refunded
600,60891,27-02-2024,Payment Successed
601,86952,25-08-2022,Payment Successed
602,67570,14-02-2023,Payment Successed
603,11905,07-08-2024,Payment Successed
604,84530,10-02-2020,Payment Successed
605,68364,23-09-2023,Payment Successed
606,38787,31-01-2021,Failed
607,42900,03-08-2023,Payment Successed
608,40687,27-04-2021,Payment Successed
609,16170,12-07-2021,Payment Successed
610,76992,16-12-2020,Refunded
611,12836,21-08-2021,Payment Successed
612,72615,10-11-2024,Payment Successed
613,74299,22-02-2021,Payment Successed
614,3725,22-01-2021,Payment Successed
615,27448,30-06-2021,Payment Successed
616,89697,07-02-2024,Payment Successed
617,26731,16-01-2024,Payment Successed
618,9333,14-02-2024,Payment Successed
619,4015,22-04-2020,Payment Successed
620,43310,29-06-2022,Refunded
621,60063,21-07-2020,Payment Successed
622,35763,26-08-2024,Payment Successed
623,48668,26-07-2024,Payment Successed
624,16793,16-03-2022,Payment Successed
625,48158,07-03-2023,Payment Successed
626,17167,19-05-2024,Payment Successed
627,48411,25-07-2024,Payment Successed
628,45920,02-04-2024,Payment Successed
629,34005,08-07-2020,Payment Successed
630,1273,26-12-2021,Payment Successed
631,25455,14-11-2020,Payment Successed
632,16666,29-01-2021,Failed
633,98144,26-05-2023,Payment Successed
634,20463,28-02-2020,Payment Successed
635,9768,22-01-2024,Refunded
636,5618,02-06-2022,Payment Successed
637,62285,18-08-2020,Payment Successed
638,64430,23-08-2022,Payment Successed
639,68321,29-08-2022,Payment Successed
640,35030,25-10-2022,Payment Successed
641,25199,15-06-2021,Payment Successed
642,78626,10-06-2022,Payment Successed
643,26799,19-01-2023,Payment Successed
644,48360,27-10-2022,Payment Successed
645,71879,11-01-2022,Payment Successed
646,59240,11-05-2021,Refunded
647,33369,15-05-2021,Payment Successed
648,30656,21-10-2022,Payment Successed
649,82532,08-07-2022,Payment Successed
650,5940,26-07-2023,Payment Successed
651,56980,16-12-2021,Payment Successed
652,10865,11-04-2022,Payment Successed
653,63158,12-11-2024,Payment Successed
654,63791,08-07-2023,Payment Successed
655,99013,15-01-2020,Payment Successed
656,43077,14-04-2020,Payment Successed
657,98607,21-03-2023,Payment Successed
658,94983,29-12-2020,Refunded
659,48807,14-06-2023,Payment Successed
660,49236,29-11-2022,Payment Successed
661,31248,02-11-2023,Payment Successed
662,59014,17-12-2023,Payment Successed
663,37232,07-02-2022,Payment Successed
664,88211,20-11-2024,Payment Successed
665,11032,05-03-2021,Failed
666,32614,16-11-2023,Payment Successed
667,19520,15-08-2021,Payment Successed
668,25483,17-09-2023,Payment Successed
669,96637,09-11-2023,Failed
670,36973,29-09-2023,Payment Successed
671,31733,16-06-2020,Payment Successed
672,21257,27-06-2022,Payment Successed
673,60723,05-08-2022,Payment Successed
674,14336,10-05-2021,Refunded
675,31821,10-09-2024,Payment Successed
676,40081,25-05-2024,Payment Successed
677,31218,18-07-2024,Payment Successed
678,57656,29-07-2024,Payment Successed
679,72139,28-03-2022,Payment Successed
680,14913,06-05-2024,Payment Successed
681,64299,17-09-2023,Payment Successed
682,84757,01-10-2020,Payment Successed
683,48167,14-01-2020,Payment Successed
684,90692,05-10-2023,Payment Successed
685,64475,23-05-2023,Payment Successed
686,98833,11-09-2022,Failed
687,46496,12-12-2023,Payment Successed
688,75626,07-08-2021,Payment Successed
689,58742,31-08-2020,Payment Successed
690,18516,21-06-2022,Refunded
691,39367,26-01-2020,Payment Successed
692,54408,20-05-2022,Payment Successed
693,37583,19-05-2023,Refunded
694,23073,12-05-2020,Payment Successed
695,66168,16-11-2024,Payment Successed
696,34332,29-06-2023,Payment Successed
697,13420,04-05-2022,Payment Successed
698,71894,26-06-2024,Payment Successed
699,14161,24-11-2020,Payment Successed
700,29909,14-07-2020,Payment Successed
701,13566,31-08-2023,Payment Successed
702,88176,04-07-2020,Payment Successed
703,1391,21-04-2023,Payment Successed
704,49577,16-06-2020,Payment Successed
705,62509,18-08-2020,Payment Successed
706,86119,06-05-2023,Refunded
707,76675,22-01-2022,Payment Successed
708,84227,23-03-2023,Payment Successed
709,7094,13-06-2020,Payment Successed
710,94332,19-02-2023,Payment Successed
711,29122,22-04-2021,Refunded
712,28523,01-07-2024,Payment Successed
713,95041,15-05-2021,Payment Successed
714,9948,14-02-2021,Refunded
715,3444,11-03-2023,Payment Successed
716,52306,27-09-2020,Refunded
717,62536,27-12-2024,Payment Successed
718,13274,08-07-2023,Payment Successed
719,57998,16-08-2020,Payment Successed
720,77878,29-12-2022,Payment Successed
721,58544,10-06-2023,Payment Successed
722,63222,31-05-2023,Refunded
723,13510,15-10-2023,Payment Successed
724,67937,28-08-2023,Payment Successed
725,95664,27-01-2023,Payment Successed
726,15789,07-11-2022,Payment Successed
727,77823,12-10-2023,Refunded
728,81121,26-02-2022,Payment Successed
729,79309,15-06-2024,Payment Successed
730,49111,07-01-2021,Payment Successed
731,30443,09-04-2024,Payment Successed
732,20137,16-08-2022,Payment Successed
733,53120,27-11-2024,Payment Successed
734,66422,23-09-2023,Payment Successed
735,3757,08-01-2024,Payment Successed
736,26076,03-07-2024,Payment Successed
737,23836,28-09-2022,Payment Successed
738,69825,14-05-2023,Payment Successed
739,66973,17-04-2021,Payment Successed
740,38469,20-02-2022,Payment Successed
741,16379,08-12-2024,Payment Successed
742,42269,08-11-2023,Payment Successed
743,22771,28-12-2021,Payment Successed
744,21709,22-02-2020,Payment Successed
745,22849,02-10-2021,Payment Successed
746,65856,08-02-2020,Payment Successed
747,90864,14-05-2024,Failed
748,24689,12-08-2021,Payment Successed
749,62009,08-10-2024,Payment Successed
750,95628,07-05-2023,Payment Successed
751,54488,17-03-2023,Payment Successed
752,88348,22-10-2024,Payment Successed
753,90795,18-11-2024,Payment Successed
754,8102,16-12-2024,Refunded
755,16229,06-02-2022,Payment Successed
756,70337,20-12-2024,Payment Successed
757,86364,05-01-2022,Payment Successed
758,14470,12-08-2024,Payment Successed
759,15751,07-07-2021,Payment Successed
760,62106,25-03-2021,Payment Successed
761,35317,11-03-2023,Payment Successed
762,53300,07-09-2023,Refunded
763,41784,18-06-2022,Payment Successed
764,63514,03-11-2020,Payment Successed
765,3472,28-05-2023,Payment Successed
766,91109,24-08-2023,Payment Successed
767,74169,13-11-2021,Payment Successed
768,28403,24-07-2022,Payment Successed
769,11089,19-09-2024,Payment Successed
770,47582,26-09-2021,Payment Successed
771,52368,21-06-2022,Refunded
772,88428,28-05-2023,Payment Successed
773,16279,04-03-2023,Payment Successed
774,95384,05-10-2020,Payment Successed
775,38819,25-05-2023,Payment Successed
776,66611,27-02-2020,Payment Successed
777,70682,23-05-2020,Payment Successed
778,46700,05-08-2024,Payment Successed
779,20030,04-02-2024,Payment Successed
780,18553,28-07-2021,Payment Successed
781,54952,17-06-2020,Payment Successed
782,70339,31-05-2021,Payment Successed
783,96889,29-08-2020,Payment Successed
784,38673,08-11-2023,Payment Successed
785,74700,20-09-2024,Payment Successed
786,57003,17-01-2022,Payment Successed
787,73378,10-08-2021,Payment Successed
788,85790,24-03-2020,Payment Successed
789,9325,03-08-2021,Payment Successed
790,67087,17-06-2023,Payment Successed
791,8126,26-09-2022,Payment Successed
792,99286,21-08-2020,Payment Successed
793,29678,19-11-2021,Payment Successed
794,10728,18-04-2020,Payment Successed
795,41494,11-02-2021,Refunded
796,93686,23-07-2021,Payment Successed
797,68973,07-07-2022,Refunded
798,25319,25-04-2024,Payment Successed
799,81681,02-11-2020,Payment Successed
800,96231,14-12-2024,Payment Successed
801,28018,21-12-2024,Payment Successed
802,27502,24-12-2024,Payment Successed
803,64801,25-04-2024,Payment Successed
804,26938,18-10-2024,Payment Successed
805,40995,22-06-2021,Payment Successed
806,13670,07-11-2024,Payment Successed
807,14504,23-08-2020,Payment Successed
808,44739,21-11-2021,Payment Successed
809,69198,05-10-2024,Payment Successed
810,29500,25-09-2020,Payment Successed
811,78144,05-04-2023,Payment Successed
812,8500,18-03-2022,Payment Successed
813,4998,05-06-2020,Payment Successed
814,8938,22-12-2021,Payment Successed
815,28365,10-06-2021,Payment Successed
816,12424,30-03-2022,Payment Successed
817,73723,22-11-2021,Payment Successed
818,66992,03-08-2022,Payment Successed
819,15550,17-04-2023,Payment Successed
820,58526,25-07-2021,Payment Successed
821,74112,07-06-2022,Payment Successed
822,67590,04-01-2022,Payment Successed
823,34679,04-10-2020,Payment Successed
824,98186,07-05-2023,Payment Successed
825,76799,01-08-2020,Payment Successed
826,42953,28-02-2021,Payment Successed
827,46791,25-06-2023,Payment Successed
828,54807,15-12-2021,Payment Successed
829,87960,14-02-2022,Failed
830,31785,28-09-2020,Payment Successed
831,55889,01-06-2024,Payment Successed
832,18723,25-12-2022,Payment Successed
833,85676,20-06-2021,Payment Successed
834,58523,06-07-2022,Payment Successed
835,82807,19-03-2024,Payment Successed
836,88616,06-08-2022,Payment Successed
837,76059,10-11-2020,Payment Successed
838,18126,16-02-2024,Payment Successed
839,54018,23-06-2021,Payment Successed
840,36648,11-09-2022,Payment Successed
841,28425,17-09-2024,Payment Successed
842,14973,29-02-2020,Payment Successed
843,9981,21-11-2023,Payment Successed
844,75003,11-10-2024,Payment Successed
845,52126,30-04-2020,Payment Successed
846,5823,03-05-2024,Payment Successed
847,9649,28-05-2022,Payment Successed
848,22524,22-03-2023,Payment Successed
849,50785,06-02-2020,Payment Successed
850,83040,20-11-2021,Payment Successed
851,11874,29-11-2023,Payment Successed
852,58657,02-03-2021,Payment Successed
853,33916,05-03-2022,Payment Successed
854,60352,10-07-2023,Failed
855,72792,18-06-2023,Refunded
856,82717,03-03-2021,Payment Successed
857,77853,04-06-2023,Payment Successed
858,18557,09-02-2024,Refunded
859,59918,26-06-2021,Payment Successed
860,71928,31-03-2024,Payment Successed
861,36173,05-06-2022,Payment Successed
862,54246,13-07-2021,Payment Successed
863,96050,23-07-2023,Payment Successed
864,58027,13-11-2022,Payment Successed
865,50939,28-06-2024,Payment Successed
866,85557,22-07-2022,Payment Successed
867,44979,06-07-2024,Payment Successed
868,77124,18-08-2022,Payment Successed
869,95626,28-06-2024,Payment Successed
870,83168,22-09-2022,Payment Successed
871,29803,17-10-2020,Refunded
872,24485,03-12-2022,Payment Successed
873,85452,08-12-2021,Payment Successed
874,41216,22-12-2023,Payment Successed
875,71500,12-06-2024,Payment Successed
876,42972,20-05-2022,Payment Successed
877,3420,11-01-2022,Refunded
878,31099,24-02-2020,Payment Successed
879,95059,10-10-2021,Payment Successed
880,6051,01-01-2025,Payment Successed
881,64656,17-09-2023,Refunded
882,87148,29-11-2021,Payment Successed
883,10037,24-06-2022,Payment Successed
884,43868,09-08-2022,Payment Successed
885,29687,01-08-2023,Payment Successed
886,99579,21-06-2020,Payment Successed
887,90014,12-07-2020,Payment Successed
888,85764,09-12-2021,Refunded
889,4589,24-04-2021,Payment Successed
890,63028,30-05-2022,Failed
891,53072,22-10-2021,Payment Successed
892,59959,08-05-2020,Payment Successed
893,98515,30-05-2021,Payment Successed
894,43335,04-04-2021,Failed
895,78884,13-02-2022,Payment Successed
896,43533,12-01-2020,Refunded
897,98077,14-04-2021,Payment Successed
898,90297,27-01-2022,Payment Successed
899,53491,04-02-2022,Payment Successed
900,68305,04-06-2020,Payment Successed
901,93652,07-09-2021,Payment Successed
902,27174,09-02-2022,Payment Successed
903,38274,10-09-2021,Payment Successed
904,39419,31-05-2020,Payment Successed
905,84522,24-04-2022,Payment Successed
906,28685,27-11-2022,Payment Successed
907,18307,30-12-2024,Payment Successed
908,84720,03-10-2023,Payment Successed
909,27682,22-10-2024,Payment Successed
910,83095,03-10-2021,Payment Successed
911,4150,27-04-2024,Payment Successed
912,54684,03-12-2020,Payment Successed
913,66818,11-07-2021,Payment Successed
914,23840,21-04-2021,Payment Successed
915,70607,24-10-2021,Failed
916,43042,01-12-2024,Payment Successed
917,81746,23-08-2024,Payment Successed
918,13372,05-03-2024,Payment Successed
919,16600,08-03-2020,Refunded
920,40971,18-08-2022,Payment Successed
921,84840,09-12-2022,Payment Successed
922,28671,30-11-2020,Payment Successed
923,5773,17-05-2023,Payment Successed
924,78737,11-01-2022,Payment Successed
925,42144,05-12-2022,Payment Successed
926,71756,20-04-2022,Payment Successed
927,37477,06-07-2023,Failed
928,64201,08-03-2023,Payment Successed
929,34873,25-08-2022,Payment Successed
930,24800,11-03-2024,Payment Successed
931,24245,12-11-2022,Payment Successed
932,60238,17-04-2021,Payment Successed
933,45416,09-06-2022,Failed
934,52903,09-06-2020,Payment Successed
935,71569,19-03-2023,Payment Successed
936,81900,21-08-2024,Payment Successed
937,14376,06-02-2020,Payment Successed
938,53148,14-02-2023,Payment Successed
939,21197,24-02-2020,Payment Successed
940,65143,28-07-2021,Payment Successed
941,65603,04-02-2022,Payment Successed
942,8465,25-07-2022,Payment Successed
943,53393,06-07-2021,Payment Successed
944,40809,25-07-2023,Failed
945,49924,22-11-2021,Payment Successed
946,5932,23-01-2020,Payment Successed
947,27374,17-11-2022,Payment Successed
948,85596,05-06-2023,Payment Successed
949,80820,20-05-2021,Payment Successed
950,69277,02-09-2024,Refunded
951,55831,19-07-2021,Payment Successed
952,44597,07-11-2022,Payment Successed
953,51985,07-06-2022,Payment Successed
954,27482,27-03-2024,Payment Successed
955,43290,01-02-2021,Payment Successed
956,33597,11-07-2022,Payment Successed
957,22385,09-02-2022,Payment Successed
958,31666,01-12-2020,Payment Successed
959,21547,25-04-2024,Payment Successed
960,59748,23-05-2024,Payment Successed
961,43243,12-09-2023,Failed
962,51728,10-12-2023,Payment Successed
963,21165,11-11-2021,Payment Successed
964,6905,25-08-2023,Payment Successed
965,60276,25-02-2023,Payment Successed
966,2272,17-08-2020,Payment Successed
967,17607,02-05-2021,Payment Successed
968,64495,24-06-2024,Payment Successed
969,82084,12-04-2022,Failed
970,36674,18-10-2021,Payment Successed
971,20963,10-11-2020,Payment Successed
972,80343,19-11-2022,Refunded
973,53229,02-02-2020,Payment Successed
974,90245,28-12-2022,Payment Successed
975,84603,10-06-2023,Payment Successed
976,10702,21-02-2024,Payment Successed
977,72474,08-11-2021,Payment Successed
978,7722,03-12-2024,Payment Successed
979,28596,05-08-2024,Refunded
980,21807,11-09-2024,Payment Successed
981,58967,16-05-2024,Payment Successed
982,54346,24-10-2022,Refunded
983,66557,28-12-2020,Payment Successed
984,5373,01-03-2021,Refunded
985,77599,29-09-2020,Payment Successed
986,34169,13-06-2020,Payment Successed
987,48722,13-02-2021,Payment Successed
988,80818,11-02-2022,Payment Successed
989,21002,02-05-2024,Refunded
990,54421,04-11-2023,Payment Successed
991,5288,28-11-2022,Payment Successed
992,90930,15-07-2023,Payment Successed
993,51017,23-02-2024,Payment Successed
994,10386,08-01-2021,Payment Successed
995,89508,11-07-2024,Payment Successed
996,15596,24-06-2020,Payment Successed
997,92083,10-11-2022,Payment Successed
998,1385,19-10-2021,Payment Successed
999,77530,28-06-2020,Payment Successed
1000,29107,12-03-2024,Payment Successed
1001,87566,08-02-2022,Payment Successed
1002,26646,16-05-2023,Payment Successed
1003,49608,09-10-2024,Payment Successed
1004,26297,26-01-2020,Failed
1005,19601,27-08-2021,Payment Successed
1006,77768,07-03-2024,Payment Successed
1007,47815,15-12-2022,Payment Successed
1008,37122,20-12-2024,Payment Successed
1009,52561,26-12-2021,Payment Successed
1010,41149,31-07-2024,Payment Successed
1011,93501,25-08-2022,Payment Successed
1012,95074,04-09-2022,Failed
1013,21973,29-11-2020,Payment Successed
1014,95935,04-04-2021,Refunded
1015,62823,15-03-2020,Payment Successed
1016,43138,22-06-2023,Payment Successed
1017,81790,30-10-2022,Payment Successed
1018,52673,14-01-2020,Payment Successed
1019,10368,25-11-2023,Payment Successed
1020,58425,07-06-2020,Payment Successed
1021,71540,20-04-2020,Payment Successed
1022,19293,03-05-2022,Payment Successed
1023,61644,02-08-2022,Payment Successed
1024,94295,18-01-2024,Refunded
1025,67216,04-05-2022,Payment Successed
1026,87687,22-10-2023,Payment Successed
1027,3204,20-07-2023,Payment Successed
1028,98073,25-11-2021,Payment Successed
1029,92809,27-07-2022,Refunded
1030,64500,31-08-2022,Payment Successed
1031,85164,24-02-2023,Payment Successed
1032,95330,17-04-2023,Payment Successed
1033,97043,31-07-2023,Payment Successed
1034,94100,04-12-2020,Payment Successed
1035,60382,04-03-2024,Payment Successed
1036,90265,08-12-2024,Payment Successed
1037,71937,17-03-2020,Refunded
1038,68127,31-05-2023,Payment Successed
1039,71622,14-08-2021,Payment Successed
1040,88409,11-04-2023,Payment Successed
1041,13332,05-03-2020,Payment Successed
1042,51160,19-08-2023,Failed
1043,89530,16-01-2021,Payment Successed
1044,9208,08-07-2020,Payment Successed
1045,81809,29-09-2022,Payment Successed
1046,24315,06-01-2022,Payment Successed
1047,17507,17-12-2020,Payment Successed
1048,86341,26-04-2024,Payment Successed
1049,77125,27-11-2020,Payment Successed
1050,77582,15-06-2024,Payment Successed
1051,75590,26-05-2021,Payment Successed
1052,85509,28-02-2022,Payment Successed
1053,24740,22-02-2024,Payment Successed
1054,7831,22-02-2021,Failed
1055,37127,03-07-2023,Payment Successed
1056,81565,26-11-2023,Payment Successed
1057,73919,10-11-2024,Payment Successed
1058,70922,10-06-2024,Payment Successed
1059,34071,16-06-2023,Payment Successed
1060,37724,17-01-2023,Payment Successed
1061,16423,04-09-2020,Payment Successed
1062,83352,03-12-2023,Payment Successed
1063,69544,19-08-2023,Payment Successed
1064,28536,30-07-2022,Payment Successed
1065,84898,14-02-2020,Payment Successed
1066,39561,25-11-2020,Payment Successed
1067,93622,10-03-2024,Payment Successed
1068,26132,02-02-2022,Payment Successed
1069,53861,15-04-2020,Payment Successed
1070,37033,08-02-2022,Refunded
1071,79726,27-12-2023,Payment Successed
1072,91221,13-05-2024,Payment Successed
1073,64687,22-10-2020,Payment Successed
1074,35404,16-08-2020,Payment Successed
1075,27863,10-10-2023,Payment Successed
1076,30218,21-04-2021,Refunded
1077,58339,27-08-2022,Payment Successed
1078,24415,06-04-2021,Payment Successed
1079,15920,15-08-2023,Payment Successed
1080,4437,13-08-2023,Payment Successed
1081,81215,15-06-2021,Refunded
1082,58135,21-01-2023,Payment Successed
1083,59216,25-03-2020,Failed
1084,72589,10-09-2024,Payment Successed
1085,56742,01-11-2020,Payment Successed
1086,26299,03-12-2024,Payment Successed
1087,13556,02-08-2022,Payment Successed
1088,70575,24-04-2020,Payment Successed
1089,97693,16-10-2020,Payment Successed
1090,75807,07-05-2022,Payment Successed
1091,97624,13-03-2023,Payment Successed
1092,70204,20-10-2021,Payment Successed
1093,18424,12-02-2024,Payment Successed
1094,90819,09-10-2021,Payment Successed
1095,90490,06-06-2024,Payment Successed
1096,25968,14-01-2023,Payment Successed
1097,14590,03-02-2021,Payment Successed
1098,75191,11-05-2020,Payment Successed
1099,48767,08-06-2023,Payment Successed
1100,99824,31-05-2021,Payment Successed
1101,36703,20-02-2024,Payment Successed
1102,21978,04-04-2021,Payment Successed
1103,78117,26-11-2022,Payment Successed
1104,2381,27-08-2024,Refunded
1105,37582,15-04-2023,Payment Successed
1106,6227,30-05-2022,Payment Successed
1107,6300,11-08-2023,Payment Successed
1108,14887,01-02-2024,Payment Successed
1109,15665,24-07-2021,Payment Successed
1110,62417,03-10-2023,Failed
1111,99681,08-04-2024,Payment Successed
1112,6872,10-05-2020,Payment Successed
1113,89674,12-10-2023,Payment Successed
1114,61610,20-09-2024,Payment Successed
1115,89963,16-06-2023,Payment Successed
1116,31031,23-09-2024,Payment Successed
1117,98762,17-09-2022,Payment Successed
1118,9513,10-03-2022,Payment Successed
1119,70765,21-02-2021,Payment Successed
1120,17553,20-10-2022,Payment Successed
1121,73380,01-12-2020,Payment Successed
1122,24364,02-02-2024,Payment Successed
1123,75149,18-01-2021,Payment Successed
1124,31386,20-07-2023,Payment Successed
1125,57080,08-03-2022,Refunded
1126,82899,26-01-2021,Payment Successed
1127,31486,23-11-2020,Payment Successed
1128,84489,24-11-2022,Payment Successed
1129,41644,21-09-2020,Payment Successed
1130,72617,08-06-2021,Refunded
1131,95704,03-05-2021,Payment Successed
1132,70355,12-04-2022,Payment Successed
1133,74117,21-10-2021,Failed
1134,93609,21-04-2021,Payment Successed
1135,72817,22-11-2024,Payment Successed
1136,57767,19-12-2024,Payment Successed
1137,17334,09-02-2022,Refunded
1138,36765,06-09-2023,Payment Successed
1139,28565,13-06-2020,Payment Successed
1140,33979,26-02-2022,Payment Successed
1141,16360,10-03-2024,Payment Successed
1142,36729,29-05-2023,Payment Successed
1143,95179,02-10-2021,Payment Successed
1144,66491,26-11-2020,Payment Successed
1145,41431,29-06-2023,Refunded
1146,10476,18-04-2020,Payment Successed
1147,88717,15-03-2021,Payment Successed
1148,18927,13-12-2022,Payment Successed
1149,34113,21-08-2020,Payment Successed
1150,89290,30-12-2021,Payment Successed
1151,92801,16-11-2022,Payment Successed
1152,9597,15-05-2023,Payment Successed
1153,61042,15-06-2020,Payment Successed
1154,32354,17-01-2021,Payment Successed
1155,57906,16-09-2023,Payment Successed
1156,75584,01-04-2024,Payment Successed
1157,43962,12-08-2020,Failed
1158,28563,24-10-2022,Payment Successed
1159,2285,26-04-2022,Payment Successed
1160,41064,04-03-2022,Payment Successed
1161,12561,21-02-2020,Payment Successed
1162,80985,30-07-2021,Payment Successed
1163,18151,07-12-2020,Payment Successed
1164,5282,17-05-2020,Payment Successed
1165,97309,28-10-2023,Payment Successed
1166,65587,23-05-2022,Payment Successed
1167,99561,19-09-2022,Payment Successed
1168,5348,21-01-2023,Payment Successed
1169,13031,14-08-2020,Payment Successed
1170,8425,21-02-2021,Payment Successed
1171,43366,22-11-2023,Payment Successed
1172,73293,17-07-2023,Payment Successed
1173,39840,30-05-2020,Payment Successed
1174,66174,11-07-2021,Failed
1175,40758,27-11-2020,Payment Successed
1176,69078,26-04-2021,Payment Successed
1177,90071,25-10-2022,Payment Successed
1178,11564,26-06-2023,Payment Successed
1179,38987,03-12-2023,Payment Successed
1180,44946,19-08-2020,Refunded
1181,74326,08-05-2022,Payment Successed
1182,48903,15-08-2024,Payment Successed
1183,27385,05-06-2022,Payment Successed
1184,14932,02-10-2024,Refunded
1185,33174,16-03-2020,Payment Successed
1186,83815,25-10-2021,Payment Successed
1187,86682,28-11-2022,Payment Successed
1188,32094,31-10-2024,Payment Successed
1189,77665,16-05-2024,Payment Successed
1190,20605,18-03-2023,Payment Successed
1191,8816,01-03-2023,Payment Successed
1192,28771,21-11-2020,Payment Successed
1193,62019,23-12-2021,Payment Successed
1194,97059,19-10-2020,Payment Successed
1195,75713,29-11-2020,Payment Successed
1196,74932,17-10-2020,Payment Successed
1197,47293,18-11-2021,Refunded
1198,84143,21-03-2022,Failed
1199,28953,06-02-2024,Payment Successed
1200,99203,02-04-2022,Payment Successed
1201,41086,10-08-2024,Payment Successed
1202,23679,12-10-2023,Payment Successed
1203,37752,22-04-2023,Payment Successed
1204,34786,30-07-2024,Payment Successed
1205,88029,01-08-2023,Payment Successed
1206,74967,26-09-2024,Payment Successed
1207,75273,21-03-2023,Payment Successed
1208,99185,21-04-2024,Refunded
1209,24472,02-04-2022,Payment Successed
1210,96748,08-11-2023,Refunded
1211,46620,12-06-2024,Payment Successed
1212,49222,16-11-2022,Payment Successed
1213,8106,18-04-2024,Payment Successed
1214,23465,30-04-2020,Payment Successed
1215,31832,02-01-2020,Payment Successed
1216,31626,16-04-2024,Payment Successed
1217,38156,29-04-2024,Payment Successed
1218,98666,20-02-2021,Payment Successed
1219,21975,04-03-2024,Payment Successed
1220,60133,15-01-2020,Payment Successed
1221,31230,31-07-2023,Payment Successed
1222,18625,02-10-2024,Payment Successed
1223,88723,27-12-2022,Payment Successed
1224,69656,23-11-2020,Payment Successed
1225,88653,02-01-2022,Payment Successed
1226,60443,26-04-2024,Payment Successed
1227,22183,21-04-2022,Payment Successed
1228,28672,29-03-2024,Refunded
1229,2558,17-12-2020,Payment Successed
1230,11935,29-11-2024,Payment Successed
1231,21601,07-01-2022,Payment Successed
1232,86916,02-06-2021,Payment Successed
1233,21750,10-09-2022,Payment Successed
1234,66745,20-08-2022,Payment Successed
1235,85928,23-02-2023,Payment Successed
1236,85351,23-12-2020,Payment Successed
1237,75983,30-11-2020,Payment Successed
1238,65124,08-05-2022,Payment Successed
1239,48988,31-05-2022,Refunded
1240,28033,05-08-2023,Payment Successed
1241,68469,02-08-2024,Payment Successed
1242,61450,19-11-2023,Payment Successed
1243,84877,06-04-2023,Payment Successed
1244,1215,18-08-2023,Payment Successed
1245,39796,05-02-2024,Payment Successed
1246,21629,26-02-2022,Payment Successed
1247,96741,10-06-2024,Failed
1248,98108,28-07-2022,Payment Successed
1249,81458,14-03-2023,Payment Successed
1250,47098,01-07-2020,Payment Successed
1251,99962,14-09-2022,Payment Successed
1252,62196,22-12-2021,Payment Successed
1253,64026,11-03-2023,Payment Successed
1254,22217,25-07-2023,Refunded
1255,60890,07-09-2022,Refunded
1256,47974,27-10-2024,Payment Successed
1257,2584,06-11-2020,Payment Successed
1258,90468,02-03-2024,Payment Successed
1259,57362,04-04-2023,Failed
1260,43727,13-03-2024,Payment Successed
1261,52573,02-01-2021,Payment Successed
1262,74646,18-01-2021,Payment Successed
1263,69781,04-08-2021,Payment Successed
1264,96655,07-03-2020,Payment Successed
1265,23710,16-09-2024,Refunded
1266,47692,18-12-2020,Payment Successed
1267,87847,20-12-2020,Payment Successed
1268,21015,21-06-2024,Payment Successed
1269,14678,02-08-2020,Payment Successed
1270,66093,08-07-2021,Payment Successed
1271,60438,05-12-2020,Payment Successed
1272,67060,11-06-2024,Payment Successed
1273,30812,08-12-2020,Payment Successed
1274,24458,08-12-2023,Payment Successed
1275,85649,10-07-2021,Payment Successed
1276,91269,17-06-2020,Payment Successed
1277,39039,25-02-2023,Payment Successed
1278,76161,28-05-2020,Payment Successed
1279,85410,29-12-2024,Payment Successed
1280,7326,24-05-2024,Payment Successed
1281,29818,19-04-2024,Payment Successed
1282,46818,20-12-2020,Payment Successed
1283,41434,03-01-2020,Payment Successed
1284,94823,18-05-2024,Payment Successed
1285,1006,19-02-2020,Payment Successed
1286,46883,27-12-2020,Failed
1287,27770,19-03-2022,Payment Successed
1288,86809,07-09-2024,Payment Successed
1289,19441,06-02-2021,Payment Successed
1290,87160,12-07-2024,Payment Successed
1291,83183,22-09-2024,Payment Successed
1292,20079,17-04-2021,Payment Successed
1293,49469,21-07-2023,Payment Successed
1294,67177,22-09-2021,Payment Successed
1295,44309,16-12-2020,Payment Successed
1296,33046,18-12-2022,Refunded
1297,13126,25-03-2021,Payment Successed
1298,75958,18-04-2024,Refunded
1299,63027,28-08-2023,Payment Successed
1300,79004,12-01-2020,Payment Successed
1301,86174,15-08-2022,Payment Successed
1302,52881,26-01-2024,Payment Successed
1303,47298,22-08-2020,Payment Successed
1304,62699,16-07-2023,Payment Successed
1305,28692,11-10-2023,Payment Successed
1306,36335,17-09-2023,Payment Successed
1307,77504,22-06-2021,Payment Successed
1308,35321,25-11-2022,Payment Successed
1309,84515,03-04-2022,Payment Successed
1310,59886,15-01-2023,Payment Successed
1311,35340,26-05-2024,Payment Successed
1312,96508,19-11-2023,Payment Successed
1313,81849,02-04-2022,Payment Successed
1314,85157,25-07-2020,Payment Successed
1315,88523,06-07-2022,Payment Successed
1316,80451,01-11-2024,Payment Successed
1317,21180,02-02-2021,Payment Successed
1318,54046,20-05-2021,Payment Successed
1319,41696,08-11-2022,Payment Successed
1320,80921,24-09-2021,Payment Successed
1321,6370,17-06-2024,Refunded
1322,79119,06-08-2024,Payment Successed
1323,92318,04-07-2020,Payment Successed
1324,5485,25-03-2022,Payment Successed
1325,6677,30-07-2023,Payment Successed
1326,99732,05-01-2021,Payment Successed
1327,41445,18-01-2023,Payment Successed
1328,5129,10-03-2020,Payment Successed
1329,65776,17-04-2021,Payment Successed
1330,85555,06-08-2020,Payment Successed
1331,86766,10-05-2022,Payment Successed
1332,38465,28-05-2024,Payment Successed
1333,67949,21-10-2023,Payment Successed
1334,67970,10-03-2021,Payment Successed
1335,63964,21-08-2022,Payment Successed
1336,77615,19-05-2023,Payment Successed
1337,40373,29-05-2023,Payment Successed
1338,87725,20-01-2023,Payment Successed
1339,37896,05-05-2024,Payment Successed
1340,71444,07-11-2024,Payment Successed
1341,83323,04-11-2022,Payment Successed
1342,25636,02-10-2020,Payment Successed
1343,73300,12-03-2023,Payment Successed
1344,61428,12-06-2023,Payment Successed
1345,19045,16-08-2020,Payment Successed
1346,76609,13-07-2020,Payment Successed
1347,83653,29-10-2024,Payment Successed
1348,84461,28-04-2020,Payment Successed
1349,13924,12-06-2021,Payment Successed
1350,47287,16-10-2024,Payment Successed
1351,96007,05-10-2021,Payment Successed
1352,12151,04-01-2022,Refunded
1353,47779,30-12-2023,Payment Successed
1354,36750,21-10-2022,Refunded
1355,9019,30-10-2020,Payment Successed
1356,89268,11-03-2021,Payment Successed
1357,92382,20-09-2021,Payment Successed
1358,17675,04-12-2024,Payment Successed
1359,37353,31-05-2023,Refunded
1360,22227,23-03-2020,Payment Successed
1361,67734,31-08-2022,Payment Successed
1362,68088,03-06-2022,Payment Successed
1363,76352,13-01-2024,Payment Successed
1364,78139,06-08-2023,Payment Successed
1365,94065,25-08-2024,Refunded
1366,40612,02-10-2022,Payment Successed
1367,70374,07-03-2023,Refunded
1368,75808,09-04-2020,Payment Successed
1369,9119,21-12-2021,Payment Successed
1370,78183,17-12-2021,Payment Successed
1371,47340,02-01-2022,Payment Successed
1372,30891,19-02-2021,Payment Successed
1373,81105,28-07-2021,Failed
1374,27627,18-04-2024,Payment Successed
1375,65879,03-02-2021,Payment Successed
1376,63149,04-12-2022,Payment Successed
1377,5885,03-03-2020,Payment Successed
1378,49656,24-04-2021,Payment Successed
1379,90315,29-05-2021,Failed
1380,87335,14-11-2023,Payment Successed
1381,97521,27-11-2022,Payment Successed
1382,17159,31-10-2020,Payment Successed
1383,37429,05-03-2022,Payment Successed
1384,30132,22-11-2020,Payment Successed
1385,30041,29-04-2020,Payment Successed
1386,93203,11-07-2023,Payment Successed
1387,90419,17-06-2024,Payment Successed
1388,91756,22-07-2022,Payment Successed
1389,11040,14-09-2024,Payment Successed
1390,11359,18-12-2023,Payment Successed
1391,4161,09-01-2021,Payment Successed
1392,65804,17-11-2021,Payment Successed
1393,70306,18-12-2022,Payment Successed
1394,15834,28-08-2020,Payment Successed
1395,46139,23-12-2023,Payment Successed
1396,8619,18-03-2022,Failed
1397,64727,05-05-2024,Payment Successed
1398,37965,15-06-2022,Payment Successed
1399,33844,19-06-2020,Payment Successed
1400,51979,05-04-2023,Payment Successed
1401,19099,17-01-2023,Payment Successed
1402,53652,01-10-2023,Payment Successed
1403,38212,25-07-2022,Payment Successed
1404,86041,22-07-2021,Payment Successed
1405,15282,13-11-2021,Payment Successed
1406,44872,05-09-2021,Payment Successed
1407,14246,28-01-2020,Payment Successed
1408,21045,22-02-2022,Payment Successed
1409,14557,17-12-2023,Payment Successed
1410,13302,02-01-2022,Payment Successed
1411,39045,11-04-2024,Payment Successed
1412,8261,01-11-2023,Payment Successed
1413,43730,22-05-2023,Payment Successed
1414,87766,06-05-2023,Payment Successed
1415,92771,09-08-2023,Payment Successed
1416,68074,13-01-2022,Payment Successed
1417,79624,05-11-2021,Payment Successed
1418,44959,09-09-2021,Payment Successed
1419,71371,02-08-2024,Payment Successed
1420,6741,08-04-2021,Payment Successed
1421,52246,11-08-2024,Payment Successed
1422,45972,13-04-2023,Payment Successed
1423,40816,21-11-2023,Payment Successed
1424,60566,11-10-2024,Payment Successed
1425,94055,16-04-2021,Payment Successed
1426,46356,26-04-2020,Payment Successed
1427,41916,01-10-2022,Payment Successed
1428,67368,17-07-2023,Payment Successed
1429,59781,28-01-2022,Payment Successed
1430,52127,12-11-2021,Payment Successed
1431,27499,09-09-2021,Payment Successed
1432,63601,16-05-2023,Payment Successed
1433,74804,22-11-2024,Payment Successed
1434,91155,03-11-2022,Payment Successed
1435,51122,13-12-2024,Refunded
1436,36160,23-04-2020,Payment Successed
1437,44058,15-04-2022,Payment Successed
1438,14875,28-11-2022,Payment Successed
1439,11863,13-02-2021,Payment Successed
1440,35388,09-08-2023,Payment Successed
1441,62695,05-01-2023,Payment Successed
1442,33892,19-02-2023,Payment Successed
1443,6574,19-10-2021,Payment Successed
1444,35118,24-10-2023,Payment Successed
1445,37981,16-05-2023,Payment Successed
1446,96692,13-12-2023,Payment Successed
1447,87784,05-02-2021,Payment Successed
1448,68679,24-03-2020,Payment Successed
1449,39069,11-01-2020,Payment Successed
1450,95574,27-08-2021,Payment Successed
1451,51317,07-03-2020,Payment Successed
1452,42478,27-06-2024,Payment Successed
1453,43140,13-04-2021,Refunded
1454,4163,03-11-2023,Payment Successed
1455,80782,19-09-2020,Payment Successed
1456,80540,31-07-2022,Payment Successed
1457,23477,14-10-2020,Payment Successed
1458,1705,26-08-2023,Payment Successed
1459,75965,30-08-2021,Payment Successed
1460,37010,01-09-2020,Payment Successed
1461,79602,24-07-2024,Payment Successed
1462,75532,27-01-2020,Refunded
1463,24288,13-12-2024,Payment Successed
1464,20058,14-01-2021,Payment Successed
1465,48843,16-10-2020,Payment Successed
1466,23134,15-09-2020,Payment Successed
1467,74798,07-04-2021,Payment Successed
1468,79444,28-08-2024,Payment Successed
1469,60501,20-11-2022,Payment Successed
1470,83616,13-10-2022,Payment Successed
1471,65656,07-11-2020,Payment Successed
1472,67359,07-03-2024,Payment Successed
1473,85929,22-05-2021,Payment Successed
1474,52777,28-01-2022,Payment Successed
1475,75120,14-10-2021,Failed
1476,4232,18-02-2024,Failed
1477,72819,06-06-2023,Payment Successed
1478,54731,05-12-2020,Payment Successed
1479,48626,13-10-2021,Payment Successed
1480,8050,17-05-2020,Payment Successed
1481,43006,24-12-2023,Payment Successed
1482,94402,25-03-2022,Payment Successed
1483,51183,14-06-2021,Payment Successed
1484,6826,20-08-2024,Payment Successed
1485,51047,23-07-2023,Payment Successed
1486,18575,24-03-2024,Payment Successed
1487,47422,02-11-2024,Payment Successed
1488,98865,13-03-2024,Payment Successed
1489,79378,20-04-2021,Payment Successed
1490,43372,08-09-2022,Payment Successed
1491,1902,22-08-2021,Payment Successed
1492,6053,25-06-2024,Payment Successed
1493,32181,05-01-2020,Payment Successed
1494,75099,31-05-2021,Payment Successed
1495,1628,10-09-2024,Payment Successed
1496,22491,06-08-2020,Refunded
1497,13827,05-08-2021,Payment Successed
1498,42651,19-04-2023,Payment Successed
1499,84577,29-09-2024,Refunded
1500,14655,02-12-2020,Payment Successed
1501,41745,19-07-2024,Payment Successed
1502,3148,07-06-2020,Refunded
1503,47741,27-05-2021,Payment Successed
1504,4123,04-01-2020,Refunded
1505,93820,05-08-2020,Payment Successed
1506,25364,20-04-2020,Payment Successed
1507,76086,01-08-2021,Payment Successed
1508,82486,01-04-2024,Payment Successed
1509,13478,07-06-2022,Payment Successed
1510,89035,13-02-2022,Failed
1511,95401,19-01-2023,Payment Successed
1512,9831,20-06-2024,Payment Successed
1513,91723,08-01-2021,Payment Successed
1514,66883,24-12-2023,Payment Successed
1515,14554,21-07-2023,Payment Successed
1516,44517,25-08-2022,Payment Successed
1517,11060,26-11-2024,Payment Successed
1518,29878,14-04-2020,Payment Successed
1519,45996,05-07-2022,Payment Successed
1520,26281,06-03-2022,Failed
1521,81581,11-09-2024,Payment Successed
1522,7328,09-02-2023,Payment Successed
1523,37450,14-06-2020,Payment Successed
1524,41364,01-05-2024,Payment Successed
1525,34473,20-09-2020,Payment Successed
1526,58229,10-07-2021,Payment Successed
1527,18481,28-07-2022,Payment Successed
1528,98142,28-06-2022,Payment Successed
1529,14691,17-09-2020,Payment Successed
1530,45945,26-11-2022,Payment Successed
1531,98975,26-04-2020,Refunded
1532,36920,01-12-2020,Payment Successed
1533,29460,26-04-2023,Payment Successed
1534,25086,19-03-2023,Refunded
1535,85364,18-10-2020,Payment Successed
1536,91836,22-09-2022,Payment Successed
1537,76070,01-11-2020,Payment Successed
1538,71187,18-06-2021,Payment Successed
1539,68530,03-12-2021,Payment Successed
1540,37832,13-11-2020,Payment Successed
1541,22888,19-12-2022,Payment Successed
1542,62821,24-03-2021,Payment Successed
1543,81977,24-03-2022,Payment Successed
1544,24892,31-05-2020,Payment Successed
1545,3639,04-12-2023,Payment Successed
1546,86879,11-07-2022,Payment Successed
1547,22990,09-11-2024,Payment Successed
1548,34745,05-06-2024,Payment Successed
1549,49680,06-01-2020,Payment Successed
1550,20890,05-12-2022,Payment Successed
1551,11760,21-08-2023,Payment Successed
1552,56199,16-05-2022,Failed
1553,68387,16-03-2021,Payment Successed
1554,96347,14-07-2021,Payment Successed
1555,82797,05-02-2022,Payment Successed
1556,13639,21-12-2024,Payment Successed
1557,92429,19-08-2021,Payment Successed
1558,53456,31-03-2024,Refunded
1559,6161,23-03-2024,Payment Successed
1560,43469,02-02-2020,Refunded
1561,63102,20-08-2021,Payment Successed
1562,52596,18-07-2021,Payment Successed
1563,96808,25-01-2020,Failed
1564,94689,31-03-2023,Payment Successed
1565,78659,08-11-2024,Payment Successed
1566,24544,20-01-2020,Payment Successed
1567,9559,13-09-2020,Payment Successed
1568,25676,23-01-2022,Payment Successed
1569,7879,06-01-2022,Payment Successed
1570,84558,27-10-2021,Payment Successed
1571,8747,22-06-2023,Payment Successed
1572,18149,01-03-2021,Payment Successed
1573,49504,19-02-2021,Payment Successed
1574,44760,10-08-2022,Payment Successed
1575,29155,17-06-2023,Payment Successed
1576,63478,09-03-2020,Payment Successed
1577,72947,08-05-2024,Payment Successed
1578,29612,02-07-2020,Payment Successed
1579,46502,07-01-2024,Payment Successed
1580,88294,25-05-2023,Payment Successed
1581,20533,29-03-2024,Payment Successed
1582,87802,15-04-2023,Payment Successed
1583,44300,08-04-2022,Payment Successed
1584,7489,22-06-2022,Payment Successed
1585,77182,17-09-2020,Payment Successed
1586,87549,25-07-2024,Payment Successed
1587,19200,28-12-2021,Payment Successed
1588,6571,24-08-2020,Payment Successed
1589,63661,20-03-2023,Payment Successed
1590,36476,31-10-2022,Payment Successed
1591,86389,03-03-2024,Payment Successed
1592,55720,17-11-2024,Payment Successed
1593,91122,09-02-2022,Payment Successed
1594,88197,25-01-2024,Refunded
1595,14962,21-07-2021,Payment Successed
1596,59140,23-08-2021,Refunded
1597,3284,15-12-2024,Payment Successed
1598,77184,08-01-2021,Payment Successed
1599,8624,12-09-2022,Payment Successed
1600,31005,12-05-2020,Payment Successed
1601,38136,08-11-2021,Payment Successed
1602,36602,19-12-2023,Payment Successed
1603,7876,08-05-2023,Payment Successed
1604,67261,31-05-2024,Payment Successed
1605,48318,14-08-2024,Payment Successed
1606,12679,01-08-2020,Payment Successed
1607,61643,17-03-2022,Refunded
1608,4046,19-04-2024,Payment Successed
1609,66061,27-01-2021,Payment Successed
1610,57324,01-08-2023,Payment Successed
1611,9272,13-06-2021,Payment Successed
1612,26563,15-01-2022,Payment Successed
1613,91023,12-02-2022,Refunded
1614,74557,02-06-2024,Payment Successed
1615,33658,24-04-2020,Payment Successed
1616,47323,23-05-2020,Refunded
1617,46459,02-03-2023,Payment Successed
1618,63681,12-06-2022,Payment Successed
1619,39492,22-02-2023,Payment Successed
1620,95321,09-04-2021,Payment Successed
1621,74942,08-10-2021,Payment Successed
1622,98028,29-10-2022,Payment Successed
1623,4914,13-01-2020,Payment Successed
1624,80873,13-05-2021,Payment Successed
1625,45241,07-09-2023,Payment Successed
1626,61101,24-07-2020,Payment Successed
1627,7708,01-07-2023,Payment Successed
1628,75553,08-11-2022,Payment Successed
1629,7813,01-09-2021,Payment Successed
1630,51184,18-11-2023,Payment Successed
1631,80023,15-06-2023,Payment Successed
1632,78426,14-02-2021,Payment Successed
1633,30360,19-08-2024,Payment Successed
1634,6860,03-07-2020,Payment Successed
1635,80233,22-04-2021,Payment Successed
1636,90435,23-10-2022,Payment Successed
1637,31076,24-04-2024,Payment Successed
1638,80848,26-07-2023,Refunded
1639,13234,11-10-2024,Payment Successed
1640,67139,25-07-2023,Payment Successed
1641,14494,20-06-2022,Payment Successed
1642,90143,28-09-2022,Payment Successed
1643,41917,22-12-2021,Payment Successed
1644,20893,23-08-2022,Payment Successed
1645,14017,17-10-2022,Refunded
1646,90373,01-03-2021,Payment Successed
1647,77425,23-11-2020,Payment Successed
1648,28632,21-02-2023,Payment Successed
1649,76333,14-07-2022,Failed
1650,43823,07-09-2022,Payment Successed
1651,76915,21-08-2020,Payment Successed
1652,2747,12-08-2022,Payment Successed
1653,54053,19-01-2021,Payment Successed
1654,56686,20-07-2023,Failed
1655,78511,20-07-2023,Payment Successed
1656,83780,18-06-2020,Payment Successed
1657,74013,08-05-2021,Payment Successed
1658,36593,10-09-2021,Payment Successed
1659,69239,14-02-2023,Payment Successed
1660,62358,01-04-2020,Payment Successed
1661,79603,20-01-2021,Payment Successed
1662,22197,01-12-2023,Payment Successed
1663,34965,14-04-2024,Payment Successed
1664,80364,20-06-2023,Payment Successed
1665,71493,07-04-2022,Refunded
1666,58764,05-02-2024,Payment Successed
1667,14976,02-10-2022,Payment Successed
1668,41579,08-12-2021,Payment Successed
1669,24717,31-10-2022,Payment Successed
1670,29260,28-10-2021,Refunded
1671,41835,23-03-2022,Refunded
1672,76289,10-02-2021,Refunded
1673,10841,07-08-2024,Payment Successed
1674,23707,08-02-2020,Payment Successed
1675,23787,22-10-2022,Payment Successed
1676,66964,01-09-2023,Payment Successed
1677,96619,06-09-2024,Payment Successed
1678,50462,01-11-2020,Payment Successed
1679,46962,27-09-2024,Payment Successed
1680,49749,12-09-2020,Payment Successed
1681,35407,12-11-2020,Refunded
1682,90441,07-12-2022,Payment Successed
1683,57937,15-03-2022,Payment Successed
1684,87899,09-10-2021,Failed
1685,38808,29-05-2021,Payment Successed
1686,26400,19-11-2023,Payment Successed
1687,73555,30-07-2020,Payment Successed
1688,70340,08-05-2022,Refunded
1689,29538,07-04-2024,Payment Successed
1690,38415,11-07-2023,Payment Successed
1691,78176,08-07-2023,Payment Successed
1692,79541,26-04-2023,Payment Successed
1693,66989,12-10-2020,Payment Successed
1694,64972,23-04-2020,Payment Successed
1695,42322,13-03-2022,Payment Successed
1696,55205,03-05-2022,Payment Successed
1697,70428,30-08-2022,Payment Successed
1698,41378,28-06-2020,Payment Successed
1699,58737,10-06-2023,Payment Successed
1700,5007,29-12-2023,Payment Successed
1701,85960,05-10-2023,Payment Successed
1702,25219,27-12-2020,Payment Successed
1703,49060,21-06-2024,Payment Successed
1704,43630,22-07-2020,Payment Successed
1705,63430,07-05-2021,Payment Successed
1706,83135,17-04-2022,Payment Successed
1707,73587,05-11-2023,Payment Successed
1708,70159,09-06-2024,Payment Successed
1709,29697,09-12-2022,Payment Successed
1710,36339,06-07-2023,Payment Successed
1711,99782,20-11-2022,Payment Successed
1712,13801,12-11-2021,Refunded
1713,56168,03-11-2024,Payment Successed
1714,97498,25-06-2021,Payment Successed
1715,93846,16-04-2024,Payment Successed
1716,12152,15-05-2024,Payment Successed
1717,17719,11-07-2022,Payment Successed
1718,14715,21-10-2023,Payment Successed
1719,75407,14-10-2023,Payment Successed
1720,16018,10-06-2023,Payment Successed
1721,63202,29-04-2020,Payment Successed
1722,63539,26-08-2023,Payment Successed
1723,42276,02-08-2023,Payment Successed
1724,21504,23-09-2020,Payment Successed
1725,90794,26-05-2020,Failed
1726,61100,01-07-2020,Refunded
1727,5784,06-10-2022,Payment Successed
1728,79871,10-06-2024,Payment Successed
1729,46009,08-01-2023,Payment Successed
1730,40609,04-12-2021,Failed
1731,61090,21-08-2021,Payment Successed
1732,88158,09-09-2023,Refunded
1733,83052,20-11-2021,Payment Successed
1734,87003,06-03-2024,Payment Successed
1735,75294,15-08-2020,Payment Successed
1736,41357,19-05-2021,Payment Successed
1737,39036,03-05-2024,Payment Successed
1738,17149,12-10-2023,Payment Successed
1739,79641,24-01-2023,Payment Successed
1740,5859,05-09-2022,Payment Successed
1741,44553,07-03-2023,Payment Successed
1742,84739,14-02-2022,Payment Successed
1743,38425,19-10-2020,Payment Successed
1744,53310,10-04-2023,Payment Successed
1745,14534,11-12-2021,Payment Successed
1746,21667,19-11-2024,Payment Successed
1747,66100,06-11-2024,Payment Successed
1748,4853,25-12-2022,Payment Successed
1749,51021,26-10-2021,Payment Successed
1750,66580,03-11-2020,Payment Successed
1751,60975,27-02-2022,Payment Successed
1752,69515,11-06-2021,Payment Successed
1753,10122,26-01-2022,Payment Successed
1754,66776,12-12-2020,Payment Successed
1755,21073,18-05-2020,Refunded
1756,26957,19-08-2020,Payment Successed
1757,18270,11-05-2023,Payment Successed
1758,60630,22-01-2022,Payment Successed
1759,65532,19-12-2021,Payment Successed
1760,70074,26-01-2021,Payment Successed
1761,94495,11-06-2024,Payment Successed
1762,53664,06-04-2021,Payment Successed
1763,47171,01-06-2022,Payment Successed
1764,31350,06-09-2020,Payment Successed
1765,84205,28-05-2023,Payment Successed
1766,58694,24-11-2020,Payment Successed
1767,84182,05-09-2022,Payment Successed
1768,84582,21-03-2022,Payment Successed
1769,18304,27-01-2020,Payment Successed
1770,35543,14-05-2024,Payment Successed
1771,25878,16-06-2020,Failed
1772,41451,24-06-2022,Refunded
1773,1158,31-01-2022,Payment Successed
1774,16760,28-03-2022,Payment Successed
1775,20973,19-06-2021,Payment Successed
1776,19031,16-09-2022,Payment Successed
1777,29180,19-02-2021,Payment Successed
1778,63535,26-12-2023,Payment Successed
1779,9410,14-09-2023,Refunded
1780,52211,27-07-2024,Payment Successed
1781,43320,13-03-2024,Payment Successed
1782,34805,24-11-2021,Refunded
1783,1505,19-08-2024,Payment Successed
1784,70561,21-04-2023,Refunded
1785,46321,25-06-2023,Payment Successed
1786,88426,25-01-2023,Payment Successed
1787,87665,20-12-2020,Payment Successed
1788,33896,11-05-2021,Payment Successed
1789,2995,28-06-2022,Failed
1790,61574,24-01-2020,Payment Successed
1791,54191,18-06-2023,Payment Successed
1792,98109,10-09-2022,Refunded
1793,61095,05-09-2022,Payment Successed
1794,12318,19-11-2020,Payment Successed
1795,50408,07-11-2022,Payment Successed
1796,10363,07-10-2024,Payment Successed
1797,1162,12-04-2022,Payment Successed
1798,78328,21-04-2022,Payment Successed
1799,79398,01-08-2024,Payment Successed
1800,54104,30-03-2020,Payment Successed
1801,4217,20-09-2023,Payment Successed
1802,43293,09-08-2020,Payment Successed
1803,76747,02-03-2022,Payment Successed
1804,97805,28-11-2020,Payment Successed
1805,53212,25-03-2020,Payment Successed
1806,45364,23-01-2023,Payment Successed
1807,56311,15-10-2021,Payment Successed
1808,90292,08-08-2021,Payment Successed
1809,62972,07-03-2021,Payment Successed
1810,7239,25-01-2023,Payment Successed
1811,51927,16-04-2020,Payment Successed
1812,75356,15-10-2020,Refunded
1813,56466,29-11-2023,Payment Successed
1814,12628,19-03-2023,Payment Successed
1815,91471,14-07-2023,Payment Successed
1816,52786,27-03-2022,Payment Successed
1817,95614,20-04-2021,Payment Successed
1818,73627,04-05-2020,Payment Successed
1819,46171,14-04-2020,Payment Successed
1820,33926,10-05-2023,Payment Successed
1821,82105,09-05-2020,Payment Successed
1822,98055,15-03-2020,Payment Successed
1823,8716,03-03-2022,Payment Successed
1824,66129,22-08-2021,Payment Successed
1825,59346,09-05-2024,Failed
1826,87446,11-01-2022,Payment Successed
1827,60386,04-12-2022,Payment Successed
1828,95316,31-10-2021,Payment Successed
1829,99104,28-02-2020,Payment Successed
1830,85668,30-11-2022,Payment Successed
1831,14745,31-07-2020,Payment Successed
1832,31270,04-04-2023,Refunded
1833,42089,27-10-2024,Payment Successed
1834,87436,08-05-2024,Payment Successed
1835,11802,14-06-2020,Payment Successed
1836,16959,01-03-2020,Payment Successed
1837,46090,08-08-2022,Payment Successed
1838,26501,07-10-2023,Payment Successed
1839,43700,18-04-2024,Payment Successed
1840,63273,26-02-2024,Payment Successed
1841,41101,01-03-2021,Payment Successed
1842,74823,10-05-2020,Payment Successed
1843,96256,12-02-2021,Payment Successed
1844,63221,21-01-2024,Payment Successed
1845,72689,01-04-2023,Payment Successed
1846,99089,23-09-2024,Payment Successed
1847,52939,28-12-2020,Payment Successed
1848,50530,12-01-2021,Payment Successed
1849,20725,03-08-2020,Payment Successed
1850,13103,18-12-2024,Payment Successed
1851,76444,10-03-2021,Payment Successed
1852,56112,05-01-2020,Payment Successed
1853,35373,04-06-2023,Payment Successed
1854,17855,10-03-2020,Payment Successed
1855,47229,29-05-2021,Payment Successed
1856,79888,30-06-2020,Payment Successed
1857,19639,24-09-2021,Payment Successed
1858,27512,30-06-2021,Payment Successed
1859,11828,08-10-2022,Payment Successed
1860,75235,30-06-2024,Payment Successed
1861,20952,01-05-2021,Payment Successed
1862,39177,08-05-2024,Payment Successed
1863,34314,01-06-2022,Payment Successed
1864,13903,10-07-2021,Payment Successed
1865,78990,25-08-2020,Payment Successed
1866,97140,18-08-2024,Failed
1867,63233,29-11-2020,Payment Successed
1868,32933,06-02-2022,Payment Successed
1869,41613,21-08-2023,Refunded
1870,24560,22-07-2020,Payment Successed
1871,99024,25-04-2023,Payment Successed
1872,96362,23-06-2023,Payment Successed
1873,27230,02-02-2022,Payment Successed
1874,47445,01-08-2024,Payment Successed
1875,49679,07-08-2022,Payment Successed
1876,23318,04-11-2024,Payment Successed
1877,68591,19-09-2023,Payment Successed
1878,2295,30-01-2023,Payment Successed
1879,50485,01-02-2023,Payment Successed
1880,62281,11-10-2021,Payment Successed
1881,97517,08-04-2022,Payment Successed
1882,67782,04-03-2024,Failed
1883,12454,14-06-2021,Payment Successed
1884,71386,10-04-2024,Payment Successed
1885,53149,28-09-2021,Payment Successed
1886,1320,07-10-2020,Payment Successed
1887,68583,11-05-2022,Payment Successed
1888,92652,06-07-2021,Payment Successed
1889,78794,13-04-2024,Payment Successed
1890,23282,13-01-2021,Refunded
1891,88201,08-04-2022,Payment Successed
1892,58806,13-11-2021,Payment Successed
1893,41202,07-10-2022,Payment Successed
1894,60768,23-03-2023,Payment Successed
1895,15841,29-07-2020,Payment Successed
1896,60597,28-06-2024,Payment Successed
1897,30130,04-12-2021,Payment Successed
1898,37817,21-01-2024,Payment Successed
1899,74044,01-04-2020,Payment Successed
1900,75121,03-07-2023,Refunded
1901,33089,04-06-2023,Payment Successed
1902,28557,04-02-2023,Payment Successed
1903,28834,14-04-2020,Payment Successed
1904,11820,24-07-2023,Payment Successed
1905,22552,08-04-2022,Payment Successed
1906,7298,03-08-2023,Payment Successed
1907,41774,29-01-2022,Payment Successed
1908,74817,30-06-2024,Payment Successed
1909,39129,24-11-2021,Payment Successed
1910,55358,28-09-2022,Payment Successed
1911,71511,26-06-2023,Payment Successed
1912,92808,12-09-2022,Payment Successed
1913,81750,31-08-2023,Payment Successed
1914,78460,15-09-2022,Payment Successed
1915,83567,09-04-2020,Payment Successed
1916,63938,31-03-2021,Refunded
1917,1191,01-10-2024,Payment Successed
1918,74675,29-05-2020,Payment Successed
1919,82079,23-08-2021,Payment Successed
1920,20391,06-09-2021,Payment Successed
1921,59450,26-07-2021,Payment Successed
1922,56457,08-01-2020,Payment Successed
1923,75852,04-10-2023,Payment Successed
1924,17441,05-06-2022,Payment Successed
1925,73058,22-08-2023,Payment Successed
1926,98459,14-12-2020,Payment Successed
1927,34187,28-01-2022,Payment Successed
1928,93233,17-11-2021,Payment Successed
1929,4734,24-03-2022,Payment Successed
1930,2570,01-02-2020,Payment Successed
1931,33825,30-03-2022,Payment Successed
1932,41601,14-01-2020,Payment Successed
1933,80610,31-01-2022,Payment Successed
1934,89633,27-08-2020,Payment Successed
1935,3658,26-02-2022,Payment Successed
1936,19617,17-03-2024,Payment Successed
1937,50772,17-08-2020,Payment Successed
1938,68769,27-05-2021,Payment Successed
1939,19008,02-08-2024,Payment Successed
1940,84101,11-11-2023,Payment Successed
1941,66642,15-05-2020,Payment Successed
1942,39001,11-10-2023,Failed
1943,80970,02-05-2023,Payment Successed
1944,46751,12-02-2022,Payment Successed
1945,59876,06-10-2021,Payment Successed
1946,47919,29-12-2022,Payment Successed
1947,51669,13-07-2024,Payment Successed
1948,29707,13-11-2023,Payment Successed
1949,71400,31-07-2021,Payment Successed
1950,28899,23-05-2021,Payment Successed
1951,50130,21-02-2021,Refunded
1952,19625,13-02-2020,Payment Successed
1953,50893,15-05-2024,Payment Successed
1954,94427,07-07-2020,Payment Successed
1955,41660,19-02-2024,Payment Successed
1956,48590,09-11-2023,Payment Successed
1957,57251,02-11-2023,Payment Successed
1958,46476,01-01-2020,Refunded
1959,43869,20-01-2022,Payment Successed
1960,57468,19-10-2020,Payment Successed
1961,12950,03-03-2021,Payment Successed
1962,34709,27-03-2021,Payment Successed
1963,30048,28-08-2022,Refunded
1964,58365,25-08-2020,Payment Successed
1965,76927,11-07-2023,Payment Successed
1966,6001,18-06-2024,Failed
1967,6157,14-02-2022,Payment Successed
1968,29597,05-04-2022,Failed
1969,54225,27-01-2024,Payment Successed
1970,25549,05-05-2021,Payment Successed
1971,85612,09-03-2023,Refunded
1972,23764,16-06-2022,Payment Successed
1973,79827,11-04-2020,Payment Successed
1974,55998,28-09-2021,Failed
1975,10333,24-04-2020,Payment Successed
1976,76416,19-02-2022,Payment Successed
1977,17431,08-08-2024,Payment Successed
1978,63952,30-04-2023,Refunded
1979,22392,02-03-2020,Payment Successed
1980,3625,09-10-2020,Payment Successed
1981,8495,01-05-2023,Payment Successed
1982,94664,05-04-2021,Payment Successed
1983,6804,06-01-2024,Payment Successed
1984,90741,11-09-2022,Payment Successed
1985,58534,08-01-2020,Payment Successed
1986,21498,21-02-2022,Payment Successed
1987,46925,28-01-2021,Payment Successed
1988,38967,15-02-2020,Payment Successed
1989,7764,13-05-2023,Payment Successed
1990,85885,27-06-2021,Payment Successed
1991,96886,04-04-2020,Payment Successed
1992,90415,21-08-2022,Payment Successed
1993,13448,27-02-2022,Payment Successed
1994,97942,18-01-2021,Payment Successed
1995,38446,10-07-2023,Payment Successed
1996,45906,23-11-2021,Payment Successed
1997,72306,13-12-2022,Payment Successed
1998,96787,31-01-2023,Failed
1999,29239,25-06-2021,Payment Successed
2000,37491,06-07-2021,Payment Successed
2001,64358,17-10-2022,Payment Successed
2002,63542,02-07-2022,Payment Successed
2003,56591,03-12-2022,Payment Successed
2004,98278,29-07-2022,Payment Successed
2005,9796,18-03-2022,Payment Successed
2006,23600,29-10-2022,Payment Successed
2007,67412,18-11-2021,Payment Successed
2008,52781,16-11-2023,Payment Successed
2009,53618,20-05-2024,Payment Successed
2010,12216,29-07-2023,Failed
2011,98510,05-11-2020,Payment Successed
2012,69319,21-07-2020,Failed
2013,32991,13-04-2024,Payment Successed
2014,4595,03-01-2020,Payment Successed
2015,18112,21-09-2021,Payment Successed
2016,21077,31-07-2022,Payment Successed
2017,18004,15-01-2023,Payment Successed
2018,71729,13-08-2022,Payment Successed
2019,52102,25-09-2022,Refunded
2020,52452,04-03-2023,Payment Successed
2021,70493,03-05-2023,Payment Successed
2022,87063,01-03-2024,Payment Successed
2023,89065,06-02-2020,Refunded
2024,43900,01-01-2024,Payment Successed
2025,11837,13-03-2024,Payment Successed
2026,26518,24-05-2020,Payment Successed
2027,22145,28-06-2022,Payment Successed
2028,30454,25-12-2023,Payment Successed
2029,34396,11-06-2021,Payment Successed
2030,46829,17-05-2021,Payment Successed
2031,6474,10-12-2022,Payment Successed
2032,2956,23-07-2023,Payment Successed
2033,2496,29-04-2021,Payment Successed
2034,9951,25-11-2022,Payment Successed
2035,47668,03-02-2022,Payment Successed
2036,30705,26-09-2020,Payment Successed
2037,36308,03-06-2021,Payment Successed
2038,84187,10-12-2022,Payment Successed
2039,7973,02-09-2023,Payment Successed
2040,14076,01-08-2021,Payment Successed
2041,45758,17-11-2022,Payment Successed
2042,66382,25-02-2022,Failed
2043,35757,11-04-2020,Payment Successed
2044,66456,24-07-2020,Payment Successed
2045,80634,25-06-2020,Payment Successed
2046,46819,20-12-2020,Payment Successed
2047,10549,23-02-2023,Payment Successed
2048,55005,20-05-2020,Payment Successed
2049,26203,29-12-2022,Payment Successed
2050,54878,06-08-2024,Payment Successed
2051,20420,13-09-2022,Payment Successed
2052,43940,16-09-2023,Payment Successed
2053,92416,27-05-2023,Payment Successed
2054,30171,09-08-2024,Payment Successed
2055,13765,29-05-2023,Refunded
2056,70289,11-03-2022,Payment Successed
2057,95234,04-01-2024,Payment Successed
2058,59041,09-12-2023,Payment Successed
2059,81788,16-05-2024,Payment Successed
2060,69482,26-07-2024,Payment Successed
2061,81221,31-03-2021,Failed
2062,48947,28-11-2022,Payment Successed
2063,9311,03-08-2022,Payment Successed
2064,2500,20-08-2021,Payment Successed
2065,96056,08-07-2024,Payment Successed
2066,49589,11-06-2024,Payment Successed
2067,77269,14-09-2024,Payment Successed
2068,48560,02-11-2022,Payment Successed
2069,22964,10-06-2022,Payment Successed
2070,44325,05-03-2022,Payment Successed
2071,23944,20-07-2023,Payment Successed
2072,20953,05-07-2022,Payment Successed
2073,14155,26-04-2023,Payment Successed
2074,32845,15-02-2021,Payment Successed
2075,85258,17-01-2024,Refunded
2076,47271,21-07-2024,Payment Successed
2077,70955,09-04-2022,Payment Successed
2078,17704,04-07-2021,Payment Successed
2079,11830,03-09-2022,Payment Successed
2080,30571,12-09-2022,Payment Successed
2081,72251,08-06-2024,Payment Successed
2082,17656,04-01-2022,Payment Successed
2083,27289,16-03-2023,Payment Successed
2084,36142,27-09-2021,Payment Successed
2085,91460,05-12-2023,Payment Successed
2086,28748,15-12-2021,Payment Successed
2087,79141,14-11-2022,Payment Successed
2088,67596,27-07-2023,Payment Successed
2089,1325,10-05-2023,Payment Successed
2090,5243,16-02-2023,Payment Successed
2091,95390,31-07-2024,Payment Successed
2092,73715,22-06-2020,Payment Successed
2093,87341,09-06-2021,Payment Successed
2094,36257,09-01-2023,Payment Successed
2095,96596,08-08-2022,Failed
2096,55595,08-06-2022,Payment Successed
2097,25799,06-12-2020,Payment Successed
2098,17013,14-01-2024,Payment Successed
2099,85974,03-11-2023,Payment Successed
2100,57887,15-10-2022,Payment Successed
2101,15031,20-06-2020,Payment Successed
2102,39360,01-05-2021,Payment Successed
2103,38634,18-11-2023,Payment Successed
2104,79243,18-04-2024,Payment Successed
2105,14422,29-09-2020,Payment Successed
2106,51126,24-06-2022,Payment Successed
2107,38353,14-06-2020,Payment Successed
2108,2694,25-08-2021,Payment Successed
2109,6778,25-06-2024,Payment Successed
2110,47826,08-12-2023,Payment Successed
2111,45142,04-09-2024,Failed
2112,12092,14-05-2022,Payment Successed
2113,94860,13-08-2022,Payment Successed
2114,91624,17-11-2020,Payment Successed
2115,1270,24-01-2022,Failed
2116,67846,14-01-2024,Payment Successed
2117,9840,13-12-2020,Payment Successed
2118,77905,10-02-2021,Payment Successed
2119,89418,04-05-2024,Payment Successed
2120,5317,01-01-2025,Payment Successed
2121,59036,22-09-2024,Payment Successed
2122,73185,24-10-2023,Refunded
2123,86146,10-10-2020,Payment Successed
2124,35808,03-09-2020,Payment Successed
2125,64953,29-11-2022,Payment Successed
2126,91379,13-08-2023,Payment Successed
2127,88318,04-06-2021,Payment Successed
2128,23249,15-03-2023,Refunded
2129,88996,10-08-2023,Payment Successed
2130,11372,27-02-2023,Failed
2131,10777,11-01-2023,Payment Successed
2132,93655,28-01-2022,Payment Successed
2133,29192,28-11-2022,Failed
2134,56767,23-04-2021,Payment Successed
2135,90035,01-03-2021,Payment Successed
2136,10903,26-05-2024,Payment Successed
2137,70132,04-01-2021,Payment Successed
2138,15536,12-04-2023,Payment Successed
2139,16563,12-11-2021,Payment Successed
2140,78178,20-08-2024,Payment Successed
2141,61468,10-06-2023,Payment Successed
2142,75862,01-04-2021,Payment Successed
2143,30264,29-05-2023,Refunded
2144,76764,07-05-2024,Payment Successed
2145,4898,08-03-2021,Payment Successed
2146,6951,10-10-2023,Failed
2147,40763,20-03-2021,Payment Successed
2148,6066,14-08-2020,Payment Successed
2149,32675,12-12-2022,Payment Successed
2150,93919,30-09-2020,Payment Successed
2151,57648,04-06-2021,Payment Successed
2152,44895,04-01-2020,Payment Successed
2153,2118,20-06-2023,Payment Successed
2154,25401,20-07-2023,Payment Successed
2155,50106,10-01-2021,Payment Successed
2156,20304,24-11-2023,Payment Successed
2157,6171,14-05-2023,Payment Successed
2158,1143,16-09-2024,Payment Successed
2159,32081,20-02-2020,Payment Successed
2160,64696,07-02-2020,Payment Successed
2161,92099,16-07-2020,Payment Successed
2162,66808,03-05-2024,Payment Successed
2163,15307,08-11-2024,Payment Successed
2164,57939,08-01-2023,Payment Successed
2165,38924,25-11-2023,Payment Successed
2166,82854,10-01-2020,Payment Successed
2167,79082,04-02-2023,Payment Successed
2168,86463,14-01-2021,Payment Successed
2169,96454,21-11-2024,Payment Successed
2170,79668,03-05-2024,Payment Successed
2171,5694,12-12-2024,Payment Successed
2172,44890,13-09-2024,Refunded
2173,40851,19-12-2022,Payment Successed
2174,66855,15-03-2024,Payment Successed
2175,43216,11-03-2023,Payment Successed
2176,40352,18-06-2020,Payment Successed
2177,74740,13-11-2020,Payment Successed
2178,25330,18-10-2020,Payment Successed
2179,12955,18-02-2021,Payment Successed
2180,25787,17-06-2024,Payment Successed
2181,72700,04-11-2024,Payment Successed
2182,55369,27-05-2020,Payment Successed
2183,83253,13-04-2023,Payment Successed
2184,37811,11-12-2020,Payment Successed
2185,40882,05-09-2020,Payment Successed
2186,99978,09-04-2020,Payment Successed
2187,94031,26-07-2020,Payment Successed
2188,22920,24-09-2021,Payment Successed
2189,58379,25-12-2022,Payment Successed
2190,25733,14-05-2024,Payment Successed
2191,88139,12-11-2023,Payment Successed
2192,82473,23-03-2022,Payment Successed
2193,41814,14-05-2021,Payment Successed
2194,5576,19-04-2022,Payment Successed
2195,50012,14-08-2022,Payment Successed
2196,35803,27-10-2024,Payment Successed
2197,98749,10-09-2020,Payment Successed
2198,99154,26-09-2021,Payment Successed
2199,91594,18-04-2022,Payment Successed
2200,34049,20-06-2020,Payment Successed
2201,41499,05-04-2024,Payment Successed
2202,72227,05-04-2021,Payment Successed
2203,46212,30-11-2022,Payment Successed
2204,60923,07-02-2024,Payment Successed
2205,31753,14-04-2021,Payment Successed
2206,28724,10-08-2022,Payment Successed
2207,85115,12-10-2020,Refunded
2208,98029,26-04-2023,Payment Successed
2209,12613,28-02-2023,Payment Successed
2210,54835,26-11-2022,Payment Successed
2211,39560,07-01-2021,Payment Successed
2212,39077,16-02-2024,Payment Successed
2213,94733,19-08-2023,Payment Successed
2214,59939,13-06-2020,Payment Successed
2215,51099,03-12-2024,Payment Successed
2216,61557,14-03-2023,Payment Successed
2217,86963,31-08-2022,Payment Successed
2218,31103,18-05-2022,Payment Successed
2219,43079,27-08-2024,Payment Successed
2220,44341,17-02-2024,Failed
2221,28481,10-07-2024,Payment Successed
2222,14519,26-12-2021,Payment Successed
2223,4930,17-11-2023,Payment Successed
2224,70187,15-05-2023,Payment Successed
2225,89625,15-07-2020,Payment Successed
2226,76743,22-05-2020,Payment Successed
2227,60807,02-08-2024,Payment Successed
2228,6314,28-04-2021,Payment Successed
2229,41023,08-01-2024,Payment Successed
2230,90434,25-10-2024,Payment Successed
2231,71416,20-10-2020,Payment Successed
2232,50619,28-12-2021,Refunded
2233,48721,29-08-2020,Payment Successed
2234,76063,22-01-2023,Payment Successed
2235,32917,22-02-2020,Payment Successed
2236,65924,26-02-2024,Payment Successed
2237,22106,12-03-2020,Payment Successed
2238,1853,03-12-2020,Payment Successed
2239,43331,11-05-2020,Refunded
2240,75459,22-12-2021,Payment Successed
2241,29187,17-08-2020,Payment Successed
2242,19178,26-09-2023,Payment Successed
2243,52689,04-12-2024,Payment Successed
2244,13516,29-10-2021,Payment Successed
2245,53122,11-03-2021,Payment Successed
2246,70347,28-03-2024,Payment Successed
2247,17368,03-12-2022,Refunded
2248,93605,28-12-2020,Refunded
2249,88380,09-05-2021,Refunded
2250,56862,05-06-2020,Refunded
2251,85339,26-03-2023,Payment Successed
2252,7259,06-08-2022,Payment Successed
2253,95014,04-12-2021,Failed
2254,20475,13-12-2022,Payment Successed
2255,93133,03-11-2024,Failed
2256,16008,28-12-2021,Refunded
2257,91855,09-10-2021,Payment Successed
2258,69809,23-02-2024,Payment Successed
2259,44901,08-01-2020,Payment Successed
2260,8924,19-11-2021,Payment Successed
2261,7285,28-07-2024,Payment Successed
2262,38598,13-05-2021,Payment Successed
2263,58916,24-10-2024,Payment Successed
2264,76572,05-10-2024,Payment Successed
2265,16037,01-05-2023,Payment Successed
2266,69895,03-11-2024,Payment Successed
2267,2016,23-01-2020,Payment Successed
2268,52290,13-05-2022,Failed
2269,41184,19-07-2021,Payment Successed
2270,2119,09-11-2024,Payment Successed
2271,37684,02-10-2023,Payment Successed
2272,88843,09-12-2021,Failed
2273,37339,13-08-2022,Refunded
2274,54135,27-07-2022,Payment Successed
2275,47803,12-02-2020,Payment Successed
2276,92516,12-07-2023,Payment Successed
2277,69112,21-11-2020,Failed
2278,78817,23-05-2021,Failed
2279,53248,15-10-2020,Payment Successed
2280,91610,16-02-2023,Payment Successed
2281,54056,29-08-2021,Payment Successed
2282,65748,17-08-2023,Payment Successed
2283,99637,04-05-2022,Payment Successed
2284,99300,04-12-2022,Payment Successed
2285,43946,19-12-2023,Payment Successed
2286,17061,22-05-2020,Payment Successed
2287,75470,15-07-2020,Payment Successed
2288,83108,12-12-2020,Payment Successed
2289,39823,22-08-2022,Payment Successed
2290,48681,03-05-2021,Payment Successed
2291,14848,14-04-2024,Payment Successed
2292,61625,22-03-2021,Payment Successed
2293,29981,27-12-2023,Failed
2294,94915,11-09-2024,Payment Successed
2295,35987,19-04-2024,Payment Successed
2296,8757,24-01-2023,Refunded
2297,60009,18-06-2022,Payment Successed
2298,11698,12-11-2022,Payment Successed
2299,86171,04-02-2023,Failed
2300,52263,30-11-2021,Payment Successed
2301,32583,21-12-2023,Payment Successed
2302,82578,22-01-2022,Payment Successed
2303,61914,17-08-2020,Payment Successed
2304,69057,25-04-2024,Payment Successed
2305,93249,06-04-2020,Payment Successed
2306,16453,06-05-2020,Payment Successed
2307,15632,15-09-2024,Payment Successed
2308,28413,09-07-2022,Payment Successed
2309,37572,20-06-2022,Payment Successed
2310,12902,27-07-2021,Payment Successed
2311,53020,01-01-2021,Payment Successed
2312,78329,11-08-2023,Payment Successed
2313,13874,30-12-2020,Payment Successed
2314,16133,19-09-2021,Payment Successed
2315,67266,17-01-2022,Payment Successed
2316,2535,01-01-2021,Payment Successed
2317,24183,28-03-2022,Payment Successed
2318,82204,25-06-2020,Payment Successed
2319,85633,05-09-2022,Payment Successed
2320,50375,01-04-2023,Payment Successed
2321,56158,09-02-2020,Payment Successed
2322,72395,10-03-2024,Failed
2323,2296,28-06-2024,Payment Successed
2324,24821,24-01-2024,Payment Successed
2325,94029,11-01-2022,Payment Successed
2326,70739,22-04-2021,Payment Successed
2327,85143,19-11-2020,Payment Successed
2328,81135,04-07-2023,Refunded
2329,72777,09-01-2021,Payment Successed
2330,11721,02-03-2022,Payment Successed
2331,52220,15-03-2021,Payment Successed
2332,75644,29-11-2024,Payment Successed
2333,19070,13-05-2021,Payment Successed
2334,85517,09-04-2021,Payment Successed
2335,21014,14-12-2021,Payment Successed
2336,29039,09-10-2023,Payment Successed
2337,31156,07-06-2022,Payment Successed
2338,47369,04-08-2020,Payment Successed
2339,14809,19-08-2020,Payment Successed
2340,42915,28-06-2022,Payment Successed
2341,33947,05-11-2020,Payment Successed
2342,51837,26-09-2023,Payment Successed
2343,94961,01-02-2020,Payment Successed
2344,18991,22-09-2023,Payment Successed
2345,12349,27-10-2024,Payment Successed
2346,99859,05-05-2023,Payment Successed
2347,23933,26-08-2022,Payment Successed
2348,42346,23-02-2023,Payment Successed
2349,5203,15-10-2021,Payment Successed
2350,44691,27-11-2023,Payment Successed
2351,31145,06-07-2020,Payment Successed
2352,88893,11-11-2023,Payment Successed
2353,79689,05-11-2022,Payment Successed
2354,4008,06-09-2023,Payment Successed
2355,76051,04-10-2024,Refunded
2356,97850,22-03-2024,Payment Successed
2357,58093,16-12-2023,Payment Successed
2358,76448,21-01-2023,Payment Successed
2359,30740,20-03-2021,Payment Successed
2360,74296,30-04-2020,Failed
2361,37764,04-01-2021,Payment Successed
2362,45863,28-11-2023,Payment Successed
2363,56076,04-04-2023,Payment Successed
2364,43611,29-01-2024,Payment Successed
2365,96271,05-05-2023,Payment Successed
2366,40112,16-09-2024,Payment Successed
2367,39711,15-02-2022,Payment Successed
2368,53857,04-06-2021,Payment Successed
2369,45664,16-03-2024,Payment Successed
2370,97379,09-04-2024,Payment Successed
2371,31848,15-11-2020,Payment Successed
2372,4989,15-07-2021,Payment Successed
2373,64263,21-01-2024,Payment Successed
2374,1497,08-10-2021,Payment Successed
2375,61518,05-05-2022,Payment Successed
2376,86831,30-03-2022,Failed
2377,73468,27-05-2023,Payment Successed
2378,61852,19-05-2024,Payment Successed
2379,3187,18-10-2020,Payment Successed
2380,16761,21-01-2022,Payment Successed
2381,51818,19-12-2021,Payment Successed
2382,38405,08-04-2020,Payment Successed
2383,20335,06-08-2024,Payment Successed
2384,39198,18-03-2024,Payment Successed
2385,37616,04-01-2023,Payment Successed
2386,92827,14-04-2022,Payment Successed
2387,14844,23-10-2023,Payment Successed
2388,76174,03-05-2022,Refunded
2389,16591,15-02-2021,Payment Successed
2390,83853,07-11-2020,Payment Successed
2391,22554,02-01-2024,Payment Successed
2392,25413,16-09-2020,Payment Successed
2393,19885,21-03-2020,Payment Successed
2394,47749,09-11-2020,Payment Successed
2395,34013,17-08-2024,Payment Successed
2396,41403,16-01-2024,Payment Successed
2397,23936,12-11-2024,Failed
2398,22682,05-04-2020,Payment Successed
2399,79220,08-03-2024,Payment Successed
2400,72674,26-12-2024,Payment Successed
2401,28312,14-08-2022,Payment Successed
2402,3542,08-01-2024,Payment Successed
2403,44011,10-05-2020,Payment Successed
2404,60096,12-05-2021,Payment Successed
2405,21537,22-05-2021,Payment Successed
2406,10772,13-02-2022,Failed
2407,31638,18-12-2023,Payment Successed
2408,24886,04-09-2021,Payment Successed
2409,72452,05-06-2020,Refunded
2410,91517,24-02-2021,Payment Successed
2411,74219,29-11-2020,Payment Successed
2412,30133,22-09-2020,Payment Successed
2413,33202,24-07-2024,Failed
2414,78982,04-01-2020,Payment Successed
2415,3275,01-01-2023,Payment Successed
2416,5839,29-03-2024,Payment Successed
2417,57258,23-10-2022,Payment Successed
2418,19582,27-07-2021,Payment Successed
2419,70419,18-12-2023,Payment Successed
2420,69325,04-09-2022,Payment Successed
2421,42681,23-06-2023,Payment Successed
2422,75154,04-01-2023,Payment Successed
2423,44190,24-10-2021,Payment Successed
2424,74275,05-11-2024,Payment Successed
2425,61026,15-08-2023,Payment Successed
2426,13312,18-08-2022,Refunded
2427,84409,18-12-2023,Payment Successed
2428,61883,11-01-2023,Failed
2429,64014,13-04-2020,Payment Successed
2430,26278,08-08-2021,Payment Successed
2431,18919,02-12-2021,Payment Successed
2432,6470,08-02-2024,Payment Successed
2433,93725,10-09-2023,Payment Successed
2434,36893,17-07-2023,Payment Successed
2435,25157,19-07-2024,Payment Successed
2436,36657,24-09-2024,Refunded
2437,75792,14-02-2021,Payment Successed
2438,27108,29-06-2024,Payment Successed
2439,47361,15-01-2023,Refunded
2440,38061,01-07-2024,Payment Successed
2441,3285,11-03-2020,Payment Successed
2442,42072,07-02-2022,Payment Successed
2443,76060,15-06-2020,Payment Successed
2444,41981,26-09-2021,Payment Successed
2445,67433,03-09-2022,Payment Successed
2446,56163,07-01-2024,Payment Successed
2447,41632,18-11-2022,Failed
2448,94083,29-04-2024,Payment Successed
2449,79410,26-05-2021,Payment Successed
2450,65131,23-06-2021,Payment Successed
2451,9105,22-01-2023,Refunded
2452,29850,03-03-2021,Payment Successed
2453,76436,10-10-2020,Payment Successed
2454,95143,16-12-2022,Payment Successed
2455,70378,09-01-2020,Payment Successed
2456,93625,07-02-2021,Payment Successed
2457,24207,19-04-2022,Payment Successed
2458,53956,01-06-2020,Refunded
2459,4934,28-06-2021,Payment Successed
2460,65956,20-05-2022,Payment Successed
2461,71414,13-06-2024,Payment Successed
2462,29864,09-11-2024,Payment Successed
2463,30464,04-09-2023,Payment Successed
2464,35020,10-03-2021,Payment Successed
2465,84990,21-01-2021,Payment Successed
2466,74962,08-01-2022,Payment Successed
2467,75631,27-01-2020,Payment Successed
2468,11341,07-05-2023,Payment Successed
2469,14193,14-02-2024,Payment Successed
2470,80164,27-02-2024,Payment Successed
2471,11293,03-08-2021,Refunded
2472,95110,22-09-2023,Payment Successed
2473,8197,29-05-2023,Payment Successed
2474,42505,05-11-2024,Payment Successed
2475,89701,18-06-2024,Payment Successed
2476,13256,19-05-2020,Payment Successed
2477,73781,26-01-2024,Failed
2478,90119,17-02-2021,Payment Successed
2479,34021,07-07-2021,Payment Successed
2480,21630,16-03-2022,Payment Successed
2481,78165,16-11-2021,Payment Successed
2482,95441,27-07-2024,Payment Successed
2483,47023,09-08-2023,Payment Successed
2484,87833,03-05-2022,Payment Successed
2485,70370,06-05-2021,Refunded
2486,85662,04-02-2024,Payment Successed
2487,54775,13-04-2020,Payment Successed
2488,14087,20-12-2024,Payment Successed
2489,60866,24-10-2022,Payment Successed
2490,79853,23-12-2022,Payment Successed
2491,25768,28-09-2021,Payment Successed
2492,68862,09-07-2021,Payment Successed
2493,40515,21-02-2024,Payment Successed
2494,36744,09-06-2020,Payment Successed
2495,16745,19-11-2024,Payment Successed
2496,3188,16-11-2023,Payment Successed
2497,25209,20-01-2024,Payment Successed
2498,55404,06-04-2024,Payment Successed
2499,51581,19-11-2024,Payment Successed
2500,3583,07-06-2020,Payment Successed
2501,20612,01-07-2022,Payment Successed
2502,15250,16-08-2022,Payment Successed
2503,88055,17-09-2021,Payment Successed
2504,96081,18-02-2020,Payment Successed
2505,42286,15-06-2022,Payment Successed
2506,60886,13-10-2020,Payment Successed
2507,73307,22-07-2024,Payment Successed
2508,2243,30-05-2022,Payment Successed
2509,31872,16-07-2023,Payment Successed
2510,34793,13-09-2024,Payment Successed
2511,57592,26-03-2020,Refunded
2512,97064,11-08-2022,Payment Successed
2513,53459,26-06-2022,Payment Successed
2514,40200,24-03-2020,Failed
2515,78957,20-02-2020,Payment Successed
2516,66833,06-01-2024,Payment Successed
2517,50047,12-06-2023,Payment Successed
2518,90050,07-02-2020,Payment Successed
2519,22333,10-09-2020,Payment Successed
2520,11114,27-05-2023,Payment Successed
2521,25696,19-05-2022,Refunded
2522,9688,01-06-2023,Payment Successed
2523,18354,01-02-2020,Payment Successed
2524,42512,16-06-2022,Payment Successed
2525,25353,17-07-2024,Payment Successed
2526,34844,21-07-2022,Refunded
2527,47625,27-02-2020,Refunded
2528,39008,10-04-2021,Payment Successed
2529,55301,12-01-2021,Payment Successed
2530,6124,04-01-2023,Payment Successed
2531,17992,26-04-2023,Payment Successed
2532,51686,04-07-2021,Refunded
2533,92541,19-01-2020,Payment Successed
2534,45693,04-01-2022,Payment Successed
2535,81499,28-06-2024,Payment Successed
2536,45020,16-09-2023,Payment Successed
2537,96068,19-07-2020,Payment Successed
2538,35508,20-01-2021,Payment Successed
2539,23374,13-03-2021,Payment Successed
2540,92531,23-05-2024,Payment Successed
2541,6896,10-05-2024,Payment Successed
2542,85546,13-07-2023,Payment Successed
2543,25586,27-10-2020,Payment Successed
2544,87569,21-12-2022,Payment Successed
2545,14737,28-10-2021,Refunded
2546,26029,04-03-2024,Payment Successed
2547,88562,12-10-2023,Refunded
2548,90921,24-07-2024,Payment Successed
2549,9006,23-07-2022,Payment Successed
2550,17135,19-06-2020,Payment Successed
2551,53692,21-03-2020,Payment Successed
2552,20076,01-04-2022,Payment Successed
2553,79333,16-08-2023,Payment Successed
2554,57956,14-04-2024,Payment Successed
2555,87174,22-04-2024,Payment Successed
2556,39343,09-09-2024,Payment Successed
2557,24551,09-03-2020,Payment Successed
2558,65763,09-11-2020,Payment Successed
2559,86197,16-11-2021,Payment Successed
2560,23620,10-08-2022,Payment Successed
2561,62805,10-11-2023,Payment Successed
2562,54062,13-09-2021,Payment Successed
2563,41130,03-06-2024,Payment Successed
2564,11855,28-07-2020,Payment Successed
2565,88097,03-09-2021,Payment Successed
2566,15264,13-05-2023,Failed
2567,86912,11-05-2021,Refunded
2568,55891,17-08-2020,Payment Successed
2569,29963,05-11-2024,Refunded
2570,82661,14-04-2022,Payment Successed
2571,38025,18-01-2024,Payment Successed
2572,47924,27-04-2023,Payment Successed
2573,20225,28-12-2024,Failed
2574,48358,30-01-2023,Payment Successed
2575,53142,18-12-2021,Payment Successed
2576,97128,16-12-2023,Payment Successed
2577,56145,01-11-2022,Payment Successed
2578,8982,24-02-2024,Payment Successed
2579,84902,06-05-2024,Payment Successed
2580,67062,01-05-2020,Payment Successed
2581,99009,18-07-2022,Refunded
2582,14204,09-05-2021,Payment Successed
2583,63026,04-02-2022,Payment Successed
2584,90449,24-10-2022,Refunded
2585,55437,09-12-2022,Payment Successed
2586,61903,16-10-2020,Payment Successed
2587,1839,02-01-2023,Payment Successed
2588,34440,18-03-2023,Refunded
2589,14277,20-10-2024,Payment Successed
2590,9778,16-01-2021,Payment Successed
2591,71778,10-09-2024,Payment Successed
2592,83221,10-11-2021,Payment Successed
2593,90337,30-06-2024,Payment Successed
2594,48815,18-12-2020,Refunded
2595,20294,27-06-2024,Payment Successed
2596,98912,07-12-2021,Payment Successed
2597,37230,18-05-2020,Failed
2598,47782,10-02-2020,Payment Successed
2599,43577,01-10-2021,Payment Successed
2600,81222,30-01-2022,Payment Successed
2601,76005,16-03-2023,Refunded
2602,41920,07-05-2023,Payment Successed
2603,24047,17-07-2023,Payment Successed
2604,77637,14-03-2020,Payment Successed
2605,90272,11-07-2023,Payment Successed
2606,9693,08-02-2022,Payment Successed
2607,84193,10-11-2023,Payment Successed
2608,94557,29-08-2023,Payment Successed
2609,21001,28-03-2021,Refunded
2610,19542,17-05-2020,Payment Successed
2611,44401,21-05-2021,Failed
2612,6655,29-08-2023,Payment Successed
2613,6635,04-02-2021,Payment Successed
2614,40860,28-02-2024,Payment Successed
2615,14771,22-08-2023,Payment Successed
2616,12890,12-01-2020,Payment Successed
2617,23456,29-09-2021,Payment Successed
2618,28579,28-04-2020,Payment Successed
2619,33923,01-02-2021,Payment Successed
2620,31377,06-06-2023,Payment Successed
2621,86684,15-12-2023,Payment Successed
2622,61486,01-07-2024,Payment Successed
2623,62264,25-09-2020,Payment Successed
2624,98757,19-05-2021,Payment Successed
2625,80265,10-11-2021,Payment Successed
2626,95247,23-11-2023,Payment Successed
2627,88381,26-03-2022,Failed
2628,41762,09-12-2024,Payment Successed
2629,77709,28-03-2020,Payment Successed
2630,50601,16-06-2022,Payment Successed
2631,5374,07-10-2021,Payment Successed
2632,5027,08-01-2021,Payment Successed
2633,25683,12-03-2022,Payment Successed
2634,34178,30-08-2022,Payment Successed
2635,38229,09-09-2024,Payment Successed
2636,5450,11-12-2024,Payment Successed
2637,49040,24-10-2022,Payment Successed
2638,19860,04-05-2021,Payment Successed
2639,86636,04-02-2023,Payment Successed
2640,15636,03-12-2021,Failed
2641,27741,20-04-2020,Payment Successed
2642,41678,26-12-2022,Payment Successed
2643,13089,29-09-2023,Payment Successed
2644,40098,02-04-2021,Payment Successed
2645,67801,21-05-2023,Payment Successed
2646,91969,20-11-2020,Payment Successed
2647,71393,23-12-2023,Payment Successed
2648,30769,10-06-2020,Payment Successed
2649,3559,23-04-2020,Payment Successed
2650,92805,15-10-2020,Payment Successed
2651,40783,02-11-2022,Payment Successed
2652,3810,04-10-2021,Payment Successed
2653,55143,12-05-2022,Payment Successed
2654,25833,04-03-2024,Payment Successed
2655,98037,19-05-2024,Payment Successed
2656,20221,31-10-2023,Payment Successed
2657,65145,14-12-2021,Payment Successed
2658,80054,05-07-2024,Payment Successed
2659,15744,22-04-2020,Payment Successed
2660,47665,11-12-2022,Failed
2661,9194,29-10-2024,Payment Successed
2662,76023,31-03-2023,Payment Successed
2663,60039,31-12-2021,Payment Successed
2664,66485,04-10-2022,Payment Successed
2665,25856,15-09-2022,Refunded
2666,62105,17-03-2023,Payment Successed
2667,2856,26-04-2020,Payment Successed
2668,95190,04-06-2024,Payment Successed
2669,94359,08-09-2022,Payment Successed
2670,17564,29-07-2023,Payment Successed
2671,66823,06-01-2023,Payment Successed
2672,61020,13-07-2023,Payment Successed
2673,79576,04-02-2020,Payment Successed
2674,4110,13-10-2020,Payment Successed
2675,77982,19-06-2022,Refunded
2676,75812,15-06-2022,Payment Successed
2677,16216,31-07-2020,Payment Successed
2678,31118,09-11-2023,Payment Successed
2679,18903,08-01-2022,Payment Successed
2680,39989,22-02-2020,Refunded
2681,31071,07-11-2022,Payment Successed
2682,60682,25-08-2021,Payment Successed
2683,1559,25-01-2021,Payment Successed
2684,48948,10-02-2023,Payment Successed
2685,74020,01-07-2021,Payment Successed
2686,31498,25-09-2022,Refunded
2687,7858,14-03-2021,Payment Successed
2688,90399,10-01-2023,Refunded
2689,70620,19-02-2021,Payment Successed
2690,42304,15-03-2024,Payment Successed
2691,99443,06-08-2020,Refunded
2692,40131,05-11-2021,Payment Successed
2693,34630,10-07-2023,Payment Successed
2694,22174,06-11-2024,Refunded
2695,64393,13-03-2020,Payment Successed
2696,37223,05-03-2020,Payment Successed
2697,10078,26-02-2021,Refunded
2698,25410,11-06-2022,Payment Successed
2699,30304,29-08-2022,Refunded
2700,95031,12-05-2021,Payment Successed
2701,27213,27-03-2022,Payment Successed
2702,39701,20-11-2020,Payment Successed
2703,72578,27-01-2023,Payment Successed
2704,30189,13-04-2021,Payment Successed
2705,55994,13-09-2021,Payment Successed
2706,20220,19-07-2022,Payment Successed
2707,81793,04-10-2022,Payment Successed
2708,52112,25-01-2022,Payment Successed
2709,69767,05-11-2023,Payment Successed
2710,8182,08-07-2024,Payment Successed
2711,77700,16-09-2024,Payment Successed
2712,42453,16-12-2021,Payment Successed
2713,98967,04-05-2024,Failed
2714,79613,21-11-2020,Payment Successed
2715,57897,03-11-2023,Payment Successed
2716,3231,23-09-2020,Failed
2717,64417,22-08-2022,Refunded
2718,72891,08-09-2022,Payment Successed
2719,59889,07-07-2020,Payment Successed
2720,96699,18-06-2021,Payment Successed
2721,88206,30-01-2022,Payment Successed
2722,90810,03-05-2023,Payment Successed
2723,57659,23-01-2024,Payment Successed
2724,26333,07-11-2024,Refunded
2725,49732,01-01-2021,Payment Successed
2726,12137,12-08-2023,Payment Successed
2727,59502,19-02-2023,Payment Successed
2728,58958,12-10-2023,Payment Successed
2729,78887,11-05-2023,Payment Successed
2730,96392,28-05-2024,Payment Successed
2731,74064,09-10-2024,Payment Successed
2732,37304,10-06-2021,Payment Successed
2733,36039,20-09-2021,Payment Successed
2734,1637,21-07-2024,Payment Successed
2735,96374,24-06-2024,Payment Successed
2736,14119,19-07-2023,Payment Successed
2737,75419,27-03-2024,Failed
2738,12708,23-07-2022,Payment Successed
2739,86670,18-07-2021,Payment Successed
2740,80860,16-05-2024,Payment Successed
2741,82592,01-02-2023,Payment Successed
2742,84646,03-11-2022,Payment Successed
2743,59626,25-03-2021,Payment Successed
2744,31135,19-05-2023,Payment Successed
2745,67567,06-04-2023,Payment Successed
2746,43932,07-06-2021,Payment Successed
2747,46177,12-05-2024,Payment Successed
2748,3966,18-05-2022,Payment Successed
2749,73502,07-11-2020,Payment Successed
2750,48707,15-03-2023,Payment Successed
2751,63073,06-08-2022,Payment Successed
2752,81408,16-12-2021,Payment Successed
2753,86516,26-03-2024,Payment Successed
2754,27975,26-02-2023,Payment Successed
2755,82708,16-03-2023,Payment Successed
2756,4631,20-07-2021,Payment Successed
2757,59570,30-03-2021,Payment Successed
2758,67717,06-09-2023,Payment Successed
2759,35331,26-06-2022,Payment Successed
2760,63792,19-07-2023,Payment Successed
2761,10219,19-08-2024,Payment Successed
2762,51264,01-06-2023,Refunded
2763,3239,31-05-2022,Payment Successed
2764,87127,18-11-2020,Payment Successed
2765,64878,12-02-2021,Payment Successed
2766,63948,16-02-2020,Payment Successed
2767,19513,03-05-2022,Payment Successed
2768,35313,16-10-2020,Payment Successed
2769,14213,11-03-2024,Payment Successed
2770,44948,20-04-2020,Payment Successed
2771,32287,31-08-2022,Payment Successed
2772,1254,03-04-2020,Payment Successed
2773,61342,23-07-2020,Payment Successed
2774,49611,04-09-2022,Payment Successed
2775,91241,19-07-2020,Refunded
2776,1802,01-09-2023,Payment Successed
2777,84908,26-10-2023,Payment Successed
2778,60324,20-08-2022,Payment Successed
2779,80922,15-11-2022,Payment Successed
2780,35177,05-08-2023,Payment Successed
2781,22593,18-03-2022,Payment Successed
2782,10989,21-02-2021,Payment Successed
2783,8731,25-04-2022,Payment Successed
2784,68124,31-05-2024,Failed
2785,37204,29-03-2024,Payment Successed
2786,66709,11-09-2022,Payment Successed
2787,6747,26-09-2022,Payment Successed
2788,89675,13-08-2023,Payment Successed
2789,20688,14-06-2020,Refunded
2790,18277,19-07-2021,Payment Successed
2791,69168,15-09-2024,Payment Successed
2792,24157,22-08-2024,Payment Successed
2793,11582,03-09-2020,Payment Successed
2794,80359,05-11-2020,Payment Successed
2795,84246,21-04-2021,Payment Successed
2796,87885,03-09-2024,Payment Successed
2797,44172,12-08-2022,Payment Successed
2798,40038,09-01-2021,Refunded
2799,93662,04-11-2020,Payment Successed
2800,7099,16-09-2021,Payment Successed
2801,60532,19-11-2023,Payment Successed
2802,12070,04-09-2020,Payment Successed
2803,49626,12-03-2024,Payment Successed
2804,35098,22-03-2024,Payment Successed
2805,88309,06-03-2020,Payment Successed
2806,5552,17-06-2020,Payment Successed
2807,29528,02-01-2024,Payment Successed
2808,56919,10-07-2021,Payment Successed
2809,81478,05-01-2023,Payment Successed
2810,41624,12-05-2023,Payment Successed
2811,79755,23-02-2021,Payment Successed
2812,32976,27-08-2022,Payment Successed
2813,72688,19-06-2023,Payment Successed
2814,3660,06-08-2020,Payment Successed
2815,53735,20-07-2023,Payment Successed
2816,97132,25-02-2020,Payment Successed
2817,3644,08-12-2020,Payment Successed
2818,67824,16-01-2021,Payment Successed
2819,78577,03-04-2023,Payment Successed
2820,56364,11-05-2021,Payment Successed
2821,31493,17-10-2020,Payment Successed
2822,52132,12-04-2021,Payment Successed
2823,20782,14-08-2021,Payment Successed
2824,91117,08-02-2020,Payment Successed
2825,30076,24-10-2024,Payment Successed
2826,20647,29-11-2023,Payment Successed
2827,17788,23-05-2024,Payment Successed
2828,82330,28-04-2022,Payment Successed
2829,13042,30-10-2022,Payment Successed
2830,54826,23-02-2023,Payment Successed
2831,58126,01-10-2020,Payment Successed
2832,44046,26-09-2021,Refunded
2833,10542,14-04-2020,Payment Successed
2834,29688,23-06-2020,Payment Successed
2835,45790,09-05-2023,Refunded
2836,63874,05-01-2020,Refunded
2837,1063,22-09-2021,Payment Successed
2838,40846,10-06-2023,Refunded
2839,46004,08-10-2021,Payment Successed
2840,30013,20-07-2024,Payment Successed
2841,60695,20-01-2021,Failed
2842,85650,07-10-2022,Payment Successed
2843,49660,12-04-2021,Payment Successed
2844,96137,22-06-2024,Failed
2845,58250,30-09-2023,Payment Successed
2846,45194,16-08-2023,Payment Successed
2847,86075,12-08-2022,Failed
2848,34171,30-12-2020,Refunded
2849,74814,25-07-2022,Payment Successed
2850,73168,17-08-2022,Refunded
2851,54231,19-06-2024,Refunded
2852,37746,20-03-2022,Payment Successed
2853,24535,08-08-2022,Payment Successed
2854,74042,06-05-2020,Payment Successed
2855,16560,03-08-2022,Failed
2856,64871,20-11-2020,Payment Successed
2857,3325,19-05-2021,Payment Successed
2858,60445,08-11-2023,Payment Successed
2859,43180,12-07-2023,Payment Successed
2860,83607,03-09-2022,Payment Successed
2861,25118,15-05-2021,Refunded
2862,29423,14-09-2021,Refunded
2863,11922,06-02-2024,Payment Successed
2864,7559,08-11-2024,Payment Successed
2865,63279,10-04-2022,Refunded
2866,83953,18-03-2023,Payment Successed
2867,97579,08-08-2020,Payment Successed
2868,80436,07-07-2020,Refunded
2869,75900,14-10-2021,Payment Successed
2870,23438,30-09-2021,Payment Successed
2871,78610,02-07-2022,Payment Successed
2872,31838,17-02-2024,Payment Successed
2873,10424,09-04-2024,Payment Successed
2874,64223,27-06-2024,Payment Successed
2875,91327,21-02-2024,Payment Successed
2876,45561,10-08-2023,Refunded
2877,70558,29-05-2020,Payment Successed
2878,97142,20-09-2020,Payment Successed
2879,41440,25-09-2024,Payment Successed
2880,50042,08-03-2022,Payment Successed
2881,50005,01-06-2023,Payment Successed
2882,93455,11-12-2022,Payment Successed
2883,66549,05-10-2021,Payment Successed
2884,7914,17-08-2023,Payment Successed
2885,95850,16-04-2020,Payment Successed
2886,16050,16-11-2020,Refunded
2887,37187,07-05-2023,Payment Successed
2888,12427,27-02-2022,Payment Successed
2889,64638,01-09-2020,Payment Successed
2890,71634,02-04-2020,Failed
2891,80133,27-10-2024,Payment Successed
2892,90228,11-04-2024,Payment Successed
2893,14446,05-07-2024,Payment Successed
2894,54947,07-01-2021,Refunded
2895,66030,25-04-2021,Payment Successed
2896,55092,23-06-2024,Payment Successed
2897,24750,30-07-2020,Payment Successed
2898,36367,25-01-2020,Payment Successed
2899,47478,20-01-2023,Payment Successed
2900,34984,24-06-2020,Payment Successed
2901,18795,07-02-2021,Payment Successed
2902,31112,08-08-2024,Payment Successed
2903,86904,13-09-2020,Payment Successed
2904,10823,13-06-2023,Payment Successed
2905,4774,02-01-2025,Payment Successed
2906,43880,02-08-2023,Payment Successed
2907,26894,25-02-2024,Payment Successed
2908,98829,19-07-2024,Payment Successed
2909,50446,03-02-2022,Payment Successed
2910,49788,02-05-2020,Payment Successed
2911,43755,13-02-2023,Payment Successed
2912,78581,14-02-2021,Payment Successed
2913,79923,30-10-2020,Payment Successed
2914,31699,23-12-2022,Payment Successed
2915,29984,27-09-2020,Payment Successed
2916,76208,27-06-2024,Payment Successed
2917,30355,10-11-2021,Payment Successed
2918,18793,29-06-2023,Payment Successed
2919,33432,27-05-2020,Payment Successed
2920,87742,28-11-2022,Payment Successed
2921,28979,28-08-2021,Payment Successed
2922,6565,25-05-2021,Failed
2923,74608,24-08-2021,Payment Successed
2924,26149,19-09-2024,Payment Successed
2925,95339,01-02-2021,Payment Successed
2926,83201,30-10-2020,Refunded
2927,87301,20-01-2024,Payment Successed
2928,76344,16-02-2021,Payment Successed
2929,93025,11-02-2021,Payment Successed
2930,52082,05-08-2020,Payment Successed
2931,37096,06-04-2024,Payment Successed
2932,49567,31-03-2020,Payment Successed
2933,9589,24-01-2020,Payment Successed
2934,50842,02-08-2022,Payment Successed
2935,88559,31-05-2020,Payment Successed
2936,22889,04-07-2023,Payment Successed
2937,48215,15-11-2023,Failed
2938,8910,16-07-2023,Payment Successed
2939,57416,22-05-2023,Payment Successed
2940,75591,08-06-2024,Payment Successed
2941,55729,20-04-2020,Payment Successed
2942,36945,01-04-2024,Payment Successed
2943,8134,08-06-2020,Payment Successed
2944,55752,15-05-2024,Payment Successed
2945,85749,05-12-2024,Payment Successed
2946,41014,21-06-2020,Failed
2947,60739,13-01-2024,Payment Successed
2948,3975,03-04-2023,Payment Successed
2949,49955,13-01-2020,Payment Successed
2950,61029,06-08-2020,Payment Successed
2951,59686,01-12-2024,Payment Successed
2952,88925,18-03-2020,Refunded
2953,35576,09-11-2022,Payment Successed
2954,27671,19-09-2024,Payment Successed
2955,4676,21-06-2023,Payment Successed
2956,39525,05-08-2023,Payment Successed
2957,95932,11-02-2024,Payment Successed
2958,69574,01-02-2020,Refunded
2959,68515,13-09-2023,Payment Successed
2960,38382,19-02-2022,Refunded
2961,80179,20-07-2020,Payment Successed
2962,73842,24-09-2020,Payment Successed
2963,88514,14-03-2023,Failed
2964,45431,11-12-2021,Refunded
2965,70147,15-01-2020,Payment Successed
2966,12123,22-02-2020,Payment Successed
2967,80193,06-03-2023,Payment Successed
2968,95915,29-12-2021,Refunded
2969,61390,27-07-2022,Refunded
2970,8062,16-12-2023,Payment Successed
2971,78868,21-01-2023,Payment Successed
2972,72246,30-01-2020,Payment Successed
2973,16734,07-09-2024,Payment Successed
2974,13917,31-03-2021,Payment Successed
2975,35200,18-01-2023,Payment Successed
2976,97809,24-07-2022,Payment Successed
2977,15770,14-01-2023,Payment Successed
2978,58621,07-03-2021,Payment Successed
2979,55431,01-07-2022,Payment Successed
2980,89707,05-07-2021,Payment Successed
2981,27858,14-02-2022,Payment Successed
2982,14100,01-04-2021,Payment Successed
2983,7553,27-11-2024,Payment Successed
2984,97317,11-09-2024,Payment Successed
2985,10999,21-11-2020,Payment Successed
2986,4504,05-07-2024,Payment Successed
2987,64790,02-10-2023,Payment Successed
2988,55085,18-04-2021,Payment Successed
2989,9580,28-09-2022,Payment Successed
2990,80785,01-05-2021,Payment Successed
2991,4261,01-10-2021,Payment Successed
2992,21748,30-01-2022,Payment Successed
2993,73251,07-01-2021,Payment Successed
2994,88859,13-12-2021,Refunded
2995,75266,30-11-2023,Refunded
2996,83416,18-08-2024,Payment Successed
2997,65499,24-02-2024,Payment Successed
2998,4270,28-04-2023,Payment Successed
2999,92254,11-06-2022,Payment Successed
3000,11001,02-11-2023,Payment Successed
3001,45789,13-02-2021,Payment Successed
3002,35454,05-12-2020,Payment Successed
3003,88083,18-07-2023,Payment Successed
3004,20599,09-03-2022,Failed
3005,34202,13-08-2021,Payment Successed
3006,28691,01-09-2020,Payment Successed
3007,51294,06-11-2022,Payment Successed
3008,52906,07-10-2020,Payment Successed
3009,33191,09-01-2024,Payment Successed
3010,78707,06-06-2020,Payment Successed
3011,84211,04-10-2020,Refunded
3012,72176,08-02-2022,Payment Successed
3013,49867,13-12-2020,Refunded
3014,25746,23-08-2023,Payment Successed
3015,73170,25-01-2024,Payment Successed
3016,56215,02-10-2023,Payment Successed
3017,27718,01-03-2022,Payment Successed
3018,69771,12-12-2020,Payment Successed
3019,23276,02-03-2021,Payment Successed
3020,66804,12-04-2021,Payment Successed
3021,9273,01-07-2021,Payment Successed
3022,63688,22-03-2023,Payment Successed
3023,51269,01-11-2020,Payment Successed
3024,18853,11-03-2023,Payment Successed
3025,85031,12-01-2020,Refunded
3026,77764,25-05-2022,Payment Successed
3027,8298,17-05-2021,Payment Successed
3028,2386,13-06-2021,Refunded
3029,15077,10-07-2022,Payment Successed
3030,59936,17-01-2023,Payment Successed
3031,72999,15-12-2023,Payment Successed
3032,99703,21-03-2023,Payment Successed
3033,80253,20-04-2022,Payment Successed
3034,9714,14-02-2021,Payment Successed
3035,89368,08-01-2024,Payment Successed
3036,28257,30-07-2022,Payment Successed
3037,87050,27-12-2023,Refunded
3038,84484,10-05-2020,Payment Successed
3039,24784,12-06-2022,Payment Successed
3040,94994,06-11-2023,Payment Successed
3041,17498,03-05-2024,Payment Successed
3042,86864,14-07-2021,Payment Successed
3043,55212,24-08-2021,Payment Successed
3044,96213,12-11-2024,Payment Successed
3045,21808,12-06-2023,Refunded
3046,99819,22-04-2022,Payment Successed
3047,21699,14-05-2023,Refunded
3048,71281,14-12-2024,Payment Successed
3049,18813,02-02-2022,Payment Successed
3050,38590,18-07-2024,Payment Successed
3051,96756,01-10-2022,Payment Successed
3052,16408,02-04-2020,Payment Successed
3053,94778,22-04-2024,Payment Successed
3054,64139,07-10-2024,Refunded
3055,34380,10-09-2020,Payment Successed
3056,38839,18-07-2022,Payment Successed
3057,27420,04-08-2024,Payment Successed
3058,27992,05-12-2021,Payment Successed
3059,80844,13-04-2023,Payment Successed
3060,92067,15-02-2021,Payment Successed
3061,94756,29-06-2024,Payment Successed
3062,55298,02-12-2022,Payment Successed
3063,48317,19-12-2024,Failed
3064,40433,05-01-2020,Payment Successed
3065,4681,03-11-2020,Payment Successed
3066,19116,27-11-2022,Refunded
3067,81336,08-07-2020,Payment Successed
3068,54637,24-03-2024,Payment Successed
3069,2487,14-05-2020,Payment Successed
3070,45287,17-03-2021,Payment Successed
3071,95109,27-02-2024,Payment Successed
3072,3085,08-02-2023,Payment Successed
3073,26885,10-12-2022,Payment Successed
3074,80817,18-08-2020,Payment Successed
3075,98623,24-11-2022,Refunded
3076,2134,27-03-2020,Payment Successed
3077,26336,19-06-2021,Payment Successed
3078,42429,01-02-2020,Payment Successed
3079,91350,26-08-2023,Payment Successed
3080,69587,28-08-2024,Payment Successed
3081,72232,14-04-2023,Failed
3082,92132,28-05-2020,Payment Successed
3083,56404,02-10-2020,Payment Successed
3084,78438,02-09-2024,Payment Successed
3085,76305,29-09-2024,Payment Successed
3086,6083,28-11-2022,Payment Successed
3087,39793,20-09-2024,Payment Successed
3088,85467,15-07-2021,Payment Successed
3089,53517,16-04-2022,Payment Successed
3090,8488,02-10-2021,Failed
3091,30676,15-08-2024,Payment Successed
3092,31586,12-02-2022,Payment Successed
3093,64350,20-12-2020,Payment Successed
3094,59856,24-03-2024,Payment Successed
3095,37073,05-04-2024,Payment Successed
3096,34847,10-11-2022,Payment Successed
3097,25240,27-03-2023,Payment Successed
3098,37030,04-04-2023,Payment Successed
3099,25404,26-08-2023,Refunded
3100,99659,23-02-2021,Payment Successed
3101,18561,29-09-2024,Payment Successed
3102,45258,06-09-2024,Payment Successed
3103,52975,18-08-2024,Payment Successed
3104,23777,04-08-2024,Payment Successed
3105,6784,08-11-2021,Payment Successed
3106,19393,07-06-2021,Payment Successed
3107,7085,21-11-2022,Payment Successed
3108,18779,16-05-2021,Payment Successed
3109,18032,11-05-2024,Payment Successed
3110,51776,08-04-2021,Payment Successed
3111,59433,20-08-2024,Refunded
3112,1288,22-07-2021,Payment Successed
3113,32695,28-02-2024,Payment Successed
3114,55656,10-05-2024,Payment Successed
3115,74319,13-07-2023,Payment Successed
3116,38456,02-04-2021,Refunded
3117,54132,04-03-2022,Payment Successed
3118,64747,21-09-2024,Payment Successed
3119,15334,05-11-2024,Payment Successed
3120,23531,13-06-2021,Payment Successed
3121,9694,22-03-2021,Refunded
3122,98475,22-09-2024,Payment Successed
3123,95720,22-12-2020,Payment Successed
3124,64942,23-05-2023,Payment Successed
3125,75000,05-05-2024,Payment Successed
3126,62274,11-04-2024,Failed
3127,52222,09-09-2021,Payment Successed
3128,35018,14-02-2021,Payment Successed
3129,22141,05-01-2023,Payment Successed
3130,51452,31-01-2021,Payment Successed
3131,20340,15-02-2023,Payment Successed
3132,62251,29-04-2022,Refunded
3133,56484,14-08-2023,Payment Successed
3134,43304,16-02-2020,Payment Successed
3135,2951,05-11-2020,Payment Successed
3136,47483,20-07-2020,Failed
3137,39902,03-10-2021,Payment Successed
3138,34085,28-06-2022,Payment Successed
3139,32064,28-12-2024,Payment Successed
3140,82143,22-10-2024,Payment Successed
3141,6938,08-01-2020,Payment Successed
3142,46364,07-04-2020,Payment Successed
3143,61687,10-08-2024,Payment Successed
3144,21200,15-11-2022,Payment Successed
3145,44384,22-09-2023,Payment Successed
3146,28392,26-01-2020,Payment Successed
3147,69921,11-07-2021,Payment Successed
3148,68726,26-06-2021,Payment Successed
3149,38101,20-08-2023,Refunded
3150,34859,14-05-2021,Payment Successed
3151,78784,23-10-2020,Payment Successed
3152,56724,21-01-2022,Payment Successed
3153,17125,17-01-2021,Payment Successed
3154,78911,01-06-2023,Payment Successed
3155,38976,01-01-2025,Payment Successed
3156,93572,23-07-2020,Payment Successed
3157,81495,05-05-2022,Payment Successed
3158,59847,15-08-2020,Payment Successed
3159,83604,13-09-2024,Payment Successed
3160,52832,19-07-2021,Payment Successed
3161,11155,08-10-2022,Payment Successed
3162,99041,07-11-2021,Payment Successed
3163,87098,02-08-2021,Payment Successed
3164,11966,23-03-2023,Payment Successed
3165,96686,20-11-2021,Payment Successed
3166,54205,04-11-2023,Payment Successed
3167,41125,07-11-2021,Payment Successed
3168,39519,04-12-2021,Payment Successed
3169,7910,20-10-2020,Payment Successed
3170,18380,23-08-2020,Payment Successed
3171,15220,29-08-2022,Payment Successed
3172,3900,03-01-2024,Payment Successed
3173,33032,25-03-2024,Payment Successed
3174,99992,05-04-2023,Payment Successed
3175,27248,27-02-2023,Payment Successed
3176,18387,04-10-2020,Payment Successed
3177,58246,10-08-2023,Payment Successed
3178,54686,15-01-2020,Payment Successed
3179,7855,13-09-2024,Payment Successed
3180,29765,03-09-2022,Payment Successed
3181,59428,15-04-2023,Payment Successed
3182,87391,01-11-2024,Payment Successed
3183,96878,13-08-2021,Payment Successed
3184,61456,23-06-2020,Failed
3185,89408,17-02-2024,Payment Successed
3186,28052,06-03-2023,Failed
3187,36210,09-10-2022,Payment Successed
3188,3727,09-05-2022,Payment Successed
3189,3128,15-01-2022,Payment Successed
3190,1433,02-03-2021,Payment Successed
3191,90410,19-06-2021,Payment Successed
3192,74080,15-09-2023,Payment Successed
3193,57392,01-03-2023,Payment Successed
3194,47089,04-04-2021,Payment Successed
3195,26337,07-12-2024,Payment Successed
3196,67189,18-12-2021,Payment Successed
3197,38609,28-10-2022,Payment Successed
3198,22271,01-05-2023,Payment Successed
3199,60406,15-10-2024,Payment Successed
3200,53111,27-02-2023,Payment Successed
3201,75188,06-11-2022,Payment Successed
3202,27947,24-11-2024,Payment Successed
3203,63006,13-12-2020,Payment Successed
3204,25534,26-11-2023,Failed
3205,1344,07-01-2020,Payment Successed
3206,97618,30-06-2024,Failed
3207,37106,20-05-2024,Payment Successed
3208,75443,03-05-2023,Payment Successed
3209,1519,08-10-2022,Refunded
3210,90414,03-11-2024,Payment Successed
3211,46687,13-02-2020,Payment Successed
3212,17071,04-12-2022,Payment Successed
3213,18950,03-04-2020,Payment Successed
3214,93902,31-03-2023,Payment Successed
3215,50097,27-04-2024,Payment Successed
3216,86013,29-09-2022,Payment Successed
3217,37455,11-10-2024,Payment Successed
3218,72642,04-10-2020,Payment Successed
3219,21469,14-09-2021,Payment Successed
3220,49575,29-09-2022,Payment Successed
3221,80431,03-07-2020,Payment Successed
3222,20901,09-08-2023,Failed
3223,48055,13-12-2020,Payment Successed
3224,45521,17-12-2023,Failed
3225,45635,23-11-2022,Payment Successed
3226,9704,05-12-2021,Payment Successed
3227,73499,01-01-2023,Payment Successed
3228,12909,20-12-2020,Payment Successed
3229,77317,11-10-2022,Payment Successed
3230,44318,15-07-2022,Payment Successed
3231,73877,20-06-2024,Payment Successed
3232,58036,24-03-2021,Payment Successed
3233,31816,13-05-2022,Payment Successed
3234,72349,18-08-2020,Payment Successed
3235,54998,14-02-2022,Payment Successed
3236,99497,26-11-2021,Payment Successed
3237,21576,01-06-2023,Payment Successed
3238,4821,15-07-2021,Payment Successed
3239,14799,15-09-2022,Payment Successed
3240,28922,29-06-2024,Payment Successed
3241,35433,06-08-2021,Payment Successed
3242,5612,31-08-2023,Payment Successed
3243,29533,21-06-2023,Payment Successed
3244,31408,24-10-2023,Payment Successed
3245,58583,05-02-2020,Payment Successed
3246,74746,17-12-2023,Refunded
3247,60843,04-07-2020,Payment Successed
3248,94521,02-04-2023,Payment Successed
3249,20409,30-12-2024,Payment Successed
3250,71071,21-06-2021,Payment Successed
3251,45173,22-10-2020,Payment Successed
3252,11929,10-08-2024,Payment Successed
3253,3361,20-12-2020,Refunded
3254,51536,02-04-2022,Payment Successed
3255,9246,20-12-2021,Payment Successed
3256,74569,18-06-2022,Payment Successed
3257,14074,12-12-2021,Payment Successed
3258,94501,13-04-2021,Payment Successed
3259,81963,02-07-2022,Payment Successed
3260,22831,08-04-2020,Payment Successed
3261,47710,24-02-2021,Payment Successed
3262,20863,21-06-2022,Payment Successed
3263,75310,13-08-2021,Refunded
3264,75167,24-07-2021,Payment Successed
3265,38291,08-05-2021,Payment Successed
3266,68037,25-06-2022,Payment Successed
3267,19232,26-02-2022,Payment Successed
3268,98856,04-11-2021,Payment Successed
3269,50657,21-12-2023,Payment Successed
3270,76123,15-03-2021,Payment Successed
3271,45510,25-10-2021,Payment Successed
3272,10734,04-05-2020,Payment Successed
3273,53342,19-06-2024,Payment Successed
3274,65679,30-10-2022,Payment Successed
3275,94874,10-10-2024,Payment Successed
3276,68378,26-01-2022,Payment Successed
3277,88036,30-11-2024,Failed
3278,96169,11-09-2020,Payment Successed
3279,37075,06-07-2023,Payment Successed
3280,44862,20-11-2020,Payment Successed
3281,47270,27-11-2020,Failed
3282,24430,20-01-2021,Payment Successed
3283,49121,29-11-2023,Payment Successed
3284,89142,09-07-2021,Payment Successed
3285,45398,24-12-2023,Payment Successed
3286,62982,13-02-2023,Payment Successed
3287,40228,08-05-2022,Payment Successed
3288,71387,07-01-2022,Payment Successed
3289,57750,26-09-2023,Payment Successed
3290,80875,07-08-2024,Payment Successed
3291,47758,03-08-2024,Payment Successed
3292,32644,09-12-2021,Refunded
3293,76644,25-10-2021,Failed
3294,40522,21-01-2021,Failed
3295,63583,02-08-2024,Payment Successed
3296,20209,11-06-2023,Payment Successed
3297,68458,09-09-2021,Payment Successed
3298,34700,07-05-2021,Payment Successed
3299,52724,09-11-2021,Payment Successed
3300,85450,18-02-2022,Payment Successed
3301,72335,28-09-2020,Payment Successed
3302,38790,08-06-2021,Payment Successed
3303,95919,27-06-2022,Payment Successed
3304,7866,18-03-2024,Payment Successed
3305,73422,06-02-2024,Payment Successed
3306,45351,04-05-2023,Payment Successed
3307,88855,13-06-2022,Payment Successed
3308,60479,22-03-2023,Payment Successed
3309,62447,01-10-2024,Payment Successed
3310,55520,24-12-2023,Payment Successed
3311,90275,24-04-2020,Payment Successed
3312,71492,25-01-2022,Payment Successed
3313,57055,20-04-2022,Payment Successed
3314,71268,03-02-2023,Payment Successed
3315,82402,18-12-2023,Payment Successed
3316,3247,23-01-2023,Payment Successed
3317,22940,29-04-2020,Payment Successed
3318,86078,01-04-2024,Payment Successed
3319,84775,30-11-2023,Payment Successed
3320,11646,31-08-2021,Payment Successed
3321,43561,06-09-2020,Payment Successed
3322,62634,01-05-2024,Payment Successed
3323,21700,24-02-2022,Failed
3324,38178,10-08-2021,Payment Successed
3325,34697,14-05-2023,Payment Successed
3326,82995,05-10-2021,Payment Successed
3327,34361,07-12-2022,Payment Successed
3328,64010,07-03-2024,Payment Successed
3329,70974,16-12-2020,Payment Successed
3330,89390,17-05-2024,Payment Successed
3331,3848,11-10-2022,Payment Successed
3332,31595,17-04-2024,Payment Successed
3333,83350,21-09-2020,Payment Successed
3334,89055,06-07-2020,Payment Successed
3335,55484,01-11-2022,Payment Successed
3336,8834,08-06-2020,Payment Successed
3337,19803,12-07-2023,Payment Successed
3338,93634,09-08-2023,Payment Successed
3339,12575,25-08-2022,Payment Successed
3340,8701,12-01-2023,Payment Successed
3341,35583,17-04-2020,Payment Successed
3342,70108,28-08-2023,Payment Successed
3343,53579,25-01-2021,Payment Successed
3344,29617,17-01-2024,Payment Successed
3345,14133,03-02-2021,Payment Successed
3346,52048,28-10-2023,Payment Successed
3347,57637,30-03-2023,Payment Successed
3348,5826,14-06-2022,Payment Successed
3349,52487,06-01-2021,Payment Successed
3350,97464,11-10-2022,Payment Successed
3351,19025,02-10-2023,Payment Successed
3352,55008,25-04-2020,Payment Successed
3353,13396,21-12-2023,Payment Successed
3354,20671,17-04-2022,Payment Successed
3355,72659,08-03-2022,Payment Successed
3356,24984,03-05-2024,Payment Successed
3357,73525,05-12-2024,Payment Successed
3358,71707,30-08-2024,Payment Successed
3359,40001,20-11-2024,Payment Successed
3360,88709,09-10-2024,Payment Successed
3361,99058,03-02-2020,Payment Successed
3362,40053,02-04-2023,Payment Successed
3363,81349,11-12-2021,Payment Successed
3364,58793,22-06-2020,Refunded
3365,23185,07-03-2022,Payment Successed
3366,79793,01-07-2021,Payment Successed
3367,36733,22-06-2023,Payment Successed
3368,28106,20-12-2023,Payment Successed
3369,64113,22-12-2023,Payment Successed
3370,15185,11-06-2024,Payment Successed
3371,13409,19-09-2021,Refunded
3372,3433,16-01-2020,Payment Successed
3373,16728,23-05-2021,Payment Successed
3374,29708,27-02-2022,Payment Successed
3375,60777,05-01-2023,Payment Successed
3376,14102,22-04-2022,Payment Successed
3377,40034,12-12-2022,Refunded
3378,84701,23-07-2024,Payment Successed
3379,33322,09-11-2020,Payment Successed
3380,58486,05-07-2020,Payment Successed
3381,70586,13-12-2020,Payment Successed
3382,79577,04-07-2021,Payment Successed
3383,47097,14-02-2023,Payment Successed
3384,67256,16-01-2024,Payment Successed
3385,50930,30-11-2020,Payment Successed
3386,59260,23-09-2024,Payment Successed
3387,17771,27-08-2021,Payment Successed
3388,4904,02-10-2022,Payment Successed
3389,24529,25-11-2022,Payment Successed
3390,88284,26-04-2024,Payment Successed
3391,49806,23-08-2024,Failed
3392,51393,03-06-2023,Payment Successed
3393,47440,26-09-2024,Payment Successed
3394,2221,09-03-2023,Payment Successed
3395,8694,21-07-2023,Payment Successed
3396,53415,05-04-2022,Payment Successed
3397,4331,10-01-2021,Payment Successed
3398,76454,06-04-2020,Payment Successed
3399,77176,11-12-2022,Payment Successed
3400,74229,17-05-2023,Payment Successed
3401,90662,10-11-2023,Refunded
3402,40918,27-10-2020,Payment Successed
3403,29417,03-07-2020,Payment Successed
3404,25408,20-03-2022,Payment Successed
3405,39773,15-06-2022,Payment Successed
3406,73623,12-07-2022,Payment Successed
3407,51503,12-03-2021,Payment Successed
3408,85281,24-04-2020,Payment Successed
3409,77901,29-04-2023,Payment Successed
3410,21579,15-06-2020,Payment Successed
3411,79918,28-02-2021,Payment Successed
3412,37363,13-05-2023,Payment Successed
3413,56516,17-05-2020,Payment Successed
3414,34179,08-06-2022,Payment Successed
3415,37362,01-05-2021,Payment Successed
3416,98374,05-02-2022,Payment Successed
3417,95293,23-06-2022,Payment Successed
3418,62835,02-08-2024,Payment Successed
3419,65479,21-03-2024,Refunded
3420,38330,14-04-2021,Payment Successed
3421,2862,26-11-2023,Payment Successed
3422,33697,16-08-2021,Payment Successed
3423,77624,03-12-2024,Payment Successed
3424,65155,24-09-2021,Payment Successed
3425,73479,23-09-2023,Payment Successed
3426,6509,08-12-2021,Refunded
3427,15087,07-05-2022,Refunded
3428,83762,08-06-2020,Payment Successed
3429,96170,01-10-2023,Payment Successed
3430,50379,02-11-2022,Failed
3431,87140,30-11-2021,Payment Successed
3432,53032,28-05-2023,Payment Successed
3433,31605,06-01-2021,Payment Successed
3434,86899,22-06-2020,Payment Successed
3435,8700,20-07-2021,Payment Successed
3436,73143,14-02-2024,Payment Successed
3437,52249,28-07-2021,Payment Successed
3438,7423,02-09-2021,Payment Successed
3439,94300,11-10-2023,Payment Successed
3440,56182,17-11-2022,Payment Successed
3441,54819,07-01-2023,Payment Successed
3442,26413,02-07-2023,Payment Successed
3443,63174,13-07-2022,Failed
3444,51154,16-06-2022,Payment Successed
3445,95126,21-09-2023,Payment Successed
3446,73217,15-03-2021,Payment Successed
3447,73848,07-06-2024,Payment Successed
3448,37365,08-01-2024,Refunded
3449,83358,04-02-2020,Payment Successed
3450,37960,20-04-2023,Payment Successed
3451,4848,04-07-2023,Payment Successed
3452,6382,01-02-2023,Payment Successed
3453,47985,10-07-2021,Payment Successed
3454,63770,26-11-2022,Payment Successed
3455,30087,12-08-2020,Payment Successed
3456,33706,27-12-2022,Payment Successed
3457,1974,08-01-2022,Refunded
3458,70233,18-03-2024,Payment Successed
3459,22171,25-01-2020,Payment Successed
3460,91518,22-12-2021,Refunded
3461,95446,20-12-2022,Payment Successed
3462,94967,10-03-2022,Payment Successed
3463,98380,12-07-2021,Payment Successed
3464,67574,30-11-2024,Payment Successed
3465,60761,16-04-2022,Payment Successed
3466,30332,04-01-2024,Payment Successed
3467,24897,03-08-2022,Payment Successed
3468,51572,16-10-2024,Payment Successed
3469,50315,20-07-2023,Payment Successed
3470,15591,10-05-2022,Payment Successed
3471,15002,13-11-2022,Payment Successed
3472,20926,25-09-2022,Payment Successed
3473,39906,04-03-2024,Payment Successed
3474,85069,02-07-2022,Payment Successed
3475,96381,09-09-2020,Payment Successed
3476,28506,20-06-2022,Payment Successed
3477,3691,05-04-2020,Failed
3478,18129,10-07-2020,Payment Successed
3479,23032,03-03-2022,Payment Successed
3480,12013,22-05-2023,Payment Successed
3481,24880,19-12-2022,Payment Successed
3482,3263,20-10-2020,Payment Successed
3483,91236,04-06-2022,Refunded
3484,15213,30-11-2020,Refunded
3485,7002,15-09-2020,Payment Successed
3486,75607,17-09-2022,Payment Successed
3487,54685,06-10-2020,Payment Successed
3488,28512,14-07-2022,Payment Successed
3489,70797,23-01-2021,Payment Successed
3490,59898,19-11-2022,Payment Successed
3491,26215,05-01-2021,Payment Successed
3492,96581,11-03-2021,Payment Successed
3493,1835,10-10-2024,Payment Successed
3494,1563,11-08-2020,Payment Successed
3495,83483,10-01-2023,Payment Successed
3496,71054,28-02-2020,Payment Successed
3497,93072,24-11-2022,Payment Successed
3498,35102,27-03-2021,Payment Successed
3499,76685,23-03-2022,Payment Successed
3500,8010,04-04-2021,Payment Successed
3501,7957,02-02-2021,Failed
3502,58954,04-01-2022,Failed
3503,46911,21-09-2021,Payment Successed
3504,70841,05-09-2024,Payment Successed
3505,72853,06-01-2020,Payment Successed
3506,10561,20-02-2021,Payment Successed
3507,42534,15-04-2023,Payment Successed
3508,23925,17-02-2024,Payment Successed
3509,72442,02-05-2020,Payment Successed
3510,29384,07-03-2021,Payment Successed
3511,46682,06-09-2020,Payment Successed
3512,96494,26-08-2023,Payment Successed
3513,55538,21-02-2023,Payment Successed
3514,16307,24-11-2021,Payment Successed
3515,34777,22-06-2020,Payment Successed
3516,88590,13-03-2021,Payment Successed
3517,35178,13-09-2023,Payment Successed
3518,74428,27-02-2021,Payment Successed
3519,75791,23-09-2022,Payment Successed
3520,44815,03-05-2022,Payment Successed
3521,17049,08-08-2021,Payment Successed
3522,67190,11-10-2020,Payment Successed
3523,98396,07-04-2022,Payment Successed
3524,68771,07-10-2020,Payment Successed
3525,68589,01-06-2022,Payment Successed
3526,96536,18-06-2024,Payment Successed
3527,22004,04-04-2024,Failed
3528,17617,17-01-2024,Payment Successed
3529,85943,16-11-2024,Payment Successed
3530,52577,10-06-2020,Payment Successed
3531,93145,24-11-2024,Payment Successed
3532,44321,05-05-2021,Payment Successed
3533,91641,25-06-2022,Payment Successed
3534,33721,17-12-2024,Refunded
3535,53796,29-05-2022,Payment Successed
3536,20783,08-09-2020,Payment Successed
3537,4298,14-07-2020,Payment Successed
3538,33592,31-05-2023,Payment Successed
3539,46594,17-06-2024,Payment Successed
3540,84278,18-02-2020,Payment Successed
3541,13655,02-01-2023,Payment Successed
3542,15373,14-09-2023,Payment Successed
3543,10540,11-08-2021,Payment Successed
3544,72690,16-04-2021,Payment Successed
3545,93782,09-01-2020,Failed
3546,48259,20-04-2022,Payment Successed
3547,32686,05-04-2023,Payment Successed
3548,65973,24-01-2023,Payment Successed
3549,77866,08-04-2023,Payment Successed
3550,96452,30-04-2023,Payment Successed
3551,98001,22-05-2020,Payment Successed
3552,98348,03-11-2024,Payment Successed
3553,98165,05-01-2023,Payment Successed
3554,21079,19-01-2022,Payment Successed
3555,8281,23-03-2021,Payment Successed
3556,56334,08-06-2024,Payment Successed
3557,69562,04-01-2024,Payment Successed
3558,46953,30-03-2022,Failed
3559,60267,13-10-2020,Payment Successed
3560,88290,01-12-2021,Payment Successed
3561,76500,29-12-2023,Payment Successed
3562,49226,12-09-2022,Payment Successed
3563,64213,01-11-2021,Payment Successed
3564,21968,02-07-2021,Payment Successed
3565,95973,27-01-2022,Payment Successed
3566,76221,21-09-2022,Payment Successed
3567,67487,23-09-2022,Refunded
3568,33157,27-02-2022,Payment Successed
3569,8053,04-02-2024,Refunded
3570,30123,24-01-2023,Payment Successed
3571,66980,12-08-2022,Refunded
3572,85130,20-07-2020,Payment Successed
3573,54125,24-03-2022,Payment Successed
3574,1206,01-04-2021,Payment Successed
3575,7832,12-10-2024,Payment Successed
3576,93599,09-09-2021,Failed
3577,51449,20-05-2022,Payment Successed
3578,33239,31-03-2021,Refunded
3579,36695,23-02-2023,Payment Successed
3580,64517,15-02-2022,Payment Successed
3581,73106,27-07-2021,Payment Successed
3582,12853,23-05-2023,Failed
3583,86893,06-08-2020,Payment Successed
3584,53596,29-05-2020,Payment Successed
3585,61746,05-03-2024,Payment Successed
3586,14708,23-05-2021,Payment Successed
3587,79619,05-11-2022,Payment Successed
3588,90507,23-11-2023,Payment Successed
3589,14693,28-10-2022,Refunded
3590,86595,18-07-2023,Payment Successed
3591,89936,19-07-2023,Payment Successed
3592,55233,05-11-2020,Payment Successed
3593,22610,29-11-2024,Payment Successed
3594,59147,10-03-2023,Payment Successed
3595,38000,17-10-2024,Payment Successed
3596,7278,01-02-2021,Payment Successed
3597,83053,18-02-2024,Payment Successed
3598,82341,12-08-2022,Payment Successed
3599,96088,04-03-2023,Payment Successed
3600,7825,11-10-2022,Payment Successed
3601,85114,29-03-2023,Payment Successed
3602,28627,10-02-2021,Payment Successed
3603,68163,09-04-2024,Refunded
3604,56882,30-03-2024,Payment Successed
3605,75389,26-10-2020,Payment Successed
3606,98564,23-10-2020,Payment Successed
3607,37636,07-02-2024,Payment Successed
3608,22748,17-05-2023,Payment Successed
3609,96717,18-01-2022,Failed
3610,47429,01-08-2024,Failed
3611,68840,02-09-2024,Payment Successed
3612,8967,20-01-2021,Payment Successed
3613,95200,14-12-2020,Payment Successed
3614,22925,16-05-2022,Refunded
3615,94376,26-12-2020,Payment Successed
3616,5301,21-06-2023,Payment Successed
3617,28295,06-03-2020,Payment Successed
3618,27623,21-07-2024,Payment Successed
3619,31411,30-11-2021,Payment Successed
3620,26320,04-04-2023,Payment Successed
3621,14820,01-02-2023,Payment Successed
3622,79154,07-09-2023,Payment Successed
3623,4664,01-01-2023,Payment Successed
3624,25159,18-06-2022,Payment Successed
3625,90893,20-04-2024,Refunded
3626,79895,04-06-2024,Payment Successed
3627,80605,11-11-2023,Payment Successed
3628,52657,23-02-2024,Payment Successed
3629,99569,05-03-2024,Payment Successed
3630,60392,28-05-2023,Payment Successed
3631,40916,02-07-2024,Payment Successed
3632,55154,22-07-2022,Payment Successed
3633,35923,09-06-2022,Payment Successed
3634,95593,09-02-2020,Payment Successed
3635,9779,15-11-2023,Payment Successed
3636,43567,22-08-2023,Payment Successed
3637,45708,04-03-2024,Failed
3638,71639,17-07-2020,Payment Successed
3639,54908,20-06-2024,Payment Successed
3640,4808,04-08-2021,Payment Successed
3641,78993,03-11-2021,Payment Successed
3642,39770,10-05-2024,Payment Successed
3643,77697,16-09-2023,Payment Successed
3644,60910,30-04-2022,Payment Successed
3645,19726,15-01-2021,Refunded
3646,62547,27-05-2020,Failed
3647,6902,07-06-2021,Refunded
3648,97466,08-11-2021,Payment Successed
3649,43468,24-12-2024,Payment Successed
3650,67597,29-11-2021,Payment Successed
3651,91798,05-09-2024,Payment Successed
3652,92162,19-12-2022,Payment Successed
3653,75465,29-01-2020,Payment Successed
3654,25854,23-02-2023,Payment Successed
3655,69818,13-09-2021,Payment Successed
3656,30864,16-08-2022,Payment Successed
3657,49605,12-03-2024,Payment Successed
3658,27347,03-07-2021,Payment Successed
3659,89367,16-12-2024,Payment Successed
3660,3844,27-12-2022,Payment Successed
3661,36056,13-08-2021,Payment Successed
3662,55869,03-08-2020,Payment Successed
3663,71630,10-04-2022,Failed
3664,8679,06-04-2020,Payment Successed
3665,96368,14-04-2023,Payment Successed
3666,29517,28-03-2024,Payment Successed
3667,95220,16-05-2023,Payment Successed
3668,20282,24-12-2022,Payment Successed
3669,88663,30-03-2024,Payment Successed
3670,39877,03-12-2021,Failed
3671,36063,09-01-2022,Refunded
3672,26782,14-03-2021,Payment Successed
3673,76568,16-03-2023,Payment Successed
3674,56179,20-09-2023,Failed
3675,49050,28-07-2024,Payment Successed
3676,30556,14-03-2021,Payment Successed
3677,90647,09-10-2023,Refunded
3678,98036,27-02-2022,Payment Successed
3679,56441,02-04-2020,Payment Successed
3680,74212,09-08-2024,Refunded
3681,54787,11-04-2022,Payment Successed
3682,30293,15-10-2023,Payment Successed
3683,68936,08-06-2024,Payment Successed
3684,52534,14-12-2021,Payment Successed
3685,65210,16-03-2021,Payment Successed
3686,63771,28-10-2021,Failed
3687,50419,15-11-2023,Payment Successed
3688,56422,01-09-2024,Payment Successed
3689,43636,03-10-2022,Payment Successed
3690,46231,26-05-2020,Refunded
3691,37627,05-01-2023,Payment Successed
3692,11497,09-10-2020,Payment Successed
3693,16626,12-05-2020,Payment Successed
3694,54767,01-08-2021,Failed
3695,89914,14-10-2023,Payment Successed
3696,68406,13-07-2021,Payment Successed
3697,53566,26-12-2022,Payment Successed
3698,70541,20-06-2020,Payment Successed
3699,26832,29-02-2024,Payment Successed
3700,36772,05-05-2021,Payment Successed
3701,5281,14-05-2022,Payment Successed
3702,51231,27-06-2023,Payment Successed
3703,88631,15-11-2020,Payment Successed
3704,63226,29-05-2020,Payment Successed
3705,54221,11-11-2021,Refunded
3706,37797,12-11-2020,Payment Successed
3707,10975,26-06-2021,Refunded
3708,56914,27-08-2024,Payment Successed
3709,16331,22-04-2021,Refunded
3710,84259,02-01-2023,Payment Successed
3711,86417,11-10-2024,Payment Successed
3712,42228,17-04-2020,Payment Successed
3713,71912,25-11-2023,Payment Successed
3714,93661,05-03-2024,Payment Successed
3715,51109,21-01-2020,Payment Successed
3716,1042,28-12-2020,Payment Successed
3717,79994,19-09-2020,Refunded
3718,44116,27-06-2023,Payment Successed
3719,54309,04-03-2021,Payment Successed
3720,50061,01-02-2021,Payment Successed
3721,88518,18-08-2021,Payment Successed
3722,69402,29-12-2021,Payment Successed
3723,95191,11-08-2021,Payment Successed
3724,97446,02-02-2023,Payment Successed
3725,98505,11-11-2022,Payment Successed
3726,31182,09-10-2023,Payment Successed
3727,8781,18-07-2022,Payment Successed
3728,36092,22-03-2021,Payment Successed
3729,93279,25-01-2022,Payment Successed
3730,36266,19-10-2020,Failed
3731,56038,03-08-2023,Failed
3732,81418,29-12-2020,Payment Successed
3733,66126,31-10-2020,Payment Successed
3734,41928,05-03-2023,Payment Successed
3735,24970,21-12-2021,Payment Successed
3736,93712,15-03-2024,Failed
3737,2927,05-04-2020,Payment Successed
3738,16476,28-02-2021,Payment Successed
3739,12885,05-02-2022,Payment Successed
3740,92347,15-07-2022,Payment Successed
3741,9711,28-10-2024,Payment Successed
3742,28945,15-09-2022,Payment Successed
3743,81859,26-04-2020,Payment Successed
3744,49697,15-04-2023,Refunded
3745,20348,25-11-2024,Payment Successed
3746,71944,23-10-2023,Payment Successed
3747,29968,09-08-2020,Payment Successed
3748,22607,21-11-2020,Payment Successed
3749,51032,26-10-2020,Payment Successed
3750,59283,06-10-2023,Payment Successed
3751,80485,21-11-2021,Payment Successed
3752,51430,28-05-2022,Payment Successed
3753,69422,15-07-2022,Payment Successed
3754,13913,25-07-2021,Payment Successed
3755,36214,06-12-2021,Payment Successed
3756,14596,21-06-2022,Payment Successed
3757,58876,24-07-2022,Payment Successed
3758,63504,07-07-2020,Payment Successed
3759,64932,20-12-2024,Payment Successed
3760,21903,20-08-2021,Payment Successed
3761,85707,25-07-2024,Payment Successed
3762,76668,15-07-2021,Payment Successed
3763,96617,30-05-2024,Payment Successed
3764,47828,21-10-2022,Payment Successed
3765,46680,24-06-2023,Refunded
3766,77701,31-07-2023,Payment Successed
3767,18225,21-10-2023,Payment Successed
3768,77696,09-04-2022,Payment Successed
3769,56367,10-09-2023,Payment Successed
3770,16406,24-06-2023,Payment Successed
3771,71660,10-02-2020,Payment Successed
3772,45979,28-02-2024,Payment Successed
3773,16637,16-10-2020,Payment Successed
3774,77074,30-08-2020,Payment Successed
3775,2897,08-07-2022,Payment Successed
3776,68460,13-02-2022,Payment Successed
3777,38567,25-04-2024,Refunded
3778,60995,30-11-2024,Payment Successed
3779,33334,24-12-2021,Payment Successed
3780,3711,24-03-2021,Payment Successed
3781,9474,09-01-2024,Payment Successed
3782,32495,22-12-2022,Payment Successed
3783,52902,02-09-2021,Payment Successed
3784,23607,10-02-2024,Payment Successed
3785,59156,13-04-2024,Payment Successed
3786,9603,27-06-2023,Payment Successed
3787,95474,18-02-2022,Payment Successed
3788,31276,19-11-2020,Payment Successed
3789,32380,09-11-2022,Payment Successed
3790,16951,05-02-2022,Refunded
3791,13220,16-03-2022,Payment Successed
3792,51859,27-09-2024,Payment Successed
3793,30712,14-10-2020,Refunded
3794,47768,25-09-2022,Payment Successed
3795,52729,26-02-2021,Payment Successed
3796,11705,20-05-2024,Payment Successed
3797,85337,11-04-2022,Payment Successed
3798,19611,18-01-2021,Payment Successed
3799,37942,20-01-2023,Payment Successed
3800,50971,26-06-2021,Payment Successed
3801,86539,31-01-2024,Payment Successed
3802,34707,29-03-2020,Payment Successed
3803,35773,12-09-2024,Payment Successed
3804,84283,04-02-2022,Payment Successed
3805,27740,11-07-2024,Payment Successed
3806,12317,24-04-2024,Payment Successed
3807,37469,09-05-2023,Payment Successed
3808,47658,14-04-2022,Payment Successed
3809,48040,17-06-2023,Payment Successed
3810,78370,12-06-2022,Payment Successed
3811,20884,27-04-2020,Payment Successed
3812,48052,22-02-2024,Payment Successed
3813,22787,02-12-2022,Refunded
3814,15312,02-10-2023,Payment Successed
3815,93136,01-09-2024,Payment Successed
3816,61351,02-02-2020,Payment Successed
3817,67047,01-06-2022,Payment Successed
3818,61994,06-08-2024,Payment Successed
3819,19797,12-06-2024,Refunded
3820,98978,26-01-2020,Payment Successed
3821,96802,16-08-2023,Payment Successed
3822,92920,13-01-2022,Payment Successed
3823,47670,29-12-2023,Payment Successed
3824,26970,17-08-2024,Payment Successed
3825,70006,15-05-2021,Failed
3826,45113,28-02-2024,Payment Successed
3827,81937,12-01-2024,Payment Successed
3828,99241,04-03-2022,Payment Successed
3829,29943,04-08-2022,Payment Successed
3830,28211,05-11-2022,Payment Successed
3831,96896,11-07-2022,Payment Successed
3832,21831,04-11-2022,Payment Successed
3833,14664,18-03-2024,Payment Successed
3834,24301,27-05-2020,Payment Successed
3835,94286,27-06-2022,Payment Successed
3836,30646,25-05-2023,Payment Successed
3837,37702,04-07-2021,Payment Successed
3838,75675,27-09-2023,Payment Successed
3839,5205,02-11-2021,Payment Successed
3840,35393,23-09-2024,Payment Successed
3841,47316,25-11-2022,Payment Successed
3842,45078,17-07-2023,Payment Successed
3843,44986,13-09-2020,Payment Successed
3844,21926,06-09-2020,Payment Successed
3845,8867,07-11-2024,Payment Successed
3846,80218,26-07-2022,Payment Successed
3847,24120,30-09-2024,Payment Successed
3848,21207,14-05-2022,Payment Successed
3849,10143,06-01-2022,Payment Successed
3850,80545,21-06-2021,Payment Successed
3851,2698,06-08-2022,Payment Successed
3852,40084,05-08-2020,Refunded
3853,30882,24-06-2021,Payment Successed
3854,11936,30-11-2023,Payment Successed
3855,40142,23-04-2020,Payment Successed
3856,78660,22-03-2023,Payment Successed
3857,49176,21-07-2024,Payment Successed
3858,37555,28-07-2020,Payment Successed
3859,57698,07-05-2022,Payment Successed
3860,54754,17-10-2021,Payment Successed
3861,95397,10-08-2021,Payment Successed
3862,75463,08-03-2022,Payment Successed
3863,5344,19-02-2020,Refunded
3864,3827,31-01-2023,Payment Successed
3865,39484,24-12-2023,Payment Successed
3866,1067,19-07-2020,Payment Successed
3867,90502,13-08-2021,Payment Successed
3868,49072,19-06-2020,Payment Successed
3869,44273,27-08-2020,Payment Successed
3870,77402,27-07-2024,Payment Successed
3871,61387,26-06-2021,Refunded
3872,20451,08-06-2022,Payment Successed
3873,98846,25-09-2022,Payment Successed
3874,42853,20-03-2021,Payment Successed
3875,59935,17-11-2021,Payment Successed
3876,3584,15-05-2021,Payment Successed
3877,23454,31-01-2020,Failed
3878,67887,02-08-2024,Payment Successed
3879,88342,07-11-2024,Failed
3880,85756,04-07-2020,Payment Successed
3881,50863,16-07-2022,Payment Successed
3882,81990,25-01-2020,Payment Successed
3883,74870,17-01-2022,Payment Successed
3884,11747,04-10-2023,Payment Successed
3885,16269,25-11-2020,Payment Successed
3886,90987,21-09-2024,Payment Successed
3887,70944,22-06-2021,Payment Successed
3888,44559,13-09-2020,Payment Successed
3889,87491,28-05-2023,Payment Successed
3890,47891,23-06-2024,Payment Successed
3891,43910,23-03-2021,Refunded
3892,78904,20-04-2023,Payment Successed
3893,66214,10-01-2021,Payment Successed
3894,77763,02-05-2022,Payment Successed
3895,53501,11-03-2020,Failed
3896,63992,24-06-2020,Payment Successed
3897,56798,27-02-2020,Payment Successed
3898,65457,18-01-2022,Payment Successed
3899,52885,11-03-2023,Payment Successed
3900,61338,29-12-2020,Payment Successed
3901,43977,05-07-2023,Payment Successed
3902,54208,27-11-2024,Payment Successed
3903,19291,08-04-2021,Failed
3904,36908,08-11-2021,Payment Successed
3905,26346,22-04-2023,Payment Successed
3906,47477,16-06-2020,Payment Successed
3907,55523,11-02-2023,Payment Successed
3908,91422,11-03-2022,Payment Successed
3909,25653,14-07-2022,Payment Successed
3910,84765,15-05-2022,Payment Successed
3911,18453,24-01-2022,Payment Successed
3912,19578,25-09-2023,Payment Successed
3913,83434,05-11-2023,Payment Successed
3914,38918,07-02-2021,Payment Successed
3915,60323,20-05-2023,Payment Successed
3916,47036,19-06-2021,Payment Successed
3917,75824,12-09-2023,Payment Successed
3918,73810,02-10-2020,Payment Successed
3919,12067,13-07-2021,Payment Successed
3920,30619,01-04-2021,Payment Successed
3921,56346,06-10-2024,Payment Successed
3922,77994,05-02-2020,Payment Successed
3923,47011,20-02-2024,Payment Successed
3924,59383,23-02-2023,Payment Successed
3925,50025,28-10-2020,Payment Successed
3926,8002,11-06-2020,Payment Successed
3927,14173,25-01-2020,Refunded
3928,67847,23-05-2023,Payment Successed
3929,94167,16-03-2021,Payment Successed
3930,97997,13-10-2020,Payment Successed
3931,76968,04-11-2020,Payment Successed
3932,81968,07-07-2021,Failed
3933,14423,01-09-2020,Payment Successed
3934,88223,18-12-2024,Payment Successed
3935,49246,17-05-2023,Payment Successed
3936,59342,25-03-2024,Payment Successed
3937,13768,15-06-2024,Payment Successed
3938,44583,16-12-2023,Payment Successed
3939,81187,06-05-2023,Payment Successed
3940,78150,15-10-2024,Payment Successed
3941,13193,04-06-2020,Payment Successed
3942,94890,01-01-2021,Payment Successed
3943,86688,14-11-2024,Payment Successed
3944,27250,05-06-2022,Refunded
3945,51987,25-02-2024,Payment Successed
3946,85519,19-12-2022,Payment Successed
3947,47708,17-01-2024,Payment Successed
3948,96812,27-09-2022,Payment Successed
3949,66637,04-11-2024,Payment Successed
3950,74482,20-04-2023,Payment Successed
3951,86142,06-07-2024,Payment Successed
3952,41974,20-09-2020,Payment Successed
3953,47453,03-09-2024,Payment Successed
3954,66136,18-11-2022,Payment Successed
3955,81324,16-01-2020,Payment Successed
3956,41630,04-10-2024,Payment Successed
3957,19904,13-06-2021,Payment Successed
3958,64911,24-08-2021,Payment Successed
3959,26749,10-12-2023,Refunded
3960,67618,06-05-2022,Payment Successed
3961,13915,10-12-2021,Payment Successed
3962,27743,13-01-2020,Payment Successed
3963,48495,13-06-2024,Refunded
3964,44345,24-07-2023,Payment Successed
3965,19283,27-10-2021,Payment Successed
3966,79725,22-12-2023,Payment Successed
3967,50147,04-07-2021,Payment Successed
3968,57958,06-05-2022,Failed
3969,62339,04-07-2024,Payment Successed
3970,53601,29-09-2023,Payment Successed
3971,95237,27-06-2023,Payment Successed
3972,43163,20-09-2020,Payment Successed
3973,17722,21-03-2021,Payment Successed
3974,21974,05-08-2022,Payment Successed
3975,38921,30-12-2020,Payment Successed
3976,91486,02-10-2021,Payment Successed
3977,54110,13-11-2020,Payment Successed
3978,11336,19-06-2021,Payment Successed
3979,63086,11-02-2023,Payment Successed
3980,6729,14-09-2023,Payment Successed
3981,74790,07-02-2023,Failed
3982,74484,20-04-2024,Payment Successed
3983,90138,10-12-2022,Payment Successed
3984,40371,22-08-2022,Failed
3985,10070,17-09-2024,Payment Successed
3986,21354,06-05-2022,Payment Successed
3987,28559,04-07-2024,Refunded
3988,15287,01-09-2022,Payment Successed
3989,52037,05-03-2024,Payment Successed
3990,19742,13-06-2023,Payment Successed
3991,60555,02-07-2024,Payment Successed
3992,11653,23-11-2022,Payment Successed
3993,76244,08-10-2021,Payment Successed
3994,95726,14-08-2023,Payment Successed
3995,25471,17-04-2021,Payment Successed
3996,56141,23-05-2023,Payment Successed
3997,43104,14-05-2024,Refunded
3998,84763,25-01-2022,Payment Successed
3999,34415,30-01-2020,Payment Successed
4000,82598,15-01-2023,Payment Successed
4001,95512,03-11-2023,Payment Successed
4002,68798,01-03-2023,Payment Successed
4003,94064,22-03-2022,Payment Successed
4004,79934,14-07-2020,Failed
4005,79404,08-08-2020,Payment Successed
4006,92129,28-07-2022,Payment Successed
4007,90250,25-11-2023,Payment Successed
4008,18346,05-04-2021,Payment Successed
4009,54113,20-07-2021,Payment Successed
4010,33366,10-08-2021,Payment Successed
4011,33460,19-02-2024,Payment Successed
4012,59412,24-01-2022,Payment Successed
4013,31250,19-10-2023,Payment Successed
4014,25087,22-04-2021,Payment Successed
4015,60011,23-09-2023,Failed
4016,52124,26-01-2022,Payment Successed
4017,4340,12-04-2021,Payment Successed
4018,49631,22-04-2020,Payment Successed
4019,38146,30-07-2024,Payment Successed
4020,51053,21-11-2023,Payment Successed
4021,89228,20-12-2024,Payment Successed
4022,43616,01-03-2021,Payment Successed
4023,6978,28-05-2021,Refunded
4024,68478,11-11-2023,Payment Successed
4025,27867,29-12-2021,Payment Successed
4026,80910,03-10-2022,Payment Successed
4027,85551,29-10-2023,Payment Successed
4028,17059,23-12-2023,Payment Successed
4029,58372,27-01-2020,Payment Successed
4030,2722,29-01-2022,Payment Successed
4031,97272,28-10-2020,Payment Successed
4032,4062,14-08-2021,Refunded
4033,8985,22-04-2020,Payment Successed
4034,8808,02-04-2022,Payment Successed
4035,68751,06-11-2022,Payment Successed
4036,45033,23-07-2021,Payment Successed
4037,39734,26-08-2022,Payment Successed
4038,35506,18-07-2022,Payment Successed
4039,80877,12-02-2023,Payment Successed
4040,3374,11-06-2022,Payment Successed
4041,86615,17-08-2020,Payment Successed
4042,81616,25-04-2023,Payment Successed
4043,8143,24-10-2020,Payment Successed
4044,40355,30-11-2024,Payment Successed
4045,54855,16-01-2024,Failed
4046,27333,09-04-2021,Payment Successed
4047,45147,19-09-2024,Payment Successed
4048,19463,05-05-2020,Payment Successed
4049,79520,26-12-2022,Refunded
4050,48965,24-02-2022,Payment Successed
4051,84113,27-01-2024,Payment Successed
4052,30138,27-07-2022,Payment Successed
4053,41272,27-06-2022,Payment Successed
4054,59903,26-08-2024,Payment Successed
4055,83142,05-02-2024,Payment Successed
4056,96387,05-01-2021,Payment Successed
4057,18908,10-02-2021,Payment Successed
4058,2010,20-04-2024,Payment Successed
4059,82748,12-05-2020,Failed
4060,5746,15-08-2024,Payment Successed
4061,25811,03-02-2022,Payment Successed
4062,66767,24-04-2024,Payment Successed
4063,1643,02-05-2020,Payment Successed
4064,4615,08-08-2024,Payment Successed
4065,73423,19-09-2020,Payment Successed
4066,77358,18-01-2021,Payment Successed
4067,36922,15-12-2023,Refunded
4068,48205,08-01-2023,Payment Successed
4069,49618,17-03-2020,Payment Successed
4070,9861,03-10-2021,Payment Successed
4071,54523,26-08-2022,Payment Successed
4072,71611,26-05-2022,Payment Successed
4073,82811,28-12-2024,Payment Successed
4074,44431,28-04-2022,Payment Successed
4075,7185,29-08-2021,Payment Successed
4076,95210,26-02-2021,Payment Successed
4077,87106,07-08-2021,Payment Successed
4078,3836,07-05-2022,Payment Successed
4079,99137,10-07-2023,Payment Successed
4080,87931,16-10-2020,Payment Successed
4081,13793,19-08-2020,Payment Successed
4082,18539,20-07-2022,Payment Successed
4083,65970,06-04-2020,Failed
4084,74640,30-06-2024,Payment Successed
4085,61992,29-04-2022,Payment Successed
4086,13346,27-02-2023,Payment Successed
4087,64238,30-03-2022,Payment Successed
4088,66156,24-02-2023,Failed
4089,88390,07-03-2024,Payment Successed
4090,28291,13-07-2022,Payment Successed
4091,16039,25-03-2021,Payment Successed
4092,63579,10-11-2023,Payment Successed
4093,50213,27-10-2020,Payment Successed
4094,60046,01-05-2023,Payment Successed
4095,38298,05-11-2024,Payment Successed
4096,62342,01-06-2021,Payment Successed
4097,96834,18-02-2022,Payment Successed
4098,67273,19-09-2024,Payment Successed
4099,26905,14-01-2021,Payment Successed
4100,40623,15-04-2024,Payment Successed
4101,53516,05-12-2024,Payment Successed
4102,73526,27-09-2022,Payment Successed
4103,92698,04-11-2024,Failed
4104,53349,01-03-2024,Payment Successed
4105,27406,14-09-2020,Payment Successed
4106,29414,26-06-2021,Payment Successed
4107,79206,28-10-2020,Payment Successed
4108,54460,27-08-2022,Payment Successed
4109,57525,02-10-2020,Payment Successed
4110,8629,04-01-2021,Payment Successed
4111,92229,28-09-2020,Payment Successed
4112,93028,03-08-2023,Payment Successed
4113,6866,15-06-2024,Refunded
4114,63780,22-11-2021,Payment Successed
4115,11438,04-05-2020,Payment Successed
4116,7487,21-10-2024,Payment Successed
4117,69383,04-12-2020,Failed
4118,96753,20-08-2022,Payment Successed
4119,32764,27-02-2023,Payment Successed
4120,89375,07-03-2023,Payment Successed
4121,44650,02-06-2023,Payment Successed
4122,62857,08-03-2023,Payment Successed
4123,73133,20-08-2020,Payment Successed
4124,14140,14-11-2021,Payment Successed
4125,72018,22-12-2020,Payment Successed
4126,76365,15-03-2021,Refunded
4127,43739,25-10-2022,Payment Successed
4128,40201,14-01-2022,Payment Successed
4129,18139,16-06-2024,Payment Successed
4130,5451,22-04-2024,Payment Successed
4131,10784,11-04-2020,Payment Successed
4132,18918,13-08-2021,Payment Successed
4133,29138,08-06-2023,Payment Successed
4134,57355,20-12-2021,Failed
4135,34003,27-08-2023,Failed
4136,80028,29-09-2020,Payment Successed
4137,38236,16-01-2021,Payment Successed
4138,52642,19-09-2020,Payment Successed
4139,21958,21-08-2023,Payment Successed
4140,89956,09-04-2022,Refunded
4141,30079,19-07-2020,Payment Successed
4142,5249,12-11-2021,Payment Successed
4143,46189,28-05-2022,Payment Successed
4144,29177,17-02-2021,Payment Successed
4145,63653,29-08-2021,Payment Successed
4146,48459,10-05-2023,Payment Successed
4147,96639,29-02-2020,Payment Successed
4148,62652,06-10-2021,Payment Successed
4149,64363,05-11-2023,Payment Successed
4150,37331,30-07-2021,Failed
4151,17361,09-04-2020,Payment Successed
4152,90531,18-11-2020,Payment Successed
4153,25250,19-01-2020,Payment Successed
4154,82177,15-08-2021,Payment Successed
4155,25304,13-09-2023,Payment Successed
4156,69293,09-02-2023,Payment Successed
4157,46400,11-05-2020,Refunded
4158,63123,14-03-2024,Refunded
4159,88475,22-05-2022,Payment Successed
4160,12792,22-10-2022,Payment Successed
4161,99878,09-04-2021,Payment Successed
4162,72552,08-07-2023,Payment Successed
4163,44534,26-07-2023,Payment Successed
4164,39736,27-03-2022,Payment Successed
4165,59126,15-05-2021,Payment Successed
4166,96675,31-05-2022,Failed
4167,12325,31-10-2020,Payment Successed
4168,72860,07-06-2022,Payment Successed
4169,45571,02-10-2022,Payment Successed
4170,43418,12-10-2021,Payment Successed
4171,11914,24-01-2020,Payment Successed
4172,59261,05-12-2022,Payment Successed
4173,99730,15-11-2022,Payment Successed
4174,47696,13-06-2023,Payment Successed
4175,46562,10-07-2021,Payment Successed
4176,73470,22-11-2020,Payment Successed
4177,64772,05-09-2021,Payment Successed
4178,73035,28-08-2020,Payment Successed
4179,95824,19-10-2020,Payment Successed
4180,15127,15-11-2020,Payment Successed
4181,64298,18-06-2020,Payment Successed
4182,7451,10-07-2024,Payment Successed
4183,95026,09-03-2021,Payment Successed
4184,96076,15-05-2023,Payment Successed
4185,1993,03-08-2021,Failed
4186,67165,26-09-2020,Payment Successed
4187,97937,08-05-2021,Refunded
4188,66790,10-01-2024,Payment Successed
4189,18047,09-03-2021,Payment Successed
4190,20634,31-12-2020,Payment Successed
4191,74914,02-07-2023,Failed
4192,40642,04-11-2022,Payment Successed
4193,32241,05-08-2021,Payment Successed
4194,64406,13-10-2024,Refunded
4195,88464,28-10-2021,Refunded
4196,99094,11-12-2023,Refunded
4197,15936,24-07-2024,Payment Successed
4198,21286,30-01-2021,Payment Successed
4199,91374,28-01-2021,Payment Successed
4200,14613,04-02-2022,Payment Successed
4201,24716,01-04-2023,Failed
4202,15828,20-12-2020,Payment Successed
4203,45103,02-02-2021,Payment Successed
4204,59321,23-09-2023,Failed
4205,32326,04-06-2024,Payment Successed
4206,4148,14-10-2020,Payment Successed
4207,66172,29-11-2020,Payment Successed
4208,27807,01-06-2022,Payment Successed
4209,78465,01-03-2021,Payment Successed
4210,77382,28-07-2020,Payment Successed
4211,8901,11-05-2023,Payment Successed
4212,83888,06-03-2022,Payment Successed
4213,17148,24-09-2024,Payment Successed
4214,53532,29-04-2021,Payment Successed
4215,59278,12-08-2024,Payment Successed
4216,79148,03-06-2023,Payment Successed
4217,75896,11-05-2020,Payment Successed
4218,82224,16-04-2020,Payment Successed
4219,99409,30-09-2024,Payment Successed
4220,50170,28-08-2022,Payment Successed
4221,95529,27-11-2023,Refunded
4222,44313,08-03-2024,Failed
4223,91012,07-12-2023,Refunded
4224,80169,16-11-2022,Payment Successed
4225,57482,13-01-2023,Payment Successed
4226,11193,13-07-2024,Payment Successed
4227,9911,29-01-2024,Payment Successed
4228,28376,22-01-2023,Refunded
4229,74556,23-01-2024,Payment Successed
4230,24451,20-07-2020,Payment Successed
4231,5208,23-12-2020,Payment Successed
4232,78706,06-04-2024,Payment Successed
4233,31237,29-10-2021,Payment Successed
4234,37720,09-03-2023,Payment Successed
4235,70964,06-01-2023,Payment Successed
4236,50665,20-08-2022,Payment Successed
4237,20551,22-01-2024,Payment Successed
4238,39403,11-04-2024,Payment Successed
4239,53787,22-03-2020,Payment Successed
4240,65411,23-09-2023,Payment Successed
4241,97546,10-12-2022,Payment Successed
4242,51470,20-03-2024,Payment Successed
4243,44448,06-10-2021,Failed
4244,60092,14-11-2022,Payment Successed
4245,14695,30-01-2024,Payment Successed
4246,57506,14-10-2023,Payment Successed
4247,15803,09-04-2021,Payment Successed
4248,91202,02-06-2022,Payment Successed
4249,88407,30-09-2024,Payment Successed
4250,70095,21-01-2022,Payment Successed
4251,90663,25-09-2021,Payment Successed
4252,3591,07-05-2021,Payment Successed
4253,19900,27-03-2020,Failed
4254,79540,03-05-2020,Payment Successed
4255,63805,23-01-2024,Payment Successed
4256,44244,21-05-2023,Payment Successed
4257,59477,13-03-2023,Payment Successed
4258,70710,15-06-2020,Payment Successed
4259,16767,02-04-2021,Payment Successed
4260,10029,20-03-2023,Payment Successed
4261,72331,27-08-2022,Payment Successed
4262,46159,28-12-2024,Payment Successed
4263,17827,29-11-2022,Payment Successed
4264,65343,22-05-2020,Payment Successed
4265,4949,18-02-2022,Payment Successed
4266,96232,04-08-2021,Refunded
4267,95310,25-01-2021,Payment Successed
4268,48616,01-07-2023,Payment Successed
4269,14665,08-11-2022,Payment Successed
4270,26388,24-12-2023,Payment Successed
4271,45030,25-03-2021,Payment Successed
4272,98821,15-10-2023,Payment Successed
4273,3070,21-12-2024,Payment Successed
4274,98522,21-02-2021,Payment Successed
4275,65797,08-10-2022,Payment Successed
4276,5390,26-01-2020,Payment Successed
4277,36515,17-04-2022,Payment Successed
4278,95528,04-07-2022,Payment Successed
4279,79105,03-05-2020,Payment Successed
4280,93119,24-11-2021,Payment Successed
4281,69860,25-04-2022,Payment Successed
4282,55771,17-09-2020,Payment Successed
4283,23729,03-10-2023,Payment Successed
4284,6803,20-07-2022,Payment Successed
4285,61208,30-11-2020,Payment Successed
4286,72463,26-09-2021,Failed
4287,52685,03-07-2021,Payment Successed
4288,81879,10-06-2022,Payment Successed
4289,18565,28-11-2024,Payment Successed
4290,42203,12-07-2021,Payment Successed
4291,29656,17-07-2021,Payment Successed
4292,36244,01-06-2020,Payment Successed
4293,68546,05-11-2023,Payment Successed
4294,55020,20-05-2023,Payment Successed
4295,85978,03-11-2024,Payment Successed
4296,89113,30-10-2020,Payment Successed
4297,3091,08-06-2021,Payment Successed
4298,56190,05-01-2022,Payment Successed
4299,50418,26-12-2021,Failed
4300,28308,19-04-2022,Payment Successed
4301,9444,10-10-2024,Payment Successed
4302,64245,03-02-2023,Failed
4303,94099,09-06-2022,Payment Successed
4304,26637,07-11-2022,Payment Successed
4305,38510,08-01-2023,Payment Successed
4306,57984,13-10-2023,Payment Successed
4307,77285,07-12-2022,Failed
4308,79037,11-05-2024,Failed
4309,98947,14-09-2023,Payment Successed
4310,34334,28-07-2020,Payment Successed
4311,22578,06-03-2023,Payment Successed
4312,29626,10-10-2020,Payment Successed
4313,11312,11-12-2020,Payment Successed
4314,41371,22-07-2023,Payment Successed
4315,57086,09-04-2020,Payment Successed
4316,31541,25-04-2024,Payment Successed
4317,51945,11-12-2023,Payment Successed
4318,17578,01-06-2021,Payment Successed
4319,51150,24-11-2020,Payment Successed
4320,94512,29-01-2021,Payment Successed
4321,27437,25-10-2022,Payment Successed
4322,42806,19-10-2021,Payment Successed
4323,5409,07-12-2021,Payment Successed
4324,20777,18-01-2022,Payment Successed
4325,69417,09-11-2020,Payment Successed
4326,45991,31-07-2024,Payment Successed
4327,88443,04-05-2023,Payment Successed
4328,90295,22-08-2021,Payment Successed
4329,56426,27-04-2023,Payment Successed
4330,57982,29-10-2022,Payment Successed
4331,73154,16-03-2023,Payment Successed
4332,3101,16-02-2021,Payment Successed
4333,87387,16-12-2023,Payment Successed
4334,49427,28-11-2024,Payment Successed
4335,83313,12-04-2021,Payment Successed
4336,66844,20-02-2022,Payment Successed
4337,15531,05-12-2020,Payment Successed
4338,97845,30-07-2022,Refunded
4339,40791,27-12-2022,Payment Successed
4340,62781,05-07-2023,Payment Successed
4341,14349,24-08-2022,Payment Successed
4342,34382,22-09-2020,Payment Successed
4343,62140,06-05-2021,Payment Successed
4344,71757,09-06-2021,Payment Successed
4345,53819,17-09-2022,Payment Successed
4346,42930,28-02-2023,Payment Successed
4347,9419,05-01-2021,Payment Successed
4348,37078,01-11-2023,Payment Successed
4349,49262,14-03-2021,Payment Successed
4350,37549,07-09-2024,Payment Successed
4351,38251,23-06-2021,Payment Successed
4352,54230,22-04-2023,Payment Successed
4353,95267,08-08-2021,Payment Successed
4354,16689,12-05-2023,Payment Successed
4355,27220,25-02-2020,Payment Successed
4356,26409,25-02-2023,Payment Successed
4357,13185,31-12-2021,Payment Successed
4358,77024,26-11-2020,Payment Successed
4359,41703,29-08-2020,Payment Successed
4360,93094,01-12-2021,Payment Successed
4361,91688,24-02-2022,Payment Successed
4362,58034,25-11-2021,Payment Successed
4363,1905,18-07-2024,Payment Successed
4364,76065,21-08-2020,Failed
4365,75948,11-12-2020,Payment Successed
4366,94444,17-05-2022,Payment Successed
4367,60183,23-02-2024,Payment Successed
4368,23061,06-11-2024,Payment Successed
4369,37754,20-05-2024,Payment Successed
4370,6108,05-02-2022,Failed
4371,28962,10-07-2022,Payment Successed
4372,70380,01-08-2020,Payment Successed
4373,42018,26-11-2022,Payment Successed
4374,29873,11-12-2022,Payment Successed
4375,97779,15-11-2023,Payment Successed
4376,93665,30-11-2022,Payment Successed
4377,11447,04-08-2021,Payment Successed
4378,66028,13-09-2020,Payment Successed
4379,89886,11-08-2023,Payment Successed
4380,45093,30-03-2024,Payment Successed
4381,74658,16-06-2021,Payment Successed
4382,11167,06-12-2022,Payment Successed
4383,57030,25-09-2020,Payment Successed
4384,42488,19-04-2020,Payment Successed
4385,29400,10-02-2020,Payment Successed
4386,54564,13-06-2024,Payment Successed
4387,76424,10-12-2022,Payment Successed
4388,98497,03-12-2023,Payment Successed
4389,37451,30-04-2024,Payment Successed
4390,38329,08-04-2024,Payment Successed
4391,58726,09-11-2022,Payment Successed
4392,96475,23-02-2022,Payment Successed
4393,61915,18-05-2023,Payment Successed
4394,18786,11-03-2022,Payment Successed
4395,18319,29-03-2021,Payment Successed
4396,85718,23-09-2022,Payment Successed
4397,32164,07-01-2020,Refunded
4398,97962,11-07-2022,Payment Successed
4399,6356,16-07-2023,Payment Successed
4400,57530,04-12-2022,Payment Successed
4401,50167,27-10-2021,Payment Successed
4402,77685,22-10-2024,Payment Successed
4403,36503,16-07-2024,Payment Successed
4404,47136,21-02-2020,Payment Successed
4405,43661,11-07-2022,Payment Successed
4406,32330,26-11-2024,Payment Successed
4407,55385,07-04-2024,Payment Successed
4408,96283,11-04-2020,Payment Successed
4409,74200,03-05-2024,Failed
4410,94701,18-08-2021,Payment Successed
4411,26230,20-08-2021,Payment Successed
4412,24534,08-03-2021,Payment Successed
4413,55570,21-02-2020,Payment Successed
4414,36302,05-04-2024,Payment Successed
4415,17601,23-10-2021,Payment Successed
4416,62859,12-12-2020,Payment Successed
4417,65836,19-09-2024,Payment Successed
4418,78235,02-03-2024,Payment Successed
4419,36989,22-02-2022,Payment Successed
4420,73572,06-02-2023,Refunded
4421,54244,07-09-2024,Refunded
4422,81074,20-05-2022,Payment Successed
4423,48911,01-10-2021,Payment Successed
4424,88751,04-06-2021,Refunded
4425,6073,20-06-2022,Payment Successed
4426,91980,30-11-2023,Payment Successed
4427,11302,23-02-2021,Payment Successed
4428,36530,17-06-2020,Refunded
4429,2627,01-07-2022,Payment Successed
4430,30328,14-01-2020,Failed
4431,36365,21-08-2024,Payment Successed
4432,71274,28-03-2021,Payment Successed
4433,92136,01-03-2022,Refunded
4434,84699,05-01-2022,Payment Successed
4435,69070,29-07-2020,Failed
4436,6191,14-01-2020,Payment Successed
4437,61857,15-08-2023,Payment Successed
4438,51635,31-10-2023,Payment Successed
4439,99293,16-10-2020,Payment Successed
4440,3227,17-10-2022,Payment Successed
4441,71888,28-01-2021,Payment Successed
4442,17011,19-01-2023,Payment Successed
4443,78780,21-01-2022,Payment Successed
4444,25689,23-04-2021,Payment Successed
4445,30591,19-04-2022,Payment Successed
4446,90229,20-06-2021,Payment Successed
4447,49875,07-08-2024,Payment Successed
4448,67890,29-06-2024,Failed
4449,24761,12-03-2023,Payment Successed
4450,88941,02-10-2021,Payment Successed
4451,13218,10-03-2022,Payment Successed
4452,60377,22-02-2021,Payment Successed
4453,1472,07-11-2023,Payment Successed
4454,35472,30-10-2024,Payment Successed
4455,94268,23-12-2022,Payment Successed
4456,32656,01-12-2020,Payment Successed
4457,78360,30-08-2021,Payment Successed
4458,26614,05-07-2020,Payment Successed
4459,53615,31-01-2022,Payment Successed
4460,14101,04-06-2022,Payment Successed
4461,7637,10-09-2021,Payment Successed
4462,61987,28-09-2024,Payment Successed
4463,87980,11-06-2024,Payment Successed
4464,12664,11-10-2020,Payment Successed
4465,10961,13-10-2021,Payment Successed
4466,69238,14-06-2023,Payment Successed
4467,79921,03-10-2020,Payment Successed
4468,71116,10-09-2023,Payment Successed
4469,2736,01-12-2020,Payment Successed
4470,33141,27-07-2021,Payment Successed
4471,27033,10-08-2023,Payment Successed
4472,67432,12-11-2022,Payment Successed
4473,23248,20-06-2022,Payment Successed
4474,82734,18-03-2023,Payment Successed
4475,19191,11-11-2021,Payment Successed
4476,69478,31-10-2020,Payment Successed
4477,38873,02-03-2022,Payment Successed
4478,98811,08-09-2022,Payment Successed
4479,32198,16-01-2020,Payment Successed
4480,98084,18-02-2021,Payment Successed
4481,77426,06-02-2023,Payment Successed
4482,93768,23-08-2020,Payment Successed
4483,96258,12-02-2021,Failed
4484,16541,27-03-2022,Payment Successed
4485,29530,28-10-2020,Payment Successed
4486,80367,04-08-2020,Payment Successed
4487,3785,19-02-2022,Payment Successed
4488,5774,06-06-2024,Payment Successed
4489,26241,09-04-2021,Payment Successed
4490,1193,28-08-2024,Payment Successed
4491,91888,30-11-2022,Payment Successed
4492,90367,31-05-2023,Payment Successed
4493,10978,18-10-2022,Payment Successed
4494,40940,04-04-2020,Payment Successed
4495,53604,29-04-2020,Payment Successed
4496,64874,12-08-2023,Failed
4497,70367,19-09-2023,Payment Successed
4498,25567,03-03-2024,Payment Successed
4499,58185,09-03-2021,Payment Successed
4500,64714,14-06-2020,Payment Successed
4501,62605,17-01-2024,Payment Successed
4502,52142,20-03-2023,Payment Successed
4503,80537,06-07-2022,Payment Successed
4504,78595,07-06-2024,Payment Successed
4505,47443,29-09-2020,Payment Successed
4506,97334,15-03-2024,Payment Successed
4507,84079,29-05-2024,Payment Successed
4508,74436,30-08-2024,Payment Successed
4509,51977,21-12-2021,Payment Successed
4510,3901,01-08-2024,Payment Successed
4511,34529,11-01-2021,Payment Successed
4512,54723,12-04-2024,Payment Successed
4513,59523,02-02-2021,Payment Successed
4514,66059,17-09-2023,Payment Successed
4515,91787,21-06-2024,Payment Successed
4516,87312,16-12-2023,Payment Successed
4517,74520,22-07-2021,Payment Successed
4518,54841,13-08-2022,Payment Successed
4519,71889,04-06-2024,Payment Successed
4520,9591,23-02-2023,Payment Successed
4521,52316,11-07-2020,Payment Successed
4522,5768,10-01-2022,Payment Successed
4523,56232,08-01-2021,Payment Successed
4524,61862,20-10-2021,Payment Successed
4525,67941,26-05-2021,Payment Successed
4526,54577,28-04-2021,Payment Successed
4527,38249,21-01-2021,Payment Successed
4528,60255,06-02-2021,Payment Successed
4529,30178,27-01-2024,Payment Successed
4530,98158,13-06-2020,Payment Successed
4531,56214,19-07-2024,Payment Successed
4532,27687,08-12-2020,Failed
4533,38143,16-06-2020,Payment Successed
4534,43734,10-09-2023,Payment Successed
4535,58512,24-07-2020,Payment Successed
4536,38524,10-10-2024,Payment Successed
4537,60887,03-04-2024,Payment Successed
4538,72626,09-01-2024,Payment Successed
4539,43281,08-02-2024,Payment Successed
4540,11531,25-02-2021,Payment Successed
4541,88858,24-11-2024,Payment Successed
4542,17808,29-01-2020,Payment Successed
4543,79752,25-10-2020,Payment Successed
4544,17806,24-10-2024,Payment Successed
4545,98538,19-09-2022,Payment Successed
4546,49913,07-01-2022,Payment Successed
4547,3863,14-11-2020,Payment Successed
4548,97741,04-10-2024,Payment Successed
4549,41438,12-05-2024,Payment Successed
4550,12174,05-10-2023,Payment Successed
4551,33566,29-05-2023,Payment Successed
4552,80796,21-02-2023,Payment Successed
4553,29444,20-04-2024,Failed
4554,58236,26-05-2021,Payment Successed
4555,23953,08-04-2020,Payment Successed
4556,99501,24-02-2024,Payment Successed
4557,27733,13-03-2022,Payment Successed
4558,33549,24-11-2020,Payment Successed
4559,97175,08-03-2023,Payment Successed
4560,64994,05-11-2022,Payment Successed
4561,79583,22-06-2020,Refunded
4562,99382,21-09-2023,Payment Successed
4563,81257,23-12-2023,Payment Successed
4564,36398,19-09-2023,Refunded
4565,24506,07-06-2021,Payment Successed
4566,48244,05-12-2023,Refunded
4567,85459,21-05-2021,Refunded
4568,1425,15-06-2024,Payment Successed
4569,90587,29-01-2021,Payment Successed
4570,74268,08-03-2024,Payment Successed
4571,85478,03-07-2023,Payment Successed
4572,16622,25-06-2020,Payment Successed
4573,73179,18-08-2021,Payment Successed
4574,45657,11-08-2022,Payment Successed
4575,34044,14-10-2022,Payment Successed
4576,33846,15-06-2020,Payment Successed
4577,2037,25-11-2022,Payment Successed
4578,33890,28-03-2024,Failed
4579,83496,02-12-2022,Payment Successed
4580,92020,29-08-2021,Failed
4581,10003,25-06-2024,Payment Successed
4582,54587,30-12-2022,Payment Successed
4583,38623,01-10-2020,Payment Successed
4584,92190,05-01-2024,Payment Successed
4585,77418,01-11-2023,Payment Successed
4586,86978,18-12-2024,Failed
4587,25719,05-03-2023,Payment Successed
4588,93021,17-05-2021,Payment Successed
4589,88872,02-11-2020,Payment Successed
4590,7857,31-10-2021,Payment Successed
4591,39992,16-01-2023,Payment Successed
4592,31384,19-04-2021,Payment Successed
4593,64736,17-02-2024,Payment Successed
4594,13306,13-11-2020,Failed
4595,67155,22-11-2023,Payment Successed
4596,73888,29-04-2021,Payment Successed
4597,9870,16-01-2021,Payment Successed
4598,22358,14-09-2023,Payment Successed
4599,43922,20-11-2022,Refunded
4600,86727,25-02-2024,Payment Successed
4601,63284,14-10-2022,Payment Successed
4602,59113,29-06-2024,Payment Successed
4603,23771,27-09-2022,Payment Successed
4604,32296,01-02-2022,Payment Successed
4605,44861,30-09-2024,Payment Successed
4606,77969,27-09-2020,Payment Successed
4607,85528,07-06-2023,Payment Successed
4608,77946,22-06-2024,Payment Successed
4609,6925,29-09-2020,Payment Successed
4610,42665,11-04-2024,Payment Successed
4611,78015,14-08-2020,Payment Successed
4612,63210,20-04-2023,Payment Successed
4613,1851,05-04-2023,Payment Successed
4614,71469,22-02-2024,Payment Successed
4615,76507,07-08-2021,Payment Successed
4616,58259,17-05-2022,Payment Successed
4617,33382,01-09-2021,Payment Successed
4618,93079,18-10-2023,Payment Successed
4619,45627,02-06-2020,Payment Successed
4620,91047,17-01-2022,Payment Successed
4621,70594,11-08-2023,Payment Successed
4622,92840,06-05-2024,Payment Successed
4623,75380,20-12-2020,Payment Successed
4624,5741,16-02-2023,Payment Successed
4625,78019,13-09-2020,Payment Successed
4626,84479,30-03-2021,Payment Successed
4627,75339,23-09-2023,Payment Successed
4628,8231,25-08-2022,Payment Successed
4629,80428,31-08-2024,Payment Successed
4630,9392,28-12-2020,Payment Successed
4631,72683,22-09-2022,Payment Successed
4632,5807,25-03-2021,Payment Successed
4633,46561,09-01-2020,Payment Successed
4634,96074,21-12-2023,Payment Successed
4635,58572,26-10-2023,Payment Successed
4636,45369,09-09-2021,Payment Successed
4637,3523,14-03-2022,Payment Successed
4638,84528,09-01-2024,Payment Successed
4639,68744,02-04-2023,Payment Successed
4640,60371,19-12-2021,Payment Successed
4641,10153,28-04-2020,Payment Successed
4642,84776,31-01-2022,Payment Successed
4643,53614,24-07-2021,Payment Successed
4644,85391,23-10-2020,Payment Successed
4645,55753,26-06-2023,Payment Successed
4646,63571,25-08-2024,Payment Successed
4647,62095,01-04-2022,Payment Successed
4648,79768,29-06-2022,Payment Successed
4649,70067,03-11-2020,Payment Successed
4650,66594,26-09-2024,Payment Successed
4651,11876,07-04-2023,Payment Successed
4652,88377,18-12-2024,Payment Successed
4653,40182,11-08-2020,Payment Successed
4654,48054,16-09-2022,Payment Successed
4655,19948,12-03-2024,Payment Successed
4656,1379,29-08-2021,Payment Successed
4657,35088,12-02-2020,Payment Successed
4658,60984,18-10-2020,Payment Successed
4659,90443,29-05-2022,Payment Successed
4660,9476,13-05-2022,Payment Successed
4661,85004,30-09-2021,Payment Successed
4662,7772,12-02-2024,Payment Successed
4663,22880,14-04-2023,Payment Successed
4664,69529,10-01-2022,Payment Successed
4665,53766,23-07-2021,Payment Successed
4666,61099,27-02-2023,Payment Successed
4667,51756,14-03-2020,Payment Successed
4668,99658,27-06-2024,Payment Successed
4669,94433,04-07-2021,Payment Successed
4670,24914,14-02-2024,Payment Successed
4671,71999,25-03-2024,Payment Successed
4672,93803,29-11-2023,Payment Successed
4673,38081,13-10-2021,Payment Successed
4674,31225,19-01-2024,Payment Successed
4675,3617,05-06-2021,Payment Successed
4676,9953,05-09-2021,Payment Successed
4677,41711,06-08-2020,Payment Successed
4678,58886,19-10-2021,Payment Successed
4679,7716,04-04-2020,Payment Successed
4680,69837,18-02-2021,Payment Successed
4681,57118,14-02-2023,Payment Successed
4682,85827,02-06-2023,Payment Successed
4683,12224,16-03-2021,Payment Successed
4684,49915,07-11-2020,Payment Successed
4685,78394,10-06-2022,Payment Successed
4686,46683,15-11-2020,Payment Successed
4687,87162,01-04-2024,Failed
4688,42028,13-12-2020,Payment Successed
4689,71198,10-04-2021,Payment Successed
4690,9099,15-12-2024,Payment Successed
4691,87017,06-01-2021,Payment Successed
4692,35698,28-07-2023,Payment Successed
4693,69629,29-01-2024,Payment Successed
4694,64030,09-06-2021,Payment Successed
4695,53289,11-11-2020,Payment Successed
4696,51533,16-03-2024,Payment Successed
4697,90407,05-01-2024,Payment Successed
4698,20232,04-04-2020,Payment Successed
4699,29913,16-09-2024,Payment Successed
4700,11598,09-04-2024,Payment Successed
4701,90699,20-11-2024,Payment Successed
4702,90718,22-07-2024,Payment Successed
4703,83507,27-12-2021,Payment Successed
4704,39275,09-03-2022,Payment Successed
4705,73741,27-09-2023,Payment Successed
4706,88516,26-04-2023,Payment Successed
4707,98185,30-03-2023,Payment Successed
4708,65488,31-03-2020,Payment Successed
4709,78155,10-02-2021,Payment Successed
4710,16040,14-10-2022,Payment Successed
4711,98290,27-01-2022,Payment Successed
4712,39247,30-04-2022,Payment Successed
4713,68307,25-08-2021,Payment Successed
4714,52784,04-08-2022,Payment Successed
4715,8529,15-01-2021,Payment Successed
4716,4012,31-10-2022,Payment Successed
4717,31549,03-01-2023,Refunded
4718,9776,29-11-2024,Payment Successed
4719,44753,04-06-2021,Payment Successed
4720,56685,01-12-2022,Payment Successed
4721,41781,16-04-2023,Payment Successed
4722,42802,11-03-2020,Payment Successed
4723,37357,25-10-2021,Payment Successed
4724,50873,30-05-2023,Failed
4725,77507,17-05-2024,Payment Successed
4726,45188,27-12-2020,Payment Successed
4727,38704,30-11-2022,Payment Successed
4728,60450,04-11-2024,Payment Successed
4729,41514,01-07-2023,Payment Successed
4730,19121,19-12-2021,Payment Successed
4731,79179,30-06-2023,Payment Successed
4732,35729,08-12-2020,Payment Successed
4733,70200,23-09-2023,Payment Successed
4734,9786,11-11-2024,Payment Successed
4735,92149,14-09-2024,Payment Successed
4736,84905,20-09-2023,Payment Successed
4737,97113,24-03-2020,Payment Successed
4738,76481,11-08-2024,Payment Successed
4739,21110,10-11-2021,Payment Successed
4740,75938,30-03-2023,Payment Successed
4741,32406,03-10-2021,Payment Successed
4742,1771,14-07-2020,Payment Successed
4743,85490,22-02-2024,Payment Successed
4744,58011,22-01-2021,Payment Successed
4745,63447,18-11-2022,Payment Successed
4746,82973,17-08-2024,Failed
4747,3230,27-02-2020,Payment Successed
4748,78738,26-08-2022,Payment Successed
4749,1949,18-04-2023,Failed
4750,17183,02-01-2022,Payment Successed
4751,8957,22-01-2022,Payment Successed
4752,22648,24-01-2023,Payment Successed
4753,60364,18-09-2022,Payment Successed
4754,44287,06-07-2020,Payment Successed
4755,22013,02-03-2024,Payment Successed
4756,4436,03-01-2021,Payment Successed
4757,44019,08-06-2024,Payment Successed
4758,32291,06-09-2023,Payment Successed
4759,69835,21-06-2023,Payment Successed
4760,16156,13-11-2022,Payment Successed
4761,19876,29-03-2020,Refunded
4762,3575,23-06-2021,Payment Successed
4763,17791,27-11-2020,Payment Successed
4764,43385,21-12-2022,Failed
4765,26145,02-01-2023,Payment Successed
4766,64123,31-07-2023,Payment Successed
4767,82057,08-02-2021,Payment Successed
4768,78785,04-10-2022,Payment Successed
4769,36274,03-08-2021,Payment Successed
4770,92001,18-02-2022,Payment Successed
4771,83208,29-08-2023,Payment Successed
4772,75847,22-07-2024,Payment Successed
4773,54380,29-09-2021,Payment Successed
4774,29859,21-08-2020,Payment Successed
4775,8156,10-03-2021,Payment Successed
4776,14782,04-10-2024,Refunded
4777,20726,27-02-2021,Payment Successed
4778,12374,26-12-2023,Payment Successed
4779,16809,23-12-2024,Payment Successed
4780,80281,30-11-2021,Payment Successed
4781,46187,22-11-2022,Payment Successed
4782,11685,21-06-2022,Payment Successed
4783,82066,05-08-2024,Payment Successed
4784,50385,27-09-2024,Payment Successed
4785,5392,29-06-2020,Payment Successed
4786,65095,22-04-2021,Payment Successed
4787,11097,04-10-2023,Payment Successed
4788,32820,29-06-2020,Payment Successed
4789,32300,08-10-2021,Payment Successed
4790,30895,03-06-2022,Payment Successed
4791,91668,12-05-2023,Payment Successed
4792,69747,05-07-2020,Payment Successed
4793,58004,23-01-2024,Payment Successed
4794,10405,25-11-2023,Payment Successed
4795,48331,28-12-2022,Failed
4796,67992,04-09-2022,Payment Successed
4797,70296,17-10-2024,Payment Successed
4798,16442,18-10-2023,Payment Successed
4799,86797,31-03-2023,Payment Successed
4800,97000,05-03-2024,Payment Successed
4801,76657,30-07-2020,Payment Successed
4802,91494,11-09-2024,Payment Successed
4803,38854,13-06-2023,Payment Successed
4804,44332,06-09-2023,Failed
4805,81609,18-10-2021,Payment Successed
4806,59777,03-08-2020,Payment Successed
4807,58361,28-05-2024,Payment Successed
4808,66388,21-11-2024,Payment Successed
4809,75105,07-03-2023,Refunded
4810,70942,12-04-2020,Payment Successed
4811,26817,21-07-2022,Payment Successed
4812,26529,01-02-2023,Payment Successed
4813,94137,03-09-2023,Payment Successed
4814,41233,12-04-2022,Payment Successed
4815,77833,17-10-2021,Payment Successed
4816,36829,22-03-2023,Payment Successed
4817,71838,30-12-2022,Refunded
4818,81935,02-08-2020,Payment Successed
4819,18827,01-05-2021,Payment Successed
4820,59215,05-01-2020,Failed
4821,10535,23-12-2023,Payment Successed
4822,13432,07-11-2021,Refunded
4823,33070,15-12-2022,Payment Successed
4824,26502,18-07-2023,Payment Successed
4825,92589,16-11-2022,Payment Successed
4826,59062,05-11-2022,Payment Successed
4827,18427,07-07-2024,Payment Successed
4828,63951,08-12-2020,Payment Successed
4829,82244,26-02-2023,Payment Successed
4830,99038,02-09-2024,Payment Successed
4831,94488,25-04-2021,Payment Successed
4832,39905,26-12-2020,Payment Successed
4833,50734,06-03-2022,Payment Successed
4834,60301,10-06-2021,Payment Successed
4835,97650,21-12-2022,Payment Successed
4836,40811,04-10-2023,Payment Successed
4837,13617,28-03-2020,Payment Successed
4838,17670,25-10-2024,Payment Successed
4839,59827,29-10-2021,Payment Successed
4840,66610,27-07-2022,Payment Successed
4841,21483,11-09-2023,Payment Successed
4842,12127,21-01-2021,Payment Successed
4843,78379,13-08-2024,Payment Successed
4844,1490,08-09-2023,Payment Successed
4845,75879,11-06-2023,Payment Successed
4846,30713,13-04-2022,Payment Successed
4847,56824,30-10-2021,Payment Successed
4848,1188,22-02-2020,Payment Successed
4849,27852,18-08-2023,Payment Successed
4850,56508,05-03-2022,Payment Successed
4851,42843,22-07-2021,Payment Successed
4852,22247,31-03-2023,Payment Successed
4853,92464,25-06-2020,Payment Successed
4854,98399,07-07-2022,Payment Successed
4855,60111,18-01-2020,Payment Successed
4856,74408,04-01-2024,Payment Successed
4857,33858,10-10-2022,Payment Successed
4858,35055,15-02-2023,Payment Successed
4859,20988,01-05-2024,Payment Successed
4860,25892,12-03-2021,Payment Successed
4861,47297,11-10-2020,Refunded
4862,60425,27-01-2020,Payment Successed
4863,78027,27-03-2024,Payment Successed
4864,22202,30-06-2020,Payment Successed
4865,57582,17-11-2020,Payment Successed
4866,79387,19-07-2020,Payment Successed
4867,77321,22-09-2020,Payment Successed
4868,9236,02-05-2022,Payment Successed
4869,18303,15-08-2023,Payment Successed
4870,97338,25-02-2020,Payment Successed
4871,83656,20-12-2023,Payment Successed
4872,43646,31-07-2020,Payment Successed
4873,16294,20-06-2024,Failed
4874,91041,21-10-2023,Payment Successed
4875,91040,08-05-2022,Payment Successed
4876,75888,15-03-2020,Payment Successed
4877,99110,01-03-2020,Payment Successed
4878,80009,11-03-2020,Payment Successed
4879,55144,27-10-2020,Payment Successed
4880,37705,26-01-2024,Payment Successed
4881,15626,03-05-2020,Payment Successed
4882,14166,23-07-2020,Payment Successed
4883,34031,02-04-2023,Payment Successed
4884,58125,18-02-2024,Payment Successed
4885,39660,26-04-2021,Payment Successed
4886,79599,18-09-2021,Payment Successed
4887,56462,06-10-2022,Payment Successed
4888,81425,11-02-2022,Payment Successed
4889,27757,24-06-2024,Payment Successed
4890,93891,30-09-2020,Payment Successed
4891,51004,22-01-2023,Payment Successed
4892,77446,19-05-2020,Payment Successed
4893,23638,04-05-2020,Payment Successed
4894,72532,25-04-2024,Payment Successed
4895,11623,22-12-2023,Payment Successed
4896,13156,02-08-2024,Payment Successed
4897,7514,25-04-2024,Payment Successed
4898,22634,17-02-2024,Refunded
4899,27280,15-04-2022,Payment Successed
4900,90481,02-11-2024,Payment Successed
4901,4096,03-03-2022,Payment Successed
4902,78217,15-09-2021,Payment Successed
4903,26430,20-11-2023,Payment Successed
4904,91224,18-11-2021,Payment Successed
4905,30199,19-02-2021,Payment Successed
4906,74359,01-05-2020,Payment Successed
4907,25580,22-01-2024,Refunded
4908,35799,22-04-2024,Payment Successed
4909,71133,21-10-2024,Payment Successed
4910,23767,14-08-2020,Payment Successed
4911,47485,06-06-2022,Failed
4912,5905,01-12-2022,Payment Successed
4913,11400,24-03-2020,Payment Successed
4914,5850,14-03-2020,Payment Successed
4915,27702,27-04-2022,Payment Successed
4916,9854,30-09-2022,Refunded
4917,2291,06-12-2023,Payment Successed
4918,61383,16-02-2022,Payment Successed
4919,79708,16-01-2021,Payment Successed
4920,76335,28-12-2024,Payment Successed
4921,97635,29-01-2022,Payment Successed
4922,25887,29-11-2021,Refunded
4923,32110,18-12-2021,Payment Successed
4924,10941,02-01-2025,Payment Successed
4925,80220,25-02-2023,Payment Successed
4926,54547,09-05-2023,Payment Successed
4927,18597,17-02-2021,Refunded
4928,88328,19-08-2023,Payment Successed
4929,48610,07-04-2020,Payment Successed
4930,94363,11-05-2022,Payment Successed
4931,85294,14-11-2024,Refunded
4932,38125,01-02-2022,Payment Successed
4933,5678,16-12-2022,Payment Successed
4934,78454,04-10-2022,Payment Successed
4935,60130,12-04-2023,Payment Successed
4936,24440,04-12-2021,Payment Successed
4937,54057,27-11-2022,Payment Successed
4938,45905,06-07-2023,Payment Successed
4939,4126,13-06-2021,Payment Successed
4940,65916,20-11-2021,Refunded
4941,26036,29-02-2024,Refunded
4942,36342,08-08-2023,Payment Successed
4943,54451,07-07-2020,Payment Successed
4944,91956,21-07-2021,Payment Successed
4945,14070,06-03-2020,Refunded
4946,46422,20-04-2022,Payment Successed
4947,48436,25-10-2020,Payment Successed
4948,97682,07-01-2022,Payment Successed
4949,62952,29-07-2021,Failed
4950,45310,02-07-2022,Payment Successed
4951,91692,02-05-2022,Payment Successed
4952,62734,03-02-2024,Payment Successed
4953,72033,16-11-2023,Refunded
4954,24616,19-08-2021,Payment Successed
4955,8473,30-11-2024,Payment Successed
4956,90861,21-07-2023,Payment Successed
4957,52024,07-02-2020,Payment Successed
4958,82971,01-07-2020,Failed
4959,14574,14-01-2022,Payment Successed
4960,91010,28-02-2022,Payment Successed
4961,79767,11-09-2021,Payment Successed
4962,56225,15-02-2021,Payment Successed
4963,17105,11-02-2020,Payment Successed
4964,95372,07-10-2024,Payment Successed
4965,28389,07-07-2020,Payment Successed
4966,58571,22-04-2020,Payment Successed
4967,49415,04-07-2022,Payment Successed
4968,79899,21-09-2022,Payment Successed
4969,86745,27-11-2022,Payment Successed
4970,1160,07-10-2024,Refunded
4971,96355,26-07-2023,Refunded
4972,35185,16-01-2022,Payment Successed
4973,47524,13-07-2021,Payment Successed
4974,84885,08-03-2024,Failed
4975,37036,27-10-2022,Payment Successed
4976,50398,05-08-2022,Payment Successed
4977,28647,08-06-2024,Payment Successed
4978,36411,10-12-2021,Payment Successed
4979,97442,03-07-2022,Payment Successed
4980,61775,12-12-2021,Payment Successed
4981,22741,04-10-2020,Payment Successed
4982,19013,27-02-2021,Payment Successed
4983,97993,09-07-2023,Payment Successed
4984,47876,15-04-2023,Payment Successed
4985,61325,29-04-2021,Payment Successed
4986,78264,26-07-2023,Payment Successed
4987,59636,06-10-2020,Payment Successed
4988,50393,30-08-2021,Failed
4989,54970,09-06-2020,Payment Successed
4990,56380,25-08-2022,Payment Successed
4991,4579,08-05-2021,Payment Successed
4992,32835,09-01-2023,Refunded
4993,82152,27-04-2023,Payment Successed
4994,13580,29-08-2021,Payment Successed
4995,9990,08-04-2023,Payment Successed
4996,6153,07-11-2022,Payment Successed
4997,34478,22-07-2023,Payment Successed
4998,25449,31-10-2021,Refunded
4999,87232,25-01-2021,Payment Successed
5000,60494,29-07-2024,Payment Successed
5001,91740,23-04-2020,Payment Successed
5002,15440,07-02-2024,Payment Successed
5003,13682,02-03-2021,Payment Successed
5004,5260,16-12-2020,Payment Successed
5005,46886,21-06-2023,Payment Successed
5006,25851,26-04-2020,Payment Successed
5007,37718,22-09-2022,Payment Successed
5008,91718,05-05-2020,Payment Successed
5009,41901,15-01-2024,Payment Successed
5010,83963,28-01-2024,Payment Successed
5011,47575,11-10-2024,Payment Successed
5012,40711,13-02-2022,Payment Successed
5013,25973,10-11-2023,Payment Successed
5014,55865,25-03-2020,Payment Successed
5015,3215,14-07-2020,Payment Successed
5016,5716,19-02-2021,Payment Successed
5017,32877,25-02-2023,Payment Successed
5018,15252,25-08-2020,Payment Successed
5019,12778,25-05-2024,Payment Successed
5020,40120,28-03-2024,Payment Successed
5021,79356,27-05-2020,Payment Successed
5022,54213,02-02-2022,Payment Successed
5023,73844,24-04-2022,Payment Successed
5024,78745,11-05-2024,Payment Successed
5025,82169,25-09-2024,Payment Successed
5026,33738,28-02-2024,Payment Successed
5027,72472,13-11-2021,Payment Successed
5028,90526,28-08-2023,Payment Successed
5029,4578,18-01-2022,Payment Successed
5030,90477,27-06-2022,Payment Successed
5031,56966,28-02-2024,Payment Successed
5032,86034,22-11-2020,Payment Successed
5033,99434,19-09-2021,Payment Successed
5034,96785,17-02-2023,Payment Successed
5035,10511,11-11-2023,Refunded
5036,19535,04-10-2021,Payment Successed
5037,58357,20-07-2024,Payment Successed
5038,59746,22-10-2021,Payment Successed
5039,4337,11-09-2023,Payment Successed
5040,22102,14-08-2020,Payment Successed
5041,4954,16-01-2023,Payment Successed
5042,22978,04-01-2024,Payment Successed
5043,57533,15-03-2021,Payment Successed
5044,11600,16-10-2021,Failed
5045,64016,07-02-2023,Payment Successed
5046,87886,18-04-2022,Payment Successed
5047,8922,24-09-2023,Payment Successed
5048,74466,06-09-2022,Payment Successed
5049,14989,22-12-2021,Payment Successed
5050,84831,06-09-2022,Payment Successed
5051,18210,01-10-2024,Payment Successed
5052,62817,08-02-2022,Payment Successed
5053,72372,11-10-2022,Payment Successed
5054,11461,14-12-2022,Payment Successed
5055,77758,06-10-2020,Payment Successed
5056,28026,27-11-2023,Payment Successed
5057,9054,01-06-2022,Payment Successed
5058,36331,18-05-2020,Payment Successed
5059,54077,21-08-2021,Payment Successed
5060,37409,07-12-2020,Payment Successed
5061,5104,23-09-2021,Failed
5062,52711,27-12-2022,Payment Successed
5063,91921,15-05-2021,Payment Successed
5064,31767,14-08-2021,Payment Successed
5065,45973,24-02-2021,Payment Successed
5066,71068,17-11-2024,Failed
5067,12835,30-11-2024,Payment Successed
5068,91734,05-06-2024,Payment Successed
5069,55199,29-08-2021,Payment Successed
5070,79364,20-07-2022,Payment Successed
5071,77767,17-07-2021,Refunded
5072,26589,29-11-2024,Payment Successed
5073,48081,05-03-2020,Payment Successed
5074,53506,10-12-2023,Refunded
5075,5500,08-04-2020,Payment Successed
5076,47547,02-09-2024,Payment Successed
5077,15973,26-03-2022,Refunded
5078,8328,18-03-2020,Payment Successed
5079,22129,18-07-2021,Payment Successed
5080,2571,21-07-2022,Payment Successed
5081,43251,12-07-2024,Payment Successed
5082,86074,13-05-2024,Payment Successed
5083,55980,10-06-2022,Payment Successed
5084,53860,29-09-2021,Payment Successed
5085,4875,16-03-2024,Payment Successed
5086,25297,12-05-2020,Payment Successed
5087,58367,21-12-2020,Payment Successed
5088,55839,09-12-2024,Payment Successed
5089,74567,29-06-2022,Refunded
5090,79785,12-01-2023,Payment Successed
5091,97046,25-03-2020,Payment Successed
5092,77717,19-04-2021,Payment Successed
5093,82735,26-02-2023,Payment Successed
5094,38016,09-10-2021,Payment Successed
5095,66500,14-12-2023,Payment Successed
5096,25641,10-04-2021,Payment Successed
5097,19864,11-11-2024,Payment Successed
5098,84108,25-03-2020,Payment Successed
5099,74536,21-05-2020,Payment Successed
5100,87648,29-05-2024,Payment Successed
5101,72113,13-07-2023,Payment Successed
5102,2084,14-08-2020,Payment Successed
5103,37488,03-01-2024,Payment Successed
5104,21623,23-05-2023,Payment Successed
5105,61144,03-05-2021,Payment Successed
5106,73500,06-05-2022,Payment Successed
5107,3794,24-12-2023,Payment Successed
5108,66446,11-05-2024,Payment Successed
5109,5795,11-06-2024,Payment Successed
5110,28917,05-08-2020,Payment Successed
5111,3715,09-10-2023,Payment Successed
5112,95270,10-07-2020,Payment Successed
5113,22087,10-07-2021,Payment Successed
5114,33228,09-11-2020,Payment Successed
5115,85189,08-07-2024,Payment Successed
5116,25233,15-05-2022,Payment Successed
5117,52444,30-06-2020,Payment Successed
5118,90872,14-01-2022,Payment Successed
5119,66760,15-04-2022,Payment Successed
5120,74085,16-04-2023,Payment Successed
5121,90788,30-08-2024,Payment Successed
5122,92662,27-02-2022,Payment Successed
5123,78444,07-10-2024,Failed
5124,33580,12-04-2023,Payment Successed
5125,82737,16-07-2020,Failed
5126,48578,08-10-2023,Payment Successed
5127,79439,24-04-2020,Refunded
5128,53404,07-10-2021,Payment Successed
5129,47484,04-09-2023,Payment Successed
5130,7943,10-01-2021,Payment Successed
5131,36433,05-08-2020,Payment Successed
5132,13970,22-10-2022,Payment Successed
5133,35214,07-11-2022,Payment Successed
5134,55077,28-02-2020,Payment Successed
5135,66234,14-10-2022,Payment Successed
5136,22856,23-09-2024,Payment Successed
5137,66497,22-09-2022,Payment Successed
5138,6698,18-05-2021,Payment Successed
5139,83158,18-04-2024,Payment Successed
5140,57599,01-12-2024,Failed
5141,34063,24-01-2023,Payment Successed
5142,62920,23-11-2021,Payment Successed
5143,97864,26-08-2021,Payment Successed
5144,42851,15-12-2021,Payment Successed
5145,54724,12-04-2022,Payment Successed
5146,61017,06-07-2021,Payment Successed
5147,50081,15-05-2022,Payment Successed
5148,38260,17-03-2021,Payment Successed
5149,72651,22-05-2022,Payment Successed
5150,30369,04-06-2021,Payment Successed
5151,93400,30-11-2024,Payment Successed
5152,77949,22-08-2020,Payment Successed
5153,60234,14-06-2023,Payment Successed
5154,89304,11-11-2023,Payment Successed
5155,16370,30-07-2024,Failed
5156,83781,19-01-2020,Payment Successed
5157,6980,09-01-2023,Refunded
5158,76099,09-06-2021,Payment Successed
5159,11240,16-01-2023,Payment Successed
5160,98815,10-03-2021,Payment Successed
5161,32382,02-11-2020,Payment Successed
5162,61120,30-07-2022,Payment Successed
5163,56375,10-02-2022,Payment Successed
5164,34132,31-12-2020,Payment Successed
5165,61735,13-12-2024,Payment Successed
5166,71388,14-07-2022,Payment Successed
5167,84464,17-01-2020,Failed
5168,86118,20-03-2021,Payment Successed
5169,98210,28-05-2023,Payment Successed
5170,93034,10-02-2024,Payment Successed
5171,95500,19-08-2021,Payment Successed
5172,3956,28-02-2023,Payment Successed
5173,19396,19-12-2022,Refunded
5174,19829,07-01-2023,Payment Successed
5175,7679,23-09-2024,Payment Successed
5176,69310,18-10-2024,Payment Successed
5177,55982,03-07-2023,Payment Successed
5178,2709,03-08-2024,Payment Successed
5179,22331,07-03-2021,Payment Successed
5180,64992,14-07-2021,Payment Successed
5181,40925,30-04-2022,Payment Successed
5182,33847,10-12-2020,Refunded
5183,66858,22-10-2023,Payment Successed
5184,15150,16-04-2020,Payment Successed
5185,6284,26-05-2023,Payment Successed
5186,61343,31-12-2024,Payment Successed
5187,67014,01-08-2024,Payment Successed
5188,72636,05-12-2023,Payment Successed
5189,58542,05-11-2021,Payment Successed
5190,53198,09-05-2023,Payment Successed
5191,54459,19-09-2021,Failed
5192,10413,12-12-2024,Payment Successed
5193,34014,20-07-2020,Payment Successed
5194,43021,13-05-2024,Payment Successed
5195,20732,23-08-2023,Payment Successed
5196,21017,25-01-2021,Payment Successed
5197,78433,12-09-2023,Payment Successed
5198,64842,11-11-2021,Payment Successed
5199,84137,10-08-2020,Payment Successed
5200,76810,28-05-2021,Payment Successed
5201,88160,11-07-2022,Payment Successed
5202,33110,10-11-2024,Payment Successed
5203,61093,11-02-2024,Payment Successed
5204,39405,18-05-2023,Refunded
5205,41850,05-11-2022,Payment Successed
5206,86087,26-12-2020,Failed
5207,21457,09-06-2021,Payment Successed
5208,33705,16-06-2022,Payment Successed
5209,61747,29-03-2021,Payment Successed
5210,54840,01-02-2024,Payment Successed
5211,40913,07-03-2022,Payment Successed
5212,11593,26-11-2020,Payment Successed
5213,6828,19-03-2020,Payment Successed
5214,97284,28-04-2021,Payment Successed
5215,79724,24-01-2022,Payment Successed
5216,51957,10-08-2024,Failed
5217,82830,27-10-2024,Payment Successed
5218,14294,17-09-2021,Payment Successed
5219,94549,03-05-2021,Payment Successed
5220,46943,13-06-2021,Payment Successed
5221,12858,09-09-2020,Payment Successed
5222,80295,22-09-2023,Payment Successed
5223,2006,26-09-2024,Payment Successed
5224,65355,19-06-2020,Payment Successed
5225,37672,14-01-2024,Payment Successed
5226,50584,31-10-2024,Payment Successed
5227,5265,16-04-2020,Payment Successed
5228,42321,30-06-2021,Payment Successed
5229,27608,12-10-2023,Payment Successed
5230,19926,04-07-2022,Payment Successed
5231,89372,01-07-2024,Payment Successed
5232,48635,14-10-2020,Payment Successed
5233,99288,08-11-2024,Payment Successed
5234,15804,04-04-2021,Payment Successed
5235,71537,19-10-2024,Failed
5236,12011,19-06-2023,Payment Successed
5237,63053,15-12-2023,Payment Successed
5238,96716,17-09-2022,Payment Successed
5239,27563,04-07-2023,Payment Successed
5240,90702,20-04-2021,Payment Successed
5241,82892,29-06-2022,Payment Successed
5242,10140,27-05-2023,Payment Successed
5243,3087,01-11-2020,Payment Successed
5244,33648,15-08-2021,Payment Successed
5245,37982,07-08-2024,Payment Successed
5246,92075,05-11-2021,Payment Successed
5247,14795,30-08-2023,Payment Successed
5248,20929,24-04-2020,Payment Successed
5249,2930,16-10-2021,Payment Successed
5250,14197,08-12-2020,Payment Successed
5251,50623,20-08-2022,Payment Successed
5252,70084,31-10-2024,Payment Successed
5253,8039,08-08-2022,Payment Successed
5254,45244,23-03-2024,Payment Successed
5255,86733,09-07-2022,Payment Successed
5256,30144,21-07-2023,Payment Successed
5257,57264,01-04-2021,Payment Successed
5258,61359,13-12-2022,Payment Successed
5259,5219,19-09-2020,Payment Successed
5260,21582,14-04-2022,Payment Successed
5261,67704,29-08-2024,Payment Successed
5262,55464,02-03-2021,Payment Successed
5263,93199,23-12-2023,Payment Successed
5264,29004,18-02-2021,Payment Successed
5265,21250,04-04-2023,Payment Successed
5266,45148,13-06-2020,Payment Successed
5267,29702,21-04-2023,Payment Successed
5268,26030,24-04-2022,Payment Successed
5269,82476,31-05-2023,Payment Successed
5270,25638,22-09-2021,Payment Successed
5271,67408,12-02-2024,Payment Successed
5272,46243,21-08-2020,Payment Successed
5273,72720,23-09-2021,Failed
5274,19184,05-10-2022,Failed
5275,21357,30-12-2023,Payment Successed
5276,12965,26-03-2024,Payment Successed
5277,5806,14-12-2022,Payment Successed
5278,76756,15-03-2022,Payment Successed
5279,70258,04-07-2024,Payment Successed
5280,91366,22-01-2021,Payment Successed
5281,20810,31-12-2021,Payment Successed
5282,32410,23-04-2022,Payment Successed
5283,25388,19-08-2024,Payment Successed
5284,38035,02-03-2024,Payment Successed
5285,58654,03-05-2020,Failed
5286,98083,01-01-2024,Payment Successed
5287,99966,10-03-2021,Payment Successed
5288,63534,11-06-2020,Payment Successed
5289,21414,24-07-2021,Payment Successed
5290,27763,14-08-2023,Payment Successed
5291,75874,30-06-2022,Payment Successed
5292,36881,20-03-2022,Payment Successed
5293,6627,06-12-2024,Payment Successed
5294,8228,23-01-2021,Payment Successed
5295,21992,30-07-2023,Payment Successed
5296,56355,15-11-2021,Failed
5297,31407,11-09-2021,Refunded
5298,81844,25-12-2021,Refunded
5299,76612,23-09-2024,Payment Successed
5300,59449,17-11-2024,Payment Successed
5301,48669,04-03-2022,Payment Successed
5302,66006,10-03-2022,Payment Successed
5303,82662,11-12-2020,Payment Successed
5304,5051,28-08-2022,Failed
5305,14402,26-11-2024,Refunded
5306,35144,25-04-2021,Payment Successed
5307,88601,03-09-2024,Payment Successed
5308,2348,28-03-2020,Payment Successed
5309,5069,19-07-2021,Payment Successed
5310,50201,24-05-2021,Payment Successed
5311,32517,06-06-2021,Payment Successed
5312,97239,23-07-2021,Payment Successed
5313,62549,06-04-2023,Payment Successed
5314,84663,17-10-2023,Payment Successed
5315,11358,06-01-2023,Payment Successed
5316,53607,24-08-2022,Payment Successed
5317,34656,19-06-2024,Payment Successed
5318,81167,23-07-2024,Payment Successed
5319,85003,18-10-2020,Failed
5320,68787,20-09-2021,Payment Successed
5321,92339,27-10-2020,Refunded
5322,69780,22-07-2024,Payment Successed
5323,89006,07-05-2021,Payment Successed
5324,95723,01-11-2023,Payment Successed
5325,39073,20-05-2020,Payment Successed
5326,59627,22-09-2020,Payment Successed
5327,54389,08-06-2020,Payment Successed
5328,96583,26-05-2023,Payment Successed
5329,81954,24-10-2024,Payment Successed
5330,18335,21-04-2020,Payment Successed
5331,99986,03-09-2023,Payment Successed
5332,22105,19-03-2020,Payment Successed
5333,63007,29-12-2022,Payment Successed
5334,18680,19-03-2021,Payment Successed
5335,93585,01-05-2024,Payment Successed
5336,24230,27-06-2022,Payment Successed
5337,49908,05-10-2023,Payment Successed
5338,39760,22-08-2020,Payment Successed
5339,36841,22-09-2020,Payment Successed
5340,80260,25-12-2023,Payment Successed
5341,56220,18-01-2021,Payment Successed
5342,63145,20-10-2021,Payment Successed
5343,73521,07-09-2022,Payment Successed
5344,85097,25-05-2023,Payment Successed
5345,25386,07-09-2021,Payment Successed
5346,81239,16-10-2020,Payment Successed
5347,51648,14-07-2020,Payment Successed
5348,52788,23-09-2024,Payment Successed
5349,33392,06-07-2024,Payment Successed
5350,65299,19-05-2020,Payment Successed
5351,82406,13-05-2023,Payment Successed
5352,91244,12-08-2021,Payment Successed
5353,51694,31-10-2024,Payment Successed
5354,84245,21-10-2024,Payment Successed
5355,9033,31-05-2021,Payment Successed
5356,68311,07-02-2020,Payment Successed
5357,87642,03-02-2024,Payment Successed
5358,38324,22-05-2021,Payment Successed
5359,6022,18-03-2022,Payment Successed
5360,83765,25-08-2024,Payment Successed
5361,30070,17-04-2022,Payment Successed
5362,69382,07-12-2024,Payment Successed
5363,80863,20-08-2021,Payment Successed
5364,99197,25-01-2024,Payment Successed
5365,95240,17-02-2020,Payment Successed
5366,41278,26-07-2024,Payment Successed
5367,4149,04-01-2023,Payment Successed
5368,1557,01-04-2021,Payment Successed
5369,71919,22-10-2024,Payment Successed
5370,98075,21-02-2023,Payment Successed
5371,71557,23-06-2021,Payment Successed
5372,50786,02-09-2020,Payment Successed
5373,64572,28-08-2021,Refunded
5374,67578,24-04-2021,Payment Successed
5375,75454,03-09-2020,Payment Successed
5376,74423,31-08-2022,Payment Successed
5377,2212,17-06-2022,Payment Successed
5378,63115,25-06-2023,Payment Successed
5379,44680,20-01-2020,Payment Successed
5380,43158,11-06-2023,Payment Successed
5381,59785,07-05-2023,Payment Successed
5382,82919,01-08-2020,Payment Successed
5383,37765,03-10-2020,Payment Successed
5384,22845,19-07-2020,Payment Successed
5385,25063,25-07-2024,Payment Successed
5386,64698,06-11-2021,Payment Successed
5387,51067,09-11-2020,Payment Successed
5388,84379,19-12-2021,Payment Successed
5389,61315,20-09-2024,Payment Successed
5390,37320,31-10-2024,Payment Successed
5391,20666,09-08-2022,Payment Successed
5392,56569,14-05-2020,Payment Successed
5393,96589,15-09-2022,Payment Successed
5394,81443,09-03-2023,Refunded
5395,22398,25-02-2020,Payment Successed
5396,50491,07-05-2024,Refunded
5397,80056,26-10-2022,Payment Successed
5398,30224,01-03-2020,Payment Successed
5399,58626,22-08-2020,Payment Successed
5400,70778,14-03-2024,Payment Successed
5401,80692,08-06-2022,Payment Successed
5402,92223,14-11-2024,Payment Successed
5403,26069,27-08-2020,Payment Successed
5404,14702,24-09-2022,Payment Successed
5405,60179,02-01-2023,Payment Successed
5406,40264,22-05-2020,Payment Successed
5407,93228,13-04-2022,Payment Successed
5408,97785,04-02-2024,Payment Successed
5409,13252,24-08-2023,Payment Successed
5410,17111,17-07-2022,Payment Successed
5411,38043,12-06-2021,Payment Successed
5412,10020,11-02-2020,Payment Successed
5413,96591,23-04-2020,Payment Successed
5414,13576,24-01-2023,Payment Successed
5415,37242,27-07-2022,Payment Successed
5416,96723,26-07-2021,Payment Successed
5417,58741,22-01-2023,Payment Successed
5418,19884,19-12-2020,Payment Successed
5419,24216,10-05-2024,Payment Successed
5420,34196,22-06-2021,Payment Successed
5421,53193,03-08-2022,Payment Successed
5422,91913,10-03-2023,Payment Successed
5423,51606,21-11-2023,Payment Successed
5424,5911,17-09-2022,Payment Successed
5425,58667,05-06-2020,Payment Successed
5426,61296,28-06-2020,Payment Successed
5427,15478,09-06-2020,Payment Successed
5428,72580,16-09-2021,Payment Successed
5429,7575,18-07-2022,Payment Successed
5430,39309,08-10-2020,Payment Successed
5431,13488,28-02-2021,Payment Successed
5432,95879,28-10-2023,Payment Successed
5433,55635,21-11-2021,Payment Successed
5434,57410,22-06-2021,Payment Successed
5435,97998,18-02-2023,Payment Successed
5436,37167,31-10-2023,Payment Successed
5437,85998,15-10-2020,Payment Successed
5438,74617,23-07-2023,Payment Successed
5439,60800,26-04-2022,Payment Successed
5440,63602,09-01-2021,Payment Successed
5441,79538,20-07-2024,Payment Successed
5442,22169,09-06-2022,Payment Successed
5443,33167,29-01-2022,Failed
5444,95851,03-07-2021,Refunded
5445,61603,13-06-2023,Payment Successed
5446,91308,27-07-2022,Payment Successed
5447,91537,03-07-2020,Payment Successed
5448,83406,23-06-2021,Failed
5449,72714,28-02-2022,Payment Successed
5450,28654,23-07-2022,Payment Successed
5451,27963,27-03-2023,Payment Successed
5452,91165,14-08-2022,Payment Successed
5453,41317,25-12-2021,Payment Successed
5454,59148,01-12-2022,Payment Successed
5455,31415,18-04-2020,Payment Successed
5456,6807,08-01-2023,Payment Successed
5457,10622,28-02-2022,Payment Successed
5458,72669,20-02-2023,Payment Successed
5459,58254,02-09-2020,Refunded
5460,98930,18-05-2024,Payment Successed
5461,82776,13-02-2022,Payment Successed
5462,81314,28-07-2021,Refunded
5463,90714,08-06-2022,Payment Successed
5464,65905,09-04-2020,Payment Successed
5465,25203,22-08-2021,Payment Successed
5466,88781,04-10-2020,Payment Successed
5467,81993,19-06-2022,Payment Successed
5468,21298,11-12-2021,Payment Successed
5469,51968,09-09-2023,Failed
5470,54788,05-07-2023,Payment Successed
5471,99999,26-02-2023,Payment Successed
5472,17684,10-01-2024,Payment Successed
5473,16450,02-12-2020,Payment Successed
5474,97876,08-11-2023,Failed
5475,49893,04-08-2020,Payment Successed
5476,85542,29-08-2021,Payment Successed
5477,12274,21-03-2021,Payment Successed
5478,82958,27-05-2021,Failed
5479,52413,30-05-2024,Payment Successed
5480,98276,28-03-2020,Payment Successed
5481,42050,03-06-2024,Payment Successed
5482,53220,11-12-2022,Payment Successed
5483,6163,16-06-2021,Payment Successed
5484,83278,18-02-2021,Payment Successed
5485,78502,14-10-2024,Payment Successed
5486,32157,04-10-2023,Payment Successed
5487,38065,16-10-2021,Payment Successed
5488,32404,22-02-2023,Payment Successed
5489,1656,22-08-2022,Payment Successed
5490,80365,26-12-2023,Payment Successed
5491,1001,18-11-2021,Payment Successed
5492,93886,08-12-2023,Payment Successed
5493,97135,17-09-2021,Payment Successed
5494,4265,18-04-2020,Payment Successed
5495,47056,23-06-2021,Payment Successed
5496,15805,15-01-2024,Payment Successed
5497,21430,23-05-2021,Payment Successed
5498,30411,18-12-2020,Payment Successed
5499,44715,09-11-2023,Payment Successed
5500,96775,14-09-2023,Refunded
5501,80930,07-11-2020,Payment Successed
5502,70988,13-06-2024,Payment Successed
5503,71814,02-04-2023,Payment Successed
5504,21124,25-07-2020,Refunded
5505,29369,13-02-2020,Payment Successed
5506,80830,19-10-2022,Refunded
5507,86038,31-12-2024,Refunded
5508,9337,18-05-2022,Payment Successed
5509,91238,14-04-2021,Payment Successed
5510,10863,19-09-2024,Payment Successed
5511,53355,05-02-2020,Payment Successed
5512,23681,28-02-2022,Payment Successed
5513,5248,18-07-2020,Failed
5514,99131,23-08-2020,Payment Successed
5515,25179,28-11-2021,Payment Successed
5516,90254,07-09-2021,Payment Successed
5517,18043,19-12-2023,Payment Successed
5518,42907,22-02-2020,Payment Successed
5519,78821,28-04-2024,Payment Successed
5520,42946,12-05-2022,Payment Successed
5521,57282,14-12-2024,Payment Successed
5522,96058,17-10-2020,Payment Successed
5523,28342,30-01-2020,Payment Successed
5524,34381,31-07-2020,Failed
5525,14180,06-03-2023,Failed
5526,16254,29-06-2024,Payment Successed
5527,28456,08-05-2020,Failed
5528,8648,29-06-2021,Payment Successed
5529,91423,22-04-2024,Payment Successed
5530,9264,17-11-2023,Payment Successed
5531,5253,22-08-2022,Refunded
5532,75673,21-03-2021,Payment Successed
5533,97974,27-10-2020,Payment Successed
5534,27946,30-03-2020,Payment Successed
5535,46592,24-11-2024,Payment Successed
5536,40152,05-05-2020,Payment Successed
5537,38809,11-11-2020,Refunded
5538,5719,30-03-2022,Failed
5539,71962,17-03-2022,Payment Successed
5540,53222,01-10-2020,Payment Successed
5541,21921,29-07-2020,Refunded
5542,30162,19-04-2022,Refunded
5543,85218,18-07-2022,Payment Successed
5544,36708,14-12-2023,Payment Successed
5545,97230,07-01-2022,Failed
5546,43691,10-12-2024,Refunded
5547,60904,05-12-2024,Payment Successed
5548,78878,23-03-2021,Payment Successed
5549,82043,15-01-2020,Refunded
5550,89491,27-04-2024,Payment Successed
5551,97225,31-01-2021,Payment Successed
5552,68660,04-07-2023,Payment Successed
5553,17740,02-12-2024,Payment Successed
5554,56541,03-12-2020,Payment Successed
5555,98699,31-10-2024,Payment Successed
5556,68634,12-03-2024,Payment Successed
5557,9910,22-01-2023,Payment Successed
5558,79549,02-06-2022,Payment Successed
5559,92519,16-07-2024,Payment Successed
5560,86257,20-06-2021,Payment Successed
5561,38024,14-10-2024,Payment Successed
5562,52468,06-04-2022,Payment Successed
5563,96684,13-11-2023,Payment Successed
5564,57000,28-06-2024,Payment Successed
5565,35568,07-11-2022,Payment Successed
5566,91347,19-02-2024,Payment Successed
5567,45085,06-05-2021,Payment Successed
5568,32091,03-07-2021,Payment Successed
5569,17473,11-10-2020,Payment Successed
5570,39010,16-07-2023,Payment Successed
5571,72492,25-10-2023,Payment Successed
5572,48402,12-02-2023,Payment Successed
5573,3813,04-12-2021,Payment Successed
5574,3107,08-06-2023,Failed
5575,26367,11-07-2022,Payment Successed
5576,78050,22-03-2024,Payment Successed
5577,63215,22-07-2020,Payment Successed
5578,11275,07-05-2020,Payment Successed
5579,48502,28-04-2020,Payment Successed
5580,90484,11-02-2021,Payment Successed
5581,7125,01-05-2021,Payment Successed
5582,76634,19-01-2022,Payment Successed
5583,80077,28-07-2020,Payment Successed
5584,1085,08-10-2024,Payment Successed
5585,52407,17-05-2020,Payment Successed
5586,86151,31-08-2021,Payment Successed
5587,53134,27-12-2020,Payment Successed
5588,46935,28-07-2024,Payment Successed
5589,11063,26-07-2023,Payment Successed
5590,91011,18-02-2024,Refunded
5591,40992,26-06-2023,Payment Successed
5592,70878,18-11-2022,Payment Successed
5593,54917,31-01-2021,Payment Successed
5594,54768,02-04-2021,Payment Successed
5595,75069,04-01-2024,Payment Successed
5596,67787,30-08-2021,Payment Successed
5597,85232,26-07-2024,Payment Successed
5598,79966,21-10-2022,Failed
5599,9340,25-12-2020,Refunded
5600,68605,07-02-2020,Payment Successed
5601,30339,14-12-2023,Payment Successed
5602,3795,28-04-2023,Payment Successed
5603,62730,02-07-2022,Payment Successed
5604,74023,15-09-2022,Payment Successed
5605,85999,25-10-2022,Payment Successed
5606,20575,24-08-2024,Payment Successed
5607,97297,04-02-2021,Payment Successed
5608,16717,28-11-2023,Payment Successed
5609,90470,24-12-2022,Payment Successed
5610,66008,13-11-2022,Payment Successed
5611,88030,24-10-2023,Payment Successed
5612,31027,13-07-2021,Payment Successed
5613,98800,10-11-2021,Payment Successed
5614,25863,20-05-2020,Payment Successed
5615,28680,25-11-2022,Payment Successed
5616,72122,28-02-2023,Payment Successed
5617,97316,24-01-2020,Payment Successed
5618,61321,24-09-2021,Refunded
5619,92713,26-03-2024,Payment Successed
5620,12900,18-08-2020,Payment Successed
5621,64602,28-04-2022,Payment Successed
5622,3102,09-10-2024,Payment Successed
5623,67031,16-06-2022,Payment Successed
5624,17338,08-03-2021,Payment Successed
5625,9542,30-05-2021,Payment Successed
5626,61902,09-04-2023,Payment Successed
5627,12942,10-05-2024,Payment Successed
5628,15533,23-09-2020,Payment Successed
5629,28963,25-04-2023,Payment Successed
5630,68266,25-11-2020,Refunded
5631,21800,12-12-2020,Payment Successed
5632,85311,20-11-2021,Failed
5633,63499,29-09-2022,Payment Successed
5634,41365,05-10-2023,Payment Successed
5635,14090,07-11-2024,Payment Successed
5636,68905,02-12-2021,Payment Successed
5637,86072,04-06-2020,Payment Successed
5638,62340,24-03-2020,Payment Successed
5639,59953,13-10-2024,Payment Successed
5640,95494,06-12-2023,Payment Successed
5641,71349,26-09-2021,Payment Successed
5642,67395,02-06-2020,Payment Successed
5643,61304,05-06-2024,Failed
5644,45345,20-01-2023,Payment Successed
5645,53257,31-01-2024,Failed
5646,60293,11-02-2021,Payment Successed
5647,31192,26-09-2022,Payment Successed
5648,49052,07-07-2024,Payment Successed
5649,60139,09-01-2021,Payment Successed
5650,98449,06-11-2023,Failed
5651,56280,30-03-2020,Payment Successed
5652,37216,12-05-2021,Failed
5653,59164,25-05-2022,Payment Successed
5654,33747,19-09-2022,Payment Successed
5655,98042,23-01-2022,Payment Successed
5656,12809,08-02-2022,Payment Successed
5657,80581,26-04-2024,Payment Successed
5658,80443,19-01-2022,Refunded
5659,8132,03-12-2021,Payment Successed
5660,75186,15-12-2021,Failed
5661,99772,24-06-2021,Payment Successed
5662,68313,26-01-2021,Payment Successed
5663,87309,02-06-2022,Payment Successed
5664,22724,26-09-2023,Failed
5665,26598,26-03-2023,Payment Successed
5666,84457,14-03-2021,Refunded
5667,87747,18-07-2022,Payment Successed
5668,33782,11-10-2021,Payment Successed
5669,63471,16-02-2023,Payment Successed
5670,24178,21-12-2024,Payment Successed
5671,22816,25-02-2024,Payment Successed
5672,65978,06-12-2020,Failed
5673,51293,17-07-2024,Payment Successed
5674,56137,23-05-2020,Payment Successed
5675,98421,25-12-2022,Payment Successed
5676,78387,15-02-2022,Payment Successed
5677,9076,16-04-2023,Payment Successed
5678,12660,28-01-2024,Payment Successed
5679,66946,19-09-2023,Payment Successed
5680,91008,12-03-2023,Payment Successed
5681,79846,26-02-2023,Payment Successed
5682,48771,23-03-2021,Payment Successed
5683,16798,20-07-2021,Payment Successed
5684,34233,19-03-2021,Payment Successed
5685,13537,21-07-2023,Payment Successed
5686,41053,19-10-2023,Payment Successed
5687,44800,20-06-2020,Payment Successed
5688,97421,08-11-2021,Payment Successed
5689,54083,06-06-2022,Payment Successed
5690,56529,10-08-2020,Payment Successed
5691,79765,19-04-2020,Payment Successed
5692,78349,25-06-2021,Refunded
5693,26153,17-04-2022,Payment Successed
5694,44731,04-01-2021,Payment Successed
5695,2157,04-11-2023,Payment Successed
5696,77682,03-04-2024,Payment Successed
5697,41932,02-02-2021,Payment Successed
5698,36058,01-06-2020,Payment Successed
5699,96826,18-04-2022,Payment Successed
5700,19670,23-01-2024,Payment Successed
5701,44194,29-07-2024,Payment Successed
5702,53545,28-08-2023,Payment Successed
5703,96989,11-07-2021,Payment Successed
5704,69513,10-11-2020,Payment Successed
5705,46146,14-02-2021,Payment Successed
5706,32137,06-01-2022,Payment Successed
5707,17970,24-01-2023,Payment Successed
5708,94815,01-01-2022,Payment Successed
5709,96721,19-04-2022,Payment Successed
5710,65348,06-08-2023,Payment Successed
5711,26459,29-04-2020,Refunded
5712,12749,10-04-2020,Payment Successed
5713,10604,08-12-2024,Payment Successed
5714,4843,04-11-2022,Payment Successed
5715,74542,03-06-2023,Payment Successed
5716,46246,06-07-2024,Refunded
5717,24577,15-07-2020,Payment Successed
5718,68042,21-06-2023,Payment Successed
5719,92236,26-08-2023,Payment Successed
5720,89614,23-11-2023,Payment Successed
5721,24966,15-11-2022,Payment Successed
5722,92656,14-06-2021,Payment Successed
5723,70661,04-03-2024,Payment Successed
5724,85211,23-06-2022,Payment Successed
5725,27116,03-09-2021,Payment Successed
5726,55926,28-08-2023,Failed
5727,58460,11-05-2023,Failed
5728,32267,20-06-2024,Payment Successed
5729,95996,05-09-2022,Payment Successed
5730,13599,13-07-2020,Payment Successed
5731,6351,06-07-2023,Payment Successed
5732,65631,28-01-2021,Payment Successed
5733,89272,18-10-2023,Payment Successed
5734,52033,26-10-2022,Payment Successed
5735,84218,01-04-2024,Payment Successed
5736,18096,05-03-2024,Payment Successed
5737,76727,21-04-2022,Payment Successed
5738,76115,04-09-2024,Payment Successed
5739,66910,16-06-2022,Payment Successed
5740,10494,19-03-2020,Payment Successed
5741,76121,15-05-2022,Payment Successed
5742,71770,12-04-2021,Refunded
5743,84064,21-01-2024,Payment Successed
5744,95024,10-04-2024,Payment Successed
5745,33783,07-10-2024,Payment Successed
5746,29863,01-09-2024,Payment Successed
5747,52215,17-08-2020,Payment Successed
5748,82118,12-05-2021,Payment Successed
5749,92418,11-08-2024,Payment Successed
5750,50082,13-10-2021,Payment Successed
5751,58537,12-05-2024,Payment Successed
5752,13598,05-02-2021,Payment Successed
5753,41843,08-04-2022,Payment Successed
5754,45308,14-09-2024,Payment Successed
5755,98208,25-09-2021,Payment Successed
5756,43516,03-11-2021,Payment Successed
5757,16212,17-05-2020,Payment Successed
5758,35669,05-07-2021,Payment Successed
5759,35191,23-04-2022,Payment Successed
5760,95556,21-11-2021,Payment Successed
5761,95274,25-02-2023,Payment Successed
5762,23137,04-07-2022,Payment Successed
5763,42922,12-07-2023,Payment Successed
5764,43885,13-04-2020,Payment Successed
5765,26002,03-05-2024,Payment Successed
5766,8904,17-05-2022,Payment Successed
5767,31432,12-08-2021,Payment Successed
5768,69126,04-06-2020,Payment Successed
5769,24424,09-04-2020,Failed
5770,30724,03-08-2023,Payment Successed
5771,74711,29-10-2020,Refunded
5772,35021,28-09-2020,Payment Successed
5773,2367,03-08-2022,Payment Successed
5774,8878,20-01-2023,Payment Successed
5775,1564,11-10-2021,Payment Successed
5776,23628,18-07-2024,Payment Successed
5777,40167,06-01-2024,Payment Successed
5778,63244,01-09-2022,Payment Successed
5779,44189,13-11-2022,Payment Successed
5780,36635,24-01-2021,Payment Successed
5781,76844,17-11-2022,Refunded
5782,21185,17-06-2021,Payment Successed
5783,1896,20-06-2024,Payment Successed
5784,37023,10-09-2020,Payment Successed
5785,99793,16-08-2023,Payment Successed
5786,79405,26-10-2022,Payment Successed
5787,49023,13-06-2022,Refunded
5788,9484,04-04-2024,Refunded
5789,56241,25-09-2020,Payment Successed
5790,61519,13-12-2023,Payment Successed
5791,63411,11-06-2021,Failed
5792,24940,30-07-2020,Payment Successed
5793,76887,16-05-2023,Refunded
5794,80463,06-01-2021,Payment Successed
5795,29595,24-07-2023,Payment Successed
5796,50789,25-07-2021,Payment Successed
5797,49214,19-04-2024,Payment Successed
5798,82907,10-11-2020,Payment Successed
5799,85173,28-02-2021,Payment Successed
5800,76235,15-02-2023,Payment Successed
5801,9646,23-06-2023,Payment Successed
5802,25680,07-07-2022,Payment Successed
5803,86697,05-12-2024,Payment Successed
5804,20258,21-04-2021,Payment Successed
5805,70689,09-08-2024,Payment Successed
5806,54345,27-11-2022,Payment Successed
5807,76293,11-12-2022,Payment Successed
5808,43602,21-07-2021,Payment Successed
5809,96919,28-12-2022,Payment Successed
5810,58131,15-12-2020,Payment Successed
5811,46570,23-07-2023,Payment Successed
5812,34957,20-11-2020,Payment Successed
5813,65116,15-05-2023,Payment Successed
5814,49067,22-01-2023,Payment Successed
5815,49493,18-11-2023,Payment Successed
5816,53525,26-10-2023,Failed
5817,63562,06-09-2023,Payment Successed
5818,38356,06-06-2021,Payment Successed
5819,82525,07-12-2021,Payment Successed
5820,71485,28-12-2024,Payment Successed
5821,54223,17-03-2022,Failed
5822,16493,14-08-2023,Payment Successed
5823,15192,28-05-2023,Payment Successed
5824,71447,22-11-2022,Payment Successed
5825,40676,17-09-2020,Payment Successed
5826,95298,05-07-2023,Payment Successed
5827,78013,08-09-2024,Payment Successed
5828,13800,10-09-2023,Payment Successed
5829,29451,23-02-2022,Payment Successed
5830,52095,07-05-2021,Payment Successed
5831,21273,18-07-2022,Payment Successed
5832,93965,17-12-2020,Payment Successed
5833,43504,29-09-2023,Payment Successed
5834,38559,05-08-2022,Payment Successed
5835,29599,11-03-2021,Payment Successed
5836,39202,04-06-2024,Payment Successed
5837,57843,13-08-2020,Payment Successed
5838,68433,02-08-2023,Payment Successed
5839,28353,28-03-2022,Payment Successed
5840,46757,13-10-2024,Payment Successed
5841,2032,10-08-2023,Payment Successed
5842,64870,13-02-2021,Payment Successed
5843,41270,21-05-2023,Failed
5844,90635,23-05-2020,Payment Successed
5845,90648,30-07-2020,Refunded
5846,92123,22-07-2020,Payment Successed
5847,52457,25-01-2021,Payment Successed
5848,16397,28-10-2023,Payment Successed
5849,25115,15-07-2023,Payment Successed
5850,91399,12-11-2022,Payment Successed
5851,61754,18-03-2023,Payment Successed
5852,80408,26-07-2022,Payment Successed
5853,56210,30-11-2020,Payment Successed
5854,47463,06-01-2022,Payment Successed
5855,69254,20-01-2023,Payment Successed
5856,6885,30-12-2020,Payment Successed
5857,76870,26-08-2023,Payment Successed
5858,56259,01-03-2022,Payment Successed
5859,64413,05-01-2021,Payment Successed
5860,99180,23-11-2020,Refunded
5861,33701,11-12-2023,Payment Successed
5862,23317,25-01-2021,Payment Successed
5863,4668,20-05-2022,Payment Successed
5864,19049,14-07-2023,Payment Successed
5865,2851,11-12-2023,Failed
5866,1957,21-09-2023,Payment Successed
5867,46372,14-02-2023,Payment Successed
5868,38643,16-03-2022,Payment Successed
5869,81479,14-10-2022,Payment Successed
5870,86909,05-06-2024,Payment Successed
5871,33427,17-04-2022,Payment Successed
5872,27515,04-09-2024,Payment Successed
5873,67659,13-05-2020,Payment Successed
5874,61924,07-03-2020,Payment Successed
5875,18389,24-10-2020,Payment Successed
5876,34100,08-03-2021,Payment Successed
5877,25246,02-02-2024,Failed
5878,80547,31-01-2020,Payment Successed
5879,39862,11-02-2020,Payment Successed
5880,18287,13-04-2021,Payment Successed
5881,36102,30-01-2023,Payment Successed
5882,4080,01-07-2020,Payment Successed
5883,73601,17-11-2020,Payment Successed
5884,83437,04-04-2020,Payment Successed
5885,28150,28-11-2020,Payment Successed
5886,32153,05-03-2024,Payment Successed
5887,92166,29-12-2022,Payment Successed
5888,23513,29-10-2024,Payment Successed
5889,6920,30-05-2021,Refunded
5890,67215,20-01-2022,Payment Successed
5891,75495,26-09-2020,Payment Successed
5892,63432,22-11-2023,Payment Successed
5893,69890,18-05-2020,Payment Successed
5894,13855,24-09-2021,Payment Successed
5895,72375,10-06-2023,Payment Successed
5896,97853,15-09-2024,Payment Successed
5897,77079,20-07-2023,Payment Successed
5898,67711,12-12-2024,Payment Successed
5899,96557,16-06-2022,Payment Successed
5900,41940,27-03-2023,Payment Successed
5901,8297,01-09-2024,Payment Successed
5902,2495,14-12-2020,Payment Successed
5903,91931,05-06-2023,Payment Successed
5904,22821,06-04-2021,Payment Successed
5905,26242,16-09-2020,Payment Successed
5906,20164,23-06-2020,Failed
5907,89217,24-05-2024,Payment Successed
5908,57464,14-03-2020,Payment Successed
5909,54487,12-10-2024,Payment Successed
5910,41525,25-08-2023,Payment Successed
5911,12107,04-09-2022,Payment Successed
5912,63958,30-06-2024,Payment Successed
5913,80664,06-02-2021,Payment Successed
5914,58403,27-02-2020,Payment Successed
5915,86947,18-02-2020,Payment Successed
5916,91645,20-02-2023,Payment Successed
5917,40324,04-03-2022,Payment Successed
5918,69945,04-01-2024,Payment Successed
5919,32224,10-05-2021,Payment Successed
5920,7135,31-07-2023,Payment Successed
5921,49288,16-04-2022,Refunded
5922,70833,30-06-2021,Payment Successed
5923,4651,06-11-2021,Payment Successed
5924,96810,30-06-2022,Payment Successed
5925,80839,27-08-2021,Failed
5926,39470,29-03-2020,Payment Successed
5927,83248,29-05-2023,Payment Successed
5928,43458,14-11-2022,Payment Successed
5929,51315,28-06-2021,Payment Successed
5930,63970,12-12-2023,Payment Successed
5931,63590,03-06-2020,Payment Successed
5932,8612,28-05-2020,Payment Successed
5933,74810,14-07-2024,Payment Successed
5934,24931,18-07-2020,Payment Successed
5935,57617,30-06-2022,Payment Successed
5936,74633,09-02-2024,Payment Successed
5937,19932,17-03-2023,Payment Successed
5938,93796,05-04-2020,Payment Successed
5939,75728,30-12-2024,Payment Successed
5940,29150,06-01-2020,Payment Successed
5941,94576,27-07-2024,Payment Successed
5942,45827,26-12-2021,Payment Successed
5943,30429,13-09-2022,Failed
5944,33774,05-01-2022,Failed
5945,96610,27-06-2023,Payment Successed
5946,38029,14-12-2020,Payment Successed
5947,75420,27-11-2020,Payment Successed
5948,43174,25-05-2020,Payment Successed
5949,37289,08-12-2022,Payment Successed
5950,68467,05-12-2021,Payment Successed
5951,93600,30-05-2020,Payment Successed
5952,7124,07-04-2021,Payment Successed
5953,70338,19-01-2020,Payment Successed
5954,93831,09-08-2020,Payment Successed
5955,64175,26-08-2022,Payment Successed
5956,45683,31-07-2023,Payment Successed
5957,83385,01-06-2020,Payment Successed
5958,93312,02-05-2021,Payment Successed
5959,65221,04-04-2020,Payment Successed
5960,78492,08-08-2024,Refunded
5961,97700,01-12-2024,Payment Successed
5962,30095,10-02-2024,Failed
5963,52829,31-07-2022,Payment Successed
5964,16718,18-07-2020,Payment Successed
5965,20038,06-12-2020,Payment Successed
5966,84388,15-04-2020,Payment Successed
5967,72214,05-08-2024,Payment Successed
5968,2130,03-01-2024,Payment Successed
5969,4465,13-06-2020,Payment Successed
5970,25548,16-01-2024,Failed
5971,66241,21-09-2022,Payment Successed
5972,47890,29-08-2020,Payment Successed
5973,11077,01-11-2024,Payment Successed
5974,61411,31-05-2021,Payment Successed
5975,43508,09-03-2022,Payment Successed
5976,41282,12-01-2023,Payment Successed
5977,78814,27-04-2020,Payment Successed
5978,63666,26-11-2022,Payment Successed
5979,7089,10-03-2020,Payment Successed
5980,30723,23-11-2022,Payment Successed
5981,98735,11-03-2022,Payment Successed
5982,47301,12-07-2020,Payment Successed
5983,15701,22-12-2020,Payment Successed
5984,69181,22-11-2022,Payment Successed
5985,23792,30-09-2024,Payment Successed
5986,68923,22-07-2024,Payment Successed
5987,12372,26-04-2020,Payment Successed
5988,44877,03-04-2024,Payment Successed
5989,45877,18-04-2024,Failed
5990,37506,15-11-2021,Payment Successed
5991,41375,21-12-2021,Payment Successed
5992,93914,31-12-2024,Payment Successed
5993,18202,12-04-2022,Payment Successed
5994,4457,26-02-2020,Payment Successed
5995,15165,26-12-2022,Payment Successed
5996,31894,21-11-2023,Payment Successed
5997,94329,02-05-2023,Refunded
5998,63678,03-03-2022,Payment Successed
5999,49623,21-07-2022,Payment Successed
6000,40631,20-05-2020,Payment Successed
6001,27886,29-01-2023,Payment Successed
6002,3172,04-11-2023,Payment Successed
6003,6657,31-03-2022,Payment Successed
6004,37968,19-03-2022,Payment Successed
6005,93151,17-07-2023,Payment Successed
6006,42295,16-04-2023,Payment Successed
6007,99928,21-10-2023,Payment Successed
6008,66691,13-06-2024,Payment Successed
6009,36066,03-11-2022,Payment Successed
6010,66628,06-01-2024,Payment Successed
6011,14861,30-08-2022,Payment Successed
6012,27902,23-06-2022,Payment Successed
6013,48232,30-04-2022,Payment Successed
6014,56523,14-12-2020,Payment Successed
6015,48010,08-07-2024,Failed
6016,72770,16-02-2021,Payment Successed
6017,31688,10-09-2020,Payment Successed
6018,71092,05-05-2023,Payment Successed
6019,73024,20-04-2022,Payment Successed
6020,62439,10-03-2023,Payment Successed
6021,10712,18-10-2020,Payment Successed
6022,78145,23-01-2020,Payment Successed
6023,28531,19-04-2020,Payment Successed
6024,12688,12-11-2022,Payment Successed
6025,18063,16-09-2022,Payment Successed
6026,17006,13-10-2023,Refunded
6027,74429,02-02-2023,Payment Successed
6028,76390,04-08-2023,Payment Successed
6029,2656,12-07-2022,Payment Successed
6030,75482,02-02-2022,Payment Successed
6031,41055,10-06-2022,Payment Successed
6032,25725,18-11-2021,Payment Successed
6033,13073,01-08-2022,Payment Successed
6034,83613,16-09-2024,Payment Successed
6035,64095,04-11-2024,Payment Successed
6036,63425,02-09-2022,Payment Successed
6037,42373,09-10-2023,Payment Successed
6038,74126,03-07-2021,Payment Successed
6039,63750,06-06-2024,Payment Successed
6040,41316,05-10-2022,Failed
6041,31939,29-12-2020,Payment Successed
6042,62384,20-04-2024,Refunded
6043,80273,17-06-2023,Payment Successed
6044,83322,26-10-2022,Payment Successed
6045,99420,10-11-2023,Payment Successed
6046,21555,10-01-2020,Payment Successed
6047,23542,24-09-2022,Payment Successed
6048,78303,03-12-2020,Payment Successed
6049,59115,02-11-2022,Payment Successed
6050,50966,16-03-2021,Payment Successed
6051,54504,10-02-2020,Payment Successed
6052,29537,31-10-2021,Payment Successed
6053,24389,20-05-2021,Failed
6054,74880,25-07-2022,Payment Successed
6055,25185,09-06-2024,Payment Successed
6056,34779,10-08-2022,Payment Successed
6057,59805,22-10-2023,Payment Successed
6058,51203,02-11-2021,Payment Successed
6059,27939,02-09-2021,Payment Successed
6060,77595,10-05-2023,Payment Successed
6061,89010,28-06-2020,Failed
6062,34663,13-03-2020,Payment Successed
6063,45686,21-06-2022,Payment Successed
6064,2263,03-10-2023,Refunded
6065,42522,07-06-2023,Payment Successed
6066,95947,26-09-2024,Refunded
6067,71016,03-03-2024,Payment Successed
6068,80948,24-02-2024,Payment Successed
6069,37426,24-06-2022,Payment Successed
6070,47071,26-03-2021,Payment Successed
6071,62995,30-04-2021,Payment Successed
6072,19722,23-02-2022,Payment Successed
6073,51645,12-12-2023,Payment Successed
6074,20739,18-11-2024,Payment Successed
6075,78395,17-08-2020,Payment Successed
6076,96329,09-11-2024,Failed
6077,5896,23-03-2021,Payment Successed
6078,55044,07-03-2022,Payment Successed
6079,3608,15-05-2023,Payment Successed
6080,87328,12-12-2022,Payment Successed
6081,95473,26-03-2020,Payment Successed
6082,46017,07-12-2021,Payment Successed
6083,19354,11-04-2022,Payment Successed
6084,71330,23-04-2022,Refunded
6085,22395,02-01-2021,Payment Successed
6086,7660,02-10-2021,Payment Successed
6087,79026,23-01-2024,Payment Successed
6088,65620,07-01-2023,Payment Successed
6089,61033,26-06-2021,Payment Successed
6090,14035,22-05-2024,Payment Successed
6091,61884,17-11-2023,Payment Successed
6092,75834,29-07-2020,Payment Successed
6093,65965,13-12-2024,Payment Successed
6094,29213,11-07-2022,Refunded
6095,85235,29-01-2022,Failed
6096,66393,03-10-2024,Payment Successed
6097,47588,25-09-2020,Failed
6098,74170,29-11-2022,Payment Successed
6099,72816,20-08-2022,Refunded
6100,71703,13-07-2021,Payment Successed
6101,75411,15-04-2020,Payment Successed
6102,16398,10-01-2023,Payment Successed
6103,6333,17-07-2024,Payment Successed
6104,33096,13-12-2020,Failed
6105,58137,03-01-2021,Refunded
6106,37780,21-06-2022,Payment Successed
6107,83611,14-05-2024,Payment Successed
6108,58215,19-04-2023,Refunded
6109,18826,17-11-2021,Payment Successed
6110,81328,19-04-2023,Payment Successed
6111,18743,11-03-2023,Payment Successed
6112,81685,19-12-2022,Payment Successed
6113,86477,14-12-2023,Payment Successed
6114,48893,31-01-2023,Payment Successed
6115,60594,02-10-2020,Payment Successed
6116,95019,28-08-2020,Payment Successed
6117,42551,17-04-2021,Payment Successed
6118,73816,15-09-2023,Payment Successed
6119,46260,04-10-2023,Payment Successed
6120,12219,20-03-2023,Payment Successed
6121,84105,29-11-2022,Refunded
6122,37882,06-05-2023,Payment Successed
6123,4890,05-12-2020,Payment Successed
6124,75368,30-05-2020,Payment Successed
6125,2448,06-11-2021,Failed
6126,72078,11-09-2023,Refunded
6127,1347,14-02-2020,Payment Successed
6128,94189,24-02-2024,Payment Successed
6129,76583,15-12-2022,Payment Successed
6130,80121,23-05-2024,Payment Successed
6131,49295,30-09-2022,Payment Successed
6132,65994,14-04-2022,Payment Successed
6133,83409,24-01-2020,Refunded
6134,13700,16-08-2022,Payment Successed
6135,26521,10-06-2021,Payment Successed
6136,49290,27-08-2022,Payment Successed
6137,22639,09-01-2023,Payment Successed
6138,61941,21-10-2023,Payment Successed
6139,2666,02-04-2023,Payment Successed
6140,47178,30-01-2022,Payment Successed
6141,32266,11-08-2020,Refunded
6142,53183,15-03-2020,Payment Successed
6143,16729,07-03-2023,Payment Successed
6144,15663,31-10-2020,Payment Successed
6145,99881,19-05-2022,Payment Successed
6146,9261,05-10-2020,Payment Successed
6147,67326,19-05-2022,Payment Successed
6148,18248,09-08-2020,Refunded
6149,55108,02-05-2020,Payment Successed
6150,85768,28-05-2023,Payment Successed
6151,33540,10-05-2023,Payment Successed
6152,5627,17-06-2021,Payment Successed
6153,44157,18-08-2022,Payment Successed
6154,55048,27-04-2021,Refunded
6155,34136,14-04-2021,Payment Successed
6156,20654,31-12-2020,Payment Successed
6157,5623,11-05-2020,Payment Successed
6158,5989,20-03-2020,Payment Successed
6159,40795,30-10-2023,Payment Successed
6160,39300,14-08-2021,Failed
6161,22951,24-01-2022,Payment Successed
6162,12144,08-02-2023,Payment Successed
6163,28643,02-10-2020,Payment Successed
6164,98684,10-01-2024,Payment Successed
6165,82452,28-06-2020,Payment Successed
6166,23523,26-11-2020,Payment Successed
6167,83709,22-03-2024,Failed
6168,5987,05-11-2022,Payment Successed
6169,10756,17-08-2021,Failed
6170,80314,13-03-2021,Payment Successed
6171,52947,22-04-2023,Payment Successed
6172,79365,27-04-2020,Payment Successed
6173,10964,26-03-2022,Payment Successed
6174,18310,29-04-2024,Payment Successed
6175,83732,03-05-2023,Payment Successed
6176,94377,26-12-2023,Payment Successed
6177,79532,19-11-2020,Payment Successed
6178,81902,14-05-2023,Payment Successed
6179,43094,19-09-2023,Payment Successed
6180,48128,18-03-2024,Payment Successed
6181,69391,04-12-2020,Payment Successed
6182,46958,06-06-2022,Payment Successed
6183,73939,16-04-2021,Payment Successed
6184,94560,11-07-2023,Payment Successed
6185,94548,06-05-2023,Payment Successed
6186,3524,01-12-2021,Refunded
6187,35795,29-08-2022,Payment Successed
6188,70889,31-12-2024,Payment Successed
6189,68010,26-08-2021,Payment Successed
6190,15712,25-09-2021,Payment Successed
6191,86134,16-08-2024,Payment Successed
6192,82746,21-02-2022,Payment Successed
6193,28278,28-08-2021,Payment Successed
6194,93821,30-07-2023,Payment Successed
6195,18510,04-05-2021,Payment Successed
6196,15140,29-04-2023,Refunded
6197,7208,17-07-2020,Payment Successed
6198,97770,07-03-2020,Failed
6199,76926,19-05-2023,Payment Successed
6200,11574,29-01-2022,Payment Successed
6201,9305,16-11-2024,Payment Successed
6202,58063,02-09-2021,Payment Successed
6203,25837,05-02-2023,Payment Successed
6204,44718,25-10-2022,Payment Successed
6205,29445,25-01-2021,Payment Successed
6206,24414,31-03-2020,Payment Successed
6207,57556,03-12-2020,Payment Successed
6208,75949,23-10-2023,Payment Successed
6209,91474,25-12-2024,Payment Successed
6210,72011,01-08-2022,Payment Successed
6211,50098,08-06-2020,Payment Successed
6212,59001,15-06-2024,Payment Successed
6213,70397,19-11-2022,Failed
6214,33898,29-11-2024,Payment Successed
6215,4268,30-09-2021,Payment Successed
6216,91447,05-09-2024,Payment Successed
6217,16179,05-05-2022,Payment Successed
6218,20835,25-03-2022,Payment Successed
6219,15496,25-11-2023,Payment Successed
6220,69032,22-10-2023,Failed
6221,65867,17-04-2024,Payment Successed
6222,42305,04-04-2024,Refunded
6223,37148,06-12-2022,Payment Successed
6224,63427,03-10-2024,Payment Successed
6225,75196,17-10-2022,Payment Successed
6226,33212,08-02-2024,Payment Successed
6227,7241,05-01-2024,Payment Successed
6228,19896,20-09-2020,Payment Successed
6229,99477,03-05-2023,Payment Successed
6230,58079,08-09-2020,Payment Successed
6231,43016,18-09-2021,Payment Successed
6232,69869,24-06-2021,Refunded
6233,60540,23-02-2024,Payment Successed
6234,98187,20-01-2020,Payment Successed
6235,65401,16-06-2023,Payment Successed
6236,84209,18-12-2023,Payment Successed
6237,73510,10-12-2022,Payment Successed
6238,31649,01-09-2022,Failed
6239,66907,14-01-2022,Payment Successed
6240,3798,03-11-2020,Payment Successed
6241,39240,21-10-2022,Payment Successed
6242,49936,22-07-2023,Payment Successed
6243,46979,14-09-2022,Payment Successed
6244,55147,28-08-2020,Refunded
6245,23563,25-05-2021,Payment Successed
6246,49725,30-11-2024,Payment Successed
6247,48553,24-08-2022,Payment Successed
6248,17814,14-01-2020,Payment Successed
6249,96389,04-07-2024,Payment Successed
6250,46974,11-12-2022,Payment Successed
6251,45025,28-08-2021,Refunded
6252,40948,08-09-2020,Payment Successed
6253,74849,30-11-2024,Failed
6254,81021,16-04-2021,Payment Successed
6255,24354,14-12-2020,Payment Successed
6256,63659,06-08-2024,Payment Successed
6257,88422,12-09-2023,Payment Successed
6258,32471,31-12-2024,Payment Successed
6259,80530,25-12-2023,Payment Successed
6260,63058,11-08-2020,Failed
6261,4151,14-03-2020,Payment Successed
6262,10395,28-09-2024,Payment Successed
6263,24453,07-07-2023,Payment Successed
6264,90886,29-12-2022,Payment Successed
6265,24969,10-03-2024,Payment Successed
6266,95409,18-02-2021,Payment Successed
6267,47111,11-02-2023,Failed
6268,78601,20-01-2022,Payment Successed
6269,27275,27-11-2021,Payment Successed
6270,4262,12-10-2023,Refunded
6271,67914,16-05-2021,Payment Successed
6272,90286,12-02-2024,Payment Successed
6273,11512,03-01-2023,Payment Successed
6274,82665,01-10-2023,Payment Successed
6275,20132,17-12-2022,Payment Successed
6276,21880,03-08-2024,Payment Successed
6277,49773,21-03-2024,Payment Successed
6278,97346,17-09-2021,Payment Successed
6279,86754,16-11-2020,Payment Successed
6280,22012,02-02-2024,Payment Successed
6281,9424,19-02-2021,Payment Successed
6282,26477,27-03-2022,Payment Successed
6283,18261,12-03-2022,Failed
6284,27999,04-11-2021,Payment Successed
6285,36305,09-03-2021,Failed
6286,86863,31-01-2021,Payment Successed
6287,23245,28-07-2023,Failed
6288,48530,23-02-2021,Payment Successed
6289,3427,31-01-2021,Payment Successed
6290,42111,19-04-2024,Payment Successed
6291,13165,11-07-2023,Payment Successed
6292,84947,03-09-2023,Payment Successed
6293,57726,01-09-2021,Payment Successed
6294,21565,01-04-2021,Payment Successed
6295,55224,21-02-2024,Payment Successed
6296,24224,15-12-2023,Refunded
6297,45631,10-10-2024,Payment Successed
6298,67224,03-01-2023,Payment Successed
6299,87625,09-03-2024,Refunded
6300,50241,11-03-2021,Payment Successed
6301,27725,10-09-2021,Payment Successed
6302,95880,01-10-2022,Payment Successed
6303,13065,08-04-2020,Payment Successed
6304,57771,05-06-2021,Refunded
6305,23950,27-10-2023,Payment Successed
6306,30975,26-03-2021,Payment Successed
6307,21885,02-03-2023,Payment Successed
6308,7096,06-01-2022,Payment Successed
6309,56021,24-02-2022,Payment Successed
6310,81654,19-12-2022,Payment Successed
6311,73737,10-02-2023,Payment Successed
6312,63462,15-01-2024,Payment Successed
6313,85024,07-06-2021,Payment Successed
6314,16113,13-02-2020,Payment Successed
6315,53535,11-03-2020,Payment Successed
6316,66667,01-06-2022,Payment Successed
6317,62865,21-08-2023,Payment Successed
6318,52397,07-12-2021,Payment Successed
6319,19112,21-01-2021,Payment Successed
6320,95434,14-02-2020,Payment Successed
6321,91370,30-08-2021,Payment Successed
6322,86859,14-09-2021,Payment Successed
6323,95956,13-12-2021,Payment Successed
6324,28604,24-11-2022,Refunded
6325,10302,24-05-2021,Payment Successed
6326,55550,09-07-2021,Payment Successed
6327,65803,18-06-2022,Failed
6328,13744,02-01-2022,Payment Successed
6329,24884,26-12-2024,Payment Successed
6330,62268,11-11-2023,Payment Successed
6331,93742,26-03-2022,Payment Successed
6332,81146,14-12-2022,Payment Successed
6333,78068,31-12-2020,Payment Successed
6334,77012,07-08-2024,Payment Successed
6335,51932,11-06-2020,Failed
6336,63858,16-11-2022,Payment Successed
6337,66761,26-04-2023,Payment Successed
6338,82139,25-12-2021,Payment Successed
6339,89921,11-09-2021,Refunded
6340,3163,13-07-2024,Payment Successed
6341,18224,22-04-2020,Payment Successed
6342,86181,29-12-2020,Payment Successed
6343,80130,08-05-2024,Failed
6344,29526,13-07-2022,Payment Successed
6345,22155,08-01-2023,Payment Successed
6346,17027,28-10-2023,Payment Successed
6347,78327,24-06-2022,Payment Successed
6348,85408,15-09-2024,Payment Successed
6349,25147,17-02-2020,Payment Successed
6350,31305,12-09-2021,Payment Successed
6351,70802,30-01-2023,Payment Successed
6352,86966,05-12-2020,Payment Successed
6353,17988,10-05-2023,Payment Successed
6354,71049,29-01-2020,Payment Successed
6355,30648,08-10-2024,Payment Successed
6356,6846,17-08-2023,Refunded
6357,26194,03-02-2022,Payment Successed
6358,36940,19-10-2020,Payment Successed
6359,8732,19-09-2023,Payment Successed
6360,45759,17-07-2024,Payment Successed
6361,14552,10-04-2020,Payment Successed
6362,29199,13-05-2020,Payment Successed
6363,49682,02-08-2020,Payment Successed
6364,97313,30-12-2024,Payment Successed
6365,27122,27-06-2022,Payment Successed
6366,34972,02-12-2024,Refunded
6367,49769,07-02-2023,Payment Successed
6368,1197,06-10-2021,Payment Successed
6369,97503,25-11-2022,Payment Successed
6370,42444,10-11-2020,Payment Successed
6371,97178,15-07-2022,Payment Successed
6372,73456,28-12-2022,Payment Successed
6373,65164,14-07-2022,Payment Successed
6374,93827,27-04-2024,Payment Successed
6375,55486,08-10-2022,Payment Successed
6376,45740,10-07-2021,Payment Successed
6377,55225,08-08-2020,Payment Successed
6378,14396,29-01-2024,Payment Successed
6379,1879,11-08-2020,Payment Successed
6380,2426,22-06-2020,Payment Successed
6381,10973,16-02-2024,Payment Successed
6382,69519,25-05-2020,Payment Successed
6383,31120,29-01-2023,Payment Successed
6384,48357,22-07-2023,Payment Successed
6385,38495,25-06-2020,Payment Successed
6386,65860,22-12-2023,Payment Successed
6387,98503,07-11-2020,Payment Successed
6388,65925,24-03-2021,Payment Successed
6389,5258,03-01-2024,Payment Successed
6390,58140,25-02-2023,Payment Successed
6391,61563,11-02-2022,Payment Successed
6392,78986,10-02-2023,Refunded
6393,69963,13-01-2021,Failed
6394,52915,28-03-2021,Payment Successed
6395,81865,23-08-2020,Payment Successed
6396,53676,24-08-2024,Payment Successed
6397,8660,05-07-2021,Failed
6398,27315,17-04-2023,Payment Successed
6399,3871,29-12-2021,Payment Successed
6400,49001,10-05-2020,Payment Successed
6401,51994,08-01-2020,Failed
6402,5916,27-12-2022,Payment Successed
6403,95601,19-11-2020,Payment Successed
6404,42158,05-01-2020,Payment Successed
6405,93657,01-11-2020,Payment Successed
6406,68272,22-02-2023,Payment Successed
6407,18095,04-04-2023,Payment Successed
6408,9416,07-02-2022,Payment Successed
6409,79539,24-08-2022,Payment Successed
6410,7818,11-07-2022,Payment Successed
6411,92517,15-10-2024,Payment Successed
6412,19437,16-03-2020,Refunded
6413,87797,06-10-2024,Payment Successed
6414,59538,29-04-2023,Payment Successed
6415,43274,03-03-2021,Payment Successed
6416,89467,28-06-2021,Refunded
6417,7516,17-05-2023,Payment Successed
6418,23045,18-03-2024,Payment Successed
6419,89592,06-01-2021,Payment Successed
6420,50981,20-01-2024,Payment Successed
6421,73277,31-07-2024,Payment Successed
6422,96742,19-09-2023,Payment Successed
6423,82112,23-07-2021,Payment Successed
6424,66308,15-09-2021,Payment Successed
6425,20648,16-03-2021,Payment Successed
6426,55948,01-03-2020,Payment Successed
6427,69847,15-08-2022,Payment Successed
6428,7798,27-02-2021,Refunded
6429,77475,04-05-2023,Payment Successed
6430,42592,02-05-2022,Payment Successed
6431,78002,10-01-2022,Payment Successed
6432,21904,04-06-2021,Payment Successed
6433,30004,01-09-2022,Payment Successed
6434,61707,08-06-2022,Payment Successed
6435,85237,06-04-2022,Payment Successed
6436,88907,28-10-2022,Payment Successed
6437,99205,30-07-2024,Payment Successed
6438,61911,22-05-2022,Payment Successed
6439,76114,29-07-2020,Payment Successed
6440,65345,30-05-2022,Payment Successed
6441,50091,14-03-2023,Payment Successed
6442,3155,19-10-2024,Payment Successed
6443,1232,26-09-2021,Payment Successed
6444,88312,28-09-2024,Payment Successed
6445,82091,09-04-2024,Payment Successed
6446,89364,14-02-2021,Payment Successed
6447,7787,19-03-2023,Failed
6448,57967,17-09-2021,Payment Successed
6449,50090,30-09-2020,Payment Successed
6450,21097,20-04-2024,Payment Successed
6451,37602,16-12-2021,Payment Successed
6452,74260,06-03-2021,Payment Successed
6453,33218,15-03-2020,Payment Successed
6454,38686,16-05-2023,Payment Successed
6455,98600,09-03-2021,Payment Successed
6456,48830,06-07-2020,Payment Successed
6457,54243,24-08-2022,Payment Successed
6458,81807,06-03-2023,Payment Successed
6459,20747,17-07-2022,Payment Successed
6460,93714,25-11-2020,Payment Successed
6461,12146,23-11-2023,Payment Successed
6462,1316,29-12-2022,Payment Successed
6463,51826,10-12-2020,Payment Successed
6464,93931,02-09-2023,Payment Successed
6465,11352,18-08-2021,Payment Successed
6466,67773,28-03-2023,Refunded
6467,74605,11-07-2023,Payment Successed
6468,11308,04-05-2024,Refunded
6469,26868,12-02-2020,Payment Successed
6470,21964,19-06-2022,Payment Successed
6471,88100,23-06-2021,Payment Successed
6472,3213,26-02-2020,Payment Successed
6473,42254,06-12-2022,Payment Successed
6474,7053,27-04-2023,Failed
6475,16681,11-11-2024,Payment Successed
6476,40388,21-10-2023,Payment Successed
6477,94322,26-07-2020,Payment Successed
6478,97755,05-01-2021,Failed
6479,99525,22-08-2023,Payment Successed
6480,37633,02-09-2020,Payment Successed
6481,73779,28-05-2024,Payment Successed
6482,59998,21-12-2023,Payment Successed
6483,56796,25-01-2020,Payment Successed
6484,51019,12-07-2024,Payment Successed
6485,30072,07-10-2021,Payment Successed
6486,91384,27-09-2024,Refunded
6487,44590,21-03-2021,Payment Successed
6488,97773,16-06-2024,Payment Successed
6489,53047,22-05-2023,Payment Successed
6490,84011,26-12-2021,Payment Successed
6491,11274,11-02-2024,Payment Successed
6492,37150,17-09-2024,Payment Successed
6493,43027,12-04-2024,Payment Successed
6494,92806,13-04-2022,Payment Successed
6495,65071,14-08-2023,Payment Successed
6496,3217,16-06-2021,Failed
6497,72057,15-03-2023,Payment Successed
6498,96632,24-01-2022,Refunded
6499,77631,23-02-2022,Payment Successed
6500,84931,03-12-2023,Payment Successed
6501,37675,16-11-2023,Payment Successed
6502,39588,06-11-2023,Payment Successed
6503,44071,29-12-2021,Payment Successed
6504,47626,27-05-2021,Payment Successed
6505,63473,18-10-2022,Payment Successed
6506,71612,08-04-2020,Payment Successed
6507,75915,20-05-2020,Payment Successed
6508,11191,17-12-2022,Payment Successed
6509,61532,29-09-2022,Payment Successed
6510,74346,20-11-2020,Payment Successed
6511,59522,26-04-2024,Payment Successed
6512,96887,23-08-2024,Refunded
6513,7781,14-09-2022,Payment Successed
6514,91171,24-11-2024,Payment Successed
6515,57902,15-05-2021,Payment Successed
6516,76311,09-08-2024,Payment Successed
6517,4199,01-10-2021,Payment Successed
6518,85880,23-03-2021,Payment Successed
6519,82232,05-12-2023,Payment Successed
6520,89854,15-12-2021,Payment Successed
6521,61797,24-12-2021,Payment Successed
6522,26164,03-01-2023,Payment Successed
6523,29130,02-07-2022,Payment Successed
6524,41509,15-08-2022,Payment Successed
6525,10722,19-08-2023,Payment Successed
6526,54546,02-03-2020,Payment Successed
6527,1778,03-02-2021,Payment Successed
6528,60289,12-05-2023,Payment Successed
6529,3615,29-09-2020,Payment Successed
6530,74072,11-05-2024,Payment Successed
6531,8035,19-10-2020,Payment Successed
6532,39653,09-06-2023,Payment Successed
6533,14462,16-11-2024,Payment Successed
6534,79201,23-02-2020,Payment Successed
6535,68878,15-03-2022,Payment Successed
6536,55658,22-02-2023,Payment Successed
6537,10104,29-12-2022,Payment Successed
6538,48066,02-01-2021,Payment Successed
6539,91289,25-12-2024,Payment Successed
6540,15504,26-07-2022,Payment Successed
6541,31323,09-01-2024,Payment Successed
6542,17547,06-01-2024,Payment Successed
6543,16599,01-10-2023,Payment Successed
6544,14514,08-12-2022,Refunded
6545,97581,10-12-2020,Payment Successed
6546,91590,29-04-2021,Payment Successed
6547,47153,30-06-2022,Payment Successed
6548,92288,07-02-2023,Payment Successed
6549,95551,29-01-2024,Payment Successed
6550,20708,06-07-2024,Payment Successed
6551,32359,21-08-2023,Payment Successed
6552,83191,27-11-2024,Failed
6553,36971,08-11-2023,Payment Successed
6554,19187,24-10-2023,Payment Successed
6555,76892,21-07-2024,Payment Successed
6556,38429,03-01-2021,Payment Successed
6557,32720,26-01-2022,Payment Successed
6558,27528,13-06-2022,Payment Successed
6559,76342,20-09-2020,Payment Successed
6560,95820,18-03-2021,Payment Successed
6561,66378,18-03-2023,Payment Successed
6562,31035,29-11-2020,Payment Successed
6563,18519,08-06-2023,Payment Successed
6564,51608,13-09-2024,Payment Successed
6565,27714,27-03-2022,Payment Successed
6566,90285,26-09-2020,Payment Successed
6567,42984,29-11-2023,Payment Successed
6568,63720,26-09-2024,Refunded
6569,47840,08-03-2022,Payment Successed
6570,89335,08-02-2021,Payment Successed
6571,16389,13-09-2022,Payment Successed
6572,29474,19-11-2022,Payment Successed
6573,5985,21-06-2024,Payment Successed
6574,64370,05-01-2023,Payment Successed
6575,2110,03-12-2022,Payment Successed
6576,86891,22-05-2022,Payment Successed
6577,76156,22-04-2023,Payment Successed
6578,75839,18-12-2024,Payment Successed
6579,90111,31-03-2020,Payment Successed
6580,23975,10-02-2020,Payment Successed
6581,72776,19-10-2024,Payment Successed
6582,33793,27-12-2020,Payment Successed
6583,29843,06-09-2021,Payment Successed
6584,12145,10-10-2023,Payment Successed
6585,66494,28-06-2022,Payment Successed
6586,33127,12-06-2021,Refunded
6587,48863,26-11-2021,Payment Successed
6588,6210,11-03-2022,Failed
6589,17934,28-09-2020,Payment Successed
6590,36319,31-12-2021,Refunded
6591,62050,27-05-2021,Payment Successed
6592,80289,23-01-2020,Payment Successed
6593,68829,29-09-2020,Failed
6594,48454,05-07-2024,Payment Successed
6595,91341,18-01-2023,Payment Successed
6596,84608,17-12-2021,Payment Successed
6597,39137,17-10-2022,Payment Successed
6598,34718,16-07-2024,Payment Successed
6599,68541,21-07-2021,Payment Successed
6600,24308,16-01-2022,Failed
6601,55649,24-08-2022,Payment Successed
6602,64999,13-12-2024,Payment Successed
6603,42092,29-01-2021,Payment Successed
6604,98839,13-10-2020,Refunded
6605,19621,05-09-2020,Payment Successed
6606,23295,01-02-2023,Payment Successed
6607,54845,29-01-2023,Payment Successed
6608,2804,18-10-2022,Payment Successed
6609,30871,01-08-2024,Payment Successed
6610,1662,08-12-2021,Payment Successed
6611,42978,15-05-2023,Payment Successed
6612,4397,28-04-2021,Payment Successed
6613,91631,15-09-2021,Payment Successed
6614,5224,17-11-2023,Payment Successed
6615,65080,30-03-2020,Payment Successed
6616,8403,29-04-2022,Payment Successed
6617,17958,05-03-2020,Failed
6618,2069,04-11-2022,Payment Successed
6619,93163,26-01-2023,Payment Successed
6620,72931,16-01-2022,Payment Successed
6621,62097,16-04-2024,Payment Successed
6622,73570,14-12-2024,Payment Successed
6623,16500,29-01-2024,Payment Successed
6624,74054,11-07-2021,Payment Successed
6625,62075,14-12-2022,Payment Successed
6626,4507,26-08-2024,Payment Successed
6627,8874,02-08-2021,Payment Successed
6628,50194,01-10-2024,Payment Successed
6629,68027,17-02-2021,Payment Successed
6630,11399,22-06-2022,Payment Successed
6631,6156,16-06-2020,Payment Successed
6632,48699,26-11-2024,Payment Successed
6633,39236,31-05-2021,Payment Successed
6634,84330,02-09-2021,Payment Successed
6635,90712,25-02-2023,Payment Successed
6636,32398,19-10-2021,Payment Successed
6637,48105,08-02-2024,Refunded
6638,90249,19-04-2021,Payment Successed
6639,86505,25-02-2022,Payment Successed
6640,99254,01-10-2021,Payment Successed
6641,60849,04-10-2021,Payment Successed
6642,9875,26-09-2022,Payment Successed
6643,23625,30-07-2023,Payment Successed
6644,72137,10-09-2022,Payment Successed
6645,93505,28-06-2023,Payment Successed
6646,54120,09-04-2020,Payment Successed
6647,83036,20-10-2020,Payment Successed
6648,92772,22-12-2021,Payment Successed
6649,69839,10-05-2021,Payment Successed
6650,29844,20-07-2020,Refunded
6651,97911,25-08-2022,Payment Successed
6652,57807,23-07-2024,Payment Successed
6653,98711,25-03-2022,Payment Successed
6654,3487,06-09-2022,Payment Successed
6655,83681,25-09-2020,Payment Successed
6656,86771,05-03-2022,Payment Successed
6657,7859,26-12-2020,Payment Successed
6658,72522,05-02-2023,Payment Successed
6659,33638,07-02-2020,Payment Successed
6660,29960,25-05-2021,Payment Successed
6661,13878,28-06-2023,Refunded
6662,33766,19-12-2024,Payment Successed
6663,9258,09-05-2020,Payment Successed
6664,6082,16-01-2024,Refunded
6665,21768,26-09-2021,Payment Successed
6666,41153,21-03-2021,Failed
6667,69234,25-02-2024,Payment Successed
6668,67479,12-06-2023,Payment Successed
6669,19872,01-09-2022,Payment Successed
6670,14493,14-02-2023,Payment Successed
6671,98337,08-10-2020,Payment Successed
6672,59257,05-02-2021,Payment Successed
6673,33065,20-05-2021,Payment Successed
6674,92442,24-03-2024,Payment Successed
6675,71957,07-12-2023,Failed
6676,70436,18-03-2021,Payment Successed
6677,21280,29-09-2024,Payment Successed
6678,86798,25-02-2024,Payment Successed
6679,75082,12-06-2021,Payment Successed
6680,17213,01-05-2020,Failed
6681,23820,16-05-2021,Payment Successed
6682,16862,04-10-2024,Payment Successed
6683,36260,16-09-2021,Payment Successed
6684,14318,09-02-2024,Payment Successed
6685,43184,14-09-2020,Failed
6686,15671,22-07-2024,Payment Successed
6687,43183,17-02-2021,Payment Successed
6688,71800,03-06-2023,Payment Successed
6689,15980,18-04-2020,Payment Successed
6690,57675,16-09-2020,Payment Successed
6691,81583,02-01-2025,Payment Successed
6692,75538,16-12-2022,Payment Successed
6693,47594,01-06-2022,Payment Successed
6694,50752,22-12-2021,Payment Successed
6695,4329,16-11-2023,Payment Successed
6696,41602,29-03-2023,Refunded
6697,48177,25-02-2020,Payment Successed
6698,52163,12-06-2020,Payment Successed
6699,43542,28-05-2021,Payment Successed
6700,57012,25-09-2021,Payment Successed
6701,38150,28-02-2024,Payment Successed
6702,82910,26-12-2024,Payment Successed
6703,93837,06-03-2024,Payment Successed
6704,47642,05-10-2021,Payment Successed
6705,32501,26-09-2020,Payment Successed
6706,67670,30-03-2021,Payment Successed
6707,25692,29-10-2020,Payment Successed
6708,91564,17-09-2024,Payment Successed
6709,53718,12-11-2021,Payment Successed
6710,31840,06-02-2021,Payment Successed
6711,2618,20-10-2023,Payment Successed
6712,89103,18-08-2020,Payment Successed
6713,14674,01-07-2023,Payment Successed
6714,91940,08-02-2023,Payment Successed
6715,29894,12-06-2020,Payment Successed
6716,43830,27-06-2020,Payment Successed
6717,33208,04-03-2024,Payment Successed
6718,81981,17-01-2022,Payment Successed
6719,65112,29-06-2021,Payment Successed
6720,12010,24-10-2023,Payment Successed
6721,51524,27-08-2020,Payment Successed
6722,21849,01-10-2021,Payment Successed
6723,51096,02-02-2021,Payment Successed
6724,51637,31-07-2024,Payment Successed
6725,35525,18-08-2021,Payment Successed
6726,45539,18-09-2023,Payment Successed
6727,65617,17-07-2024,Payment Successed
6728,2333,01-04-2023,Payment Successed
6729,25713,25-02-2023,Payment Successed
6730,52778,07-12-2021,Payment Successed
6731,7179,19-11-2020,Payment Successed
6732,80161,29-01-2021,Payment Successed
6733,89502,25-12-2020,Payment Successed
6734,33952,09-10-2024,Payment Successed
6735,62694,05-05-2022,Payment Successed
6736,51847,30-12-2021,Payment Successed
6737,58605,05-03-2020,Payment Successed
6738,29660,24-07-2023,Payment Successed
6739,28385,28-12-2024,Payment Successed
6740,71780,22-07-2020,Payment Successed
6741,64703,03-01-2022,Payment Successed
6742,75883,14-04-2021,Payment Successed
6743,82541,15-05-2021,Payment Successed
6744,74961,12-03-2024,Payment Successed
6745,21387,16-04-2020,Payment Successed
6746,76681,09-06-2021,Payment Successed
6747,67998,29-01-2020,Failed
6748,16002,18-11-2022,Payment Successed
6749,47397,04-06-2023,Payment Successed
6750,33309,01-02-2020,Payment Successed
6751,96765,17-02-2022,Payment Successed
6752,77564,01-05-2022,Payment Successed
6753,5180,17-09-2022,Payment Successed
6754,10158,07-11-2021,Payment Successed
6755,86428,10-01-2023,Failed
6756,74732,13-04-2020,Payment Successed
6757,88625,03-11-2023,Payment Successed
6758,27971,09-08-2023,Payment Successed
6759,14229,12-11-2022,Payment Successed
6760,86219,17-01-2020,Payment Successed
6761,57594,14-12-2020,Payment Successed
6762,8246,25-03-2024,Payment Successed
6763,31199,13-09-2022,Payment Successed
6764,55234,19-08-2021,Payment Successed
6765,49348,22-10-2024,Payment Successed
6766,63978,06-01-2021,Payment Successed
6767,69033,19-05-2021,Payment Successed
6768,61780,02-08-2022,Payment Successed
6769,66661,14-07-2024,Payment Successed
6770,62573,04-08-2022,Payment Successed
6771,16928,27-02-2020,Payment Successed
6772,62349,14-11-2023,Refunded
6773,22065,01-06-2022,Payment Successed
6774,87811,16-04-2024,Payment Successed
6775,67462,16-05-2023,Payment Successed
6776,73462,21-06-2020,Payment Successed
6777,87727,27-11-2022,Failed
6778,43298,25-06-2021,Payment Successed
6779,32353,10-10-2020,Payment Successed
6780,18654,22-05-2022,Payment Successed
6781,87684,01-02-2021,Payment Successed
6782,4129,22-01-2022,Refunded
6783,20150,02-02-2024,Payment Successed
6784,34738,19-03-2024,Payment Successed
6785,61728,20-02-2020,Payment Successed
6786,63511,18-01-2022,Payment Successed
6787,30261,04-09-2022,Payment Successed
6788,17072,08-07-2023,Refunded
6789,12776,19-01-2024,Payment Successed
6790,18605,15-02-2024,Payment Successed
6791,74655,31-08-2023,Payment Successed
6792,20633,06-09-2022,Payment Successed
6793,66277,25-01-2024,Payment Successed
6794,30695,03-08-2023,Payment Successed
6795,29784,06-09-2021,Payment Successed
6796,6766,19-09-2020,Payment Successed
6797,73878,25-11-2023,Payment Successed
6798,42005,20-06-2023,Payment Successed
6799,32751,22-04-2021,Payment Successed
6800,97535,02-04-2021,Refunded
6801,56716,21-08-2022,Payment Successed
6802,51913,17-09-2024,Payment Successed
6803,43145,28-09-2021,Payment Successed
6804,6682,02-05-2022,Payment Successed
6805,21780,19-08-2023,Payment Successed
6806,92869,04-05-2023,Payment Successed
6807,93508,23-04-2023,Payment Successed
6808,76279,17-12-2021,Payment Successed
6809,47100,27-03-2020,Refunded
6810,38785,29-09-2024,Payment Successed
6811,49737,16-05-2020,Payment Successed
6812,26916,10-12-2022,Payment Successed
6813,10350,09-05-2021,Payment Successed
6814,92064,10-11-2022,Payment Successed
6815,55884,25-12-2023,Failed
6816,18438,16-06-2022,Payment Successed
6817,6578,14-04-2023,Refunded
6818,98683,23-07-2022,Payment Successed
6819,9810,18-06-2021,Payment Successed
6820,41721,12-11-2021,Payment Successed
6821,96376,03-07-2020,Payment Successed
6822,12588,27-05-2023,Payment Successed
6823,19305,18-11-2024,Payment Successed
6824,27062,08-04-2021,Payment Successed
6825,52698,05-01-2020,Payment Successed
6826,76393,25-03-2022,Payment Successed
6827,47500,10-09-2023,Payment Successed
6828,37516,11-06-2023,Payment Successed
6829,2459,02-12-2022,Payment Successed
6830,71609,09-10-2024,Failed
6831,58576,06-09-2020,Payment Successed
6832,88027,10-01-2023,Failed
6833,64253,18-11-2021,Payment Successed
6834,10673,15-05-2020,Payment Successed
6835,6963,03-02-2020,Payment Successed
6836,66725,12-07-2020,Payment Successed
6837,92508,26-12-2024,Payment Successed
6838,40024,24-11-2022,Payment Successed
6839,32868,05-06-2020,Payment Successed
6840,75878,13-03-2021,Payment Successed
6841,64734,06-05-2022,Payment Successed
6842,29247,21-06-2023,Refunded
6843,10220,01-08-2021,Payment Successed
6844,47492,07-05-2020,Payment Successed
6845,36369,03-02-2024,Payment Successed
6846,31360,20-03-2020,Payment Successed
6847,34607,01-05-2022,Payment Successed
6848,31098,04-04-2023,Payment Successed
6849,27923,16-11-2024,Payment Successed
6850,50841,26-04-2020,Payment Successed
6851,99425,25-10-2022,Refunded
6852,12423,10-10-2020,Payment Successed
6853,16429,19-02-2024,Payment Successed
6854,76770,12-01-2022,Payment Successed
6855,72907,06-01-2024,Payment Successed
6856,76282,03-12-2022,Payment Successed
6857,6861,04-06-2021,Payment Successed
6858,60075,14-03-2020,Payment Successed
6859,15273,18-09-2023,Payment Successed
6860,98000,21-05-2023,Failed
6861,67901,18-09-2021,Payment Successed
6862,54419,07-09-2022,Payment Successed
6863,63743,28-02-2022,Payment Successed
6864,2019,23-01-2020,Payment Successed
6865,8746,20-12-2023,Payment Successed
6866,36153,24-08-2020,Payment Successed
6867,42192,17-02-2021,Payment Successed
6868,4933,12-10-2023,Refunded
6869,85741,11-06-2020,Payment Successed
6870,72732,25-11-2022,Payment Successed
6871,38941,07-11-2020,Refunded
6872,38108,04-04-2022,Payment Successed
6873,55476,16-05-2020,Payment Successed
6874,38148,21-02-2021,Payment Successed
6875,42868,30-06-2020,Payment Successed
6876,94111,03-07-2023,Failed
6877,66548,01-08-2023,Payment Successed
6878,58586,14-07-2022,Payment Successed
6879,73440,04-08-2024,Payment Successed
6880,93439,13-07-2024,Payment Successed
6881,18301,18-01-2021,Payment Successed
6882,61406,19-10-2024,Payment Successed
6883,10538,10-04-2022,Payment Successed
6884,29502,06-12-2023,Payment Successed
6885,86064,30-07-2022,Payment Successed
6886,25164,10-06-2021,Payment Successed
6887,23059,11-07-2020,Payment Successed
6888,42129,04-08-2021,Payment Successed
6889,11675,15-04-2020,Payment Successed
6890,68652,12-06-2022,Payment Successed
6891,31273,11-04-2022,Payment Successed
6892,46268,15-07-2022,Payment Successed
6893,49627,28-02-2022,Payment Successed
6894,99280,24-10-2023,Payment Successed
6895,95594,22-08-2020,Payment Successed
6896,1415,06-11-2022,Payment Successed
6897,95898,11-01-2022,Payment Successed
6898,89088,05-08-2020,Payment Successed
6899,97713,27-06-2021,Payment Successed
6900,50421,27-05-2020,Payment Successed
6901,85654,13-12-2020,Payment Successed
6902,39832,24-08-2024,Payment Successed
6903,86713,23-10-2020,Payment Successed
6904,57099,16-07-2023,Payment Successed
6905,48623,08-01-2021,Payment Successed
6906,5941,07-10-2024,Payment Successed
6907,14759,31-08-2020,Payment Successed
6908,56785,22-04-2020,Payment Successed
6909,42911,04-07-2021,Payment Successed
6910,92375,26-10-2022,Payment Successed
6911,33576,02-10-2020,Payment Successed
6912,71817,01-03-2023,Payment Successed
6913,68611,09-01-2022,Refunded
6914,93791,17-07-2023,Payment Successed
6915,5375,07-03-2022,Payment Successed
6916,38613,03-12-2023,Payment Successed
6917,60388,25-08-2024,Refunded
6918,73276,06-12-2021,Refunded
6919,39304,26-03-2024,Payment Successed
6920,74877,20-04-2023,Payment Successed
6921,6588,28-03-2024,Payment Successed
6922,63828,28-12-2024,Payment Successed
6923,92876,23-01-2020,Payment Successed
6924,78553,15-01-2023,Payment Successed
6925,8429,13-12-2021,Payment Successed
6926,1295,12-07-2020,Payment Successed
6927,76769,24-10-2024,Payment Successed
6928,90515,23-03-2022,Payment Successed
6929,22151,01-07-2020,Payment Successed
6930,86794,06-08-2020,Payment Successed
6931,71955,11-04-2021,Payment Successed
6932,22705,15-05-2022,Refunded
6933,65449,20-02-2023,Payment Successed
6934,44976,17-12-2020,Payment Successed
6935,26893,24-03-2020,Payment Successed
6936,52934,04-01-2023,Payment Successed
6937,78682,20-10-2024,Payment Successed
6938,25876,09-10-2023,Payment Successed
6939,85120,07-10-2024,Payment Successed
6940,72120,04-10-2024,Refunded
6941,16201,27-06-2021,Payment Successed
6942,53984,05-12-2024,Payment Successed
6943,67849,14-06-2021,Payment Successed
6944,49730,19-06-2021,Payment Successed
6945,27539,24-08-2020,Payment Successed
6946,17766,04-09-2023,Payment Successed
6947,64422,23-12-2020,Refunded
6948,42075,15-11-2020,Payment Successed
6949,28779,16-04-2021,Payment Successed
6950,42292,27-11-2024,Payment Successed
6951,6478,29-03-2024,Payment Successed
6952,92741,12-01-2023,Payment Successed
6953,99923,31-03-2023,Payment Successed
6954,22218,11-12-2022,Payment Successed
6955,69395,02-06-2023,Payment Successed
6956,52196,27-08-2024,Payment Successed
6957,76147,13-09-2021,Payment Successed
6958,22060,05-02-2023,Payment Successed
6959,74331,12-06-2023,Payment Successed
6960,21820,12-04-2022,Payment Successed
6961,34423,17-05-2020,Payment Successed
6962,50292,23-09-2020,Payment Successed
6963,33048,07-07-2023,Payment Successed
6964,59525,25-11-2020,Payment Successed
6965,85472,07-04-2023,Payment Successed
6966,11271,10-07-2023,Payment Successed
6967,35816,13-03-2023,Payment Successed
6968,35961,04-11-2020,Refunded
6969,52944,08-02-2023,Payment Successed
6970,66797,13-08-2021,Payment Successed
6971,1910,18-02-2021,Payment Successed
6972,16437,22-08-2021,Payment Successed
6973,70807,27-04-2023,Payment Successed
6974,86569,19-09-2021,Payment Successed
6975,32460,05-11-2022,Payment Successed
6976,54095,20-02-2022,Payment Successed
6977,14871,23-09-2020,Refunded
6978,70253,05-10-2024,Payment Successed
6979,43624,27-08-2021,Failed
6980,50024,15-05-2022,Payment Successed
6981,64789,27-12-2022,Payment Successed
6982,30421,18-11-2023,Payment Successed
6983,6536,18-11-2021,Payment Successed
6984,55079,03-09-2023,Payment Successed
6985,13786,12-03-2021,Payment Successed
6986,52038,03-06-2021,Payment Successed
6987,18873,09-05-2022,Payment Successed
6988,24282,19-05-2023,Payment Successed
6989,88402,07-03-2020,Failed
6990,1948,21-03-2020,Payment Successed
6991,72533,09-10-2024,Payment Successed
6992,2166,12-03-2020,Refunded
6993,77468,26-06-2021,Payment Successed
6994,31975,30-01-2020,Refunded
6995,4535,27-11-2021,Payment Successed
6996,75928,14-01-2023,Payment Successed
6997,27187,15-07-2023,Payment Successed
6998,64102,02-04-2023,Payment Successed
6999,54906,28-03-2023,Payment Successed
7000,24255,06-05-2024,Payment Successed
7001,83196,14-03-2021,Payment Successed
7002,18482,26-01-2022,Payment Successed
7003,99818,23-07-2023,Failed
7004,38003,12-07-2020,Payment Successed
7005,51285,31-12-2023,Payment Successed
7006,33695,30-05-2021,Payment Successed
7007,30807,18-07-2024,Payment Successed
7008,38681,15-04-2024,Payment Successed
7009,49347,03-03-2020,Payment Successed
7010,65323,12-07-2023,Payment Successed
7011,23781,07-09-2020,Payment Successed
7012,16232,01-03-2022,Refunded
7013,93283,26-02-2021,Failed
7014,23962,31-08-2024,Payment Successed
7015,27642,10-08-2023,Payment Successed
7016,51666,29-07-2024,Failed
7017,39708,04-03-2024,Payment Successed
7018,54738,04-11-2023,Payment Successed
7019,32539,09-11-2021,Refunded
7020,49299,05-06-2024,Payment Successed
7021,42736,25-11-2021,Payment Successed
7022,91158,26-11-2024,Payment Successed
7023,67881,26-10-2020,Payment Successed
7024,63872,12-02-2023,Payment Successed
7025,71618,19-11-2021,Payment Successed
7026,62185,05-09-2020,Payment Successed
7027,60412,14-01-2020,Payment Successed
7028,64343,28-05-2022,Payment Successed
7029,50687,22-12-2022,Refunded
7030,56129,03-02-2023,Payment Successed
7031,35452,17-04-2024,Payment Successed
7032,28475,13-06-2021,Payment Successed
7033,4947,06-08-2022,Payment Successed
7034,23428,27-05-2021,Payment Successed
7035,73109,15-11-2020,Payment Successed
7036,80808,16-06-2024,Payment Successed
7037,78425,21-06-2021,Payment Successed
7038,55516,06-02-2022,Refunded
7039,74004,06-10-2020,Payment Successed
7040,53244,05-11-2023,Payment Successed
7041,25824,08-10-2022,Payment Successed
7042,22938,12-01-2021,Payment Successed
7043,6543,10-10-2021,Failed
7044,17302,21-03-2022,Payment Successed
7045,73987,18-02-2023,Payment Successed
7046,62461,15-02-2020,Payment Successed
7047,2672,24-11-2021,Payment Successed
7048,4381,13-09-2023,Payment Successed
7049,38554,14-08-2024,Payment Successed
7050,37932,28-05-2023,Payment Successed
7051,45191,19-07-2024,Payment Successed
7052,58233,02-11-2024,Payment Successed
7053,58811,23-02-2023,Payment Successed
7054,42742,13-07-2023,Payment Successed
7055,48712,25-06-2023,Payment Successed
7056,16619,01-03-2023,Payment Successed
7057,74426,26-03-2021,Payment Successed
7058,85815,01-01-2023,Payment Successed
7059,6058,26-10-2023,Refunded
7060,49311,11-04-2024,Payment Successed
7061,94388,24-04-2022,Payment Successed
7062,99402,01-04-2021,Payment Successed
7063,20296,05-10-2023,Payment Successed
7064,66228,18-12-2024,Payment Successed
7065,47128,30-04-2023,Payment Successed
7066,75870,07-03-2021,Payment Successed
7067,74955,31-07-2020,Failed
7068,78092,09-08-2023,Payment Successed
7069,80128,09-02-2022,Payment Successed
7070,14503,22-03-2020,Payment Successed
7071,19596,02-01-2021,Payment Successed
7072,47732,10-05-2021,Payment Successed
7073,45696,28-06-2021,Payment Successed
7074,61324,24-09-2020,Payment Successed
7075,20099,01-09-2020,Failed
7076,26726,06-07-2021,Payment Successed
7077,87732,23-04-2024,Payment Successed
7078,37235,05-11-2022,Payment Successed
7079,36471,02-03-2022,Payment Successed
7080,83863,18-04-2023,Payment Successed
7081,17078,03-09-2022,Payment Successed
7082,57687,05-12-2020,Payment Successed
7083,18708,22-05-2020,Payment Successed
7084,44316,05-08-2021,Payment Successed
7085,88424,13-12-2020,Payment Successed
7086,48178,14-08-2023,Payment Successed
7087,92473,15-11-2021,Payment Successed
7088,51344,26-10-2021,Payment Successed
7089,17924,13-10-2023,Payment Successed
7090,65325,25-11-2020,Payment Successed
7091,24888,01-04-2024,Payment Successed
7092,27941,24-10-2021,Payment Successed
7093,31423,27-05-2023,Payment Successed
7094,60702,19-02-2022,Payment Successed
7095,83901,25-06-2023,Payment Successed
7096,37922,09-02-2020,Payment Successed
7097,50747,08-11-2023,Payment Successed
7098,73488,17-05-2021,Failed
7099,55680,17-02-2020,Payment Successed
7100,90743,26-07-2024,Refunded
7101,78355,02-07-2024,Payment Successed
7102,19482,15-07-2022,Payment Successed
7103,15472,01-11-2023,Payment Successed
7104,69549,02-01-2021,Payment Successed
7105,78314,13-08-2022,Payment Successed
7106,75803,23-08-2021,Refunded
7107,50400,24-02-2024,Payment Successed
7108,13188,07-01-2023,Payment Successed
7109,21902,26-12-2022,Refunded
7110,82539,02-01-2021,Payment Successed
7111,21949,07-09-2023,Payment Successed
7112,81723,29-10-2023,Failed
7113,29473,06-01-2020,Failed
7114,20552,07-03-2024,Payment Successed
7115,16776,29-07-2021,Payment Successed
7116,10571,29-04-2020,Payment Successed
7117,66081,11-03-2024,Payment Successed
7118,19456,04-09-2020,Payment Successed
7119,36507,21-03-2023,Payment Successed
7120,2096,02-08-2023,Payment Successed
7121,41490,21-06-2022,Payment Successed
7122,53717,02-07-2021,Payment Successed
7123,57469,29-03-2023,Payment Successed
7124,55419,13-07-2021,Payment Successed
7125,57360,04-09-2022,Payment Successed
7126,45930,30-06-2024,Payment Successed
7127,96941,20-03-2024,Payment Successed
7128,16765,25-05-2021,Payment Successed
7129,63979,01-08-2024,Payment Successed
7130,13633,21-04-2022,Payment Successed
7131,44450,07-04-2023,Payment Successed
7132,3491,24-12-2020,Payment Successed
7133,16455,17-04-2024,Payment Successed
7134,72852,29-12-2022,Payment Successed
7135,84889,15-09-2022,Payment Successed
7136,47608,13-05-2021,Payment Successed
7137,20382,08-04-2024,Payment Successed
7138,71209,15-08-2023,Payment Successed
7139,94975,16-09-2020,Payment Successed
7140,17695,16-07-2024,Payment Successed
7141,93679,29-01-2024,Payment Successed
7142,87505,23-10-2024,Failed
7143,53563,25-10-2024,Payment Successed
7144,5524,09-07-2023,Payment Successed
7145,91210,21-05-2024,Payment Successed
7146,22594,15-05-2023,Refunded
7147,6140,04-04-2023,Payment Successed
7148,4952,10-12-2023,Payment Successed
7149,20289,09-07-2020,Payment Successed
7150,46022,14-02-2021,Payment Successed
7151,34208,11-07-2022,Payment Successed
7152,93606,18-02-2020,Payment Successed
7153,34060,08-07-2021,Payment Successed
7154,34708,30-05-2024,Payment Successed
7155,59463,22-10-2023,Payment Successed
7156,41558,18-02-2023,Payment Successed
7157,43831,26-08-2021,Payment Successed
7158,95079,03-12-2024,Payment Successed
7159,42964,27-06-2023,Payment Successed
7160,77827,16-09-2021,Payment Successed
7161,87962,11-02-2024,Payment Successed
7162,32113,31-12-2023,Payment Successed
7163,78116,09-07-2023,Payment Successed
7164,82636,21-05-2020,Payment Successed
7165,21811,22-07-2021,Payment Successed
7166,98849,17-03-2022,Payment Successed
7167,91393,29-09-2024,Payment Successed
7168,96999,11-03-2021,Payment Successed
7169,80158,20-02-2024,Payment Successed
7170,74261,06-07-2021,Payment Successed
7171,66235,04-12-2023,Refunded
7172,14990,03-03-2024,Payment Successed
7173,23497,03-12-2024,Payment Successed
7174,68410,25-01-2023,Payment Successed
7175,65478,22-07-2021,Payment Successed
7176,93040,20-09-2022,Payment Successed
7177,67790,16-03-2023,Payment Successed
7178,96342,26-12-2021,Payment Successed
7179,91923,11-10-2022,Failed
7180,91655,07-09-2023,Payment Successed
7181,44681,20-02-2021,Payment Successed
7182,14308,15-12-2020,Payment Successed
7183,63039,08-12-2021,Payment Successed
7184,60618,25-07-2023,Payment Successed
7185,69671,14-10-2021,Payment Successed
7186,79168,08-12-2023,Payment Successed
7187,53552,21-03-2023,Refunded
7188,39867,15-09-2020,Payment Successed
7189,37564,06-05-2020,Payment Successed
7190,93844,14-09-2021,Payment Successed
7191,86948,01-02-2024,Payment Successed
7192,23646,19-03-2022,Payment Successed
7193,57033,01-06-2022,Payment Successed
7194,71267,06-11-2021,Payment Successed
7195,28138,26-06-2020,Payment Successed
7196,52782,11-06-2024,Refunded
7197,5296,19-08-2023,Refunded
7198,72779,18-11-2024,Payment Successed
7199,75184,29-12-2024,Payment Successed
7200,48810,17-06-2020,Payment Successed
7201,79738,20-10-2022,Payment Successed
7202,74418,11-08-2020,Payment Successed
7203,78843,13-06-2024,Payment Successed
7204,18075,09-10-2023,Payment Successed
7205,45428,03-09-2021,Payment Successed
7206,39944,28-04-2022,Payment Successed
7207,57917,31-03-2021,Payment Successed
7208,23426,17-04-2021,Payment Successed
7209,64313,11-07-2021,Payment Successed
7210,86370,04-01-2022,Payment Successed
7211,49059,25-07-2023,Payment Successed
7212,16499,25-10-2023,Payment Successed
7213,24640,23-05-2024,Payment Successed
7214,33835,19-02-2022,Payment Successed
7215,23265,23-05-2023,Payment Successed
7216,78725,11-09-2021,Payment Successed
7217,60967,29-02-2020,Payment Successed
7218,90332,20-04-2022,Payment Successed
7219,97538,11-05-2022,Failed
7220,81554,12-09-2021,Payment Successed
7221,30362,02-07-2021,Payment Successed
7222,64232,25-12-2024,Payment Successed
7223,1999,22-09-2023,Payment Successed
7224,78657,27-08-2022,Payment Successed
7225,3408,26-02-2022,Payment Successed
7226,95856,05-09-2020,Payment Successed
7227,64712,02-08-2023,Payment Successed
7228,76610,24-11-2022,Payment Successed
7229,82704,25-07-2023,Payment Successed
7230,68815,29-01-2021,Payment Successed
7231,75781,16-12-2021,Payment Successed
7232,39702,14-11-2024,Payment Successed
7233,32884,26-02-2023,Payment Successed
7234,65739,30-05-2022,Payment Successed
7235,15925,26-11-2023,Payment Successed
7236,3841,03-04-2021,Payment Successed
7237,74068,29-01-2020,Payment Successed
7238,72926,15-04-2022,Payment Successed
7239,80287,31-08-2023,Refunded
7240,34975,13-10-2021,Failed
7241,49308,09-01-2021,Payment Successed
7242,96641,03-12-2024,Payment Successed
7243,72301,25-04-2020,Payment Successed
7244,59888,24-04-2023,Payment Successed
7245,31988,21-01-2022,Failed
7246,94528,06-04-2023,Payment Successed
7247,24850,20-01-2020,Payment Successed
7248,3664,24-07-2020,Payment Successed
7249,41895,28-09-2024,Payment Successed
7250,69760,28-01-2023,Payment Successed
7251,2057,27-05-2022,Payment Successed
7252,16953,23-02-2022,Payment Successed
7253,68677,12-01-2024,Payment Successed
7254,98447,14-11-2024,Failed
7255,70892,12-02-2022,Payment Successed
7256,48571,23-12-2021,Payment Successed
7257,20805,14-07-2022,Payment Successed
7258,81000,24-07-2023,Payment Successed
7259,37556,02-04-2021,Payment Successed
7260,9386,13-08-2022,Payment Successed
7261,65912,17-10-2022,Payment Successed
7262,10554,25-07-2023,Payment Successed
7263,84230,23-09-2022,Refunded
7264,82777,19-06-2021,Payment Successed
7265,36553,22-05-2023,Payment Successed
7266,24075,28-08-2023,Payment Successed
7267,87869,10-11-2024,Failed
7268,74765,02-08-2021,Payment Successed
7269,87743,09-04-2020,Payment Successed
7270,25753,21-12-2023,Payment Successed
7271,75621,15-03-2024,Payment Successed
7272,92208,18-11-2021,Payment Successed
7273,84017,18-02-2020,Payment Successed
7274,75054,16-07-2024,Payment Successed
7275,89622,29-11-2020,Payment Successed
7276,88152,26-01-2024,Payment Successed
7277,39431,16-10-2021,Payment Successed
7278,9988,08-04-2024,Payment Successed
7279,83319,01-07-2022,Payment Successed
7280,69082,17-05-2024,Payment Successed
7281,11465,01-09-2020,Payment Successed
7282,40263,26-06-2020,Payment Successed
7283,32977,04-09-2022,Payment Successed
7284,53595,14-01-2021,Payment Successed
7285,6090,27-11-2021,Payment Successed
7286,24246,01-07-2023,Payment Successed
7287,95369,09-06-2021,Payment Successed
7288,8705,30-03-2020,Payment Successed
7289,70602,02-11-2023,Payment Successed
7290,46785,12-08-2023,Payment Successed
7291,49824,15-10-2023,Payment Successed
7292,66170,17-07-2023,Payment Successed
7293,47683,30-01-2024,Payment Successed
7294,35137,04-10-2022,Payment Successed
7295,17521,19-01-2021,Payment Successed
7296,50827,25-09-2022,Payment Successed
7297,45433,19-01-2023,Payment Successed
7298,21218,25-04-2020,Payment Successed
7299,52111,10-06-2021,Payment Successed
7300,2183,08-08-2024,Payment Successed
7301,22165,01-08-2022,Payment Successed
7302,25135,20-01-2021,Payment Successed
7303,7822,04-05-2024,Payment Successed
7304,40187,15-01-2021,Payment Successed
7305,39666,04-06-2024,Payment Successed
7306,72076,04-06-2022,Payment Successed
7307,80115,14-09-2024,Payment Successed
7308,18181,11-10-2020,Refunded
7309,32151,12-02-2020,Payment Successed
7310,74621,17-02-2021,Payment Successed
7311,43072,15-03-2020,Payment Successed
7312,19043,13-02-2022,Payment Successed
7313,51171,16-12-2024,Payment Successed
7314,27293,24-07-2021,Refunded
7315,10282,11-02-2021,Payment Successed
7316,57804,01-04-2021,Payment Successed
7317,2086,27-06-2024,Payment Successed
7318,62543,14-09-2020,Payment Successed
7319,18125,28-04-2022,Payment Successed
7320,64295,10-09-2022,Payment Successed
7321,14214,02-02-2021,Payment Successed
7322,43853,03-12-2020,Payment Successed
7323,58449,15-06-2020,Payment Successed
7324,69623,11-02-2021,Payment Successed
7325,3932,13-10-2024,Payment Successed
7326,7224,21-07-2020,Payment Successed
7327,10060,08-06-2022,Payment Successed
7328,65626,29-03-2024,Payment Successed
7329,80511,24-12-2022,Payment Successed
7330,66251,30-08-2023,Failed
7331,29091,05-08-2021,Refunded
7332,30157,15-11-2023,Payment Successed
7333,40278,05-01-2023,Payment Successed
7334,80657,23-06-2022,Payment Successed
7335,93618,13-02-2021,Payment Successed
7336,55331,07-11-2024,Payment Successed
7337,19394,17-11-2023,Payment Successed
7338,92010,18-11-2020,Failed
7339,91527,28-07-2022,Payment Successed
7340,51554,09-04-2020,Payment Successed
7341,93216,17-04-2021,Payment Successed
7342,93364,01-01-2022,Payment Successed
7343,79086,14-11-2022,Payment Successed
7344,5151,08-05-2021,Payment Successed
7345,24827,17-02-2024,Payment Successed
7346,1350,09-04-2022,Payment Successed
7347,94024,25-08-2022,Payment Successed
7348,66237,10-12-2020,Failed
7349,46006,16-08-2024,Payment Successed
7350,28745,16-03-2021,Payment Successed
7351,63014,16-06-2023,Payment Successed
7352,51196,20-01-2023,Refunded
7353,4966,09-07-2020,Payment Successed
7354,8678,28-06-2023,Payment Successed
7355,77525,02-02-2023,Payment Successed
7356,87576,16-02-2024,Refunded
7357,84397,07-01-2022,Payment Successed
7358,23832,21-05-2022,Payment Successed
7359,48474,11-05-2022,Payment Successed
7360,53046,11-11-2021,Payment Successed
7361,13181,12-02-2024,Payment Successed
7362,71442,20-05-2020,Payment Successed
7363,21644,02-07-2023,Payment Successed
7364,91507,20-02-2021,Payment Successed
7365,44624,14-07-2021,Payment Successed
7366,60651,17-10-2021,Payment Successed
7367,55469,25-05-2020,Payment Successed
7368,50645,17-10-2022,Payment Successed
7369,34138,23-05-2024,Payment Successed
7370,88697,19-11-2021,Failed
7371,47218,24-04-2020,Payment Successed
7372,20542,12-07-2021,Payment Successed
7373,65999,22-09-2020,Payment Successed
7374,97508,21-12-2024,Payment Successed
7375,57385,27-10-2020,Payment Successed
7376,20920,18-01-2023,Refunded
7377,28361,06-06-2022,Payment Successed
7378,73519,20-04-2024,Failed
7379,68005,05-08-2021,Payment Successed
7380,75129,07-01-2024,Payment Successed
7381,32619,24-07-2022,Payment Successed
7382,47677,08-03-2022,Payment Successed
7383,90574,27-04-2021,Payment Successed
7384,48056,18-10-2021,Payment Successed
7385,10058,06-12-2021,Payment Successed
7386,29329,23-09-2023,Payment Successed
7387,9784,29-12-2024,Payment Successed
7388,98146,07-03-2020,Payment Successed
7389,17367,23-01-2024,Payment Successed
7390,59123,19-02-2020,Payment Successed
7391,4105,17-05-2022,Payment Successed
7392,19653,26-10-2022,Payment Successed
7393,52967,29-12-2020,Payment Successed
7394,28968,29-01-2023,Payment Successed
7395,13929,20-08-2020,Payment Successed
7396,98847,14-11-2022,Payment Successed
7397,51516,19-08-2023,Payment Successed
7398,88783,17-07-2023,Payment Successed
7399,29535,21-09-2020,Payment Successed
7400,76360,02-10-2020,Payment Successed
7401,68373,21-07-2023,Payment Successed
7402,7930,24-08-2021,Payment Successed
7403,71730,02-05-2020,Payment Successed
7404,42879,30-03-2022,Payment Successed
7405,55955,25-07-2022,Failed
7406,64229,04-09-2022,Payment Successed
7407,74692,20-02-2024,Refunded
7408,46914,29-01-2024,Failed
7409,64190,09-03-2021,Payment Successed
7410,20218,21-09-2021,Failed
7411,24086,18-08-2023,Payment Successed
7412,94799,20-11-2022,Payment Successed
7413,69941,02-07-2021,Payment Successed
7414,45749,18-06-2020,Payment Successed
7415,29093,06-11-2024,Payment Successed
7416,56289,29-12-2024,Payment Successed
7417,60459,07-04-2022,Payment Successed
7418,80234,20-05-2022,Payment Successed
7419,67281,19-11-2023,Payment Successed
7420,38824,11-02-2023,Payment Successed
7421,41296,31-07-2024,Payment Successed
7422,44148,30-10-2020,Payment Successed
7423,93466,03-09-2024,Payment Successed
7424,51384,26-12-2021,Payment Successed
7425,61764,13-12-2020,Payment Successed
7426,21355,31-03-2020,Payment Successed
7427,84140,12-10-2024,Payment Successed
7428,44799,16-03-2021,Payment Successed
7429,50498,25-07-2024,Payment Successed
7430,10419,16-05-2024,Payment Successed
7431,43297,23-12-2021,Payment Successed
7432,49142,15-05-2021,Payment Successed
7433,59168,17-06-2021,Payment Successed
7434,75352,01-10-2023,Payment Successed
7435,77510,29-08-2024,Payment Successed
7436,57837,04-02-2022,Failed
7437,87839,02-06-2022,Payment Successed
7438,98712,05-04-2022,Payment Successed
7439,98438,02-05-2022,Payment Successed
7440,31466,12-03-2020,Payment Successed
7441,32794,21-01-2022,Payment Successed
7442,73001,18-07-2023,Payment Successed
7443,56025,05-02-2023,Payment Successed
7444,36133,20-06-2022,Payment Successed
7445,37926,21-06-2023,Payment Successed
7446,56712,11-09-2022,Payment Successed
7447,52060,09-12-2021,Payment Successed
7448,40634,18-10-2023,Payment Successed
7449,52835,07-10-2021,Payment Successed
7450,99431,13-04-2021,Refunded
7451,1572,12-10-2021,Payment Successed
7452,97615,16-08-2024,Payment Successed
7453,43917,15-08-2023,Payment Successed
7454,92604,19-12-2023,Failed
7455,57321,27-12-2022,Payment Successed
7456,83272,24-04-2021,Payment Successed
7457,66625,27-10-2024,Payment Successed
7458,70580,10-05-2022,Refunded
7459,90972,05-08-2024,Payment Successed
7460,88209,19-07-2021,Payment Successed
7461,67293,28-04-2022,Payment Successed
7462,89295,22-05-2020,Payment Successed
7463,37848,03-10-2022,Payment Successed
7464,10843,28-03-2024,Payment Successed
7465,62898,26-03-2020,Payment Successed
7466,10864,10-03-2020,Payment Successed
7467,55159,06-01-2023,Payment Successed
7468,11958,11-05-2024,Payment Successed
7469,76455,02-03-2020,Payment Successed
7470,13982,26-08-2024,Payment Successed
7471,99230,30-06-2023,Payment Successed
7472,85312,25-09-2023,Payment Successed
7473,91711,18-08-2021,Payment Successed
7474,5769,10-03-2022,Payment Successed
7475,71650,09-09-2022,Payment Successed
7476,30828,19-01-2022,Refunded
7477,35424,21-08-2020,Payment Successed
7478,66714,01-03-2020,Payment Successed
7479,61549,26-04-2022,Payment Successed
7480,69889,11-02-2022,Failed
7481,48346,11-11-2022,Failed
7482,46584,09-04-2023,Payment Successed
7483,15093,05-12-2022,Payment Successed
7484,16568,18-02-2024,Payment Successed
7485,48703,19-03-2020,Refunded
7486,62491,09-12-2022,Payment Successed
7487,7463,24-07-2023,Payment Successed
7488,72761,01-03-2024,Refunded
7489,67701,08-01-2022,Payment Successed
7490,94382,23-06-2021,Payment Successed
7491,26923,26-09-2023,Payment Successed
7492,81493,06-08-2021,Payment Successed
7493,44611,12-02-2024,Payment Successed
7494,75890,30-07-2021,Payment Successed
7495,96390,25-10-2023,Payment Successed
7496,53621,19-08-2024,Payment Successed
7497,7019,01-11-2020,Payment Successed
7498,72368,30-09-2020,Payment Successed
7499,59632,25-07-2023,Refunded
7500,39159,21-04-2020,Payment Successed
7501,53478,15-07-2024,Payment Successed
7502,25469,21-07-2020,Failed
7503,42823,27-12-2024,Payment Successed
7504,22370,30-09-2024,Failed
7505,3380,09-07-2023,Payment Successed
7506,53589,10-03-2022,Payment Successed
7507,88341,25-06-2021,Failed
7508,88695,30-05-2023,Payment Successed
7509,44530,07-03-2020,Payment Successed
7510,34039,21-12-2023,Payment Successed
7511,70606,24-06-2024,Refunded
7512,49917,04-08-2021,Payment Successed
7513,60326,09-11-2022,Payment Successed
7514,11313,27-08-2022,Payment Successed
7515,96184,11-04-2024,Refunded
7516,57084,04-01-2022,Failed
7517,11984,22-02-2023,Payment Successed
7518,99250,25-10-2022,Payment Successed
7519,40092,12-05-2024,Payment Successed
7520,46503,29-11-2023,Payment Successed
7521,46188,03-09-2023,Payment Successed
7522,26733,12-11-2022,Refunded
7523,7928,10-11-2020,Payment Successed
7524,96695,04-09-2021,Payment Successed
7525,42725,27-12-2022,Payment Successed
7526,11898,02-11-2020,Refunded
7527,8453,07-12-2024,Payment Successed
7528,85101,24-02-2023,Payment Successed
7529,74162,08-04-2021,Payment Successed
7530,24192,15-11-2023,Payment Successed
7531,69186,29-03-2024,Payment Successed
7532,35581,15-11-2024,Payment Successed
7533,96872,17-09-2024,Payment Successed
7534,83324,22-04-2022,Refunded
7535,31084,31-12-2023,Payment Successed
7536,16769,08-11-2022,Payment Successed
7537,24286,17-12-2024,Payment Successed
7538,5734,05-06-2021,Payment Successed
7539,18817,20-02-2022,Payment Successed
7540,73093,01-10-2021,Payment Successed
7541,62415,02-01-2021,Payment Successed
7542,19074,22-03-2020,Payment Successed
7543,69521,13-12-2021,Payment Successed
7544,76217,09-09-2023,Refunded
7545,15423,06-02-2022,Payment Successed
7546,62207,17-06-2024,Payment Successed
7547,45043,14-03-2021,Payment Successed
7548,32032,01-10-2023,Payment Successed
7549,33860,12-03-2023,Payment Successed
7550,21757,27-01-2021,Payment Successed
7551,18777,13-05-2021,Payment Successed
7552,51471,29-10-2020,Payment Successed
7553,33293,16-09-2024,Payment Successed
7554,33660,04-01-2022,Payment Successed
7555,44803,25-09-2020,Payment Successed
7556,86217,29-09-2021,Payment Successed
7557,69966,01-06-2024,Payment Successed
7558,69359,10-01-2024,Payment Successed
7559,26020,07-04-2022,Payment Successed
7560,26257,28-10-2023,Payment Successed
7561,71022,22-08-2022,Payment Successed
7562,56273,13-11-2022,Payment Successed
7563,41302,03-06-2023,Payment Successed
7564,43005,28-11-2023,Payment Successed
7565,14036,10-11-2024,Payment Successed
7566,43583,18-11-2024,Refunded
7567,19117,08-05-2024,Payment Successed
7568,38883,09-12-2021,Payment Successed
7569,44769,13-09-2023,Payment Successed
7570,75112,27-10-2022,Payment Successed
7571,67127,29-11-2024,Payment Successed
7572,69940,14-12-2021,Payment Successed
7573,82555,04-09-2024,Payment Successed
7574,2294,30-11-2022,Payment Successed
7575,72363,08-10-2022,Payment Successed
7576,95873,09-07-2020,Failed
7577,21991,04-03-2021,Payment Successed
7578,62071,03-04-2023,Payment Successed
7579,99662,02-02-2022,Payment Successed
7580,59045,19-10-2021,Payment Successed
7581,93793,12-03-2024,Payment Successed
7582,97549,30-07-2021,Payment Successed
7583,19444,04-05-2020,Failed
7584,20580,22-07-2022,Payment Successed
7585,19312,10-03-2022,Payment Successed
7586,6211,18-01-2021,Payment Successed
7587,55859,13-09-2024,Payment Successed
7588,35053,05-04-2023,Payment Successed
7589,19656,27-04-2021,Payment Successed
7590,52121,19-04-2023,Payment Successed
7591,74903,06-05-2022,Payment Successed
7592,58732,10-02-2021,Payment Successed
7593,25097,17-01-2022,Payment Successed
7594,81277,24-06-2022,Payment Successed
7595,56036,12-03-2023,Payment Successed
7596,95734,09-08-2023,Payment Successed
7597,97938,23-03-2020,Payment Successed
7598,51075,27-08-2022,Refunded
7599,36016,06-02-2021,Failed
7600,25218,08-02-2020,Refunded
7601,12770,04-02-2023,Payment Successed
7602,13270,09-09-2023,Payment Successed
7603,34265,27-06-2023,Payment Successed
7604,90433,11-01-2023,Refunded
7605,90314,31-05-2022,Refunded
7606,65980,24-12-2022,Payment Successed
7607,38963,29-11-2021,Failed
7608,42114,14-04-2024,Payment Successed
7609,95350,13-03-2024,Payment Successed
7610,41677,25-06-2024,Payment Successed
7611,11222,08-05-2022,Payment Successed
7612,29887,14-11-2024,Payment Successed
7613,7899,24-09-2022,Payment Successed
7614,64680,16-08-2023,Payment Successed
7615,89123,30-06-2023,Refunded
7616,77092,30-09-2023,Payment Successed
7617,45704,15-08-2022,Failed
7618,54201,31-05-2024,Payment Successed
7619,80118,26-10-2023,Payment Successed
7620,81276,31-07-2021,Payment Successed
7621,56554,17-10-2022,Payment Successed
7622,63724,09-08-2022,Payment Successed
7623,79346,08-09-2020,Payment Successed
7624,49989,18-11-2024,Payment Successed
7625,15926,02-04-2021,Payment Successed
7626,92751,31-12-2021,Payment Successed
7627,56110,18-03-2020,Payment Successed
7628,94351,08-01-2020,Failed
7629,43130,19-06-2021,Payment Successed
7630,11246,19-03-2023,Payment Successed
7631,10088,23-12-2024,Payment Successed
7632,22113,20-10-2023,Payment Successed
7633,30678,11-09-2021,Payment Successed
7634,84694,13-04-2022,Payment Successed
7635,77899,03-09-2020,Payment Successed
7636,53775,17-05-2023,Payment Successed
7637,53185,30-04-2020,Payment Successed
7638,13653,18-05-2023,Refunded
7639,69714,29-07-2024,Payment Successed
7640,97851,11-08-2024,Payment Successed
7641,90444,21-09-2022,Payment Successed
7642,17812,08-11-2021,Failed
7643,60596,22-04-2021,Payment Successed
7644,11085,24-05-2020,Payment Successed
7645,29027,24-03-2024,Payment Successed
7646,78645,12-06-2020,Payment Successed
7647,62263,22-09-2020,Payment Successed
7648,96604,23-03-2022,Payment Successed
7649,43353,09-12-2022,Payment Successed
7650,25715,16-12-2021,Payment Successed
7651,81798,27-05-2020,Payment Successed
7652,7683,20-05-2020,Payment Successed
7653,72239,02-04-2021,Payment Successed
7654,51347,08-11-2024,Payment Successed
7655,58528,24-03-2020,Refunded
7656,22346,07-12-2021,Payment Successed
7657,23748,11-01-2023,Payment Successed
7658,1279,10-12-2024,Payment Successed
7659,94745,02-03-2023,Payment Successed
7660,77318,11-07-2021,Payment Successed
7661,72008,31-03-2020,Payment Successed
7662,17616,02-12-2023,Payment Successed
7663,3927,26-06-2022,Payment Successed
7664,91197,22-04-2024,Payment Successed
7665,72762,19-01-2023,Payment Successed
7666,60839,02-12-2024,Payment Successed
7667,26188,05-01-2024,Refunded
7668,33272,14-02-2023,Payment Successed
7669,65630,09-03-2021,Payment Successed
7670,49167,22-06-2022,Payment Successed
7671,47871,17-07-2022,Payment Successed
7672,48255,09-04-2023,Payment Successed
7673,41783,26-09-2021,Payment Successed
7674,23915,08-10-2022,Payment Successed
7675,7280,17-07-2024,Payment Successed
7676,90474,28-03-2023,Payment Successed
7677,39856,05-04-2023,Payment Successed
7678,6039,31-10-2024,Payment Successed
7679,46226,16-02-2022,Payment Successed
7680,64944,21-04-2023,Payment Successed
7681,78004,24-12-2022,Payment Successed
7682,20219,14-02-2021,Payment Successed
7683,26669,19-11-2020,Payment Successed
7684,30782,28-02-2021,Payment Successed
7685,66038,14-12-2022,Payment Successed
7686,96182,29-05-2020,Payment Successed
7687,82715,03-05-2022,Payment Successed
7688,94587,13-02-2021,Payment Successed
7689,90489,18-11-2024,Payment Successed
7690,21164,07-01-2022,Refunded
7691,14145,05-09-2022,Payment Successed
7692,52013,07-07-2020,Payment Successed
7693,72131,30-11-2023,Payment Successed
7694,6385,20-08-2020,Payment Successed
7695,94126,17-11-2023,Payment Successed
7696,17232,18-05-2023,Refunded
7697,26671,01-07-2022,Payment Successed
7698,90216,15-06-2024,Payment Successed
7699,72001,16-06-2023,Payment Successed
7700,65505,09-04-2022,Payment Successed
7701,58493,16-07-2020,Payment Successed
7702,49253,02-08-2023,Payment Successed
7703,41965,28-01-2020,Payment Successed
7704,58452,27-02-2024,Payment Successed
7705,13099,16-08-2024,Payment Successed
7706,14616,20-02-2021,Payment Successed
7707,12795,30-10-2024,Payment Successed
7708,77670,26-02-2024,Payment Successed
7709,88427,28-07-2022,Payment Successed
7710,13930,25-04-2022,Payment Successed
7711,33223,03-08-2024,Payment Successed
7712,21398,09-10-2020,Payment Successed
7713,26492,16-08-2022,Payment Successed
7714,22442,06-12-2021,Payment Successed
7715,38334,23-08-2023,Payment Successed
7716,19715,26-07-2024,Payment Successed
7717,8294,30-05-2023,Payment Successed
7718,51998,16-07-2023,Payment Successed
7719,46796,09-12-2020,Payment Successed
7720,42796,30-11-2024,Payment Successed
7721,23758,23-02-2021,Payment Successed
7722,98936,30-07-2023,Payment Successed
7723,37459,31-10-2023,Payment Successed
7724,56352,05-10-2022,Payment Successed
7725,21810,27-03-2021,Payment Successed
7726,52740,12-10-2024,Payment Successed
7727,41793,21-05-2022,Payment Successed
7728,31970,01-05-2020,Refunded
7729,72650,13-07-2021,Payment Successed
7730,61632,15-07-2021,Payment Successed
7731,35265,17-10-2020,Payment Successed
7732,96558,07-02-2024,Payment Successed
7733,41035,09-08-2022,Payment Successed
7734,23389,12-05-2021,Payment Successed
7735,59593,23-03-2022,Payment Successed
7736,80694,09-02-2021,Payment Successed
7737,24744,03-11-2023,Payment Successed
7738,12944,02-04-2023,Payment Successed
7739,30348,06-03-2024,Payment Successed
7740,46686,17-08-2020,Payment Successed
7741,9596,12-05-2021,Payment Successed
7742,80299,23-01-2021,Payment Successed
7743,14431,01-05-2020,Payment Successed
7744,83665,20-11-2021,Payment Successed
7745,64185,11-09-2023,Failed
7746,51600,06-03-2021,Payment Successed
7747,14958,22-06-2024,Failed
7748,63092,02-02-2024,Payment Successed
7749,91060,05-11-2020,Payment Successed
7750,81039,17-10-2023,Payment Successed
7751,51709,12-12-2024,Payment Successed
7752,82931,16-05-2021,Payment Successed
7753,13865,10-01-2023,Payment Successed
7754,23920,02-07-2021,Payment Successed
7755,90422,28-01-2022,Payment Successed
7756,81806,14-01-2020,Payment Successed
7757,36937,22-07-2020,Payment Successed
7758,82609,15-02-2023,Payment Successed
7759,92979,14-06-2020,Payment Successed
7760,19402,29-10-2022,Payment Successed
7761,54430,16-01-2020,Payment Successed
7762,41837,08-11-2022,Payment Successed
7763,49808,22-08-2024,Payment Successed
7764,41582,14-01-2021,Failed
7765,20372,12-08-2023,Payment Successed
7766,6969,25-08-2020,Payment Successed
7767,2805,14-02-2021,Payment Successed
7768,85103,04-01-2020,Payment Successed
7769,48752,28-06-2023,Payment Successed
7770,61284,29-05-2021,Payment Successed
7771,35699,29-09-2021,Payment Successed
7772,99951,23-09-2023,Payment Successed
7773,99676,29-04-2022,Payment Successed
7774,39982,01-09-2020,Refunded
7775,94772,10-03-2021,Payment Successed
7776,40165,28-05-2024,Payment Successed
7777,72859,23-07-2020,Payment Successed
7778,68537,24-02-2021,Payment Successed
7779,16690,07-11-2021,Failed
7780,36159,17-02-2021,Payment Successed
7781,98328,05-03-2022,Payment Successed
7782,11010,16-08-2022,Payment Successed
7783,33980,05-02-2020,Payment Successed
7784,40402,28-02-2021,Payment Successed
7785,91612,31-10-2022,Payment Successed
7786,53363,14-08-2022,Payment Successed
7787,34152,09-11-2021,Payment Successed
7788,12489,25-08-2020,Payment Successed
7789,6991,28-08-2020,Payment Successed
7790,78892,24-07-2022,Refunded
7791,55293,09-06-2022,Payment Successed
7792,43706,14-07-2024,Payment Successed
7793,96197,08-08-2020,Payment Successed
7794,35291,13-02-2022,Payment Successed
7795,63055,02-06-2020,Payment Successed
7796,55061,06-10-2022,Payment Successed
7797,9803,04-02-2022,Payment Successed
7798,35025,28-11-2021,Payment Successed
7799,65219,26-01-2022,Payment Successed
7800,17366,29-12-2022,Payment Successed
7801,97712,22-10-2022,Payment Successed
7802,71487,19-10-2024,Payment Successed
7803,49187,25-11-2024,Payment Successed
7804,68122,23-10-2021,Payment Successed
7805,73223,22-04-2021,Payment Successed
7806,97019,06-03-2021,Payment Successed
7807,32546,04-11-2021,Payment Successed
7808,82528,02-08-2020,Payment Successed
7809,96450,18-12-2023,Payment Successed
7810,91873,27-01-2022,Payment Successed
7811,90405,14-02-2022,Payment Successed
7812,74297,30-01-2021,Payment Successed
7813,37169,30-03-2021,Payment Successed
7814,5398,18-05-2022,Payment Successed
7815,99045,31-01-2022,Payment Successed
7816,16092,18-09-2020,Payment Successed
7817,89842,04-11-2020,Payment Successed
7818,13631,15-08-2021,Payment Successed
7819,73159,05-11-2024,Refunded
7820,80123,21-01-2024,Payment Successed
7821,81389,18-03-2021,Refunded
7822,66681,03-01-2022,Payment Successed
7823,1569,07-08-2021,Payment Successed
7824,33221,14-03-2024,Payment Successed
7825,3937,04-03-2024,Refunded
7826,47801,16-01-2020,Payment Successed
7827,55481,04-12-2020,Payment Successed
7828,7401,29-12-2021,Payment Successed
7829,18985,01-05-2021,Payment Successed
7830,6110,19-02-2023,Payment Successed
7831,30863,31-12-2021,Payment Successed
7832,73745,16-04-2022,Payment Successed
7833,22653,28-04-2021,Payment Successed
7834,6453,01-02-2021,Failed
7835,26218,17-10-2023,Payment Successed
7836,11337,15-02-2023,Payment Successed
7837,33004,13-10-2020,Payment Successed
7838,5935,21-06-2020,Payment Successed
7839,71125,22-06-2022,Payment Successed
7840,76794,27-05-2021,Payment Successed
7841,80500,18-06-2024,Payment Successed
7842,68284,11-09-2023,Payment Successed
7843,31876,15-10-2023,Payment Successed
7844,25385,24-12-2021,Refunded
7845,4878,04-09-2020,Payment Successed
7846,85451,09-02-2020,Payment Successed
7847,81357,02-03-2021,Payment Successed
7848,42755,03-08-2024,Payment Successed
7849,35667,21-09-2021,Payment Successed
7850,8017,05-04-2021,Payment Successed
7851,53603,29-06-2021,Payment Successed
7852,99979,14-08-2023,Payment Successed
7853,58456,08-07-2022,Payment Successed
7854,82157,07-03-2021,Payment Successed
7855,71282,30-08-2020,Refunded
7856,83424,24-11-2020,Payment Successed
7857,45099,01-08-2020,Payment Successed
7858,23744,07-12-2021,Payment Successed
7859,92392,20-03-2021,Payment Successed
7860,79098,21-05-2024,Payment Successed
7861,88728,22-07-2023,Payment Successed
7862,18994,31-08-2021,Payment Successed
7863,40941,15-04-2020,Payment Successed
7864,51834,12-04-2020,Payment Successed
7865,94298,26-09-2023,Payment Successed
7866,54613,18-05-2020,Refunded
7867,62926,08-09-2020,Payment Successed
7868,39795,12-09-2024,Payment Successed
7869,18555,02-05-2024,Payment Successed
7870,1446,06-11-2024,Payment Successed
7871,41288,25-11-2023,Payment Successed
7872,17569,14-12-2020,Payment Successed
7873,88655,07-04-2023,Payment Successed
7874,81518,30-04-2022,Payment Successed
7875,94485,19-10-2024,Refunded
7876,49638,28-02-2021,Payment Successed
7877,4450,12-01-2020,Payment Successed
7878,26897,22-11-2021,Failed
7879,1928,22-12-2023,Payment Successed
7880,25323,08-07-2023,Refunded
7881,40986,18-12-2023,Payment Successed
7882,35041,26-01-2024,Payment Successed
7883,64329,16-05-2023,Failed
7884,84008,16-04-2023,Payment Successed
7885,24253,11-03-2021,Payment Successed
7886,33922,26-08-2023,Payment Successed
7887,79527,20-10-2023,Payment Successed
7888,84326,29-06-2021,Payment Successed
7889,96893,13-08-2023,Payment Successed
7890,80494,19-06-2023,Payment Successed
7891,70113,14-12-2020,Payment Successed
7892,42244,07-08-2022,Refunded
7893,67468,21-02-2022,Payment Successed
7894,83076,02-02-2020,Payment Successed
7895,41088,20-11-2024,Payment Successed
7896,11625,23-11-2020,Payment Successed
7897,45413,15-05-2023,Payment Successed
7898,13866,13-12-2020,Payment Successed
7899,44908,03-04-2023,Payment Successed
7900,52768,18-10-2023,Refunded
7901,90610,29-10-2022,Payment Successed
7902,55860,19-09-2021,Payment Successed
7903,79700,02-03-2020,Payment Successed
7904,12302,21-10-2020,Refunded
7905,49461,06-04-2023,Payment Successed
7906,60814,01-08-2024,Failed
7907,71456,20-03-2023,Payment Successed
7908,36486,12-06-2021,Payment Successed
7909,81441,18-09-2024,Refunded
7910,63259,19-12-2022,Payment Successed
7911,40669,21-09-2023,Payment Successed
7912,75768,23-01-2023,Payment Successed
7913,24504,21-02-2022,Payment Successed
7914,86212,27-06-2023,Payment Successed
7915,59370,04-11-2022,Payment Successed
7916,72401,08-01-2022,Payment Successed
7917,36826,23-02-2022,Failed
7918,14697,30-08-2024,Payment Successed
7919,73406,26-11-2021,Refunded
7920,71226,21-08-2020,Payment Successed
7921,2869,30-06-2022,Payment Successed
7922,90211,29-07-2023,Refunded
7923,37898,10-07-2021,Payment Successed
7924,54872,09-05-2024,Payment Successed
7925,27609,16-06-2023,Payment Successed
7926,17254,03-12-2023,Payment Successed
7927,49796,24-11-2023,Payment Successed
7928,49397,15-12-2023,Payment Successed
7929,52283,18-08-2020,Payment Successed
7930,74340,01-11-2024,Payment Successed
7931,98558,10-03-2021,Failed
7932,15999,13-09-2021,Payment Successed
7933,83094,23-01-2023,Payment Successed
7934,80470,24-08-2022,Payment Successed
7935,82495,19-12-2022,Payment Successed
7936,99113,13-08-2020,Payment Successed
7937,20841,09-03-2020,Payment Successed
7938,23283,23-09-2022,Payment Successed
7939,91959,29-12-2021,Payment Successed
7940,56010,08-11-2023,Payment Successed
7941,56048,26-09-2021,Payment Successed
7942,4527,13-12-2020,Payment Successed
7943,18932,02-03-2023,Refunded
7944,19828,31-03-2020,Failed
7945,82760,04-09-2020,Payment Successed
7946,76861,22-11-2020,Payment Successed
7947,73911,13-08-2023,Payment Successed
7948,89454,01-05-2020,Payment Successed
7949,56961,31-08-2023,Refunded
7950,43127,30-03-2024,Failed
7951,56438,21-08-2023,Refunded
7952,86613,01-08-2023,Payment Successed
7953,80362,16-01-2024,Payment Successed
7954,20842,01-03-2020,Payment Successed
7955,73515,09-03-2021,Payment Successed
7956,56586,11-10-2024,Payment Successed
7957,43255,09-08-2024,Payment Successed
7958,43970,28-12-2022,Payment Successed
7959,19771,10-06-2024,Payment Successed
7960,17223,07-09-2023,Payment Successed
7961,1859,05-02-2023,Payment Successed
7962,67549,31-03-2021,Payment Successed
7963,78136,22-01-2021,Payment Successed
7964,96567,24-11-2020,Payment Successed
7965,7524,07-01-2021,Refunded
7966,82393,02-12-2021,Payment Successed
7967,40966,04-03-2021,Payment Successed
7968,50531,19-05-2022,Payment Successed
7969,86100,25-09-2023,Payment Successed
7970,44238,01-12-2024,Payment Successed
7971,27336,02-10-2022,Payment Successed
7972,65007,24-10-2021,Payment Successed
7973,76721,06-01-2020,Payment Successed
7974,86507,29-10-2022,Payment Successed
7975,99362,05-05-2021,Payment Successed
7976,50442,25-05-2020,Payment Successed
7977,5042,24-07-2024,Payment Successed
7978,33258,16-11-2021,Failed
7979,8032,05-10-2022,Payment Successed
7980,43004,26-10-2024,Payment Successed
7981,65261,30-06-2021,Payment Successed
7982,15315,17-07-2023,Refunded
7983,61656,27-09-2021,Payment Successed
7984,70388,04-06-2023,Payment Successed
7985,71496,27-08-2023,Payment Successed
7986,30161,05-11-2021,Payment Successed
7987,16696,08-03-2024,Payment Successed
7988,31944,04-01-2023,Payment Successed
7989,81779,03-04-2023,Refunded
7990,7267,25-07-2023,Payment Successed
7991,48581,27-03-2022,Payment Successed
7992,22975,10-02-2021,Payment Successed
7993,29342,19-01-2020,Payment Successed
7994,37442,18-08-2021,Payment Successed
7995,66562,11-07-2020,Payment Successed
7996,21191,19-12-2021,Payment Successed
7997,75009,29-10-2023,Failed
7998,86344,02-11-2024,Payment Successed
7999,55244,07-12-2020,Payment Successed
8000,91013,09-02-2022,Payment Successed
8001,1599,21-12-2020,Payment Successed
8002,87820,12-02-2020,Payment Successed
8003,7317,14-02-2023,Failed
8004,40477,11-10-2020,Payment Successed
8005,81449,15-07-2021,Payment Successed
8006,98844,17-01-2024,Payment Successed
8007,10606,05-12-2020,Payment Successed
8008,14626,07-09-2024,Payment Successed
8009,60119,28-02-2022,Payment Successed
8010,11162,15-08-2024,Payment Successed
8011,17889,18-08-2023,Payment Successed
8012,82681,04-06-2023,Payment Successed
8013,28479,22-09-2021,Payment Successed
8014,9402,15-09-2023,Refunded
8015,45217,15-02-2024,Failed
8016,97918,13-01-2022,Refunded
8017,73794,03-04-2022,Payment Successed
8018,22393,15-04-2024,Payment Successed
8019,30980,10-03-2023,Failed
8020,5598,31-10-2022,Payment Successed
8021,91496,01-05-2023,Refunded
8022,20785,21-09-2023,Payment Successed
8023,26860,05-08-2023,Failed
8024,90424,27-05-2021,Payment Successed
8025,11311,19-12-2022,Refunded
8026,20394,18-11-2023,Payment Successed
8027,76249,06-06-2022,Payment Successed
8028,17640,09-03-2022,Payment Successed
8029,11150,25-01-2022,Payment Successed
8030,33818,15-12-2023,Payment Successed
8031,21731,25-05-2020,Refunded
8032,70164,25-02-2024,Payment Successed
8033,89049,06-02-2021,Payment Successed
8034,67056,06-04-2021,Payment Successed
8035,17385,15-01-2023,Payment Successed
8036,77410,05-03-2021,Refunded
8037,30590,28-05-2022,Payment Successed
8038,93663,23-10-2021,Payment Successed
8039,35943,25-12-2022,Payment Successed
8040,43848,11-05-2020,Payment Successed
8041,52846,20-05-2023,Payment Successed
8042,38547,25-07-2020,Payment Successed
8043,31405,21-02-2021,Payment Successed
8044,11178,30-03-2023,Payment Successed
8045,47825,10-11-2024,Payment Successed
8046,69829,27-07-2022,Payment Successed
8047,28409,30-12-2024,Payment Successed
8048,63017,13-05-2024,Payment Successed
8049,48199,25-03-2024,Payment Successed
8050,94931,23-05-2020,Payment Successed
8051,20481,14-04-2021,Payment Successed
8052,35451,21-02-2020,Payment Successed
8053,39337,17-09-2021,Payment Successed
8054,98251,26-07-2023,Payment Successed
8055,5603,02-03-2022,Payment Successed
8056,34614,18-06-2024,Failed
8057,5074,16-06-2023,Payment Successed
8058,72834,11-12-2021,Payment Successed
8059,59143,06-05-2021,Payment Successed
8060,31687,23-01-2024,Payment Successed
8061,94592,28-06-2021,Failed
8062,33746,20-12-2023,Refunded
8063,52597,17-08-2024,Payment Successed
8064,32723,10-01-2020,Payment Successed
8065,45067,16-12-2022,Payment Successed
8066,18175,05-08-2023,Payment Successed
8067,65407,18-02-2022,Payment Successed
8068,79354,13-01-2020,Payment Successed
8069,60893,25-07-2021,Payment Successed
8070,14315,06-08-2023,Payment Successed
8071,61737,06-02-2021,Payment Successed
8072,85124,02-12-2022,Payment Successed
8073,26945,02-08-2022,Payment Successed
8074,8468,15-04-2022,Payment Successed
8075,79569,22-09-2023,Payment Successed
8076,21215,22-01-2022,Payment Successed
8077,84439,22-08-2022,Payment Successed
8078,66069,09-09-2020,Payment Successed
8079,62307,10-07-2022,Payment Successed
8080,24056,30-08-2020,Payment Successed
8081,48986,24-11-2024,Payment Successed
8082,42724,14-08-2024,Payment Successed
8083,51922,21-09-2023,Payment Successed
8084,13462,08-11-2020,Payment Successed
8085,64916,26-08-2020,Payment Successed
8086,78047,15-09-2020,Payment Successed
8087,29110,01-12-2024,Payment Successed
8088,48246,25-07-2021,Payment Successed
8089,34865,13-04-2020,Payment Successed
8090,72140,11-02-2023,Payment Successed
8091,71721,22-08-2022,Payment Successed
8092,2686,29-07-2023,Payment Successed
8093,10970,30-06-2021,Payment Successed
8094,50799,26-07-2022,Payment Successed
8095,79348,15-04-2021,Payment Successed
8096,10306,27-09-2023,Payment Successed
8097,83182,13-08-2020,Payment Successed
8098,62220,26-02-2020,Payment Successed
8099,4756,15-05-2024,Payment Successed
8100,63984,21-07-2021,Payment Successed
8101,46253,10-07-2020,Payment Successed
8102,73330,30-12-2024,Payment Successed
8103,20526,10-06-2021,Payment Successed
8104,8323,18-08-2022,Refunded
8105,74402,23-09-2020,Payment Successed
8106,1185,15-07-2023,Payment Successed
8107,74863,26-06-2022,Payment Successed
8108,25710,09-07-2021,Payment Successed
8109,71771,17-07-2021,Payment Successed
8110,72896,01-10-2023,Payment Successed
8111,10763,02-06-2021,Payment Successed
8112,95537,13-02-2021,Payment Successed
8113,37954,11-02-2024,Payment Successed
8114,15543,25-07-2022,Payment Successed
8115,24393,23-12-2021,Payment Successed
8116,20839,26-06-2024,Payment Successed
8117,1452,11-04-2020,Payment Successed
8118,91245,06-01-2024,Payment Successed
8119,92511,02-12-2022,Payment Successed
8120,24819,21-11-2022,Payment Successed
8121,5541,21-03-2023,Payment Successed
8122,32632,27-10-2023,Payment Successed
8123,39020,28-02-2022,Payment Successed
8124,21987,07-03-2023,Refunded
8125,52157,14-03-2021,Payment Successed
8126,85396,18-08-2020,Payment Successed
8127,82166,26-04-2021,Failed
8128,5089,04-07-2024,Payment Successed
8129,6456,10-06-2021,Payment Successed
8130,31614,16-11-2023,Payment Successed
8131,89933,05-07-2020,Payment Successed
8132,82527,30-12-2020,Payment Successed
8133,25021,07-04-2024,Payment Successed
8134,76181,11-04-2024,Payment Successed
8135,8463,30-06-2023,Payment Successed
8136,27252,06-07-2023,Payment Successed
8137,66208,25-05-2020,Payment Successed
8138,46782,06-08-2022,Payment Successed
8139,43670,26-11-2022,Payment Successed
8140,2789,25-02-2023,Payment Successed
8141,96977,16-02-2024,Refunded
8142,15383,03-07-2023,Payment Successed
8143,39542,30-10-2023,Payment Successed
8144,25111,08-11-2021,Payment Successed
8145,80526,10-12-2023,Payment Successed
8146,74347,06-10-2023,Payment Successed
8147,6004,24-09-2021,Failed
8148,54722,16-10-2021,Payment Successed
8149,38520,22-10-2022,Payment Successed
8150,22790,29-07-2021,Payment Successed
8151,34788,29-09-2020,Payment Successed
8152,63168,22-12-2021,Payment Successed
8153,68257,28-08-2021,Payment Successed
8154,27254,09-03-2024,Payment Successed
8155,74448,05-10-2022,Payment Successed
8156,45849,16-09-2022,Failed
8157,9248,18-07-2022,Payment Successed
8158,24622,27-12-2022,Payment Successed
8159,99012,04-02-2022,Payment Successed
8160,6068,19-06-2023,Payment Successed
8161,89617,13-01-2022,Payment Successed
8162,12273,03-10-2022,Payment Successed
8163,28010,29-01-2020,Payment Successed
8164,33741,12-07-2021,Failed
8165,3502,31-10-2022,Payment Successed
8166,2331,09-05-2022,Payment Successed
8167,7383,17-02-2023,Payment Successed
8168,2941,15-10-2024,Payment Successed
8169,11218,01-02-2020,Failed
8170,39465,28-09-2023,Payment Successed
8171,43054,06-10-2022,Payment Successed
8172,43236,06-10-2024,Payment Successed
8173,64591,21-01-2024,Payment Successed
8174,36728,17-09-2023,Payment Successed
8175,43726,16-12-2023,Payment Successed
8176,88605,10-11-2022,Failed
8177,75766,12-08-2022,Refunded
8178,70953,23-02-2023,Payment Successed
8179,55284,17-07-2024,Payment Successed
8180,15043,13-12-2021,Payment Successed
8181,7017,17-04-2024,Payment Successed
8182,1069,05-06-2023,Refunded
8183,76427,21-12-2020,Payment Successed
8184,7300,27-12-2021,Payment Successed
8185,78771,17-06-2020,Payment Successed
8186,20333,08-10-2022,Payment Successed
8187,88900,25-03-2024,Payment Successed
8188,67026,30-07-2021,Failed
8189,31803,18-06-2022,Payment Successed
8190,59978,16-09-2021,Payment Successed
8191,80737,08-01-2020,Payment Successed
8192,45128,07-02-2020,Payment Successed
8193,31732,14-08-2023,Payment Successed
8194,72260,04-06-2022,Payment Successed
8195,64356,01-04-2024,Payment Successed
8196,78848,07-03-2023,Payment Successed
8197,13756,24-08-2022,Refunded
8198,49625,07-03-2024,Payment Successed
8199,44214,10-03-2020,Payment Successed
8200,89959,05-04-2023,Payment Successed
8201,83776,27-06-2022,Payment Successed
8202,62863,31-05-2022,Payment Successed
8203,21585,27-09-2024,Payment Successed
8204,96652,16-04-2020,Refunded
8205,36508,03-08-2020,Payment Successed
8206,54982,15-06-2022,Payment Successed
8207,52502,18-06-2022,Payment Successed
8208,32122,22-02-2024,Refunded
8209,87739,05-08-2020,Payment Successed
8210,13648,13-08-2022,Payment Successed
8211,70794,25-05-2024,Payment Successed
8212,85921,19-11-2023,Refunded
8213,21900,31-10-2023,Refunded
8214,43071,06-09-2024,Payment Successed
8215,78373,08-06-2024,Payment Successed
8216,94888,23-05-2021,Payment Successed
8217,90478,15-10-2024,Payment Successed
8218,59064,22-12-2023,Payment Successed
8219,22098,27-02-2024,Payment Successed
8220,28252,21-12-2022,Payment Successed
8221,84468,14-12-2023,Payment Successed
8222,66392,06-03-2024,Payment Successed
8223,92174,14-01-2023,Payment Successed
8224,18124,24-09-2024,Payment Successed
8225,40801,21-06-2022,Payment Successed
8226,96142,31-01-2023,Payment Successed
8227,3867,10-11-2024,Payment Successed
8228,25650,30-03-2020,Payment Successed
8229,17683,07-09-2023,Failed
8230,68482,06-03-2023,Payment Successed
8231,25652,15-04-2021,Payment Successed
8232,96577,01-07-2024,Payment Successed
8233,28426,18-07-2020,Payment Successed
8234,27201,22-01-2022,Payment Successed
8235,41372,06-10-2023,Payment Successed
8236,40209,06-12-2022,Payment Successed
8237,28180,20-11-2021,Payment Successed
8238,53317,22-02-2021,Payment Successed
8239,9558,19-02-2022,Payment Successed
8240,57074,22-09-2024,Payment Successed
8241,32854,28-11-2024,Payment Successed
8242,43254,12-06-2020,Payment Successed
8243,17384,16-05-2020,Payment Successed
8244,14580,15-11-2022,Payment Successed
8245,34525,04-02-2020,Payment Successed
8246,26472,07-06-2020,Payment Successed
8247,20831,22-03-2021,Refunded
8248,80635,05-10-2023,Payment Successed
8249,69925,19-02-2020,Payment Successed
8250,77027,31-12-2020,Payment Successed
8251,63824,12-05-2023,Payment Successed
8252,21812,29-01-2020,Payment Successed
8253,35221,11-04-2020,Payment Successed
8254,17901,26-10-2020,Refunded
8255,86741,28-10-2023,Refunded
8256,87486,11-01-2020,Payment Successed
8257,45960,05-10-2020,Payment Successed
8258,60299,29-06-2021,Payment Successed
8259,44090,02-07-2020,Payment Successed
8260,2566,13-04-2020,Payment Successed
8261,2215,16-07-2023,Payment Successed
8262,4512,27-08-2023,Payment Successed
8263,27813,02-12-2022,Payment Successed
8264,18144,24-10-2020,Payment Successed
8265,69303,07-03-2024,Payment Successed
8266,66143,17-03-2024,Payment Successed
8267,42580,09-07-2023,Payment Successed
8268,23313,01-09-2022,Payment Successed
8269,86316,30-06-2023,Payment Successed
8270,18855,23-01-2021,Payment Successed
8271,76041,19-03-2024,Payment Successed
8272,67338,20-10-2022,Payment Successed
8273,93156,18-01-2023,Payment Successed
8274,74565,14-06-2023,Payment Successed
8275,35047,04-08-2024,Payment Successed
8276,31957,20-09-2021,Payment Successed
8277,52928,19-03-2021,Failed
8278,14953,01-10-2021,Payment Successed
8279,55018,20-02-2021,Payment Successed
8280,87776,30-05-2020,Payment Successed
8281,78105,16-12-2020,Payment Successed
8282,33295,27-02-2024,Payment Successed
8283,91398,05-03-2024,Payment Successed
8284,17356,05-02-2024,Payment Successed
8285,43033,14-05-2024,Payment Successed
8286,38321,14-08-2023,Payment Successed
8287,52277,28-08-2021,Payment Successed
8288,42560,14-04-2021,Payment Successed
8289,85191,08-10-2023,Payment Successed
8290,8820,26-10-2020,Payment Successed
8291,47145,23-12-2022,Payment Successed
8292,1578,06-07-2024,Payment Successed
8293,88731,21-10-2020,Failed
8294,55470,05-05-2021,Payment Successed
8295,77357,28-10-2023,Payment Successed
8296,30672,01-09-2021,Payment Successed
8297,96830,03-11-2021,Payment Successed
8298,60773,19-02-2023,Refunded
8299,52228,14-07-2020,Payment Successed
8300,34463,07-10-2022,Payment Successed
8301,35991,16-12-2024,Payment Successed
8302,35617,23-03-2021,Payment Successed
8303,7685,29-09-2023,Payment Successed
8304,8926,17-10-2023,Refunded
8305,72149,28-11-2022,Payment Successed
8306,88754,28-06-2023,Payment Successed
8307,42259,17-10-2020,Payment Successed
8308,64682,26-03-2020,Payment Successed
8309,30482,19-07-2020,Payment Successed
8310,24070,20-09-2024,Payment Successed
8311,44400,16-12-2020,Payment Successed
8312,37072,15-01-2023,Payment Successed
8313,54375,14-09-2020,Refunded
8314,24627,17-10-2024,Payment Successed
8315,92394,28-03-2023,Payment Successed
8316,79060,15-02-2022,Payment Successed
8317,42064,03-10-2024,Payment Successed
8318,28861,21-08-2022,Payment Successed
8319,43601,07-10-2022,Payment Successed
8320,1396,23-12-2023,Payment Successed
8321,49424,06-05-2020,Payment Successed
8322,59459,19-09-2023,Payment Successed
8323,24097,09-12-2020,Payment Successed
8324,11143,03-05-2023,Payment Successed
8325,32828,12-07-2023,Payment Successed
8326,60834,04-12-2022,Payment Successed
8327,66385,15-06-2021,Payment Successed
8328,99996,07-08-2023,Failed
8329,85080,25-02-2022,Payment Successed
8330,72302,27-04-2022,Payment Successed
8331,74783,20-02-2023,Payment Successed
8332,1276,15-07-2023,Payment Successed
8333,19524,14-07-2022,Payment Successed
8334,16181,07-04-2020,Payment Successed
8335,38133,27-05-2022,Payment Successed
8336,62435,07-10-2023,Payment Successed
8337,86495,03-11-2022,Payment Successed
8338,89380,24-07-2022,Payment Successed
8339,12841,01-01-2022,Payment Successed
8340,62247,11-11-2023,Payment Successed
8341,8798,09-01-2023,Payment Successed
8342,9038,16-06-2022,Payment Successed
8343,5337,22-11-2022,Payment Successed
8344,92238,16-11-2023,Payment Successed
8345,21012,28-10-2021,Payment Successed
8346,54378,08-08-2023,Payment Successed
8347,77751,20-09-2022,Payment Successed
8348,1822,20-12-2022,Payment Successed
8349,12093,27-02-2022,Payment Successed
8350,98507,15-10-2021,Failed
8351,70950,13-01-2022,Payment Successed
8352,50160,14-02-2021,Payment Successed
8353,32963,23-03-2020,Payment Successed
8354,53003,20-08-2021,Payment Successed
8355,45296,23-06-2020,Payment Successed
8356,13424,26-05-2024,Payment Successed
8357,22453,14-06-2024,Payment Successed
8358,67624,17-06-2024,Payment Successed
8359,14895,13-10-2022,Payment Successed
8360,1514,17-08-2022,Payment Successed
8361,45240,12-07-2021,Payment Successed
8362,4516,21-07-2020,Payment Successed
8363,5870,29-12-2023,Payment Successed
8364,20336,27-08-2022,Payment Successed
8365,93623,13-02-2020,Payment Successed
8366,61889,14-06-2023,Payment Successed
8367,18687,05-10-2020,Payment Successed
8368,43092,28-09-2021,Payment Successed
8369,5908,27-12-2020,Payment Successed
8370,72041,26-01-2024,Payment Successed
8371,73130,29-10-2024,Payment Successed
8372,7041,07-07-2020,Refunded
8373,36084,02-02-2020,Payment Successed
8374,41919,16-03-2021,Payment Successed
8375,6805,16-02-2024,Refunded
8376,44065,07-03-2020,Payment Successed
8377,53345,03-05-2022,Payment Successed
8378,35181,01-05-2021,Payment Successed
8379,67311,04-03-2022,Failed
8380,63563,27-02-2023,Payment Successed
8381,97468,01-05-2022,Payment Successed
8382,65998,18-03-2021,Payment Successed
8383,10101,31-12-2022,Payment Successed
8384,27251,26-03-2022,Payment Successed
8385,52908,01-04-2021,Refunded
8386,82644,19-09-2022,Payment Successed
8387,30215,27-12-2020,Payment Successed
8388,5149,14-05-2021,Payment Successed
8389,97715,12-09-2023,Payment Successed
8390,49019,17-11-2020,Payment Successed
8391,74512,13-05-2021,Payment Successed
8392,87561,23-12-2024,Payment Successed
8393,69743,19-11-2024,Payment Successed
8394,98990,15-12-2020,Payment Successed
8395,62039,06-10-2024,Payment Successed
8396,92610,13-03-2020,Payment Successed
8397,98353,30-08-2024,Payment Successed
8398,58264,15-06-2020,Refunded
8399,80659,15-11-2023,Payment Successed
8400,37318,24-12-2023,Payment Successed
8401,27777,19-02-2021,Payment Successed
8402,84884,10-07-2020,Failed
8403,13454,28-08-2023,Payment Successed
8404,54285,01-09-2020,Refunded
8405,43809,28-07-2022,Payment Successed
8406,47822,29-03-2024,Payment Successed
8407,29410,05-09-2024,Refunded
8408,6974,14-06-2022,Payment Successed
8409,34508,20-07-2021,Refunded
8410,99913,15-12-2024,Payment Successed
8411,87129,06-12-2020,Payment Successed
8412,65808,29-09-2024,Payment Successed
8413,66842,10-12-2023,Payment Successed
8414,30468,28-06-2021,Payment Successed
8415,2213,08-09-2022,Payment Successed
8416,46271,01-12-2022,Payment Successed
8417,72861,09-07-2023,Payment Successed
8418,75494,28-06-2023,Payment Successed
8419,50673,10-08-2021,Payment Successed
8420,39084,08-01-2024,Payment Successed
8421,79716,02-11-2021,Payment Successed
8422,94235,23-07-2023,Payment Successed
8423,39491,23-09-2023,Payment Successed
8424,23843,12-06-2020,Payment Successed
8425,41488,08-03-2022,Payment Successed
8426,55339,28-04-2020,Payment Successed
8427,41923,04-03-2022,Payment Successed
8428,95354,19-07-2023,Payment Successed
8429,80603,05-10-2020,Payment Successed
8430,10552,12-05-2021,Payment Successed
8431,87921,02-06-2020,Payment Successed
8432,70302,16-03-2022,Payment Successed
8433,42101,03-02-2024,Payment Successed
8434,84714,22-06-2024,Payment Successed
8435,59181,22-02-2021,Payment Successed
8436,54319,21-12-2024,Payment Successed
8437,11573,03-04-2024,Failed
8438,80116,25-09-2022,Payment Successed
8439,71733,19-07-2023,Payment Successed
8440,10305,07-06-2024,Refunded
8441,90182,25-03-2021,Payment Successed
8442,59362,12-06-2021,Payment Successed
8443,6946,18-05-2021,Payment Successed
8444,31971,25-04-2020,Payment Successed
8445,44239,29-05-2023,Payment Successed
8446,49033,25-06-2022,Payment Successed
8447,1994,03-11-2021,Payment Successed
8448,73677,27-02-2023,Payment Successed
8449,19391,18-11-2020,Payment Successed
8450,29140,20-10-2022,Refunded
8451,30753,31-01-2021,Payment Successed
8452,27377,24-11-2021,Payment Successed
8453,50856,23-02-2023,Refunded
8454,27940,20-06-2022,Payment Successed
8455,48423,16-10-2022,Payment Successed
8456,20624,02-08-2021,Payment Successed
8457,81048,31-12-2021,Payment Successed
8458,57173,25-11-2021,Refunded
8459,68585,14-11-2022,Payment Successed
8460,45319,25-12-2023,Payment Successed
8461,92027,26-12-2022,Payment Successed
8462,78913,21-06-2022,Payment Successed
8463,91239,22-08-2024,Refunded
8464,30008,26-07-2021,Payment Successed
8465,81190,12-06-2023,Payment Successed
8466,68627,11-06-2021,Payment Successed
8467,16521,26-07-2023,Payment Successed
8468,52445,05-09-2021,Payment Successed
8469,57020,18-03-2020,Failed
8470,62170,22-03-2024,Payment Successed
8471,97564,27-02-2020,Refunded
8472,94481,27-12-2023,Payment Successed
8473,2880,11-02-2022,Payment Successed
8474,2011,14-01-2024,Payment Successed
8475,47448,17-04-2024,Payment Successed
8476,82178,06-06-2020,Payment Successed
8477,30934,15-11-2021,Payment Successed
8478,6207,15-12-2022,Failed
8479,56887,05-05-2024,Payment Successed
8480,38531,14-11-2022,Payment Successed
8481,82872,27-03-2024,Refunded
8482,11499,02-11-2022,Payment Successed
8483,23709,13-12-2024,Payment Successed
8484,35314,24-08-2023,Payment Successed
8485,41876,21-05-2023,Payment Successed
8486,51960,18-04-2023,Payment Successed
8487,30080,18-09-2021,Payment Successed
8488,16790,16-06-2022,Failed
8489,43913,16-04-2021,Payment Successed
8490,65225,27-09-2021,Payment Successed
8491,27580,06-10-2023,Refunded
8492,65303,05-02-2024,Failed
8493,48455,11-03-2023,Payment Successed
8494,9341,12-12-2020,Payment Successed
8495,33420,09-03-2020,Payment Successed
8496,49979,22-06-2023,Payment Successed
8497,77573,10-05-2024,Payment Successed
8498,78717,24-12-2024,Payment Successed
8499,36182,26-05-2022,Payment Successed
8500,84447,19-09-2022,Payment Successed
8501,48021,31-03-2020,Payment Successed
8502,27176,05-05-2023,Payment Successed
8503,90089,16-02-2020,Payment Successed
8504,36501,05-10-2021,Payment Successed
8505,77221,08-02-2024,Payment Successed
8506,53197,12-11-2022,Payment Successed
8507,35174,03-06-2022,Payment Successed
8508,47210,31-05-2023,Payment Successed
8509,64733,24-09-2021,Payment Successed
8510,47224,25-11-2020,Payment Successed
8511,70948,04-03-2023,Payment Successed
8512,62815,06-07-2023,Payment Successed
8513,31927,07-04-2024,Payment Successed
8514,83951,22-05-2024,Payment Successed
8515,66198,26-12-2024,Payment Successed
8516,48899,07-03-2024,Payment Successed
8517,36588,30-03-2020,Payment Successed
8518,79661,03-03-2021,Payment Successed
8519,27830,20-08-2022,Payment Successed
8520,28718,24-03-2020,Payment Successed
8521,84452,07-02-2024,Payment Successed
8522,94048,17-11-2023,Payment Successed
8523,56501,20-04-2020,Payment Successed
8524,60921,17-10-2023,Payment Successed
8525,96608,03-03-2022,Payment Successed
8526,56201,26-07-2023,Payment Successed
8527,45605,24-09-2021,Payment Successed
8528,19057,31-10-2020,Payment Successed
8529,78417,24-12-2020,Payment Successed
8530,8115,17-06-2024,Refunded
8531,54563,13-09-2023,Failed
8532,27823,16-02-2024,Payment Successed
8533,8443,24-05-2022,Payment Successed
8534,94269,15-09-2024,Failed
8535,36574,16-06-2023,Payment Successed
8536,8312,28-03-2021,Refunded
8537,23874,16-07-2023,Payment Successed
8538,5952,13-03-2023,Payment Successed
8539,26234,19-08-2021,Payment Successed
8540,74076,18-11-2020,Payment Successed
8541,32787,28-06-2021,Payment Successed
8542,45378,23-04-2021,Payment Successed
8543,62638,24-12-2022,Payment Successed
8544,64677,03-03-2021,Payment Successed
8545,53278,29-11-2024,Payment Successed
8546,93139,20-07-2024,Payment Successed
8547,47014,03-12-2024,Payment Successed
8548,8179,07-03-2022,Payment Successed
8549,19765,02-05-2024,Payment Successed
8550,16581,06-07-2023,Payment Successed
8551,47170,20-07-2020,Payment Successed
8552,80489,24-09-2021,Payment Successed
8553,64936,15-06-2023,Payment Successed
8554,99619,14-09-2021,Failed
8555,2430,12-01-2020,Payment Successed
8556,25486,03-12-2023,Refunded
8557,61604,23-10-2022,Payment Successed
8558,32479,23-07-2022,Payment Successed
8559,23003,13-11-2024,Payment Successed
8560,97290,24-01-2022,Payment Successed
8561,50892,27-09-2020,Payment Successed
8562,38540,04-02-2024,Refunded
8563,79484,27-06-2024,Refunded
8564,40349,16-04-2020,Failed
8565,28929,02-08-2023,Payment Successed
8566,26509,21-06-2021,Payment Successed
8567,55055,06-10-2022,Payment Successed
8568,29591,07-10-2020,Payment Successed
8569,18842,17-07-2024,Payment Successed
8570,14822,03-11-2020,Payment Successed
8571,1059,30-01-2023,Payment Successed
8572,11866,24-12-2023,Payment Successed
8573,63098,25-05-2024,Payment Successed
8574,13339,11-09-2022,Refunded
8575,72556,26-02-2021,Payment Successed
8576,82594,04-01-2024,Payment Successed
8577,44659,22-06-2021,Refunded
8578,27388,27-12-2020,Refunded
8579,20591,22-08-2024,Payment Successed
8580,81005,24-09-2021,Payment Successed
8581,39028,21-07-2023,Payment Successed
8582,51090,05-06-2023,Payment Successed
8583,55458,16-01-2024,Payment Successed
8584,36855,11-07-2021,Payment Successed
8585,56474,14-04-2024,Payment Successed
8586,89076,18-08-2024,Payment Successed
8587,20628,25-06-2023,Payment Successed
8588,26738,24-07-2024,Payment Successed
8589,3207,21-04-2022,Payment Successed
8590,48501,27-09-2020,Refunded
8591,98837,09-06-2024,Payment Successed
8592,14872,16-11-2021,Refunded
8593,67416,21-03-2021,Payment Successed
8594,38167,10-03-2022,Payment Successed
8595,7052,12-05-2020,Failed
8596,29825,13-01-2021,Payment Successed
8597,4475,26-03-2021,Payment Successed
8598,46652,22-06-2020,Payment Successed
8599,36713,20-06-2020,Payment Successed
8600,53891,28-01-2021,Payment Successed
8601,65927,17-07-2020,Failed
8602,62581,06-09-2023,Payment Successed
8603,29902,25-11-2022,Payment Successed
8604,91220,02-03-2021,Payment Successed
8605,31569,31-10-2020,Payment Successed
8606,66476,28-04-2024,Payment Successed
8607,12606,12-06-2024,Failed
8608,60225,27-07-2023,Payment Successed
8609,52034,21-04-2024,Payment Successed
8610,55947,09-08-2022,Payment Successed
8611,82133,11-09-2022,Payment Successed
8612,32373,07-08-2023,Payment Successed
8613,1591,27-12-2021,Refunded
8614,10211,05-06-2020,Payment Successed
8615,93843,10-10-2023,Payment Successed
8616,56361,09-01-2024,Payment Successed
8617,77548,09-03-2020,Payment Successed
8618,21349,18-05-2024,Payment Successed
8619,63443,27-05-2023,Payment Successed
8620,35510,02-11-2022,Payment Successed
8621,85849,22-12-2020,Payment Successed
8622,49957,18-05-2023,Failed
8623,84261,13-01-2020,Payment Successed
8624,49884,06-02-2020,Payment Successed
8625,28982,29-07-2020,Payment Successed
8626,78154,04-10-2021,Payment Successed
8627,44673,19-07-2020,Refunded
8628,73246,04-07-2021,Payment Successed
8629,14141,19-05-2021,Payment Successed
8630,7912,24-12-2020,Refunded
8631,61140,18-10-2024,Payment Successed
8632,79447,15-02-2023,Payment Successed
8633,26237,12-03-2022,Failed
8634,87483,12-09-2021,Payment Successed
8635,16054,25-05-2023,Payment Successed
8636,2104,03-01-2023,Failed
8637,49978,02-03-2022,Payment Successed
8638,2936,24-01-2021,Payment Successed
8639,16252,17-03-2022,Payment Successed
8640,78212,10-11-2021,Payment Successed
8641,18457,06-06-2020,Payment Successed
8642,5998,26-02-2022,Payment Successed
8643,29115,17-09-2023,Payment Successed
8644,44038,29-06-2024,Payment Successed
8645,92087,22-03-2022,Payment Successed
8646,90849,08-02-2023,Failed
8647,41757,27-12-2022,Payment Successed
8648,37265,26-04-2020,Payment Successed
8649,43456,27-12-2022,Payment Successed
8650,23847,24-06-2023,Payment Successed
8651,75216,29-07-2022,Payment Successed
8652,5045,30-05-2021,Payment Successed
8653,35782,08-03-2020,Payment Successed
8654,70386,20-01-2023,Payment Successed
8655,12856,08-12-2022,Payment Successed
8656,77491,06-08-2021,Failed
8657,56456,16-06-2022,Payment Successed
8658,84072,13-12-2022,Failed
8659,71777,16-05-2021,Payment Successed
8660,7290,01-06-2021,Payment Successed
8661,92977,18-09-2020,Payment Successed
8662,68063,11-09-2024,Failed
8663,24158,05-09-2021,Payment Successed
8664,80471,20-10-2022,Payment Successed
8665,89603,06-04-2022,Payment Successed
8666,44527,01-04-2023,Payment Successed
8667,2517,19-09-2023,Payment Successed
8668,23084,10-06-2024,Failed
8669,71601,09-10-2020,Payment Successed
8670,8771,08-08-2023,Failed
8671,21137,21-03-2022,Payment Successed
8672,94103,17-09-2024,Payment Successed
8673,57936,22-10-2023,Payment Successed
8674,53619,02-04-2023,Payment Successed
8675,96383,25-11-2022,Payment Successed
8676,81653,23-05-2024,Payment Successed
8677,53015,16-09-2024,Payment Successed
8678,64978,16-05-2021,Payment Successed
8679,64899,28-11-2024,Payment Successed
8680,50989,05-12-2024,Payment Successed
8681,84295,29-03-2020,Payment Successed
8682,36522,09-04-2020,Payment Successed
8683,83750,06-02-2020,Payment Successed
8684,4745,27-11-2020,Payment Successed
8685,97740,07-07-2021,Payment Successed
8686,62361,22-07-2024,Payment Successed
8687,45157,09-08-2022,Payment Successed
8688,48347,02-09-2024,Payment Successed
8689,19417,05-04-2020,Failed
8690,87215,29-10-2022,Payment Successed
8691,58196,20-04-2023,Payment Successed
8692,27326,04-05-2020,Payment Successed
8693,62784,27-12-2020,Payment Successed
8694,45801,22-05-2022,Payment Successed
8695,64432,23-10-2022,Payment Successed
8696,35917,25-04-2023,Payment Successed
8697,53453,30-09-2022,Payment Successed
8698,14164,19-08-2023,Payment Successed
8699,50094,09-07-2022,Payment Successed
8700,97283,24-07-2024,Payment Successed
8701,10076,02-08-2024,Payment Successed
8702,20056,15-02-2020,Payment Successed
8703,56999,05-04-2020,Refunded
8704,34853,12-08-2020,Payment Successed
8705,16244,14-05-2024,Payment Successed
8706,48682,29-07-2020,Payment Successed
8707,25922,25-03-2024,Payment Successed
8708,15073,15-11-2021,Payment Successed
8709,99384,05-08-2023,Payment Successed
8710,47246,11-06-2023,Payment Successed
8711,72876,24-10-2021,Payment Successed
8712,81088,13-10-2022,Payment Successed
8713,9320,25-03-2023,Payment Successed
8714,70855,26-01-2022,Payment Successed
8715,93685,12-12-2023,Payment Successed
8716,39424,14-11-2021,Payment Successed
8717,54937,25-05-2021,Payment Successed
8718,28864,20-10-2020,Payment Successed
8719,11768,25-08-2024,Payment Successed
8720,5910,12-10-2024,Payment Successed
8721,74158,05-04-2021,Payment Successed
8722,78856,04-11-2021,Payment Successed
8723,55174,26-01-2020,Payment Successed
8724,85405,16-09-2023,Payment Successed
8725,74861,23-12-2023,Payment Successed
8726,13172,11-12-2020,Payment Successed
8727,77254,31-08-2020,Payment Successed
8728,28477,25-07-2021,Payment Successed
8729,90857,03-07-2023,Payment Successed
8730,49958,07-02-2021,Payment Successed
8731,23551,23-08-2023,Payment Successed
8732,85726,16-12-2021,Payment Successed
8733,71566,23-09-2022,Payment Successed
8734,12094,24-12-2021,Payment Successed
8735,85772,29-05-2022,Payment Successed
8736,24556,13-09-2024,Payment Successed
8737,67150,13-03-2023,Payment Successed
8738,20250,07-10-2022,Payment Successed
8739,29679,31-12-2024,Refunded
8740,18830,19-10-2022,Payment Successed
8741,61725,06-01-2021,Payment Successed
8742,71046,10-09-2020,Payment Successed
8743,88776,21-07-2024,Payment Successed
8744,9298,09-07-2021,Refunded
8745,1846,09-01-2023,Refunded
8746,94627,04-01-2024,Payment Successed
8747,66867,02-08-2021,Payment Successed
8748,47001,18-04-2023,Failed
8749,58978,13-12-2024,Payment Successed
8750,79518,19-08-2024,Payment Successed
8751,48014,12-03-2024,Payment Successed
8752,37276,16-06-2021,Payment Successed
8753,29195,16-08-2021,Failed
8754,84564,19-11-2021,Payment Successed
8755,41572,13-09-2023,Payment Successed
8756,77159,03-10-2023,Payment Successed
8757,8103,23-06-2021,Payment Successed
8758,80748,17-11-2020,Payment Successed
8759,63446,05-11-2023,Refunded
8760,9292,04-02-2020,Payment Successed
8761,28075,08-05-2023,Failed
8762,8414,23-06-2021,Refunded
8763,7807,22-01-2022,Payment Successed
8764,35358,07-12-2024,Payment Successed
8765,95037,29-03-2022,Payment Successed
8766,65233,20-02-2022,Payment Successed
8767,75758,17-09-2021,Payment Successed
8768,22708,15-09-2021,Payment Successed
8769,84649,16-09-2023,Payment Successed
8770,39384,12-10-2023,Payment Successed
8771,38144,28-10-2021,Payment Successed
8772,12930,16-06-2021,Payment Successed
8773,23993,14-11-2021,Payment Successed
8774,43812,30-05-2023,Payment Successed
8775,9142,30-03-2024,Payment Successed
8776,89357,24-02-2021,Payment Successed
8777,74351,13-12-2020,Payment Successed
8778,77787,20-04-2020,Payment Successed
8779,42691,19-05-2023,Refunded
8780,95526,11-05-2022,Payment Successed
8781,8288,11-12-2024,Payment Successed
8782,80460,05-11-2024,Payment Successed
8783,19386,25-07-2024,Payment Successed
8784,69157,18-01-2024,Payment Successed
8785,65099,17-09-2020,Payment Successed
8786,95783,08-03-2022,Payment Successed
8787,65619,27-12-2022,Payment Successed
8788,19204,19-05-2022,Payment Successed
8789,27313,16-02-2023,Payment Successed
8790,42875,19-03-2022,Payment Successed
8791,4328,17-05-2021,Payment Successed
8792,50209,11-04-2022,Payment Successed
8793,19023,31-03-2021,Payment Successed
8794,23826,12-09-2022,Payment Successed
8795,43348,28-11-2020,Payment Successed
8796,64516,09-05-2024,Payment Successed
8797,11772,13-06-2022,Payment Successed
8798,83688,15-11-2020,Payment Successed
8799,80732,17-12-2021,Payment Successed
8800,98119,12-07-2021,Payment Successed
8801,25589,15-05-2020,Payment Successed
8802,87575,27-07-2021,Payment Successed
8803,70701,04-09-2020,Payment Successed
8804,40577,26-01-2021,Refunded
8805,72027,26-01-2021,Payment Successed
8806,55977,24-12-2023,Payment Successed
8807,65549,02-12-2022,Payment Successed
8808,86834,30-03-2021,Payment Successed
8809,43690,17-10-2021,Payment Successed
8810,74138,14-12-2021,Payment Successed
8811,97050,03-01-2024,Refunded
8812,40896,24-09-2021,Payment Successed
8813,11021,12-09-2023,Refunded
8814,35319,28-10-2021,Payment Successed
8815,77071,03-08-2020,Refunded
8816,98816,15-08-2021,Refunded
8817,21380,30-09-2024,Payment Successed
8818,25848,06-10-2023,Payment Successed
8819,36373,08-12-2020,Payment Successed
8820,70348,27-08-2022,Payment Successed
8821,21595,09-06-2024,Payment Successed
8822,54315,28-10-2021,Refunded
8823,35326,27-03-2020,Payment Successed
8824,75908,26-05-2020,Failed
8825,55687,09-06-2021,Payment Successed
8826,60230,20-04-2020,Payment Successed
8827,75256,12-05-2023,Payment Successed
8828,64410,10-10-2022,Payment Successed
8829,91324,13-05-2020,Payment Successed
8830,88640,13-05-2021,Payment Successed
8831,76356,13-12-2023,Payment Successed
8832,15243,18-08-2024,Payment Successed
8833,10597,15-11-2020,Payment Successed
8834,29872,02-09-2024,Payment Successed
8835,65990,02-12-2021,Payment Successed
8836,70904,10-10-2023,Payment Successed
8837,11800,17-10-2020,Payment Successed
8838,69785,17-06-2020,Payment Successed
8839,39777,05-01-2022,Payment Successed
8840,90304,04-07-2021,Payment Successed
8841,75917,08-05-2022,Payment Successed
8842,98182,31-01-2022,Payment Successed
8843,77520,27-04-2024,Refunded
8844,46005,12-06-2020,Payment Successed
8845,69358,13-09-2023,Payment Successed
8846,73645,03-12-2024,Payment Successed
8847,93274,25-03-2024,Payment Successed
8848,9695,10-01-2021,Payment Successed
8849,91793,22-01-2024,Refunded
8850,8994,27-06-2021,Payment Successed
8851,15777,22-03-2020,Payment Successed
8852,62764,10-07-2024,Payment Successed
8853,99071,25-12-2020,Payment Successed
8854,77601,19-05-2022,Refunded
8855,33633,21-10-2021,Payment Successed
8856,22489,09-08-2021,Payment Successed
8857,52088,11-12-2021,Payment Successed
8858,72808,28-09-2021,Payment Successed
8859,80194,13-03-2020,Payment Successed
8860,2497,10-03-2023,Payment Successed
8861,65579,06-03-2020,Payment Successed
8862,94803,18-06-2020,Payment Successed
8863,72404,07-09-2022,Payment Successed
8864,85105,06-05-2022,Payment Successed
8865,29513,19-03-2023,Payment Successed
8866,41788,22-12-2020,Payment Successed
8867,72954,22-10-2021,Refunded
8868,89538,10-07-2022,Payment Successed
8869,52485,09-09-2022,Refunded
8870,20779,30-04-2023,Payment Successed
8871,33987,19-07-2023,Payment Successed
8872,7675,24-03-2021,Payment Successed
8873,10303,30-06-2024,Payment Successed
8874,43186,28-10-2020,Payment Successed
8875,12827,22-05-2023,Payment Successed
8876,26427,28-10-2023,Payment Successed
8877,19835,09-12-2023,Payment Successed
8878,49274,25-08-2020,Payment Successed
8879,29210,10-01-2022,Payment Successed
8880,45192,01-09-2020,Payment Successed
8881,29510,28-07-2024,Payment Successed
8882,34654,04-01-2023,Payment Successed
8883,50469,20-05-2022,Failed
8884,59125,08-07-2020,Payment Successed
8885,2695,10-06-2022,Payment Successed
8886,14360,17-11-2023,Payment Successed
8887,53439,07-03-2024,Payment Successed
8888,6259,07-05-2022,Payment Successed
8889,77049,27-09-2021,Payment Successed
8890,23302,17-06-2024,Payment Successed
8891,31040,29-04-2020,Refunded
8892,72708,23-02-2022,Payment Successed
8893,36212,12-04-2021,Payment Successed
8894,22586,14-02-2020,Payment Successed
8895,4634,06-08-2023,Payment Successed
8896,24937,16-07-2021,Payment Successed
8897,81163,26-04-2020,Refunded
8898,46180,29-11-2024,Payment Successed
8899,45549,11-03-2020,Payment Successed
8900,17527,28-07-2022,Payment Successed
8901,32419,30-12-2023,Payment Successed
8902,88115,08-02-2024,Refunded
8903,88059,23-08-2023,Payment Successed
8904,14779,27-01-2024,Payment Successed
8905,81703,03-11-2020,Payment Successed
8906,9280,29-06-2021,Payment Successed
8907,69975,28-12-2024,Payment Successed
8908,9584,22-10-2020,Refunded
8909,17588,01-02-2022,Payment Successed
8910,88374,04-06-2020,Payment Successed
8911,86599,11-04-2024,Payment Successed
8912,19428,25-09-2020,Payment Successed
8913,27822,27-05-2023,Payment Successed
8914,78837,27-10-2024,Payment Successed
8915,33493,30-06-2023,Payment Successed
8916,52530,14-01-2021,Payment Successed
8917,36643,07-02-2021,Payment Successed
8918,41229,12-10-2023,Payment Successed
8919,21005,26-02-2023,Payment Successed
8920,95963,29-07-2022,Payment Successed
8921,82563,04-03-2021,Refunded
8922,54959,06-01-2021,Payment Successed
8923,26978,21-08-2021,Payment Successed
8924,24419,03-09-2020,Payment Successed
8925,75336,10-02-2020,Payment Successed
8926,5999,09-05-2022,Payment Successed
8927,47535,23-01-2024,Payment Successed
8928,41312,18-06-2021,Payment Successed
8929,30207,25-12-2022,Payment Successed
8930,56643,20-11-2022,Payment Successed
8931,74964,06-02-2021,Payment Successed
8932,59759,11-10-2024,Payment Successed
8933,22962,23-07-2022,Payment Successed
8934,5801,23-04-2022,Payment Successed
8935,76974,19-11-2021,Payment Successed
8936,81775,07-06-2021,Payment Successed
8937,67021,07-12-2021,Payment Successed
8938,68025,22-01-2024,Refunded
8939,29026,25-04-2024,Payment Successed
8940,59667,18-08-2022,Payment Successed
8941,44648,10-04-2020,Payment Successed
8942,23629,01-09-2023,Payment Successed
8943,52911,21-07-2024,Payment Successed
8944,73628,21-05-2022,Payment Successed
8945,84281,28-05-2020,Payment Successed
8946,57863,13-05-2023,Refunded
8947,38892,18-10-2022,Failed
8948,11389,10-11-2024,Payment Successed
8949,98805,15-09-2024,Payment Successed
8950,94640,02-11-2023,Failed
8951,59373,25-01-2020,Payment Successed
8952,86671,14-06-2020,Payment Successed
8953,86986,23-04-2020,Payment Successed
8954,40727,02-03-2024,Payment Successed
8955,44173,15-01-2023,Payment Successed
8956,18949,17-11-2022,Payment Successed
8957,47110,01-12-2022,Payment Successed
8958,49004,07-10-2020,Payment Successed
8959,37202,20-03-2024,Payment Successed
8960,55997,04-04-2021,Payment Successed
8961,85698,22-02-2023,Payment Successed
8962,67076,18-08-2021,Failed
8963,5332,16-01-2024,Payment Successed
8964,17828,03-12-2023,Payment Successed
8965,55773,01-08-2022,Payment Successed
8966,80555,22-10-2024,Payment Successed
8967,59389,04-10-2021,Payment Successed
8968,93654,29-07-2021,Payment Successed
8969,40281,14-11-2021,Payment Successed
8970,97633,03-10-2024,Payment Successed
8971,11953,10-11-2023,Payment Successed
8972,86759,11-01-2024,Payment Successed
8973,75376,04-06-2021,Payment Successed
8974,52167,09-07-2023,Payment Successed
8975,6302,07-05-2024,Payment Successed
8976,55312,25-06-2022,Payment Successed
8977,44983,19-12-2024,Payment Successed
8978,31984,28-10-2020,Payment Successed
8979,67582,14-05-2021,Payment Successed
8980,37313,31-01-2022,Payment Successed
8981,66553,30-12-2023,Payment Successed
8982,95620,11-10-2023,Payment Successed
8983,65118,13-01-2022,Payment Successed
8984,88696,14-02-2023,Payment Successed
8985,75194,27-04-2022,Payment Successed
8986,56603,26-04-2024,Payment Successed
8987,83139,21-07-2021,Payment Successed
8988,79678,14-07-2021,Refunded
8989,55845,10-05-2020,Payment Successed
8990,19081,02-04-2024,Payment Successed
8991,74705,05-03-2022,Payment Successed
8992,17375,10-03-2022,Payment Successed
8993,53871,13-12-2021,Failed
8994,89523,16-06-2021,Payment Successed
8995,71015,13-04-2023,Payment Successed
8996,3073,23-05-2022,Payment Successed
8997,84466,24-12-2023,Payment Successed
8998,98648,16-06-2024,Payment Successed
8999,25956,21-04-2022,Payment Successed
9000,52303,17-05-2023,Payment Successed
9001,67682,04-02-2020,Payment Successed
9002,49598,07-04-2023,Payment Successed
9003,1465,15-07-2021,Payment Successed
9004,46571,09-11-2023,Failed
9005,46964,26-06-2024,Payment Successed
9006,67077,15-06-2020,Payment Successed
9007,18896,24-02-2021,Payment Successed
9008,14991,28-08-2020,Payment Successed
9009,14685,13-10-2020,Payment Successed
9010,86487,21-12-2024,Payment Successed
9011,11053,10-09-2020,Payment Successed
9012,3240,24-01-2020,Payment Successed
9013,20228,02-05-2021,Payment Successed
9014,81763,14-04-2021,Payment Successed
9015,11793,01-05-2023,Payment Successed
9016,26915,12-08-2024,Payment Successed
9017,45755,17-07-2023,Payment Successed
9018,25249,16-12-2023,Payment Successed
9019,54371,16-02-2022,Payment Successed
9020,97427,30-04-2023,Payment Successed
9021,32324,12-09-2020,Payment Successed
9022,33608,06-07-2023,Payment Successed
9023,79415,18-03-2023,Payment Successed
9024,11443,11-06-2022,Payment Successed
9025,70303,13-11-2023,Payment Successed
9026,76873,23-03-2022,Refunded
9027,93880,25-05-2023,Payment Successed
9028,39072,05-04-2024,Payment Successed
9029,18368,06-01-2024,Payment Successed
9030,26676,22-12-2024,Payment Successed
9031,11228,11-03-2021,Payment Successed
9032,37951,14-10-2024,Payment Successed
9033,37885,26-12-2024,Payment Successed
9034,8270,14-05-2022,Payment Successed
9035,53136,27-01-2021,Payment Successed
9036,12166,10-08-2024,Payment Successed
9037,43396,09-02-2022,Refunded
9038,41279,02-04-2022,Payment Successed
9039,88821,30-07-2024,Payment Successed
9040,68706,12-10-2020,Payment Successed
9041,11784,17-01-2021,Payment Successed
9042,34969,16-08-2021,Refunded
9043,6290,11-04-2023,Payment Successed
9044,14965,02-11-2024,Payment Successed
9045,83189,29-02-2020,Payment Successed
9046,19754,08-05-2023,Payment Successed
9047,38281,13-01-2022,Payment Successed
9048,27680,11-01-2022,Payment Successed
9049,72213,11-10-2021,Payment Successed
9050,59068,24-01-2022,Payment Successed
9051,2785,26-03-2022,Payment Successed
9052,25134,27-02-2022,Payment Successed
9053,5164,16-04-2022,Payment Successed
9054,85645,04-11-2024,Payment Successed
9055,75005,02-10-2021,Payment Successed
9056,82577,03-10-2021,Payment Successed
9057,25378,15-01-2020,Payment Successed
9058,84591,14-05-2020,Payment Successed
9059,79091,01-06-2021,Payment Successed
9060,33642,05-10-2020,Payment Successed
9061,96537,06-11-2020,Payment Successed
9062,65711,08-12-2023,Payment Successed
9063,38692,05-09-2021,Payment Successed
9064,23031,15-01-2021,Payment Successed
9065,13940,17-10-2021,Payment Successed
9066,72754,01-08-2024,Payment Successed
9067,65456,18-05-2020,Payment Successed
9068,52668,04-09-2022,Payment Successed
9069,73399,13-01-2023,Payment Successed
9070,21416,13-11-2021,Payment Successed
9071,95499,22-03-2024,Payment Successed
9072,22212,03-01-2022,Refunded
9073,89814,13-10-2024,Payment Successed
9074,2803,11-02-2020,Payment Successed
9075,26191,07-07-2020,Payment Successed
9076,66370,05-05-2024,Payment Successed
9077,59391,30-11-2023,Payment Successed
9078,84852,24-05-2022,Payment Successed
9079,13245,20-10-2020,Payment Successed
9080,40580,13-12-2022,Payment Successed
9081,60522,02-09-2024,Payment Successed
9082,61262,27-11-2023,Payment Successed
9083,98759,27-07-2021,Payment Successed
9084,13305,23-04-2021,Payment Successed
9085,37542,20-04-2020,Payment Successed
9086,14614,26-01-2021,Payment Successed
9087,28875,18-01-2022,Payment Successed
9088,18560,12-03-2023,Payment Successed
9089,80672,09-10-2022,Refunded
9090,15611,17-05-2021,Payment Successed
9091,93664,09-01-2022,Payment Successed
9092,33520,27-02-2024,Payment Successed
9093,12834,13-03-2020,Payment Successed
9094,21714,21-07-2021,Payment Successed
9095,34970,20-10-2021,Payment Successed
9096,14398,16-09-2021,Payment Successed
9097,90173,11-03-2021,Refunded
9098,96730,31-01-2021,Payment Successed
9099,10141,05-01-2021,Payment Successed
9100,77643,26-04-2021,Payment Successed
9101,57512,10-06-2022,Refunded
9102,56659,16-01-2024,Payment Successed
9103,25559,17-12-2023,Payment Successed
9104,57167,12-10-2021,Payment Successed
9105,27233,25-08-2021,Payment Successed
9106,52761,29-01-2023,Payment Successed
9107,29867,05-05-2021,Payment Successed
9108,61864,12-03-2023,Payment Successed
9109,27142,15-08-2021,Payment Successed
9110,61278,27-12-2021,Payment Successed
9111,4032,18-04-2020,Payment Successed
9112,2290,08-03-2021,Failed
9113,27438,25-02-2020,Payment Successed
9114,25210,30-03-2024,Payment Successed
9115,95271,31-08-2020,Payment Successed
9116,1055,29-06-2021,Payment Successed
9117,96129,26-03-2020,Payment Successed
9118,47173,21-11-2022,Payment Successed
9119,93923,29-01-2021,Payment Successed
9120,56782,03-10-2023,Payment Successed
9121,61423,22-11-2024,Payment Successed
9122,99281,26-12-2021,Payment Successed
9123,78579,18-03-2020,Payment Successed
9124,99839,21-11-2024,Payment Successed
9125,41159,17-02-2024,Payment Successed
9126,51510,11-06-2024,Payment Successed
9127,66398,14-02-2023,Payment Successed
9128,98676,12-07-2024,Payment Successed
9129,4518,24-09-2024,Payment Successed
9130,62355,23-03-2024,Payment Successed
9131,81724,23-12-2023,Payment Successed
9132,47401,10-10-2024,Failed
9133,93320,24-10-2021,Payment Successed
9134,6786,28-12-2024,Payment Successed
9135,76637,29-01-2024,Payment Successed
9136,9500,09-02-2021,Payment Successed
9137,39311,08-03-2020,Payment Successed
9138,53981,13-12-2023,Payment Successed
9139,83078,18-09-2022,Payment Successed
9140,84803,28-04-2023,Payment Successed
9141,20104,17-04-2023,Payment Successed
9142,77386,11-08-2021,Payment Successed
9143,58017,18-12-2023,Payment Successed
9144,46539,26-02-2020,Refunded
9145,38447,22-02-2022,Payment Successed
9146,18792,10-02-2020,Payment Successed
9147,94618,10-11-2021,Payment Successed
9148,16956,22-01-2024,Payment Successed
9149,74641,20-07-2023,Payment Successed
9150,41629,26-06-2021,Payment Successed
9151,48084,05-04-2021,Payment Successed
9152,54045,05-02-2022,Payment Successed
9153,99008,29-06-2020,Payment Successed
9154,10429,22-06-2021,Payment Successed
9155,51098,08-10-2022,Payment Successed
9156,92833,17-05-2020,Payment Successed
9157,63461,11-12-2024,Payment Successed
9158,25460,06-01-2022,Payment Successed
9159,2576,23-11-2023,Payment Successed
9160,29240,23-07-2022,Payment Successed
9161,40221,08-10-2021,Payment Successed
9162,91038,15-12-2023,Refunded
9163,35694,13-01-2024,Payment Successed
9164,40426,12-08-2021,Payment Successed
9165,33593,20-02-2024,Payment Successed
9166,28420,01-06-2021,Payment Successed
9167,15044,13-02-2021,Refunded
9168,88406,13-08-2024,Payment Successed
9169,52695,23-04-2023,Payment Successed
9170,41470,30-11-2020,Payment Successed
9171,69122,19-09-2021,Payment Successed
9172,44707,02-03-2021,Payment Successed
9173,54426,08-09-2020,Payment Successed
9174,61019,14-05-2022,Payment Successed
9175,48092,02-09-2023,Payment Successed
9176,61696,04-04-2022,Payment Successed
9177,21455,27-08-2023,Payment Successed
9178,24722,08-01-2022,Payment Successed
9179,21751,25-02-2022,Payment Successed
9180,94666,12-04-2023,Payment Successed
9181,69258,29-06-2023,Payment Successed
9182,91479,04-04-2023,Payment Successed
9183,82196,20-02-2021,Payment Successed
9184,47018,02-10-2023,Payment Successed
9185,8389,31-05-2024,Payment Successed
9186,40590,06-11-2021,Payment Successed
9187,94714,13-07-2022,Payment Successed
9188,87816,29-05-2021,Failed
9189,56552,31-08-2020,Payment Successed
9190,87822,04-03-2021,Payment Successed
9191,27659,26-09-2021,Payment Successed
9192,85384,28-06-2024,Payment Successed
9193,86894,24-12-2020,Payment Successed
9194,95169,11-03-2021,Payment Successed
9195,11069,14-08-2021,Payment Successed
9196,2823,19-09-2020,Failed
9197,9021,17-08-2023,Payment Successed
9198,55168,11-10-2023,Payment Successed
9199,8316,15-12-2023,Payment Successed
9200,54515,17-06-2023,Payment Successed
9201,5602,01-06-2023,Payment Successed
9202,11915,04-08-2020,Payment Successed
9203,79897,08-07-2021,Payment Successed
9204,13169,18-08-2022,Payment Successed
9205,77109,20-05-2021,Payment Successed
9206,35675,29-01-2021,Payment Successed
9207,47962,27-02-2023,Payment Successed
9208,78048,12-08-2022,Payment Successed
9209,18282,05-06-2024,Payment Successed
9210,46251,15-11-2020,Payment Successed
9211,74632,09-06-2021,Refunded
9212,79833,10-08-2022,Refunded
9213,20917,10-01-2020,Payment Successed
9214,96681,10-01-2024,Payment Successed
9215,96840,22-04-2021,Payment Successed
9216,41880,14-11-2024,Payment Successed
9217,79606,05-04-2024,Payment Successed
9218,4033,02-11-2023,Payment Successed
9219,71063,13-06-2020,Payment Successed
9220,49572,15-06-2024,Payment Successed
9221,85192,20-07-2021,Refunded
9222,46861,24-11-2024,Payment Successed
9223,85142,23-12-2022,Payment Successed
9224,21172,13-09-2020,Refunded
9225,90313,23-11-2021,Payment Successed
9226,3952,09-09-2024,Payment Successed
9227,95760,14-11-2023,Payment Successed
9228,16648,03-10-2020,Payment Successed
9229,55141,17-01-2021,Payment Successed
9230,13514,18-03-2022,Payment Successed
9231,57293,20-01-2024,Payment Successed
9232,69508,17-10-2024,Payment Successed
9233,94151,06-11-2024,Payment Successed
9234,46059,04-11-2021,Payment Successed
9235,52289,15-08-2021,Payment Successed
9236,39639,21-12-2022,Payment Successed
9237,60099,02-02-2024,Payment Successed
9238,12387,18-06-2021,Failed
9239,28398,20-11-2024,Payment Successed
9240,62067,18-04-2020,Payment Successed
9241,70171,10-06-2024,Payment Successed
9242,81933,24-05-2023,Payment Successed
9243,59961,05-08-2022,Payment Successed
9244,31440,14-09-2023,Payment Successed
9245,51539,09-10-2024,Payment Successed
9246,65078,11-01-2023,Payment Successed
9247,78495,19-04-2022,Payment Successed
9248,62646,11-11-2024,Payment Successed
9249,46450,18-09-2023,Payment Successed
9250,10450,28-12-2022,Payment Successed
9251,21948,15-10-2020,Payment Successed
9252,47013,13-04-2023,Payment Successed
9253,70603,09-08-2020,Payment Successed
9254,14441,29-01-2020,Payment Successed
9255,96634,12-01-2023,Payment Successed
9256,53577,13-10-2021,Payment Successed
9257,27883,27-01-2024,Payment Successed
9258,13326,29-11-2020,Payment Successed
9259,69876,15-09-2022,Payment Successed
9260,67515,26-04-2022,Payment Successed
9261,10188,23-02-2023,Payment Successed
9262,12570,02-08-2022,Payment Successed
9263,99924,06-10-2020,Payment Successed
9264,48618,23-06-2022,Payment Successed
9265,58638,13-11-2023,Payment Successed
9266,8630,14-06-2020,Payment Successed
9267,80089,06-06-2023,Payment Successed
9268,30232,02-10-2022,Payment Successed
9269,36626,09-11-2023,Payment Successed
9270,79857,06-01-2021,Payment Successed
9271,30994,28-07-2024,Refunded
9272,93558,07-04-2022,Payment Successed
9273,48046,19-12-2021,Payment Successed
9274,32594,09-03-2021,Payment Successed
9275,51856,17-02-2024,Payment Successed
9276,51814,20-10-2020,Payment Successed
9277,62160,01-11-2024,Payment Successed
9278,54357,07-11-2023,Payment Successed
9279,41070,25-10-2024,Payment Successed
9280,9912,17-12-2021,Payment Successed
9281,43084,27-03-2024,Payment Successed
9282,54121,16-12-2023,Payment Successed
9283,5949,30-09-2022,Refunded
9284,72858,12-05-2022,Payment Successed
9285,26122,10-06-2022,Refunded
9286,14206,24-03-2022,Payment Successed
9287,65954,03-03-2021,Payment Successed
9288,76779,02-02-2022,Payment Successed
9289,15381,23-08-2021,Payment Successed
9290,84866,25-09-2021,Payment Successed
9291,78711,28-12-2022,Payment Successed
9292,84422,26-07-2021,Payment Successed
9293,63763,27-10-2020,Payment Successed
9294,89570,26-05-2024,Payment Successed
9295,11811,20-08-2021,Refunded
9296,48587,06-09-2024,Payment Successed
9297,29932,28-07-2023,Payment Successed
9298,7505,20-02-2024,Payment Successed
9299,22157,07-12-2021,Payment Successed
9300,22782,03-04-2024,Payment Successed
9301,40358,18-07-2023,Payment Successed
9302,82370,26-10-2021,Payment Successed
9303,86871,31-01-2021,Failed
9304,50832,14-01-2022,Payment Successed
9305,67526,05-07-2021,Payment Successed
9306,32942,05-03-2023,Payment Successed
9307,11489,14-07-2020,Payment Successed
9308,94287,26-11-2024,Payment Successed
9309,77500,09-02-2024,Payment Successed
9310,20248,26-02-2023,Payment Successed
9311,33197,22-05-2023,Payment Successed
9312,32935,26-02-2022,Payment Successed
9313,7170,12-12-2022,Payment Successed
9314,20882,13-11-2024,Payment Successed
9315,71295,05-09-2021,Payment Successed
9316,24591,14-06-2022,Payment Successed
9317,27442,29-06-2023,Payment Successed
9318,91520,09-03-2022,Payment Successed
9319,66765,08-11-2022,Payment Successed
9320,69184,01-08-2022,Payment Successed
9321,57260,25-03-2022,Payment Successed
9322,20192,30-04-2024,Payment Successed
9323,36231,23-05-2024,Payment Successed
9324,62010,05-02-2021,Payment Successed
9325,76707,18-11-2022,Payment Successed
9326,39822,29-09-2020,Payment Successed
9327,45734,12-11-2024,Payment Successed
9328,83603,21-11-2023,Payment Successed
9329,90193,04-07-2022,Payment Successed
9330,73584,29-03-2023,Payment Successed
9331,56982,01-03-2020,Payment Successed
9332,36801,02-05-2022,Refunded
9333,96640,17-02-2021,Payment Successed
9334,71378,09-12-2021,Payment Successed
9335,93941,16-01-2021,Payment Successed
9336,62344,02-11-2023,Payment Successed
9337,67699,21-04-2020,Payment Successed
9338,61784,23-09-2021,Payment Successed
9339,38448,17-09-2020,Failed
9340,4346,09-12-2022,Payment Successed
9341,99043,27-07-2024,Payment Successed
9342,74925,24-07-2024,Payment Successed
9343,65127,30-09-2022,Failed
9344,25142,21-06-2023,Payment Successed
9345,9199,28-12-2021,Payment Successed
9346,92145,03-09-2024,Payment Successed
9347,1636,15-02-2021,Payment Successed
9348,79278,10-07-2023,Payment Successed
9349,16000,28-12-2023,Payment Successed
9350,42693,18-07-2022,Payment Successed
9351,60471,13-03-2023,Payment Successed
9352,74086,26-04-2022,Payment Successed
9353,2937,04-11-2022,Payment Successed
9354,95730,19-01-2024,Payment Successed
9355,46454,13-11-2022,Payment Successed
9356,54580,31-07-2024,Payment Successed
9357,97981,13-03-2020,Payment Successed
9358,61627,28-07-2021,Payment Successed
9359,98132,20-08-2020,Payment Successed
9360,95872,24-11-2021,Payment Successed
9361,45440,26-02-2021,Refunded
9362,48497,26-02-2022,Payment Successed
9363,74135,04-10-2020,Payment Successed
9364,95509,16-11-2024,Payment Successed
9365,67463,28-06-2020,Payment Successed
9366,73328,14-01-2021,Payment Successed
9367,19033,18-11-2024,Payment Successed
9368,60546,03-06-2022,Payment Successed
9369,95009,05-12-2023,Refunded
9370,88614,03-10-2024,Payment Successed
9371,31999,18-09-2024,Payment Successed
9372,54974,30-10-2022,Failed
9373,72351,28-12-2021,Payment Successed
9374,35608,20-03-2022,Payment Successed
9375,59926,03-02-2022,Payment Successed
9376,42293,18-01-2022,Payment Successed
9377,47099,22-10-2021,Payment Successed
9378,40378,01-03-2021,Payment Successed
9379,71222,05-10-2021,Payment Successed
9380,54888,06-01-2022,Payment Successed
9381,35668,15-02-2021,Payment Successed
9382,19838,28-11-2020,Payment Successed
9383,26633,02-01-2020,Payment Successed
9384,52344,04-12-2020,Payment Successed
9385,92280,11-03-2020,Payment Successed
9386,67903,16-02-2022,Payment Successed
9387,75472,09-05-2023,Payment Successed
9388,49891,27-12-2024,Payment Successed
9389,84897,05-01-2023,Payment Successed
9390,35414,26-09-2021,Payment Successed
9391,23125,09-11-2021,Payment Successed
9392,78026,13-04-2022,Payment Successed
9393,34640,23-04-2023,Payment Successed
9394,16278,26-07-2024,Payment Successed
9395,97496,15-10-2022,Payment Successed
9396,65901,08-12-2024,Payment Successed
9397,21503,25-08-2021,Payment Successed
9398,15774,23-08-2020,Payment Successed
9399,26920,16-11-2020,Payment Successed
9400,29307,12-08-2022,Payment Successed
9401,90809,09-01-2021,Payment Successed
9402,2454,26-08-2023,Payment Successed
9403,59896,08-09-2022,Payment Successed
9404,20096,04-02-2023,Payment Successed
9405,5414,10-03-2020,Payment Successed
9406,35182,16-07-2020,Payment Successed
9407,13177,23-08-2021,Payment Successed
9408,5629,07-05-2021,Payment Successed
9409,65228,18-01-2021,Payment Successed
9410,8264,30-06-2021,Payment Successed
9411,81423,06-01-2023,Payment Successed
9412,11398,09-04-2023,Payment Successed
9413,33078,26-07-2024,Payment Successed
9414,7598,30-09-2023,Payment Successed
9415,8540,18-09-2023,Payment Successed
9416,56099,01-07-2023,Payment Successed
9417,85122,12-10-2021,Payment Successed
9418,94611,01-05-2022,Payment Successed
9419,37962,30-04-2022,Payment Successed
9420,40178,25-10-2020,Refunded
9421,39270,11-01-2022,Payment Successed
9422,99156,28-07-2020,Payment Successed
9423,43884,11-08-2020,Payment Successed
9424,45304,28-11-2021,Payment Successed
9425,79784,24-12-2023,Payment Successed
9426,44438,01-05-2022,Refunded
9427,55221,06-03-2024,Payment Successed
9428,47593,24-09-2023,Payment Successed
9429,87598,22-10-2023,Payment Successed
9430,58032,10-08-2023,Refunded
9431,79023,16-01-2023,Payment Successed
9432,49188,19-08-2021,Refunded
9433,42960,12-12-2024,Payment Successed
9434,34228,06-11-2024,Payment Successed
9435,2952,02-06-2021,Payment Successed
9436,2117,09-10-2022,Payment Successed
9437,74756,04-02-2023,Payment Successed
9438,42182,06-05-2024,Payment Successed
9439,97923,01-11-2023,Payment Successed
9440,85577,10-11-2020,Payment Successed
9441,1303,09-02-2022,Payment Successed
9442,7384,12-10-2023,Payment Successed
9443,81438,08-10-2024,Payment Successed
9444,79717,25-08-2024,Payment Successed
9445,40921,30-10-2022,Payment Successed
9446,50073,07-11-2023,Refunded
9447,99513,26-05-2024,Payment Successed
9448,1342,18-12-2020,Payment Successed
9449,50356,15-03-2023,Payment Successed
9450,18942,15-06-2020,Payment Successed
9451,3526,10-05-2023,Payment Successed
9452,67333,15-04-2021,Payment Successed
9453,14749,27-12-2022,Refunded
9454,1475,16-10-2023,Payment Successed
9455,74096,13-11-2022,Payment Successed
9456,41093,02-06-2022,Failed
9457,60278,25-12-2020,Payment Successed
9458,62604,15-01-2023,Payment Successed
9459,70168,12-09-2023,Payment Successed
9460,76983,20-05-2021,Payment Successed
9461,40508,09-02-2022,Refunded
9462,43613,30-08-2020,Payment Successed
9463,10532,11-04-2022,Refunded
9464,70026,28-12-2020,Payment Successed
9465,58237,17-05-2020,Payment Successed
9466,29355,05-09-2022,Payment Successed
9467,28574,22-08-2021,Refunded
9468,24080,15-02-2022,Failed
9469,44009,30-09-2024,Payment Successed
9470,39898,28-11-2024,Failed
9471,84993,20-06-2021,Payment Successed
9472,15210,03-05-2021,Payment Successed
9473,36156,18-09-2023,Payment Successed
9474,41042,12-02-2024,Payment Successed
9475,75422,24-10-2022,Refunded
9476,87856,26-12-2023,Payment Successed
9477,90142,05-04-2023,Payment Successed
9478,51146,10-08-2022,Payment Successed
9479,29455,08-04-2023,Payment Successed
9480,57456,12-01-2021,Refunded
9481,60038,27-01-2021,Failed
9482,5389,28-05-2021,Payment Successed
9483,25415,12-12-2020,Payment Successed
9484,50861,06-11-2022,Payment Successed
9485,70457,09-08-2024,Payment Successed
9486,14272,03-01-2025,Payment Successed
9487,81405,14-05-2024,Payment Successed
9488,52148,06-05-2024,Refunded
9489,53808,25-10-2024,Payment Successed
9490,95486,13-12-2021,Refunded
9491,69679,21-11-2021,Payment Successed
9492,52348,19-11-2024,Payment Successed
9493,41032,07-07-2021,Payment Successed
9494,81055,23-10-2022,Refunded
9495,35591,25-09-2022,Failed
9496,10005,13-12-2022,Payment Successed
9497,53311,10-12-2020,Payment Successed
9498,42891,01-08-2023,Payment Successed
9499,37890,19-10-2021,Payment Successed
9500,61542,21-07-2024,Payment Successed
9501,68330,23-09-2022,Payment Successed
9502,65595,06-04-2020,Payment Successed
9503,28657,09-12-2024,Payment Successed
9504,10776,31-01-2021,Payment Successed
9505,49076,14-03-2023,Refunded
9506,58166,13-12-2021,Payment Successed
9507,10721,28-07-2024,Payment Successed
9508,8964,12-09-2024,Payment Successed
9509,44982,02-08-2021,Payment Successed
9510,93260,05-06-2022,Refunded
9511,82895,14-12-2021,Payment Successed
9512,6558,11-01-2021,Payment Successed
9513,31210,07-12-2021,Payment Successed
9514,2264,14-03-2022,Payment Successed
9515,93033,11-12-2024,Payment Successed
9516,89183,15-06-2024,Payment Successed
9517,1495,09-04-2023,Payment Successed
9518,12450,10-10-2021,Payment Successed
9519,99285,25-06-2024,Payment Successed
9520,51867,29-10-2021,Payment Successed
9521,22860,20-02-2022,Refunded
9522,71950,08-10-2021,Payment Successed
9523,18770,12-01-2023,Payment Successed
9524,41701,02-10-2024,Payment Successed
9525,13963,26-04-2024,Payment Successed
9526,90928,17-06-2020,Payment Successed
9527,88266,22-03-2023,Payment Successed
9528,7177,14-09-2020,Payment Successed
9529,93882,21-08-2024,Payment Successed
9530,21776,02-03-2022,Payment Successed
9531,15159,26-02-2024,Payment Successed
9532,65337,20-01-2020,Payment Successed
9533,39378,15-12-2024,Payment Successed
9534,13606,01-09-2022,Payment Successed
9535,54950,20-01-2023,Payment Successed
9536,36261,07-09-2023,Refunded
9537,63700,25-07-2020,Payment Successed
9538,74489,03-04-2021,Payment Successed
9539,63515,29-08-2024,Payment Successed
9540,77017,08-01-2024,Payment Successed
9541,46591,26-01-2022,Payment Successed
9542,68070,09-03-2023,Payment Successed
9543,84917,11-07-2022,Refunded
9544,69684,23-11-2024,Payment Successed
9545,42824,02-04-2020,Failed
9546,30840,02-03-2020,Payment Successed
9547,61980,16-02-2023,Payment Successed
9548,87411,07-11-2023,Payment Successed
9549,70472,04-08-2022,Payment Successed
9550,26365,01-02-2021,Payment Successed
9551,54364,31-12-2023,Payment Successed
9552,91957,02-10-2024,Payment Successed
9553,75299,24-09-2021,Failed
9554,92644,25-10-2022,Payment Successed
9555,54476,24-03-2022,Payment Successed
9556,95162,12-12-2022,Payment Successed
9557,49031,07-07-2020,Payment Successed
9558,29777,30-01-2023,Payment Successed
9559,18860,05-01-2023,Refunded
9560,26871,14-04-2021,Payment Successed
9561,34204,07-01-2022,Payment Successed
9562,43487,08-01-2024,Payment Successed
9563,91965,22-12-2022,Payment Successed
9564,92570,20-01-2024,Payment Successed
9565,34602,07-05-2024,Payment Successed
9566,43187,18-02-2021,Payment Successed
9567,19499,21-02-2021,Payment Successed
9568,6262,06-11-2024,Payment Successed
9569,46010,19-03-2022,Payment Successed
9570,93575,11-12-2021,Payment Successed
9571,78125,16-06-2023,Payment Successed
9572,25331,10-06-2024,Payment Successed
9573,82249,23-07-2021,Payment Successed
9574,35737,12-11-2024,Payment Successed
9575,39462,08-05-2020,Payment Successed
9576,30696,27-02-2020,Payment Successed
9577,13563,25-09-2023,Payment Successed
9578,1226,24-08-2021,Payment Successed
9579,77262,30-10-2024,Payment Successed
9580,46183,19-06-2021,Payment Successed
9581,59106,22-06-2021,Payment Successed
9582,26348,01-09-2024,Payment Successed
9583,13393,05-10-2020,Payment Successed
9584,18748,21-12-2024,Payment Successed
9585,77861,08-11-2024,Payment Successed
9586,2577,24-04-2024,Payment Successed
9587,64774,26-12-2021,Payment Successed
9588,65672,03-12-2023,Payment Successed
9589,65309,24-02-2024,Payment Successed
9590,91417,06-11-2021,Payment Successed
9591,21698,16-01-2021,Payment Successed
9592,90331,26-08-2021,Refunded
9593,6460,24-11-2024,Payment Successed
9594,92564,02-09-2022,Payment Successed
9595,68203,16-06-2020,Payment Successed
9596,95992,20-08-2021,Payment Successed
9597,72222,08-08-2022,Payment Successed
9598,59265,09-04-2022,Payment Successed
9599,27205,08-10-2023,Payment Successed
9600,73030,20-07-2020,Refunded
9601,1240,14-01-2020,Payment Successed
9602,73981,08-12-2023,Payment Successed
9603,64644,07-12-2021,Payment Successed
9604,51531,10-09-2024,Payment Successed
9605,3153,20-12-2022,Payment Successed
9606,10435,10-11-2023,Payment Successed
9607,64281,07-04-2023,Payment Successed
9608,83400,18-02-2022,Payment Successed
9609,31149,15-11-2020,Payment Successed
9610,13094,05-01-2020,Payment Successed
9611,22369,18-08-2020,Payment Successed
9612,56442,14-07-2024,Payment Successed
9613,14891,03-03-2021,Failed
9614,40695,30-12-2024,Payment Successed
9615,78232,27-01-2020,Payment Successed
9616,85713,14-01-2021,Payment Successed
9617,88302,02-02-2022,Refunded
9618,15293,23-06-2022,Payment Successed
9619,63242,24-04-2022,Payment Successed
9620,3729,10-11-2021,Payment Successed
9621,82773,01-10-2021,Payment Successed
9622,70559,24-05-2020,Payment Successed
9623,71968,15-07-2023,Payment Successed
9624,25628,03-02-2023,Payment Successed
9625,12740,24-09-2021,Payment Successed
9626,21788,09-01-2020,Payment Successed
9627,42087,20-09-2022,Payment Successed
9628,61218,30-09-2024,Payment Successed
9629,30165,23-10-2020,Refunded
9630,41039,11-12-2023,Payment Successed
9631,20796,03-01-2023,Payment Successed
9632,11392,18-10-2023,Payment Successed
9633,85651,14-11-2020,Payment Successed
9634,53053,29-12-2024,Payment Successed
9635,8056,30-06-2021,Payment Successed
9636,25129,16-02-2023,Payment Successed
9637,13292,27-05-2022,Payment Successed
9638,75452,29-11-2021,Payment Successed
9639,67385,25-02-2021,Payment Successed
9640,6122,18-08-2023,Payment Successed
9641,17225,10-07-2023,Payment Successed
9642,28019,10-04-2020,Payment Successed
9643,88454,16-09-2021,Payment Successed
9644,14065,24-01-2024,Payment Successed
9645,53548,14-09-2021,Payment Successed
9646,53063,17-10-2023,Refunded
9647,29579,11-02-2024,Payment Successed
9648,23412,18-11-2022,Payment Successed
9649,51464,04-06-2024,Payment Successed
9650,43545,25-04-2020,Payment Successed
9651,69235,15-05-2024,Payment Successed
9652,35040,20-01-2020,Payment Successed
9653,89520,10-08-2021,Payment Successed
9654,11445,01-06-2024,Failed
9655,88163,22-08-2024,Payment Successed
9656,85487,27-10-2022,Payment Successed
9657,92034,22-06-2020,Payment Successed
9658,50516,13-07-2020,Payment Successed
9659,44934,16-06-2021,Payment Successed
9660,64780,29-03-2020,Payment Successed
9661,23530,25-10-2023,Refunded
9662,32927,15-09-2021,Payment Successed
9663,77215,30-09-2020,Payment Successed
9664,10240,28-03-2024,Payment Successed
9665,92385,18-09-2024,Payment Successed
9666,76247,22-05-2024,Payment Successed
9667,86761,20-07-2024,Payment Successed
9668,66054,07-04-2020,Payment Successed
9669,62188,08-12-2022,Payment Successed
9670,5569,06-11-2020,Failed
9671,13780,31-12-2024,Failed
9672,56837,13-03-2023,Payment Successed
9673,59407,29-03-2021,Payment Successed
9674,44240,12-02-2024,Payment Successed
9675,73591,01-01-2023,Payment Successed
9676,32741,07-05-2020,Payment Successed
9677,93443,04-03-2023,Payment Successed
9678,9749,13-11-2021,Refunded
9679,29573,21-04-2021,Payment Successed
9680,90518,11-06-2023,Payment Successed
9681,59751,10-09-2021,Payment Successed
9682,94958,24-09-2024,Payment Successed
9683,82968,20-02-2020,Payment Successed
9684,88553,13-11-2023,Refunded
9685,45546,21-06-2020,Payment Successed
9686,67664,15-10-2023,Payment Successed
9687,15166,30-03-2023,Refunded
9688,67299,09-12-2021,Payment Successed
9689,7143,13-03-2021,Payment Successed
9690,65779,13-08-2022,Payment Successed
9691,32859,05-07-2024,Refunded
9692,89572,04-02-2024,Payment Successed
9693,41976,28-07-2022,Payment Successed
9694,48123,26-05-2024,Payment Successed
9695,44480,21-01-2021,Payment Successed
9696,60531,08-11-2023,Payment Successed
9697,58060,12-02-2020,Payment Successed
9698,5790,10-01-2020,Payment Successed
9699,56144,13-08-2022,Payment Successed
9700,77393,18-01-2021,Payment Successed
9701,40295,02-01-2022,Payment Successed
9702,15747,04-05-2023,Payment Successed
9703,13395,25-11-2024,Payment Successed
9704,50412,30-09-2020,Payment Successed
9705,4831,21-02-2021,Payment Successed
9706,47969,09-05-2021,Payment Successed
9707,17424,18-11-2024,Payment Successed
9708,60646,24-08-2022,Payment Successed
9709,92606,28-09-2021,Payment Successed
9710,15723,23-08-2021,Payment Successed
9711,79616,11-03-2024,Payment Successed
9712,89744,15-10-2022,Payment Successed
9713,59846,06-04-2021,Failed
9714,53635,22-02-2024,Payment Successed
9715,38882,07-09-2023,Payment Successed
9716,80813,18-06-2022,Payment Successed
9717,66135,22-07-2020,Payment Successed
9718,45731,05-04-2020,Payment Successed
9719,21324,29-12-2020,Payment Successed
9720,80307,02-07-2020,Payment Successed
9721,69713,14-08-2024,Payment Successed
9722,88090,24-08-2020,Payment Successed
9723,68995,17-04-2024,Payment Successed
9724,18741,10-12-2020,Payment Successed
9725,5137,21-05-2024,Payment Successed
9726,89784,05-03-2022,Payment Successed
9727,95604,09-03-2024,Payment Successed
9728,14077,06-11-2024,Payment Successed
9729,27678,28-05-2020,Payment Successed
9730,11742,17-08-2024,Failed
9731,24019,18-11-2022,Payment Successed
9732,57262,11-05-2021,Payment Successed
9733,10411,09-10-2020,Payment Successed
9734,29454,15-04-2021,Payment Successed
9735,49564,06-06-2021,Payment Successed
9736,8821,25-10-2023,Payment Successed
9737,99898,07-11-2022,Payment Successed
9738,29068,01-07-2020,Payment Successed
9739,99916,13-06-2024,Payment Successed
9740,49244,17-05-2023,Payment Successed
9741,1402,11-11-2024,Payment Successed
9742,20560,16-12-2020,Failed
9743,65447,16-01-2020,Payment Successed
9744,96540,07-10-2021,Payment Successed
9745,43582,25-01-2021,Payment Successed
9746,8768,18-01-2022,Refunded
9747,39425,23-02-2020,Payment Successed
9748,67049,14-03-2023,Payment Successed
9749,96017,21-07-2023,Payment Successed
9750,61531,23-11-2021,Payment Successed
9751,43341,03-04-2020,Failed
9752,36694,01-06-2021,Payment Successed
9753,41586,24-10-2024,Payment Successed
9754,93294,01-08-2020,Payment Successed
9755,38989,21-04-2022,Payment Successed
9756,42751,27-09-2024,Payment Successed
9757,7871,03-08-2021,Payment Successed
9758,96905,21-08-2020,Payment Successed
9759,13281,03-10-2021,Payment Successed
9760,7459,28-12-2022,Refunded
9761,18646,20-12-2023,Payment Successed
9762,55790,28-08-2021,Payment Successed
9763,80833,05-06-2020,Payment Successed
9764,33828,15-11-2022,Payment Successed
9765,33034,22-07-2020,Payment Successed
9766,43972,10-12-2021,Payment Successed
9767,16655,11-05-2020,Payment Successed
9768,53768,07-02-2024,Payment Successed
9769,62148,23-11-2020,Payment Successed
9770,39150,22-12-2023,Payment Successed
9771,76577,04-12-2020,Payment Successed
9772,45126,22-08-2021,Refunded
9773,79052,10-10-2022,Payment Successed
9774,90070,01-06-2021,Payment Successed
9775,60448,15-05-2024,Payment Successed
9776,64483,12-11-2023,Failed
9777,85199,11-01-2020,Payment Successed
9778,61317,13-01-2020,Payment Successed
9779,8004,06-04-2020,Refunded
9780,47240,05-05-2021,Payment Successed
9781,85074,03-01-2022,Payment Successed
9782,6564,22-10-2023,Payment Successed
9783,61422,26-07-2021,Payment Successed
9784,42084,04-01-2022,Payment Successed
9785,53582,26-10-2023,Payment Successed
9786,79412,09-06-2024,Payment Successed
9787,28319,13-05-2021,Payment Successed
9788,29745,04-12-2020,Payment Successed
9789,59681,11-05-2021,Payment Successed
9790,52683,21-08-2021,Payment Successed
9791,82989,11-11-2020,Payment Successed
9792,51377,12-04-2023,Payment Successed
9793,10485,08-04-2021,Payment Successed
9794,77750,13-08-2022,Payment Successed
9795,66499,10-02-2020,Payment Successed
9796,27342,04-04-2022,Payment Successed
9797,94320,03-01-2023,Payment Successed
9798,5182,19-02-2023,Payment Successed
9799,18812,26-04-2022,Payment Successed
9800,72910,24-10-2023,Payment Successed
9801,96020,07-11-2022,Payment Successed
9802,42233,22-10-2020,Payment Successed
9803,47607,12-11-2024,Payment Successed
9804,90290,17-02-2021,Payment Successed
9805,13616,16-01-2020,Payment Successed
9806,6232,30-04-2023,Payment Successed
9807,4142,16-05-2023,Failed
9808,6489,16-10-2020,Payment Successed
9809,84305,15-12-2024,Payment Successed
9810,15021,04-07-2024,Payment Successed
9811,4639,21-06-2024,Payment Successed
9812,79321,18-01-2022,Payment Successed
9813,80142,01-10-2020,Refunded
9814,69114,04-09-2021,Failed
9815,12565,23-09-2020,Payment Successed
9816,2899,26-07-2023,Payment Successed
9817,85700,08-11-2024,Payment Successed
9818,53761,27-02-2022,Payment Successed
9819,15375,18-04-2020,Payment Successed
9820,90722,17-07-2022,Payment Successed
9821,52674,09-01-2023,Payment Successed
9822,33854,26-10-2020,Payment Successed
9823,84303,12-08-2024,Payment Successed
9824,37322,25-09-2024,Payment Successed
9825,85326,21-05-2020,Payment Successed
9826,59710,18-04-2020,Payment Successed
9827,49702,11-07-2024,Payment Successed
9828,33244,30-07-2022,Payment Successed
9829,99126,04-11-2021,Payment Successed
9830,45255,11-06-2022,Payment Successed
9831,49318,20-03-2024,Payment Successed
9832,27935,13-05-2022,Payment Successed
9833,97127,04-11-2021,Payment Successed
9834,64249,06-06-2022,Payment Successed
9835,39286,12-04-2021,Payment Successed
9836,6236,05-01-2022,Payment Successed
9837,61899,29-11-2020,Payment Successed
9838,51689,01-11-2021,Failed
9839,63311,14-04-2021,Payment Successed
9840,63185,29-03-2022,Payment Successed
9841,68708,03-06-2022,Payment Successed
9842,49102,10-10-2022,Payment Successed
9843,70328,01-11-2020,Payment Successed
9844,2611,14-08-2024,Payment Successed
9845,58603,18-10-2021,Payment Successed
9846,71111,13-04-2023,Payment Successed
9847,86230,07-07-2022,Payment Successed
9848,34544,23-12-2020,Payment Successed
9849,93096,09-05-2021,Payment Successed
9850,72620,31-10-2022,Refunded
9851,90170,07-09-2022,Payment Successed
9852,80270,22-06-2023,Payment Successed
9853,47621,28-04-2020,Payment Successed
9854,62448,04-05-2022,Payment Successed
9855,38566,07-04-2021,Payment Successed
9856,78289,25-07-2023,Payment Successed
9857,68981,18-02-2023,Payment Successed
9858,32275,25-09-2022,Payment Successed
9859,57172,07-01-2023,Payment Successed
9860,39950,06-03-2020,Failed
9861,35750,13-06-2020,Payment Successed
9862,38699,14-06-2021,Payment Successed
9863,48700,19-06-2023,Payment Successed
9864,62619,24-11-2024,Payment Successed
9865,25784,27-04-2024,Payment Successed
9866,21109,12-06-2020,Payment Successed
9867,4139,07-08-2022,Payment Successed
9868,50060,03-01-2020,Payment Successed
9869,82077,25-08-2024,Payment Successed
9870,74841,06-10-2020,Payment Successed
9871,36962,30-11-2021,Payment Successed
9872,76057,16-03-2021,Payment Successed
9873,92545,17-05-2021,Payment Successed
9874,51104,12-03-2022,Payment Successed
9875,56613,02-08-2023,Payment Successed
9876,60175,25-06-2021,Payment Successed
9877,29220,17-07-2021,Payment Successed
9878,16009,09-10-2024,Payment Successed
9879,73941,14-11-2020,Payment Successed
9880,62686,01-01-2023,Payment Successed
9881,8832,19-11-2024,Payment Successed
9882,95978,22-02-2024,Payment Successed
9883,50523,11-09-2023,Payment Successed
9884,41515,09-05-2020,Payment Successed
9885,40055,23-09-2023,Payment Successed
9886,27177,15-01-2024,Payment Successed
9887,43915,01-06-2023,Payment Successed
9888,40655,27-06-2022,Payment Successed
9889,34025,22-03-2021,Payment Successed
9890,99144,29-01-2023,Payment Successed
9891,59653,24-03-2024,Payment Successed
9892,12177,06-04-2024,Payment Successed
9893,40387,01-07-2024,Payment Successed
9894,42634,15-07-2022,Payment Successed
9895,14884,27-01-2021,Payment Successed
9896,22758,19-10-2023,Payment Successed
9897,12435,26-09-2024,Payment Successed
9898,19581,12-09-2022,Payment Successed
9899,49210,26-12-2020,Payment Successed
9900,64945,24-03-2020,Payment Successed
9901,97534,06-10-2024,Payment Successed
9902,81403,23-02-2021,Payment Successed
9903,34580,20-12-2024,Payment Successed
9904,59214,21-05-2022,Payment Successed
9905,37047,24-10-2020,Payment Successed
9906,1566,08-04-2022,Payment Successed
9907,98078,28-06-2020,Refunded
9908,93038,28-12-2021,Payment Successed
9909,41808,21-07-2022,Payment Successed
9910,68922,25-06-2024,Payment Successed
9911,8427,03-10-2021,Payment Successed
9912,52484,20-07-2022,Payment Successed
9913,80093,28-03-2024,Payment Successed
9914,91365,15-03-2024,Payment Successed
9915,37049,16-06-2020,Payment Successed
9916,94984,24-05-2024,Payment Successed
9917,97270,08-12-2023,Payment Successed
9918,85026,07-10-2021,Payment Successed
9919,87848,17-11-2020,Payment Successed
9920,60994,15-02-2023,Failed
9921,67399,27-06-2024,Failed
9922,34260,25-05-2021,Payment Successed
9923,18412,08-11-2024,Payment Successed
9924,67879,10-10-2022,Payment Successed
9925,98451,07-04-2022,Payment Successed
9926,93646,21-03-2021,Payment Successed
9927,78510,17-07-2023,Payment Successed
9928,43008,11-10-2023,Payment Successed
9929,95052,20-07-2023,Payment Successed
9930,72082,18-07-2022,Payment Successed
9931,75063,09-04-2023,Payment Successed
9932,23204,17-06-2022,Payment Successed
9933,31596,27-02-2023,Payment Successed
9934,50467,12-09-2020,Payment Successed
9935,87991,30-08-2022,Payment Successed
9936,43007,02-09-2020,Payment Successed
9937,45771,16-07-2022,Payment Successed
9938,54182,25-05-2024,Payment Successed
9939,59316,08-11-2024,Failed
9940,81710,26-11-2023,Payment Successed
9941,57859,30-08-2021,Payment Successed
9942,12726,02-10-2024,Payment Successed
9943,29704,29-08-2020,Payment Successed
9944,61521,28-05-2023,Payment Successed
9945,2787,30-03-2023,Payment Successed
9946,41541,02-06-2023,Refunded
9947,79361,22-07-2024,Refunded
9948,63965,14-04-2022,Payment Successed
9949,84142,07-05-2024,Payment Successed
9950,75999,02-01-2021,Payment Successed
9951,36196,12-11-2021,Payment Successed
9952,27620,15-04-2022,Payment Successed
9953,48443,28-01-2020,Failed
9954,95276,30-10-2022,Payment Successed
9955,96848,07-10-2022,Payment Successed
9956,22329,31-03-2020,Refunded
9957,59518,29-04-2023,Refunded
9958,17666,11-05-2023,Payment Successed
9959,28486,07-05-2020,Payment Successed
9960,18009,09-09-2021,Payment Successed
9961,66835,16-02-2020,Payment Successed
9962,26280,15-06-2024,Payment Successed
9963,8505,15-07-2020,Payment Successed
9964,62773,14-12-2023,Payment Successed
9965,76423,29-01-2020,Payment Successed
9966,6960,24-02-2021,Payment Successed
9967,29971,30-12-2023,Payment Successed
9968,34106,22-01-2023,Payment Successed
9969,35564,11-02-2020,Payment Successed
9970,39155,10-07-2020,Payment Successed
9971,49888,21-10-2020,Payment Successed
9972,63878,13-01-2023,Payment Successed
9973,84551,17-04-2021,Payment Successed
9974,77610,13-03-2024,Payment Successed
9975,22310,11-02-2021,Payment Successed
9976,87467,12-07-2021,Payment Successed
9977,49056,23-11-2022,Payment Successed
9978,96386,10-04-2023,Payment Successed
9979,78088,27-07-2022,Refunded
9980,5167,27-08-2024,Payment Successed
9981,49952,14-04-2022,Payment Successed
9982,43951,17-03-2020,Payment Successed
9983,18997,25-08-2020,Payment Successed
9984,42393,25-05-2022,Failed
9985,57343,31-03-2021,Payment Successed
9986,16404,09-04-2023,Payment Successed
9987,60720,19-02-2021,Payment Successed
9988,57261,06-07-2023,Payment Successed
9989,38287,17-04-2020,Payment Successed
9990,61226,14-12-2022,Payment Successed
9991,92432,01-10-2022,Payment Successed
9992,61770,13-03-2020,Refunded
9993,49459,18-01-2020,Payment Successed
9994,23375,29-06-2023,Payment Successed
9995,18230,03-12-2023,Payment Successed
9996,66249,08-01-2024,Payment Successed
9997,55673,12-06-2022,Payment Successed
9998,76841,01-08-2021,Payment Successed
9999,3624,04-03-2023,Refunded
10000,17896,17-06-2022,Payment Successed
10001,78070,31-12-2020,Payment Successed
10002,54704,30-01-2020,Payment Successed
10003,32883,12-08-2021,Payment Successed
10004,50157,25-10-2022,Payment Successed
10005,35260,27-12-2023,Payment Successed
10006,75262,25-05-2024,Payment Successed
10007,61567,03-11-2022,Payment Successed
10008,37806,25-10-2020,Payment Successed
10009,94226,25-02-2020,Payment Successed
10010,45294,21-03-2021,Payment Successed
10011,24367,10-02-2021,Refunded
10012,51555,09-09-2023,Payment Successed
10013,81208,13-10-2021,Payment Successed
10014,55554,18-07-2024,Payment Successed
10015,56115,12-03-2023,Refunded
10016,49721,05-06-2024,Failed
10017,95016,02-09-2024,Refunded
10018,87093,24-03-2022,Payment Successed
10019,79861,10-12-2022,Payment Successed
10020,11812,23-09-2023,Refunded
10021,27137,03-11-2023,Payment Successed
10022,36152,23-02-2020,Payment Successed
10023,96252,13-02-2024,Payment Successed
10024,72906,21-02-2021,Payment Successed
10025,47373,07-03-2020,Payment Successed
10026,37726,25-04-2022,Payment Successed
10027,91271,18-05-2024,Payment Successed
10028,12723,19-05-2023,Payment Successed
10029,75430,24-01-2021,Payment Successed
10030,55178,05-11-2024,Payment Successed
10031,2703,22-12-2021,Payment Successed
10032,73476,18-03-2021,Payment Successed
10033,52950,21-03-2021,Payment Successed
10034,74564,15-04-2020,Payment Successed
10035,33895,31-08-2020,Payment Successed
10036,38034,28-07-2022,Payment Successed
10037,82625,03-07-2023,Payment Successed
10038,49281,16-01-2020,Payment Successed
10039,4991,25-03-2022,Payment Successed
10040,2594,17-02-2020,Payment Successed
10041,25592,01-12-2024,Failed
10042,64491,03-05-2021,Payment Successed
10043,93739,01-06-2023,Payment Successed
10044,9486,13-08-2020,Payment Successed
10045,37743,01-08-2021,Refunded
10046,35559,13-07-2020,Payment Successed
10047,92688,02-02-2024,Payment Successed
10048,91502,12-04-2020,Payment Successed
10049,28637,06-08-2021,Payment Successed
10050,60034,12-04-2023,Payment Successed
10051,16551,25-02-2022,Payment Successed
10052,79434,12-11-2023,Payment Successed
10053,97020,30-10-2022,Payment Successed
10054,99503,23-11-2021,Payment Successed
10055,6709,02-06-2021,Payment Successed
10056,60614,20-08-2020,Payment Successed
10057,74034,21-04-2022,Payment Successed
10058,12401,13-02-2024,Payment Successed
10059,7037,06-08-2024,Payment Successed
10060,73744,13-10-2023,Payment Successed
10061,40774,18-12-2020,Payment Successed
10062,4361,24-08-2024,Refunded
10063,15601,22-04-2024,Payment Successed
10064,80834,04-08-2024,Payment Successed
10065,7397,28-05-2023,Payment Successed
10066,8224,06-09-2020,Payment Successed
10067,14126,14-02-2024,Payment Successed
10068,19341,18-10-2020,Payment Successed
10069,74092,17-02-2020,Payment Successed
10070,65424,19-04-2024,Payment Successed
10071,45780,07-11-2024,Payment Successed
10072,43992,25-03-2024,Payment Successed
10073,50377,06-05-2020,Payment Successed
10074,4053,05-08-2022,Payment Successed
10075,19279,31-03-2020,Payment Successed
10076,15441,01-12-2020,Payment Successed
10077,45978,08-08-2023,Payment Successed
10078,12940,16-02-2021,Payment Successed
10079,75238,24-02-2020,Payment Successed
10080,16575,19-05-2024,Failed
10081,59541,20-02-2020,Payment Successed
10082,53213,11-04-2024,Payment Successed
10083,72490,24-11-2023,Payment Successed
10084,91111,22-02-2023,Refunded
10085,82288,11-11-2023,Payment Successed
10086,70460,29-08-2021,Payment Successed
10087,26995,22-10-2020,Payment Successed
10088,58112,09-12-2024,Payment Successed
10089,42912,12-05-2022,Payment Successed
10090,29200,29-09-2021,Payment Successed
10091,85795,27-01-2023,Payment Successed
10092,13097,01-10-2022,Payment Successed
10093,40903,22-06-2022,Payment Successed
10094,95208,07-07-2020,Payment Successed
10095,19972,20-06-2023,Payment Successed
10096,62024,22-10-2022,Payment Successed
10097,90845,01-11-2024,Payment Successed
10098,70852,11-04-2021,Payment Successed
10099,55893,24-06-2022,Payment Successed
10100,61815,14-11-2020,Payment Successed
10101,42649,08-11-2024,Payment Successed
10102,61558,30-04-2023,Payment Successed
10103,25091,19-08-2021,Payment Successed
10104,22686,09-10-2020,Payment Successed
10105,3602,14-01-2023,Payment Successed
10106,65597,28-03-2024,Refunded
10107,22764,08-11-2024,Payment Successed
10108,73341,23-04-2023,Payment Successed
10109,70848,15-06-2021,Payment Successed
10110,43233,25-09-2024,Payment Successed
10111,43226,10-06-2024,Payment Successed
10112,37809,13-10-2023,Payment Successed
10113,60397,09-10-2022,Payment Successed
10114,35902,25-12-2023,Payment Successed
10115,48996,20-02-2021,Payment Successed
10116,22757,21-09-2021,Payment Successed
10117,41732,24-04-2023,Refunded
10118,77228,06-12-2023,Payment Successed
10119,20609,09-04-2020,Payment Successed
10120,98518,31-01-2020,Failed
10121,14573,27-07-2024,Payment Successed
10122,74205,04-06-2021,Payment Successed
10123,16998,26-12-2023,Refunded
10124,57408,21-01-2020,Payment Successed
10125,19529,09-05-2022,Payment Successed
10126,84373,21-05-2024,Payment Successed
10127,82283,05-05-2022,Payment Successed
10128,53473,08-10-2024,Payment Successed
10129,57202,10-05-2023,Payment Successed
10130,24792,14-09-2022,Payment Successed
10131,79277,17-04-2023,Payment Successed
10132,62886,10-02-2020,Refunded
10133,7793,29-09-2021,Payment Successed
10134,7419,15-07-2020,Payment Successed
10135,79349,15-05-2022,Payment Successed
10136,60852,03-01-2025,Payment Successed
10137,67652,21-03-2020,Payment Successed
10138,89926,15-04-2023,Payment Successed
10139,10063,19-07-2021,Payment Successed
10140,43415,10-06-2021,Payment Successed
10141,2755,24-05-2024,Payment Successed
10142,47861,12-08-2020,Payment Successed
10143,63454,13-04-2022,Payment Successed
10144,58350,17-02-2024,Payment Successed
10145,8074,17-07-2023,Payment Successed
10146,2378,21-01-2023,Refunded
10147,64837,07-05-2024,Payment Successed
10148,67856,21-10-2024,Payment Successed
10149,49977,04-06-2024,Payment Successed
10150,66215,04-11-2024,Payment Successed
10151,59984,26-01-2021,Payment Successed
10152,86611,12-01-2024,Payment Successed
10153,67123,23-10-2024,Payment Successed
10154,54075,20-01-2023,Payment Successed
10155,89749,31-12-2024,Payment Successed
10156,71026,10-05-2022,Payment Successed
10157,45388,20-10-2020,Payment Successed
10158,2874,29-12-2020,Payment Successed
10159,17629,05-06-2024,Payment Successed
10160,83380,23-09-2020,Payment Successed
10161,50604,16-09-2022,Payment Successed
10162,93983,17-06-2021,Payment Successed
10163,6858,09-03-2020,Payment Successed
10164,35504,20-10-2023,Payment Successed
10165,69748,25-10-2024,Payment Successed
10166,40520,25-12-2023,Payment Successed
10167,65547,04-09-2024,Payment Successed
10168,68970,09-08-2020,Payment Successed
10169,69066,24-10-2021,Payment Successed
10170,25577,31-01-2021,Payment Successed
10171,10851,28-10-2023,Payment Successed
10172,7126,06-01-2020,Payment Successed
10173,80520,18-06-2023,Payment Successed
10174,36203,16-10-2021,Payment Successed
10175,13954,21-03-2023,Payment Successed
10176,99556,18-04-2020,Payment Successed
10177,77036,09-06-2022,Payment Successed
10178,11292,26-07-2023,Payment Successed
10179,79750,04-02-2023,Payment Successed
10180,63937,18-12-2023,Payment Successed
10181,97293,05-02-2023,Payment Successed
10182,54238,11-03-2024,Payment Successed
10183,77759,12-03-2024,Payment Successed
10184,17764,17-05-2021,Payment Successed
10185,38728,14-03-2021,Payment Successed
10186,67603,21-08-2022,Payment Successed
10187,16687,27-07-2021,Payment Successed
10188,61137,14-07-2020,Payment Successed
10189,19430,14-06-2024,Payment Successed
10190,31724,01-09-2020,Payment Successed
10191,28971,30-10-2021,Payment Successed
10192,89817,25-10-2023,Payment Successed
10193,55388,08-07-2020,Payment Successed
10194,14163,23-11-2023,Payment Successed
10195,19035,26-12-2020,Payment Successed
10196,3401,07-05-2023,Payment Successed
10197,73616,16-01-2024,Payment Successed
10198,49549,28-04-2023,Payment Successed
10199,18818,20-11-2020,Payment Successed
10200,77105,20-07-2021,Payment Successed
10201,70810,29-04-2020,Payment Successed
10202,93481,22-04-2023,Failed
10203,95387,19-12-2020,Payment Successed
10204,67999,10-10-2024,Payment Successed
10205,75783,09-02-2023,Payment Successed
10206,72512,02-12-2021,Payment Successed
10207,81910,18-04-2022,Payment Successed
10208,38596,20-09-2023,Payment Successed
10209,66053,12-06-2022,Payment Successed
10210,55849,11-12-2021,Payment Successed
10211,59974,22-07-2024,Payment Successed
10212,59702,18-12-2024,Payment Successed
10213,65431,19-06-2021,Payment Successed
10214,59024,13-11-2023,Payment Successed
10215,38872,06-09-2022,Payment Successed
10216,52785,12-07-2024,Payment Successed
10217,77332,25-11-2022,Payment Successed
10218,19154,30-05-2024,Payment Successed
10219,30561,14-11-2022,Payment Successed
10220,95902,17-06-2022,Payment Successed
10221,55439,26-08-2023,Payment Successed
10222,76914,06-01-2020,Payment Successed
10223,38703,18-06-2020,Payment Successed
10224,5002,19-02-2022,Payment Successed
10225,12672,27-08-2024,Payment Successed
10226,75509,11-08-2020,Payment Successed
10227,93542,03-07-2024,Payment Successed
10228,11788,17-08-2021,Payment Successed
10229,51378,26-08-2023,Payment Successed
10230,55879,09-05-2020,Payment Successed
10231,86436,24-08-2020,Payment Successed
10232,52948,30-06-2024,Payment Successed
10233,15191,24-06-2024,Payment Successed
10234,48110,21-12-2023,Payment Successed
10235,97412,24-07-2020,Payment Successed
10236,92118,18-06-2021,Payment Successed
10237,76445,09-10-2020,Payment Successed
10238,90949,25-02-2023,Refunded
10239,76938,15-09-2022,Payment Successed
10240,26146,17-05-2022,Payment Successed
10241,3771,18-04-2023,Payment Successed
10242,58124,13-10-2024,Payment Successed
10243,74024,01-10-2021,Payment Successed
10244,93052,03-04-2022,Payment Successed
10245,11667,28-02-2022,Payment Successed
10246,58163,28-02-2023,Payment Successed
10247,71614,03-09-2022,Payment Successed
10248,70278,22-01-2021,Payment Successed
10249,3898,17-03-2022,Payment Successed
10250,73142,09-01-2021,Payment Successed
10251,55803,27-02-2024,Refunded
10252,58492,11-08-2024,Payment Successed
10253,4235,13-07-2023,Payment Successed
10254,27236,26-01-2021,Payment Successed
10255,56218,12-03-2020,Payment Successed
10256,99829,13-12-2023,Payment Successed
10257,97644,24-12-2024,Payment Successed
10258,75630,16-04-2020,Payment Successed
10259,2836,09-11-2021,Payment Successed
10260,69407,18-04-2021,Payment Successed
10261,29959,16-11-2022,Refunded
10262,19420,28-11-2021,Payment Successed
10263,26368,13-12-2022,Payment Successed
10264,78641,25-09-2020,Payment Successed
10265,41037,29-03-2022,Payment Successed
10266,4625,09-10-2024,Payment Successed
10267,47862,05-03-2024,Payment Successed
10268,51437,09-11-2023,Payment Successed
10269,92753,07-03-2023,Payment Successed
10270,23560,15-02-2023,Failed
10271,42411,04-11-2020,Payment Successed
10272,24904,25-08-2021,Payment Successed
10273,73599,12-12-2023,Payment Successed
10274,21072,14-02-2020,Payment Successed
10275,4393,07-11-2022,Payment Successed
10276,34324,21-09-2022,Payment Successed
10277,29618,28-01-2022,Payment Successed
10278,40064,22-01-2021,Payment Successed
10279,15605,29-09-2021,Payment Successed
10280,43058,20-11-2021,Payment Successed
10281,58933,03-09-2023,Payment Successed
10282,43382,03-08-2023,Payment Successed
10283,47062,30-04-2020,Payment Successed
10284,70533,14-06-2024,Payment Successed
10285,24580,08-06-2024,Payment Successed
10286,14086,31-07-2024,Refunded
10287,33722,18-07-2024,Payment Successed
10288,99849,08-05-2023,Payment Successed
10289,17363,24-02-2023,Payment Successed
10290,88256,20-06-2024,Payment Successed
10291,21458,17-11-2023,Payment Successed
10292,84654,15-02-2024,Payment Successed
10293,69011,02-05-2020,Payment Successed
10294,89428,09-01-2020,Refunded
10295,67044,07-11-2021,Payment Successed
10296,26438,28-01-2021,Payment Successed
10297,67700,01-03-2024,Payment Successed
10298,35228,15-04-2020,Payment Successed
10299,36162,31-03-2022,Payment Successed
10300,95686,04-06-2022,Payment Successed
10301,52562,09-10-2021,Payment Successed
10302,34676,06-10-2022,Payment Successed
10303,13506,01-07-2024,Payment Successed
10304,68487,19-12-2020,Payment Successed
10305,48992,10-08-2021,Payment Successed
10306,74188,24-01-2022,Payment Successed
10307,88009,21-08-2023,Payment Successed
10308,90066,14-06-2020,Payment Successed
10309,26519,16-01-2024,Payment Successed
10310,85789,30-05-2022,Payment Successed
10311,91014,19-06-2022,Payment Successed
10312,94165,22-04-2023,Payment Successed
10313,61234,24-02-2024,Payment Successed
10314,58859,08-11-2021,Payment Successed
10315,16916,06-05-2022,Refunded
10316,69950,17-06-2020,Payment Successed
10317,27581,01-02-2022,Payment Successed
10318,9331,14-08-2020,Payment Successed
10319,37471,22-02-2023,Payment Successed
10320,51890,21-03-2020,Payment Successed
10321,35093,31-12-2022,Payment Successed
10322,15810,02-04-2023,Payment Successed
10323,48614,16-05-2021,Payment Successed
10324,7353,01-01-2022,Payment Successed
10325,39408,04-03-2020,Payment Successed
10326,4054,09-02-2021,Payment Successed
10327,40238,11-07-2020,Payment Successed
10328,98545,13-07-2020,Payment Successed
10329,23935,28-03-2022,Payment Successed
10330,10015,07-06-2024,Payment Successed
10331,13722,13-11-2022,Failed
10332,51298,20-09-2020,Payment Successed
10333,2912,13-09-2023,Payment Successed
10334,18038,19-07-2020,Payment Successed
10335,73554,30-12-2021,Payment Successed
10336,20111,25-07-2022,Payment Successed
10337,27884,14-04-2024,Failed
10338,52364,17-05-2024,Payment Successed
10339,27736,30-10-2023,Refunded
10340,6622,02-08-2020,Payment Successed
10341,79655,17-10-2021,Payment Successed
10342,45199,03-05-2022,Payment Successed
10343,86724,07-09-2024,Payment Successed
10344,37787,24-01-2024,Payment Successed
10345,76533,14-05-2020,Payment Successed
10346,78902,13-01-2023,Payment Successed
10347,60400,19-07-2024,Payment Successed
10348,69159,14-11-2023,Payment Successed
10349,54965,29-04-2024,Payment Successed
10350,12211,22-07-2020,Payment Successed
10351,21424,06-05-2020,Payment Successed
10352,99991,04-02-2020,Payment Successed
10353,56993,19-12-2021,Payment Successed
10354,52654,30-12-2020,Payment Successed
10355,91200,28-10-2021,Payment Successed
10356,34533,17-03-2022,Payment Successed
10357,39778,05-05-2024,Payment Successed
10358,16688,27-08-2023,Payment Successed
10359,95164,14-12-2023,Payment Successed
10360,21334,14-10-2020,Payment Successed
10361,51990,29-11-2023,Payment Successed
10362,83329,27-01-2021,Failed
10363,42754,20-04-2021,Payment Successed
10364,99295,30-12-2023,Payment Successed
10365,42717,30-09-2022,Payment Successed
10366,40216,07-12-2022,Payment Successed
10367,49657,26-07-2021,Payment Successed
10368,98288,02-12-2021,Payment Successed
10369,98266,17-07-2023,Payment Successed
10370,31809,13-12-2023,Refunded
10371,87412,12-06-2020,Refunded
10372,44846,07-10-2023,Payment Successed
10373,97347,21-04-2021,Payment Successed
10374,52949,26-12-2021,Payment Successed
10375,89241,08-06-2020,Payment Successed
10376,91823,29-12-2023,Payment Successed
10377,44997,03-03-2023,Payment Successed
10378,12824,18-11-2022,Payment Successed
10379,83199,29-07-2020,Payment Successed
10380,66995,29-12-2023,Payment Successed
10381,18495,02-04-2020,Payment Successed
10382,60005,06-10-2022,Payment Successed
10383,31087,03-04-2020,Failed
10384,47990,25-03-2024,Failed
10385,13931,27-02-2024,Payment Successed
10386,86878,25-11-2022,Payment Successed
10387,71522,13-03-2024,Payment Successed
10388,56119,21-08-2020,Payment Successed
10389,30146,11-09-2023,Payment Successed
10390,88789,02-10-2021,Payment Successed
10391,42881,22-08-2024,Payment Successed
10392,91930,07-07-2024,Payment Successed
10393,41552,12-08-2020,Payment Successed
10394,92323,21-12-2024,Payment Successed
10395,66479,03-07-2021,Payment Successed
10396,74027,12-03-2021,Payment Successed
10397,63629,27-08-2023,Payment Successed
10398,22475,28-06-2024,Payment Successed
10399,36804,06-10-2022,Payment Successed
10400,58885,21-06-2023,Payment Successed
10401,11450,26-01-2024,Payment Successed
10402,50620,25-06-2020,Payment Successed
10403,37865,19-10-2024,Refunded
10404,52879,07-05-2023,Payment Successed
10405,63841,10-10-2020,Payment Successed
10406,1747,16-01-2023,Refunded
10407,34043,15-03-2022,Failed
10408,65847,25-12-2022,Refunded
10409,17486,08-04-2024,Refunded
10410,57504,12-12-2023,Payment Successed
10411,38784,13-08-2022,Payment Successed
10412,16111,02-10-2021,Payment Successed
10413,64049,14-06-2023,Payment Successed
10414,30826,24-05-2022,Payment Successed
10415,78357,17-09-2024,Payment Successed
10416,19254,16-08-2023,Payment Successed
10417,52805,14-12-2021,Payment Successed
10418,78710,24-01-2023,Refunded
10419,62928,23-10-2021,Payment Successed
10420,96215,19-05-2023,Payment Successed
10421,44346,10-09-2023,Payment Successed
10422,15353,05-12-2024,Payment Successed
10423,39044,28-05-2023,Payment Successed
10424,94352,29-02-2020,Payment Successed
10425,77613,14-06-2021,Payment Successed
10426,23079,27-01-2020,Payment Successed
10427,32860,14-10-2020,Payment Successed
10428,98103,13-10-2023,Payment Successed
10429,2877,17-03-2020,Payment Successed
10430,44786,06-02-2020,Payment Successed
10431,86231,31-10-2024,Payment Successed
10432,59665,24-11-2021,Payment Successed
10433,91675,30-08-2023,Payment Successed
10434,6376,26-12-2021,Payment Successed
10435,11059,01-10-2024,Failed
10436,54478,14-08-2024,Payment Successed
10437,48917,02-08-2023,Failed
10438,11263,11-03-2022,Payment Successed
10439,54407,03-07-2020,Refunded
10440,26929,27-08-2020,Payment Successed
10441,91629,12-07-2022,Failed
10442,82504,08-07-2022,Payment Successed
10443,11974,02-06-2020,Failed
10444,5471,03-07-2023,Payment Successed
10445,40065,31-05-2023,Payment Successed
10446,54729,11-01-2022,Payment Successed
10447,25999,31-05-2024,Payment Successed
10448,79441,19-06-2020,Payment Successed
10449,59704,28-01-2022,Payment Successed
10450,73266,25-08-2022,Payment Successed
10451,67377,23-05-2022,Payment Successed
10452,18236,20-05-2022,Payment Successed
10453,95462,05-08-2022,Payment Successed
10454,21096,13-04-2023,Payment Successed
10455,59857,12-02-2020,Payment Successed
10456,73553,25-05-2022,Payment Successed
10457,96657,28-04-2022,Payment Successed
10458,7682,07-10-2022,Payment Successed
10459,12629,05-09-2022,Payment Successed
10460,86354,17-05-2021,Payment Successed
10461,65919,29-07-2021,Payment Successed
10462,69440,17-04-2020,Failed
10463,38486,07-03-2022,Payment Successed
10464,68380,30-04-2024,Payment Successed
10465,7207,08-01-2021,Payment Successed
10466,87397,14-04-2023,Payment Successed
10467,65378,12-08-2022,Payment Successed
10468,39654,28-07-2022,Payment Successed
10469,38416,26-06-2022,Payment Successed
10470,31740,21-03-2024,Payment Successed
10471,93362,23-11-2022,Payment Successed
10472,87859,08-12-2024,Payment Successed
10473,68112,04-05-2021,Refunded
10474,9678,01-03-2022,Payment Successed
10475,3026,26-05-2022,Payment Successed
10476,41897,23-11-2023,Failed
10477,44061,14-07-2023,Payment Successed
10478,5504,05-02-2023,Refunded
10479,8249,26-06-2020,Payment Successed
10480,54187,31-01-2024,Payment Successed
10481,98332,24-05-2023,Failed
10482,3447,22-08-2022,Payment Successed
10483,88014,01-07-2022,Payment Successed
10484,33935,18-02-2022,Payment Successed
10485,69938,20-10-2021,Payment Successed
10486,23683,17-03-2023,Refunded
10487,71337,03-12-2022,Payment Successed
10488,85430,10-08-2023,Payment Successed
10489,70665,13-01-2022,Payment Successed
10490,40048,20-09-2020,Payment Successed
10491,33153,30-01-2021,Payment Successed
10492,10310,01-06-2021,Payment Successed
10493,63704,26-12-2020,Payment Successed
10494,28988,06-12-2022,Payment Successed
10495,53069,06-09-2024,Payment Successed
10496,48229,12-09-2022,Payment Successed
10497,76672,27-05-2021,Payment Successed
10498,60563,25-09-2024,Payment Successed
10499,93301,28-06-2024,Payment Successed
10500,17585,03-04-2024,Payment Successed
10501,3425,11-02-2021,Payment Successed
10502,49114,19-07-2021,Payment Successed
10503,25101,01-07-2021,Refunded
10504,96078,26-08-2020,Payment Successed
10505,60872,03-10-2020,Payment Successed
10506,72609,10-08-2024,Refunded
10507,66361,13-12-2023,Payment Successed
10508,62107,15-05-2020,Payment Successed
10509,7346,09-02-2020,Payment Successed
10510,49718,21-06-2020,Payment Successed
10511,20167,07-03-2022,Payment Successed
10512,21719,01-05-2022,Payment Successed
10513,79504,11-01-2020,Payment Successed
10514,90625,25-01-2020,Payment Successed
10515,84816,31-07-2024,Refunded
10516,72460,30-10-2022,Payment Successed
10517,11189,07-12-2024,Payment Successed
10518,92178,11-09-2023,Refunded
10519,16930,11-05-2021,Payment Successed
10520,43679,18-06-2020,Payment Successed
10521,87636,05-06-2023,Payment Successed
10522,34759,23-03-2022,Payment Successed
10523,1880,13-12-2023,Payment Successed
10524,64124,16-10-2024,Payment Successed
10525,92729,12-06-2024,Payment Successed
10526,15896,09-08-2024,Payment Successed
10527,89174,12-04-2020,Payment Successed
10528,65780,17-08-2021,Payment Successed
10529,6056,01-12-2023,Payment Successed
10530,15754,24-09-2021,Payment Successed
10531,60376,06-10-2024,Payment Successed
10532,76832,23-05-2021,Payment Successed
10533,68263,28-04-2023,Payment Successed
10534,63227,03-02-2024,Payment Successed
10535,7628,22-05-2022,Payment Successed
10536,10077,21-08-2021,Payment Successed
10537,19287,16-03-2023,Refunded
10538,68900,31-10-2020,Payment Successed
10539,74530,15-07-2024,Payment Successed
10540,12415,30-10-2020,Payment Successed
10541,69639,09-12-2020,Payment Successed
10542,26760,03-09-2021,Payment Successed
10543,29880,03-01-2022,Payment Successed
10544,69682,11-06-2023,Payment Successed
10545,33354,22-05-2023,Payment Successed
10546,44192,09-05-2020,Payment Successed
10547,69814,03-08-2020,Payment Successed
10548,36098,20-09-2022,Payment Successed
10549,44361,23-05-2024,Payment Successed
10550,4580,06-03-2023,Payment Successed
10551,1627,20-03-2023,Payment Successed
10552,29158,30-07-2022,Payment Successed
10553,99210,03-02-2021,Payment Successed
10554,70547,27-09-2020,Payment Successed
10555,38983,11-07-2023,Payment Successed
10556,96435,25-04-2023,Payment Successed
10557,26564,25-11-2023,Refunded
10558,54261,08-02-2024,Payment Successed
10559,78038,02-03-2020,Payment Successed
10560,8503,03-12-2021,Payment Successed
10561,28549,05-11-2024,Refunded
10562,59955,21-04-2023,Payment Successed
10563,22838,09-11-2023,Payment Successed
10564,71788,30-06-2021,Payment Successed
10565,44310,20-10-2024,Payment Successed
10566,41304,15-07-2022,Payment Successed
10567,24624,24-01-2020,Payment Successed
10568,74872,17-07-2023,Payment Successed
10569,37020,30-12-2020,Payment Successed
10570,85938,08-12-2023,Payment Successed
10571,83706,11-06-2021,Payment Successed
10572,4212,20-06-2024,Payment Successed
10573,11536,19-11-2021,Payment Successed
10574,45898,14-10-2021,Payment Successed
10575,95677,26-01-2021,Payment Successed
10576,85935,23-12-2024,Refunded
10577,43457,02-12-2023,Payment Successed
10578,30729,22-08-2020,Payment Successed
10579,36237,15-05-2024,Payment Successed
10580,55668,22-09-2023,Payment Successed
10581,77471,05-12-2024,Payment Successed
10582,34644,19-02-2021,Payment Successed
10583,16578,22-07-2020,Payment Successed
10584,25896,17-06-2020,Refunded
10585,19579,17-09-2024,Payment Successed
10586,3338,12-08-2021,Payment Successed
10587,37758,24-10-2020,Payment Successed
10588,5047,28-08-2021,Payment Successed
10589,20477,10-09-2023,Payment Successed
10590,73448,02-01-2022,Payment Successed
10591,70070,05-11-2023,Payment Successed
10592,18851,23-03-2021,Payment Successed
10593,47278,13-03-2022,Payment Successed
10594,10958,11-03-2023,Payment Successed
10595,13437,11-03-2024,Payment Successed
10596,63251,14-07-2022,Payment Successed
10597,61870,05-10-2022,Payment Successed
10598,93157,16-02-2023,Payment Successed
10599,37059,23-11-2022,Payment Successed
10600,33018,11-07-2023,Refunded
10601,24335,26-03-2020,Refunded
10602,10269,23-10-2023,Payment Successed
10603,3593,22-03-2024,Payment Successed
10604,33020,23-09-2020,Payment Successed
10605,55460,23-07-2023,Payment Successed
10606,17019,26-11-2023,Payment Successed
10607,99581,13-10-2022,Payment Successed
10608,63974,12-07-2023,Payment Successed
10609,39398,27-09-2020,Payment Successed
10610,50669,21-02-2020,Payment Successed
10611,57065,02-10-2024,Payment Successed
10612,18103,14-09-2023,Payment Successed
10613,95731,17-02-2022,Payment Successed
10614,86810,22-12-2020,Payment Successed
10615,8073,20-02-2023,Payment Successed
10616,82144,16-03-2022,Payment Successed
10617,81258,13-01-2022,Payment Successed
10618,27957,05-09-2020,Refunded
10619,38679,09-01-2021,Payment Successed
10620,86156,15-11-2022,Payment Successed
10621,71480,12-04-2021,Payment Successed
10622,92673,05-10-2022,Payment Successed
10623,67285,15-12-2024,Payment Successed
10624,37681,27-03-2022,Payment Successed
10625,3775,30-11-2023,Payment Successed
10626,4385,11-06-2024,Payment Successed
10627,43897,25-04-2022,Payment Successed
10628,73614,17-08-2021,Payment Successed
10629,14385,07-11-2021,Payment Successed
10630,54728,06-07-2020,Payment Successed
10631,2145,26-01-2020,Payment Successed
10632,78517,22-09-2020,Payment Successed
10633,48381,07-04-2020,Payment Successed
10634,43920,06-06-2020,Payment Successed
10635,36106,08-01-2022,Payment Successed
10636,32888,04-11-2023,Payment Successed
10637,84082,31-12-2023,Payment Successed
10638,29221,16-11-2022,Payment Successed
10639,63047,21-05-2024,Refunded
10640,61302,04-08-2023,Payment Successed
10641,28591,06-07-2022,Payment Successed
10642,53429,24-03-2021,Payment Successed
10643,59058,28-10-2024,Payment Successed
10644,90368,14-09-2023,Payment Successed
10645,70448,04-04-2024,Failed
10646,45235,30-12-2024,Payment Successed
10647,46960,03-10-2020,Payment Successed
10648,18393,09-04-2022,Payment Successed
10649,46610,17-12-2021,Refunded
10650,91871,06-05-2021,Payment Successed
10651,78224,14-12-2023,Payment Successed
10652,91757,05-02-2022,Payment Successed
10653,97134,25-06-2021,Payment Successed
10654,40423,01-06-2020,Payment Successed
10655,20579,06-03-2020,Refunded
10656,98351,27-12-2021,Payment Successed
10657,30419,09-06-2022,Payment Successed
10658,38389,04-12-2020,Payment Successed
10659,3133,24-02-2023,Payment Successed
10660,88864,25-09-2020,Payment Successed
10661,9748,01-05-2022,Payment Successed
10662,65229,16-11-2020,Payment Successed
10663,91766,14-08-2022,Payment Successed
10664,14985,17-05-2022,Payment Successed
10665,45590,07-06-2023,Payment Successed
10666,88612,17-07-2022,Refunded
10667,93266,03-07-2021,Payment Successed
10668,60115,20-05-2021,Payment Successed
10669,5001,28-05-2022,Payment Successed
10670,30005,13-04-2020,Payment Successed
10671,22443,23-06-2020,Failed
10672,23009,18-06-2022,Payment Successed
10673,12818,24-07-2024,Payment Successed
10674,28034,21-11-2020,Payment Successed
10675,56842,19-08-2021,Payment Successed
10676,22302,12-02-2022,Refunded
10677,69955,16-02-2021,Payment Successed
10678,22351,21-02-2024,Payment Successed
10679,34371,02-01-2024,Payment Successed
10680,44066,11-12-2023,Payment Successed
10681,35083,29-11-2023,Payment Successed
10682,23722,07-12-2022,Payment Successed
10683,20961,01-11-2021,Payment Successed
10684,78533,02-02-2021,Payment Successed
10685,47273,16-02-2024,Payment Successed
10686,91380,03-06-2024,Payment Successed
10687,45884,11-04-2023,Payment Successed
10688,31181,29-06-2023,Payment Successed
10689,30563,21-10-2024,Payment Successed
10690,68624,10-06-2022,Payment Successed
10691,43247,07-05-2023,Payment Successed
10692,99756,05-12-2022,Refunded
10693,88154,02-12-2021,Payment Successed
10694,13513,24-06-2021,Payment Successed
10695,57169,27-09-2022,Payment Successed
10696,36245,08-01-2023,Payment Successed
10697,22873,17-08-2024,Payment Successed
10698,91071,27-10-2021,Payment Successed
10699,4175,20-04-2020,Payment Successed
10700,2452,26-02-2020,Payment Successed
10701,91970,08-07-2020,Payment Successed
10702,70562,14-09-2020,Payment Successed
10703,90841,29-04-2020,Payment Successed
10704,95790,12-04-2022,Payment Successed
10705,18082,04-01-2020,Refunded
10706,52107,09-08-2022,Failed
10707,6686,07-04-2021,Payment Successed
10708,16768,16-11-2023,Payment Successed
10709,61435,29-09-2020,Payment Successed
10710,31896,12-06-2022,Payment Successed
10711,9566,24-10-2023,Payment Successed
10712,73194,27-07-2023,Refunded
10713,64689,23-11-2023,Payment Successed
10714,66356,19-05-2022,Failed
10715,76304,16-05-2021,Payment Successed
10716,71475,04-08-2021,Payment Successed
10717,16596,13-08-2021,Payment Successed
10718,44854,16-10-2023,Payment Successed
10719,95871,27-01-2022,Payment Successed
10720,26317,03-08-2021,Payment Successed
10721,54470,27-11-2022,Payment Successed
10722,81431,15-05-2022,Payment Successed
10723,58043,01-06-2020,Payment Successed
10724,25614,04-11-2022,Payment Successed
10725,55703,25-03-2023,Payment Successed
10726,99646,20-01-2024,Payment Successed
10727,99225,10-03-2020,Refunded
10728,8980,05-03-2023,Payment Successed
10729,4565,24-11-2024,Refunded
10730,84849,07-09-2023,Payment Successed
10731,94534,24-10-2024,Payment Successed
10732,80938,19-06-2022,Payment Successed
10733,44323,28-06-2023,Payment Successed
10734,3209,29-08-2022,Payment Successed
10735,50309,30-04-2021,Refunded
10736,9899,01-02-2021,Payment Successed
10737,11310,19-10-2022,Payment Successed
10738,30679,12-03-2020,Payment Successed
10739,40962,08-03-2020,Payment Successed
10740,4192,07-09-2024,Payment Successed
10741,86381,04-08-2020,Payment Successed
10742,73331,15-10-2024,Payment Successed
10743,77907,26-11-2020,Payment Successed
10744,75397,07-02-2023,Payment Successed
10745,99925,08-09-2023,Payment Successed
10746,5257,16-03-2023,Payment Successed
10747,61235,06-11-2023,Refunded
10748,36418,02-04-2021,Payment Successed
10749,26969,17-10-2020,Payment Successed
10750,81326,01-10-2022,Refunded
10751,4277,27-09-2021,Payment Successed
10752,54810,21-02-2022,Payment Successed
10753,10562,09-05-2024,Payment Successed
10754,68732,02-05-2024,Payment Successed
10755,36926,19-07-2022,Payment Successed
10756,15347,20-01-2021,Payment Successed
10757,25340,02-12-2022,Payment Successed
10758,4995,31-03-2024,Payment Successed
10759,47615,25-01-2021,Payment Successed
10760,44152,29-09-2023,Payment Successed
10761,59673,14-03-2024,Payment Successed
10762,55158,11-04-2020,Payment Successed
10763,45744,24-01-2022,Payment Successed
10764,95706,13-07-2023,Payment Successed
10765,52968,20-02-2024,Payment Successed
10766,42687,10-04-2020,Failed
10767,79159,09-07-2024,Payment Successed
10768,65674,22-03-2021,Payment Successed
10769,75480,05-08-2023,Payment Successed
10770,68597,28-08-2024,Payment Successed
10771,8386,21-07-2023,Payment Successed
10772,51001,01-10-2022,Payment Successed
10773,50605,29-11-2023,Payment Successed
10774,56739,07-04-2024,Payment Successed
10775,40307,09-12-2022,Payment Successed
10776,21899,02-07-2022,Payment Successed
10777,88826,02-12-2024,Payment Successed
10778,87203,31-01-2020,Payment Successed
10779,28993,17-02-2022,Payment Successed
10780,70455,22-05-2024,Payment Successed
10781,72581,04-08-2020,Payment Successed
10782,83614,07-12-2024,Payment Successed
10783,17548,07-08-2021,Payment Successed
10784,7146,01-04-2022,Payment Successed
10785,17522,19-02-2024,Payment Successed
10786,17803,26-04-2021,Payment Successed
10787,84243,08-11-2021,Payment Successed
10788,78207,03-03-2024,Payment Successed
10789,27380,23-08-2021,Payment Successed
10790,73505,20-03-2022,Payment Successed
10791,72241,17-03-2021,Payment Successed
10792,48359,11-08-2024,Payment Successed
10793,51794,27-12-2024,Payment Successed
10794,58175,18-01-2023,Payment Successed
10795,19710,19-11-2022,Payment Successed
10796,54477,28-12-2021,Payment Successed
10797,29139,27-12-2020,Payment Successed
10798,39947,01-02-2021,Payment Successed
10799,26284,20-06-2022,Payment Successed
10800,8289,14-01-2024,Payment Successed
10801,57595,27-11-2021,Payment Successed
10802,50464,07-09-2020,Payment Successed
10803,85343,30-11-2020,Payment Successed
10804,92956,28-11-2024,Refunded
10805,25191,04-12-2020,Payment Successed
10806,68108,05-12-2024,Payment Successed
10807,88853,04-12-2023,Payment Successed
10808,85575,08-10-2020,Payment Successed
10809,88745,05-12-2024,Payment Successed
10810,26660,07-11-2023,Payment Successed
10811,84927,22-04-2024,Payment Successed
10812,88354,29-05-2020,Payment Successed
10813,32242,13-04-2021,Payment Successed
10814,66860,21-09-2021,Payment Successed
10815,78037,25-01-2022,Payment Successed
10816,8271,10-08-2020,Payment Successed
10817,90932,04-12-2024,Refunded
10818,27997,30-12-2022,Payment Successed
10819,51101,17-10-2021,Payment Successed
10820,44570,13-08-2022,Payment Successed
10821,88756,08-04-2020,Payment Successed
10822,78085,22-12-2020,Payment Successed
10823,23119,22-10-2023,Payment Successed
10824,29973,28-04-2020,Failed
10825,52214,28-07-2020,Payment Successed
10826,26068,20-09-2021,Payment Successed
10827,60912,19-12-2021,Payment Successed
10828,85549,29-08-2024,Payment Successed
10829,89297,07-08-2024,Payment Successed
10830,13445,09-02-2022,Payment Successed
10831,52834,09-12-2020,Refunded
10832,41648,10-02-2024,Payment Successed
10833,8775,01-04-2023,Payment Successed
10834,82100,26-05-2023,Payment Successed
10835,18682,10-05-2021,Payment Successed
10836,26543,08-12-2023,Payment Successed
10837,12751,02-11-2022,Payment Successed
10838,74220,08-04-2020,Payment Successed
10839,4141,25-11-2023,Payment Successed
10840,72049,04-04-2023,Payment Successed
10841,94158,29-08-2023,Payment Successed
10842,1090,20-09-2021,Payment Successed
10843,65351,27-01-2021,Payment Successed
10844,43038,20-07-2022,Payment Successed
10845,52617,26-04-2021,Payment Successed
10846,85889,25-05-2020,Payment Successed
10847,4182,16-05-2024,Payment Successed
10848,56885,02-01-2024,Payment Successed
10849,32756,02-11-2023,Payment Successed
10850,33546,10-09-2022,Payment Successed
10851,54311,08-02-2020,Payment Successed
10852,95133,18-11-2023,Payment Successed
10853,91397,05-07-2021,Payment Successed
10854,94264,11-07-2020,Payment Successed
10855,93823,13-09-2021,Payment Successed
10856,48428,02-01-2022,Payment Successed
10857,4440,14-11-2021,Failed
10858,57168,26-03-2020,Payment Successed
10859,50820,18-01-2024,Payment Successed
10860,80821,12-02-2022,Payment Successed
10861,66563,03-05-2020,Payment Successed
10862,88752,24-10-2022,Payment Successed
10863,98388,29-12-2020,Payment Successed
10864,5290,26-08-2020,Payment Successed
10865,45324,27-03-2023,Payment Successed
10866,60227,22-04-2023,Payment Successed
10867,91030,04-01-2023,Payment Successed
10868,88010,13-10-2023,Payment Successed
10869,38823,26-04-2023,Payment Successed
10870,58855,14-09-2024,Payment Successed
10871,61399,16-09-2024,Payment Successed
10872,75515,04-06-2024,Payment Successed
10873,26668,04-09-2023,Payment Successed
10874,73960,12-12-2023,Payment Successed
10875,14485,10-11-2023,Payment Successed
10876,82982,16-10-2021,Payment Successed
10877,74744,05-03-2020,Payment Successed
10878,64787,13-12-2020,Payment Successed
10879,71762,16-09-2024,Payment Successed
10880,44636,03-07-2020,Payment Successed
10881,86016,17-09-2023,Payment Successed
10882,72038,04-02-2021,Payment Successed
10883,67219,02-03-2024,Payment Successed
10884,46716,03-06-2021,Payment Successed
10885,67606,09-10-2021,Payment Successed
10886,76510,27-11-2023,Payment Successed
10887,87789,24-01-2020,Payment Successed
10888,78443,14-11-2022,Payment Successed
10889,9030,13-12-2022,Payment Successed
10890,60897,07-09-2023,Payment Successed
10891,55594,22-10-2021,Payment Successed
10892,22679,07-11-2022,Payment Successed
10893,1875,12-08-2020,Payment Successed
10894,69643,01-01-2024,Payment Successed
10895,10667,23-06-2020,Payment Successed
10896,86234,25-04-2020,Payment Successed
10897,38961,07-02-2024,Payment Successed
10898,48766,03-03-2021,Payment Successed
10899,44387,17-03-2020,Payment Successed
10900,55783,17-07-2022,Payment Successed
10901,24642,24-02-2021,Payment Successed
10902,95765,22-09-2021,Failed
10903,78776,06-08-2023,Payment Successed
10904,45091,26-04-2024,Payment Successed
10905,38083,08-01-2023,Payment Successed
10906,80070,28-03-2022,Payment Successed
10907,83186,12-02-2020,Payment Successed
10908,46217,16-09-2020,Payment Successed
10909,36036,30-06-2023,Payment Successed
10910,93171,15-06-2020,Payment Successed
10911,93566,07-02-2022,Payment Successed
10912,79194,08-01-2022,Payment Successed
10913,58564,18-07-2022,Payment Successed
10914,50416,20-05-2022,Payment Successed
10915,54588,04-12-2020,Payment Successed
10916,13619,21-12-2021,Payment Successed
10917,82045,18-11-2023,Payment Successed
10918,84548,17-07-2023,Refunded
10919,1487,24-06-2024,Payment Successed
10920,7499,09-05-2021,Payment Successed
10921,42735,24-03-2023,Payment Successed
10922,44139,14-07-2021,Payment Successed
10923,3021,31-08-2021,Payment Successed
10924,21402,25-04-2023,Payment Successed
10925,81969,20-10-2020,Payment Successed
10926,6488,09-05-2024,Payment Successed
10927,97916,29-12-2024,Payment Successed
10928,53645,14-01-2020,Payment Successed
10929,16143,29-09-2024,Failed
10930,90374,24-03-2022,Payment Successed
10931,2870,12-03-2022,Payment Successed
10932,94935,24-02-2021,Payment Successed
10933,36947,22-11-2023,Payment Successed
10934,86080,09-12-2022,Payment Successed
10935,4002,17-12-2024,Payment Successed
10936,88489,14-11-2021,Payment Successed
10937,92455,14-08-2024,Payment Successed
10938,33812,01-01-2021,Payment Successed
10939,48850,01-06-2024,Payment Successed
10940,74976,15-09-2022,Payment Successed
10941,13414,08-10-2020,Payment Successed
10942,42311,24-11-2022,Payment Successed
10943,13397,10-02-2020,Payment Successed
10944,18858,08-10-2024,Payment Successed
10945,61142,13-11-2023,Payment Successed
10946,28543,13-10-2023,Payment Successed
10947,80242,22-02-2022,Payment Successed
10948,37881,28-05-2024,Payment Successed
10949,89815,14-01-2023,Refunded
10950,6076,15-07-2023,Failed
10951,13011,13-01-2023,Payment Successed
10952,10677,10-03-2021,Payment Successed
10953,15417,15-08-2022,Payment Successed
10954,96251,04-05-2023,Payment Successed
10955,72250,30-11-2024,Payment Successed
10956,26709,18-12-2020,Payment Successed
10957,35184,18-05-2023,Refunded
10958,67485,07-11-2022,Payment Successed
10959,28181,27-05-2020,Refunded
10960,67234,01-10-2024,Payment Successed
10961,96758,18-04-2023,Payment Successed
10962,68770,01-11-2022,Payment Successed
10963,53274,23-04-2020,Failed
10964,90691,29-03-2022,Payment Successed
10965,43461,28-08-2023,Payment Successed
10966,14517,28-09-2022,Payment Successed
10967,30838,11-09-2023,Payment Successed
10968,60370,10-10-2022,Payment Successed
10969,55194,12-07-2023,Payment Successed
10970,65571,31-01-2024,Payment Successed
10971,78554,25-04-2023,Payment Successed
10972,23739,06-12-2022,Refunded
10973,30790,21-01-2020,Payment Successed
10974,60826,20-04-2023,Payment Successed
10975,26364,23-05-2023,Payment Successed
10976,55689,03-03-2024,Payment Successed
10977,67766,20-04-2022,Payment Successed
10978,47770,15-04-2024,Payment Successed
10979,53108,29-04-2022,Payment Successed
10980,18819,01-10-2024,Payment Successed
10981,74671,20-12-2021,Payment Successed
10982,56193,22-08-2022,Refunded
10983,29462,20-01-2022,Payment Successed
10984,4007,01-06-2021,Payment Successed
10985,27089,05-02-2021,Payment Successed
10986,34852,21-09-2022,Payment Successed
10987,71677,17-04-2023,Payment Successed
10988,17544,28-09-2023,Payment Successed
10989,44284,24-12-2023,Payment Successed
10990,1428,05-03-2021,Payment Successed
10991,81302,27-10-2024,Payment Successed
10992,15563,10-04-2022,Payment Successed
10993,74815,21-03-2021,Payment Successed
10994,27717,07-05-2021,Payment Successed
10995,92305,09-06-2022,Failed
10996,55430,08-04-2023,Refunded
10997,24818,02-06-2024,Payment Successed
10998,74643,11-11-2020,Payment Successed
10999,85466,14-04-2021,Payment Successed
11000,22343,21-05-2023,Payment Successed
11001,86079,02-05-2020,Payment Successed
11002,60432,10-10-2023,Payment Successed
11003,16449,23-04-2024,Payment Successed
11004,1990,04-05-2021,Payment Successed
11005,6582,16-03-2023,Failed
11006,54951,04-01-2023,Payment Successed
11007,36183,02-08-2022,Payment Successed
11008,5361,07-11-2021,Payment Successed
11009,30187,06-05-2021,Payment Successed
11010,14108,15-08-2022,Payment Successed
11011,40398,06-08-2024,Payment Successed
11012,98409,07-07-2020,Payment Successed
11013,61251,25-11-2022,Payment Successed
11014,53327,08-05-2023,Payment Successed
11015,11759,01-05-2022,Refunded
11016,90654,16-06-2020,Payment Successed
11017,45429,08-11-2020,Payment Successed
11018,14071,24-07-2022,Payment Successed
11019,72083,24-03-2020,Payment Successed
11020,53721,01-05-2021,Payment Successed
11021,46545,27-10-2022,Payment Successed
11022,93650,21-11-2021,Payment Successed
11023,23462,22-04-2021,Payment Successed
11024,23624,10-04-2023,Payment Successed
11025,15524,15-05-2023,Payment Successed
11026,28037,23-08-2021,Payment Successed
11027,86141,08-12-2020,Payment Successed
11028,2073,15-11-2021,Payment Successed
11029,69862,17-10-2021,Payment Successed
11030,67807,13-12-2020,Payment Successed
11031,21066,10-12-2020,Payment Successed
11032,77971,21-02-2022,Payment Successed
11033,8893,03-01-2020,Payment Successed
11034,44695,20-04-2020,Payment Successed
11035,54067,11-02-2024,Payment Successed
11036,43702,17-09-2022,Payment Successed
11037,96095,13-01-2020,Payment Successed
11038,49554,08-12-2021,Payment Successed
11039,75694,19-06-2020,Payment Successed
11040,64522,09-03-2020,Payment Successed
11041,54501,27-07-2023,Payment Successed
11042,30480,16-12-2021,Payment Successed
11043,6013,18-11-2022,Payment Successed
11044,60321,31-08-2023,Payment Successed
11045,31531,07-05-2024,Refunded
11046,33320,03-12-2020,Payment Successed
11047,68868,09-08-2022,Payment Successed
11048,92286,14-06-2022,Refunded
11049,43948,08-04-2022,Payment Successed
11050,25207,19-05-2024,Payment Successed
11051,55282,03-07-2021,Payment Successed
11052,4864,07-11-2023,Payment Successed
11053,39797,11-07-2021,Payment Successed
11054,32903,19-06-2023,Payment Successed
11055,34734,08-11-2024,Payment Successed
11056,7218,13-07-2024,Payment Successed
11057,66663,19-03-2024,Payment Successed
11058,9739,14-02-2020,Payment Successed
11059,26786,10-06-2020,Refunded
11060,58497,19-07-2022,Payment Successed
11061,22520,24-09-2024,Refunded
11062,9229,26-10-2024,Payment Successed
11063,25441,22-08-2023,Payment Successed
11064,30954,08-08-2024,Payment Successed
11065,97198,18-11-2023,Payment Successed
11066,62449,28-06-2020,Payment Successed
11067,25343,11-12-2021,Payment Successed
11068,16488,19-07-2022,Failed
11069,92267,04-10-2022,Refunded
11070,27167,04-08-2020,Payment Successed
11071,64071,13-06-2023,Payment Successed
11072,1152,07-12-2023,Payment Successed
11073,87531,13-02-2021,Payment Successed
11074,82328,24-04-2023,Payment Successed
11075,62469,22-10-2020,Payment Successed
11076,15773,26-03-2021,Failed
11077,95378,04-02-2023,Payment Successed
11078,91586,24-12-2024,Payment Successed
11079,23691,03-05-2023,Payment Successed
11080,81098,06-09-2021,Failed
11081,10057,22-07-2021,Payment Successed
11082,7726,04-12-2024,Refunded
11083,98259,24-07-2020,Payment Successed
11084,68383,19-03-2022,Payment Successed
11085,75134,19-11-2023,Payment Successed
11086,3191,20-12-2020,Payment Successed
11087,12725,19-05-2021,Payment Successed
11088,90510,16-11-2021,Payment Successed
11089,91141,06-04-2023,Payment Successed
11090,1471,30-09-2024,Payment Successed
11091,15609,25-02-2024,Payment Successed
11092,36677,23-09-2021,Payment Successed
11093,10499,01-10-2022,Payment Successed
11094,5080,17-07-2021,Payment Successed
11095,30114,17-11-2021,Payment Successed
11096,77391,24-02-2021,Payment Successed
11097,67932,16-01-2022,Payment Successed
11098,86478,16-07-2023,Payment Successed
11099,84560,10-02-2020,Payment Successed
11100,39291,16-02-2024,Payment Successed
11101,10596,14-08-2022,Payment Successed
11102,61771,18-03-2023,Payment Successed
11103,88755,18-12-2021,Payment Successed
11104,77044,29-03-2024,Payment Successed
11105,99831,01-08-2020,Payment Successed
11106,18145,22-01-2021,Payment Successed
11107,97936,30-12-2021,Payment Successed
11108,81948,28-02-2024,Payment Successed
11109,21863,05-03-2021,Payment Successed
11110,20403,30-12-2024,Payment Successed
11111,84092,18-01-2022,Payment Successed
11112,47344,29-10-2023,Payment Successed
11113,75466,06-11-2021,Payment Successed
11114,75043,23-08-2020,Payment Successed
11115,41698,15-02-2024,Payment Successed
11116,12017,13-04-2023,Payment Successed
11117,52850,20-11-2022,Refunded
11118,93927,03-07-2022,Payment Successed
11119,80681,21-06-2021,Refunded
11120,79340,15-09-2022,Payment Successed
11121,97066,25-11-2020,Payment Successed
11122,10202,17-04-2021,Payment Successed
11123,92628,13-10-2024,Payment Successed
11124,27014,02-07-2020,Payment Successed
11125,56194,27-10-2021,Payment Successed
11126,90726,14-05-2020,Payment Successed
11127,87672,28-01-2021,Payment Successed
11128,43854,08-11-2023,Failed
11129,3905,20-06-2021,Failed
11130,23524,18-11-2020,Payment Successed
11131,10326,15-03-2023,Payment Successed
11132,75327,02-04-2024,Payment Successed
11133,68291,17-11-2024,Payment Successed
11134,47291,06-07-2020,Payment Successed
11135,50397,07-06-2021,Payment Successed
11136,12338,07-11-2022,Payment Successed
11137,69790,30-08-2021,Payment Successed
11138,46921,01-03-2020,Payment Successed
11139,23010,06-05-2023,Payment Successed
11140,11959,29-10-2023,Payment Successed
11141,47605,06-02-2021,Payment Successed
11142,82480,04-07-2021,Payment Successed
11143,89255,27-08-2022,Payment Successed
11144,75869,07-06-2022,Payment Successed
11145,28251,04-01-2024,Payment Successed
11146,82014,20-12-2021,Payment Successed
11147,25496,03-05-2022,Payment Successed
11148,49527,22-09-2023,Failed
11149,14714,10-07-2022,Payment Successed
11150,40959,04-11-2022,Refunded
11151,91571,10-05-2024,Refunded
11152,11361,31-08-2024,Payment Successed
11153,78021,01-08-2024,Payment Successed
11154,17525,11-03-2022,Payment Successed
11155,51577,16-08-2024,Refunded
11156,98925,22-10-2023,Payment Successed
11157,13271,08-04-2021,Refunded
11158,20610,09-04-2021,Payment Successed
11159,58030,30-09-2024,Payment Successed
11160,31952,23-03-2021,Refunded
11161,94124,19-12-2023,Payment Successed
11162,49273,09-08-2024,Payment Successed
11163,1017,15-01-2023,Payment Successed
11164,4370,18-10-2023,Payment Successed
11165,85134,15-11-2024,Payment Successed
11166,68318,10-05-2023,Payment Successed
11167,16105,17-11-2021,Refunded
11168,59596,22-06-2022,Payment Successed
11169,89470,13-12-2022,Payment Successed
11170,77923,27-04-2021,Payment Successed
11171,88643,17-11-2023,Payment Successed
11172,8973,27-02-2024,Payment Successed
11173,81100,15-02-2022,Payment Successed
11174,31184,23-06-2021,Payment Successed
11175,3864,03-04-2022,Payment Successed
11176,4790,06-02-2022,Payment Successed
11177,20622,30-09-2021,Payment Successed
11178,20386,06-10-2022,Refunded
11179,5436,19-12-2022,Payment Successed
11180,13243,02-07-2021,Payment Successed
11181,33346,20-08-2024,Payment Successed
11182,80219,01-12-2023,Payment Successed
11183,35449,07-08-2022,Payment Successed
11184,75843,29-12-2022,Payment Successed
11185,73250,24-05-2023,Payment Successed
11186,35013,16-05-2024,Payment Successed
11187,21655,18-10-2020,Payment Successed
11188,33094,19-05-2024,Payment Successed
11189,93807,16-05-2020,Payment Successed
11190,22389,10-07-2023,Payment Successed
11191,34719,22-10-2020,Refunded
11192,50775,24-12-2022,Payment Successed
11193,87662,21-03-2023,Payment Successed
11194,94198,23-07-2020,Payment Successed
11195,78989,27-04-2020,Payment Successed
11196,17524,30-07-2022,Failed
11197,61714,29-12-2022,Payment Successed
11198,99006,18-04-2022,Payment Successed
11199,41778,08-11-2023,Payment Successed
11200,78617,19-05-2020,Payment Successed
11201,23450,13-06-2020,Payment Successed
11202,60867,08-12-2020,Payment Successed
11203,58783,15-02-2021,Payment Successed
11204,77472,06-07-2022,Payment Successed
11205,77439,08-06-2023,Refunded
11206,74551,03-07-2021,Payment Successed
11207,66454,04-11-2022,Payment Successed
11208,89435,20-09-2024,Payment Successed
11209,28148,16-11-2021,Payment Successed
11210,44690,28-02-2020,Payment Successed
11211,80760,04-12-2024,Payment Successed
11212,15033,26-09-2024,Payment Successed
11213,96888,29-09-2020,Payment Successed
11214,31289,24-06-2023,Payment Successed
11215,94795,27-01-2022,Payment Successed
11216,89790,21-02-2023,Payment Successed
11217,74635,19-11-2020,Payment Successed
11218,62357,21-01-2022,Payment Successed
11219,23310,23-06-2021,Payment Successed
11220,50291,30-03-2022,Payment Successed
11221,23830,31-03-2023,Failed
11222,28277,26-12-2021,Payment Successed
11223,34222,19-08-2021,Payment Successed
11224,52374,17-11-2024,Payment Successed
11225,87472,05-04-2023,Payment Successed
11226,88446,26-09-2020,Payment Successed
11227,27907,02-09-2020,Payment Successed
11228,30334,17-11-2024,Payment Successed
11229,84169,01-12-2022,Payment Successed
11230,25148,22-10-2022,Payment Successed
11231,56159,27-10-2020,Payment Successed
11232,97591,15-01-2020,Refunded
11233,31072,17-08-2020,Payment Successed
11234,35244,28-11-2021,Payment Successed
11235,88557,11-01-2024,Payment Successed
11236,29175,21-04-2022,Payment Successed
11237,8801,10-11-2020,Payment Successed
11238,73449,15-02-2022,Payment Successed
11239,63287,16-12-2022,Payment Successed
11240,24660,28-09-2023,Failed
11241,81075,26-01-2022,Payment Successed
11242,19461,07-03-2020,Payment Successed
11243,13995,01-06-2023,Payment Successed
11244,15985,24-07-2020,Payment Successed
11245,63213,20-07-2020,Payment Successed
11246,53909,14-10-2023,Payment Successed
11247,43493,14-02-2020,Payment Successed
11248,38990,19-01-2023,Payment Successed
11249,15075,15-09-2024,Payment Successed
11250,39264,04-04-2020,Payment Successed
11251,90222,15-10-2024,Payment Successed
11252,38017,18-03-2021,Payment Successed
11253,88449,19-03-2020,Payment Successed
11254,94564,17-05-2021,Payment Successed
11255,31046,05-11-2023,Payment Successed
11256,71293,08-05-2020,Payment Successed
11257,63094,17-11-2021,Failed
11258,52218,26-06-2023,Payment Successed
11259,29332,31-12-2023,Payment Successed
11260,35848,10-01-2024,Payment Successed
11261,97886,08-10-2023,Payment Successed
11262,95638,14-12-2024,Payment Successed
11263,51663,15-08-2021,Payment Successed
11264,22080,24-04-2024,Payment Successed
11265,57062,23-02-2023,Payment Successed
11266,61081,11-01-2022,Payment Successed
11267,54373,29-07-2020,Payment Successed
11268,1156,10-03-2020,Payment Successed
11269,77466,30-06-2020,Payment Successed
11270,39314,30-06-2024,Payment Successed
11271,93424,09-04-2022,Payment Successed
11272,61929,20-11-2023,Payment Successed
11273,69115,01-01-2021,Payment Successed
11274,52014,01-05-2021,Payment Successed
11275,9997,19-09-2022,Payment Successed
11276,21195,21-10-2024,Payment Successed
11277,61496,02-04-2022,Payment Successed
11278,83015,15-07-2024,Payment Successed
11279,48404,21-11-2023,Payment Successed
11280,91626,12-06-2023,Payment Successed
11281,62810,20-04-2020,Payment Successed
11282,83219,09-10-2021,Payment Successed
11283,26022,14-04-2020,Payment Successed
11284,95577,06-06-2023,Payment Successed
11285,50592,20-02-2024,Payment Successed
11286,82590,25-07-2023,Payment Successed
11287,44857,09-05-2020,Refunded
11288,39243,15-03-2020,Payment Successed
11289,44560,30-04-2020,Failed
11290,44746,26-07-2024,Payment Successed
11291,71694,27-04-2021,Payment Successed
11292,40163,10-08-2024,Payment Successed
11293,58161,26-10-2022,Payment Successed
11294,95573,10-12-2023,Payment Successed
11295,80854,23-07-2024,Payment Successed
11296,59646,19-07-2023,Payment Successed
11297,84481,16-05-2021,Payment Successed
11298,85603,24-12-2023,Payment Successed
11299,89425,21-02-2020,Payment Successed
11300,90018,11-08-2023,Payment Successed
11301,70017,08-08-2020,Refunded
11302,29884,11-03-2020,Payment Successed
11303,63903,14-04-2023,Refunded
11304,98955,15-10-2021,Payment Successed
11305,33728,26-01-2021,Payment Successed
11306,79281,16-05-2020,Payment Successed
11307,13811,04-09-2023,Payment Successed
11308,64660,10-05-2022,Payment Successed
11309,72830,03-09-2023,Payment Successed
11310,40440,15-06-2024,Payment Successed
11311,1649,26-01-2021,Payment Successed
11312,89868,12-03-2020,Payment Successed
11313,97024,11-12-2024,Payment Successed
11314,83070,26-12-2022,Payment Successed
11315,11434,13-12-2021,Failed
11316,14096,19-02-2022,Payment Successed
11317,57550,29-06-2023,Payment Successed
11318,37238,09-06-2021,Payment Successed
11319,2989,19-11-2021,Payment Successed
11320,67675,24-01-2024,Payment Successed
11321,46783,21-11-2022,Payment Successed
11322,24482,06-10-2020,Payment Successed
11323,98831,14-08-2020,Payment Successed
11324,78346,08-09-2021,Payment Successed
11325,47965,27-05-2020,Payment Successed
11326,99224,03-09-2020,Payment Successed
11327,89519,09-10-2020,Failed
11328,20152,05-12-2022,Payment Successed
11329,38737,06-05-2024,Payment Successed
11330,46695,10-09-2024,Payment Successed
11331,44687,10-10-2023,Payment Successed
11332,30377,23-08-2023,Payment Successed
11333,97835,18-08-2021,Payment Successed
11334,38183,04-03-2022,Payment Successed
11335,35024,05-06-2020,Payment Successed
11336,94205,03-06-2023,Payment Successed
11337,18794,13-04-2024,Payment Successed
11338,46952,11-10-2021,Payment Successed
11339,4040,26-11-2024,Payment Successed
11340,85840,03-07-2022,Payment Successed
11341,27131,24-11-2020,Payment Successed
11342,36010,29-04-2021,Failed
11343,78939,15-11-2020,Payment Successed
11344,4873,14-05-2023,Payment Successed
11345,71954,25-01-2023,Payment Successed
11346,30300,01-08-2024,Payment Successed
11347,12594,10-04-2024,Payment Successed
11348,28495,31-12-2020,Payment Successed
11349,8940,15-06-2020,Payment Successed
11350,96519,11-05-2023,Payment Successed
11351,75483,22-07-2021,Payment Successed
11352,60000,13-03-2021,Payment Successed
11353,73547,15-06-2020,Payment Successed
11354,49271,01-10-2023,Failed
11355,43068,08-01-2023,Payment Successed
11356,42899,07-05-2021,Payment Successed
11357,46848,15-07-2020,Payment Successed
11358,57187,28-04-2024,Payment Successed
11359,63239,17-01-2022,Payment Successed
11360,39557,28-07-2023,Payment Successed
11361,61367,19-05-2020,Payment Successed
11362,41404,22-04-2020,Payment Successed
11363,88698,13-09-2024,Payment Successed
11364,50227,26-10-2023,Payment Successed
11365,84817,02-09-2023,Payment Successed
11366,47940,08-09-2023,Payment Successed
11367,91437,02-04-2021,Payment Successed
11368,36630,23-09-2021,Payment Successed
11369,71009,25-11-2021,Payment Successed
11370,34923,15-12-2024,Refunded
11371,80344,30-10-2022,Payment Successed
11372,6234,05-12-2022,Payment Successed
11373,70903,31-05-2021,Payment Successed
11374,84941,19-01-2021,Payment Successed
11375,17369,01-01-2023,Payment Successed
11376,32740,07-05-2020,Payment Successed
11377,32407,19-02-2023,Failed
11378,1111,18-02-2021,Refunded
11379,84588,17-12-2020,Payment Successed
11380,23599,13-06-2022,Payment Successed
11381,64991,29-08-2020,Payment Successed
11382,22003,13-06-2023,Payment Successed
11383,26035,07-03-2022,Payment Successed
11384,61510,31-05-2021,Payment Successed
11385,90894,21-03-2022,Payment Successed
11386,30347,30-12-2023,Failed
11387,67496,07-03-2021,Payment Successed
11388,42309,20-10-2023,Payment Successed
11389,19623,27-01-2024,Payment Successed
11390,20377,24-03-2022,Payment Successed
11391,14531,25-08-2022,Payment Successed
11392,61487,01-08-2021,Payment Successed
11393,81546,30-05-2021,Payment Successed
11394,13321,16-04-2024,Payment Successed
11395,50777,11-04-2023,Payment Successed
11396,6895,18-06-2022,Payment Successed
11397,38887,23-01-2022,Payment Successed
11398,4965,23-09-2021,Payment Successed
11399,39691,28-02-2020,Payment Successed
11400,3030,12-07-2023,Failed
11401,98478,13-07-2024,Payment Successed
11402,15409,04-07-2022,Failed
11403,83915,20-11-2023,Payment Successed
11404,87922,23-01-2023,Payment Successed
11405,80486,14-02-2022,Payment Successed
11406,37497,26-04-2020,Payment Successed
11407,81295,25-06-2020,Payment Successed
11408,43749,20-07-2023,Payment Successed
11409,4926,09-11-2023,Payment Successed
11410,36481,14-11-2020,Payment Successed
11411,81427,03-07-2024,Payment Successed
11412,25961,01-03-2022,Refunded
11413,4977,25-07-2021,Payment Successed
11414,50456,02-08-2021,Payment Successed
11415,87536,10-04-2021,Payment Successed
11416,65277,14-10-2021,Payment Successed
11417,39164,30-10-2021,Refunded
11418,92841,07-05-2023,Payment Successed
11419,20034,20-11-2023,Refunded
11420,77210,14-02-2023,Payment Successed
11421,95899,25-10-2020,Payment Successed
11422,31161,28-03-2023,Payment Successed
11423,38390,24-05-2022,Payment Successed
11424,16738,25-04-2022,Payment Successed
11425,68185,16-08-2022,Payment Successed
11426,87348,11-06-2023,Payment Successed
11427,28876,09-05-2020,Payment Successed
11428,96518,27-10-2024,Payment Successed
11429,30971,09-12-2023,Payment Successed
11430,82085,05-07-2022,Refunded
11431,13892,11-11-2020,Payment Successed
11432,32871,30-12-2021,Payment Successed
11433,67719,21-02-2023,Payment Successed
11434,34792,24-06-2022,Payment Successed
11435,58823,28-06-2021,Payment Successed
11436,55772,27-07-2021,Refunded
11437,24898,26-04-2023,Payment Successed
11438,50766,03-05-2023,Payment Successed
11439,2047,29-09-2022,Payment Successed
11440,61916,21-02-2022,Payment Successed
11441,37945,18-10-2021,Payment Successed
11442,90954,25-11-2020,Payment Successed
11443,73256,08-04-2021,Payment Successed
11444,25326,16-01-2020,Payment Successed
11445,3223,03-10-2022,Payment Successed
11446,21408,09-10-2022,Payment Successed
11447,89002,14-07-2022,Payment Successed
11448,96718,21-03-2021,Payment Successed
11449,24264,04-07-2021,Payment Successed
11450,17208,25-08-2022,Payment Successed
11451,80733,16-05-2020,Payment Successed
11452,63000,19-06-2020,Payment Successed
11453,96333,22-05-2020,Payment Successed
11454,32455,20-08-2024,Payment Successed
11455,51014,14-06-2024,Payment Successed
11456,11149,17-05-2020,Refunded
11457,79764,16-01-2023,Payment Successed
11458,30761,05-01-2024,Payment Successed
11459,28488,03-11-2022,Refunded
11460,23716,18-04-2024,Payment Successed
11461,95483,02-07-2021,Payment Successed
11462,12550,04-09-2022,Payment Successed
11463,84471,26-09-2023,Payment Successed
11464,66072,11-09-2021,Payment Successed
11465,8969,21-07-2020,Payment Successed
11466,97045,10-10-2021,Payment Successed
11467,89350,14-11-2020,Payment Successed
11468,83812,17-07-2022,Refunded
11469,49404,21-06-2020,Payment Successed
11470,90241,25-08-2023,Failed
11471,33289,12-10-2022,Payment Successed
11472,73091,05-12-2024,Payment Successed
11473,94115,01-11-2021,Payment Successed
11474,14541,31-10-2021,Payment Successed
11475,60875,21-03-2021,Payment Successed
11476,98968,27-11-2023,Payment Successed
11477,66465,04-02-2020,Payment Successed
11478,17626,16-01-2024,Payment Successed
11479,77483,12-12-2020,Payment Successed
11480,74997,10-12-2020,Failed
11481,25858,25-01-2021,Payment Successed
11482,74821,04-04-2024,Payment Successed
11483,35705,22-03-2020,Payment Successed
11484,62586,18-09-2023,Payment Successed
11485,9063,14-05-2023,Refunded
11486,50386,23-11-2022,Payment Successed
11487,18504,18-03-2020,Payment Successed
11488,28846,22-12-2023,Payment Successed
11489,90959,11-05-2022,Payment Successed
11490,9106,02-10-2020,Payment Successed
11491,47936,02-02-2024,Payment Successed
11492,2035,16-03-2020,Refunded
11493,40879,27-11-2024,Refunded
11494,27009,06-08-2022,Payment Successed
11495,84222,23-03-2024,Payment Successed
11496,25194,21-03-2022,Payment Successed
11497,99260,21-09-2023,Failed
11498,48492,28-02-2021,Payment Successed
11499,75280,18-07-2020,Payment Successed
11500,62785,24-07-2023,Failed
11501,69641,27-02-2024,Payment Successed
11502,57288,04-09-2021,Payment Successed
11503,95389,04-09-2024,Payment Successed
11504,3890,10-05-2021,Payment Successed
11505,44209,09-10-2021,Payment Successed
11506,77407,14-05-2021,Payment Successed
11507,56636,02-05-2024,Payment Successed
11508,75379,21-10-2020,Payment Successed
11509,59782,24-05-2020,Payment Successed
11510,97608,17-10-2021,Payment Successed
11511,89429,13-12-2024,Payment Successed
11512,63862,30-10-2022,Payment Successed
11513,66754,07-07-2020,Payment Successed
11514,89709,18-05-2024,Payment Successed
11515,81580,04-07-2023,Payment Successed
11516,30567,24-12-2024,Payment Successed
11517,98316,05-10-2020,Payment Successed
11518,93031,25-07-2021,Payment Successed
11519,2200,16-06-2024,Refunded
11520,35765,06-12-2023,Payment Successed
11521,12793,27-07-2021,Payment Successed
11522,93088,16-06-2023,Payment Successed
11523,20756,10-04-2020,Payment Successed
11524,29488,02-03-2024,Payment Successed
11525,10276,10-09-2020,Payment Successed
11526,11988,03-11-2022,Payment Successed
11527,70124,12-03-2021,Payment Successed
11528,10902,28-07-2024,Payment Successed
11529,94035,22-05-2023,Payment Successed
11530,52976,08-05-2020,Payment Successed
11531,11414,22-04-2020,Payment Successed
11532,54290,28-04-2020,Payment Successed
11533,6015,22-01-2024,Payment Successed
11534,53623,20-03-2021,Payment Successed
11535,88962,13-03-2022,Payment Successed
11536,50934,19-01-2024,Payment Successed
11537,72144,08-02-2022,Payment Successed
11538,2393,28-07-2021,Payment Successed
11539,92066,19-02-2022,Payment Successed
11540,24790,20-02-2020,Payment Successed
11541,69770,15-08-2020,Payment Successed
11542,50699,14-07-2021,Payment Successed
11543,58735,28-07-2024,Payment Successed
11544,13008,03-07-2024,Payment Successed
11545,29137,04-10-2021,Payment Successed
11546,42256,14-12-2022,Payment Successed
11547,70248,16-04-2020,Payment Successed
11548,47972,08-01-2023,Payment Successed
11549,35286,20-10-2023,Payment Successed
11550,92403,21-07-2022,Payment Successed
11551,40487,11-01-2022,Payment Successed
11552,80868,15-12-2021,Payment Successed
11553,24735,04-12-2023,Payment Successed
11554,3855,29-11-2023,Failed
11555,9291,30-10-2022,Payment Successed
11556,96053,28-07-2023,Payment Successed
11557,97167,19-01-2023,Payment Successed
11558,52961,30-06-2023,Payment Successed
11559,20615,28-07-2022,Payment Successed
11560,34567,20-09-2021,Payment Successed
11561,69296,24-12-2022,Payment Successed
11562,52851,20-08-2020,Payment Successed
11563,30861,03-09-2023,Payment Successed
11564,58616,02-07-2020,Payment Successed
11565,44007,04-08-2021,Payment Successed
11566,73913,05-03-2023,Payment Successed
11567,36861,02-09-2021,Payment Successed
11568,98638,03-01-2021,Payment Successed
11569,92803,02-11-2020,Payment Successed
11570,3611,18-09-2020,Payment Successed
11571,31081,30-09-2021,Payment Successed
11572,83492,05-05-2022,Payment Successed
11573,87084,26-04-2021,Payment Successed
11574,30479,10-08-2024,Payment Successed
11575,70119,27-10-2021,Payment Successed
11576,34530,14-03-2020,Payment Successed
11577,13906,09-01-2020,Payment Successed
11578,52770,25-06-2021,Payment Successed
11579,29358,13-11-2023,Payment Successed
11580,13983,11-04-2022,Payment Successed
11581,42591,05-08-2020,Payment Successed
11582,23510,12-01-2022,Payment Successed
11583,59334,18-06-2024,Payment Successed
11584,38599,10-08-2020,Payment Successed
11585,4544,03-10-2021,Payment Successed
11586,62303,21-06-2022,Payment Successed
11587,12359,26-10-2021,Payment Successed
11588,58685,19-06-2021,Payment Successed
11589,73318,25-05-2020,Payment Successed
11590,79117,08-09-2022,Payment Successed
11591,24891,11-01-2024,Payment Successed
11592,65960,27-02-2023,Failed
11593,29278,16-11-2022,Failed
11594,65717,13-11-2024,Payment Successed
11595,29649,02-11-2023,Failed
11596,10690,09-07-2020,Payment Successed
11597,46876,14-05-2022,Payment Successed
11598,41743,27-10-2020,Payment Successed
11599,5013,03-02-2020,Payment Successed
11600,29814,29-03-2023,Payment Successed
11601,77843,25-04-2023,Payment Successed
11602,39330,30-05-2021,Payment Successed
11603,40696,09-07-2024,Payment Successed
11604,51007,21-03-2021,Failed
11605,92005,11-06-2023,Payment Successed
11606,94749,20-01-2022,Payment Successed
11607,78388,12-07-2020,Payment Successed
11608,53705,15-07-2024,Payment Successed
11609,91751,25-01-2021,Payment Successed
11610,31339,07-11-2022,Failed
11611,72394,13-07-2022,Payment Successed
11612,84175,21-09-2022,Payment Successed
11613,3596,18-08-2022,Payment Successed
11614,48287,19-11-2022,Payment Successed
11615,8869,06-03-2020,Payment Successed
11616,21672,10-06-2023,Payment Successed
11617,4713,23-06-2023,Payment Successed
11618,49793,05-08-2024,Payment Successed
11619,2720,09-11-2021,Refunded
11620,57036,28-09-2020,Payment Successed
11621,49719,31-01-2024,Payment Successed
11622,57848,08-08-2022,Payment Successed
11623,48627,04-03-2021,Payment Successed
11624,56910,18-05-2023,Refunded
11625,42419,08-10-2022,Payment Successed
11626,80087,10-10-2021,Payment Successed
11627,82026,28-11-2022,Payment Successed
11628,99542,01-01-2024,Payment Successed
11629,27417,06-05-2021,Payment Successed
11630,19329,28-02-2024,Payment Successed
11631,32814,03-04-2020,Payment Successed
11632,83402,03-05-2023,Failed
11633,83558,06-03-2022,Payment Successed
11634,66121,04-06-2022,Payment Successed
11635,53460,21-08-2020,Payment Successed
11636,51379,10-08-2020,Payment Successed
11637,42594,23-02-2020,Payment Successed
11638,92203,07-04-2020,Refunded
11639,29915,12-05-2020,Payment Successed
11640,88857,29-06-2024,Payment Successed
11641,8546,01-10-2024,Payment Successed
11642,61807,17-08-2021,Payment Successed
11643,13328,29-01-2020,Failed
11644,64943,16-03-2020,Payment Successed
11645,1622,07-07-2023,Payment Successed
11646,67820,27-06-2023,Payment Successed
11647,18582,22-08-2021,Payment Successed
11648,82098,02-12-2024,Payment Successed
11649,38709,17-10-2021,Payment Successed
11650,19309,07-12-2021,Payment Successed
11651,29947,01-05-2022,Refunded
11652,83149,12-01-2020,Payment Successed
11653,21687,21-12-2023,Refunded
11654,63472,15-02-2020,Payment Successed
11655,1297,30-05-2023,Payment Successed
11656,66814,17-05-2021,Payment Successed
11657,68337,22-12-2024,Payment Successed
11658,18203,13-01-2020,Payment Successed
11659,73071,12-06-2023,Refunded
11660,45446,07-05-2021,Payment Successed
11661,59077,16-06-2023,Payment Successed
11662,21415,22-09-2020,Payment Successed
11663,14055,01-09-2024,Payment Successed
11664,70931,07-01-2021,Failed
11665,98254,22-06-2021,Payment Successed
11666,87571,25-05-2024,Payment Successed
11667,3958,09-04-2024,Payment Successed
11668,62579,04-09-2021,Payment Successed
11669,63711,19-07-2022,Payment Successed
11670,58289,03-04-2024,Payment Successed
11671,90333,03-09-2023,Payment Successed
11672,96784,09-07-2023,Payment Successed
11673,48022,04-03-2021,Payment Successed
11674,37100,28-03-2023,Payment Successed
11675,86330,24-08-2020,Payment Successed
11676,26770,28-10-2022,Payment Successed
11677,89836,15-02-2022,Payment Successed
11678,7213,30-01-2021,Payment Successed
11679,35379,20-11-2024,Payment Successed
11680,44195,14-04-2020,Payment Successed
11681,41827,06-01-2024,Payment Successed
11682,86502,16-03-2020,Payment Successed
11683,67756,16-08-2022,Payment Successed
11684,7542,05-03-2022,Payment Successed
11685,18797,17-11-2020,Payment Successed
11686,62597,10-04-2020,Payment Successed
11687,74472,27-05-2022,Payment Successed
11688,89143,07-03-2022,Failed
11689,50050,26-01-2021,Payment Successed
11690,42398,21-08-2020,Payment Successed
11691,1888,18-04-2024,Payment Successed
11692,5295,22-04-2020,Payment Successed
11693,4072,23-04-2023,Payment Successed
11694,32111,26-03-2020,Payment Successed
11695,3180,05-01-2021,Payment Successed
11696,64278,19-08-2022,Payment Successed
11697,68461,28-07-2021,Payment Successed
11698,74494,02-04-2024,Payment Successed
11699,91861,30-03-2024,Payment Successed
11700,17671,05-08-2020,Payment Successed
11701,2274,10-11-2023,Payment Successed
11702,74420,03-10-2020,Failed
11703,79644,25-06-2020,Payment Successed
11704,88539,05-04-2020,Payment Successed
11705,18672,07-05-2024,Payment Successed
11706,88393,28-09-2024,Payment Successed
11707,5460,20-09-2022,Refunded
11708,89397,16-09-2021,Payment Successed
11709,3970,22-10-2023,Payment Successed
11710,23091,03-08-2023,Payment Successed
11711,13594,07-06-2022,Payment Successed
11712,12225,28-09-2022,Payment Successed
11713,37098,15-01-2022,Payment Successed
11714,73466,03-10-2021,Payment Successed
11715,52827,07-12-2020,Payment Successed
11716,83655,03-06-2023,Payment Successed
11717,1364,22-03-2022,Failed
11718,88295,19-11-2023,Payment Successed
11719,6433,22-07-2024,Payment Successed
11720,44501,01-03-2022,Payment Successed
11721,7569,11-06-2020,Payment Successed
11722,75475,06-09-2021,Payment Successed
11723,34303,07-10-2023,Payment Successed
11724,54307,25-06-2023,Failed
11725,88679,30-06-2020,Payment Successed
11726,46121,04-01-2022,Payment Successed
11727,92776,09-05-2023,Payment Successed
11728,58675,15-12-2022,Payment Successed
11729,93282,09-12-2020,Payment Successed
11730,66506,08-04-2021,Payment Successed
11731,13840,22-10-2021,Payment Successed
11732,87107,19-08-2024,Payment Successed
11733,34064,05-11-2020,Payment Successed
11734,71675,24-04-2024,Payment Successed
11735,56315,20-01-2021,Payment Successed
11736,52252,05-10-2023,Refunded
11737,78489,07-06-2021,Payment Successed
11738,12867,12-12-2023,Payment Successed
11739,3387,09-11-2020,Payment Successed
11740,16147,21-10-2023,Payment Successed
11741,78624,23-06-2022,Payment Successed
11742,2621,08-06-2020,Payment Successed
11743,90588,10-03-2023,Payment Successed
11744,12480,07-04-2023,Payment Successed
11745,11082,21-09-2021,Payment Successed
11746,23069,08-06-2020,Failed
11747,65495,08-11-2023,Payment Successed
11748,56638,23-02-2020,Failed
11749,54533,22-08-2023,Payment Successed
11750,91799,17-09-2022,Payment Successed
11751,34177,19-09-2023,Payment Successed
11752,70766,15-04-2020,Payment Successed
11753,11181,03-07-2023,Payment Successed
11754,63409,05-05-2024,Payment Successed
11755,45453,04-03-2023,Refunded
11756,98085,16-06-2023,Payment Successed
11757,12296,04-08-2021,Payment Successed
11758,4448,29-11-2020,Payment Successed
11759,35582,15-11-2023,Failed
11760,29448,09-07-2024,Payment Successed
11761,18904,25-05-2022,Payment Successed
11762,54621,29-03-2022,Payment Successed
11763,10588,02-01-2022,Payment Successed
11764,12361,13-08-2024,Payment Successed
11765,25387,30-05-2020,Payment Successed
11766,64241,06-04-2021,Payment Successed
11767,56872,23-03-2023,Payment Successed
11768,85536,07-10-2022,Failed
11769,95013,19-08-2024,Payment Successed
11770,47984,14-06-2024,Refunded
11771,77284,18-01-2023,Payment Successed
11772,47156,24-12-2022,Payment Successed
11773,89420,21-08-2024,Payment Successed
11774,56450,23-12-2020,Payment Successed
11775,22413,17-10-2024,Failed
11776,22354,04-05-2023,Payment Successed
11777,86466,02-07-2020,Payment Successed
11778,59914,14-02-2024,Failed
11779,75364,02-11-2023,Payment Successed
11780,33941,07-10-2020,Payment Successed
11781,90262,01-05-2024,Payment Successed
11782,33627,02-10-2023,Payment Successed
11783,87010,04-02-2021,Payment Successed
11784,15809,30-01-2023,Payment Successed
11785,54154,19-03-2020,Refunded
11786,30741,24-12-2023,Payment Successed
11787,13487,02-10-2020,Payment Successed
11788,42733,18-02-2023,Refunded
11789,96356,18-04-2022,Payment Successed
11790,9087,09-08-2020,Payment Successed
11791,75585,18-10-2021,Payment Successed
11792,96102,12-12-2023,Payment Successed
11793,51044,13-06-2021,Payment Successed
11794,60214,15-11-2020,Payment Successed
11795,61824,27-01-2020,Payment Successed
11796,60535,19-11-2024,Payment Successed
11797,25444,25-12-2024,Payment Successed
11798,51498,13-08-2024,Payment Successed
11799,26227,31-05-2023,Failed
11800,37246,03-08-2024,Payment Successed
11801,19005,23-01-2021,Refunded
11802,63600,18-06-2022,Payment Successed
11803,85335,09-10-2024,Payment Successed
11804,12147,26-08-2022,Failed
11805,12421,18-11-2023,Payment Successed
11806,28969,13-02-2022,Payment Successed
11807,1349,26-06-2023,Payment Successed
11808,68095,13-01-2024,Payment Successed
11809,10835,23-05-2023,Payment Successed
11810,6393,13-12-2021,Payment Successed
11811,96348,24-07-2023,Payment Successed
11812,99206,21-10-2021,Payment Successed
11813,37199,16-04-2022,Payment Successed
11814,9432,29-07-2020,Payment Successed
11815,6018,03-03-2023,Refunded
11816,49905,03-12-2020,Payment Successed
11817,65473,27-09-2020,Payment Successed
11818,65961,17-08-2023,Payment Successed
11819,23965,29-12-2022,Refunded
11820,44993,22-12-2022,Payment Successed
11821,25574,02-06-2023,Payment Successed
11822,42312,08-11-2020,Payment Successed
11823,65561,30-09-2023,Payment Successed
11824,17936,14-07-2021,Payment Successed
11825,54976,22-11-2021,Payment Successed
11826,66951,17-09-2023,Payment Successed
11827,67883,25-10-2022,Payment Successed
11828,42331,07-05-2023,Payment Successed
11829,16892,23-01-2022,Payment Successed
11830,63598,24-09-2022,Payment Successed
11831,77361,26-11-2021,Payment Successed
11832,64919,28-09-2024,Payment Successed
11833,99573,02-05-2023,Payment Successed
11834,46718,21-07-2024,Payment Successed
11835,60850,11-07-2024,Refunded
11836,38745,27-08-2021,Payment Successed
11837,9790,28-09-2020,Refunded
11838,19915,11-12-2020,Payment Successed
11839,74447,24-11-2023,Payment Successed
11840,10265,15-07-2020,Payment Successed
11841,50739,14-01-2021,Payment Successed
11842,9319,26-06-2021,Payment Successed
11843,29714,26-08-2022,Payment Successed
11844,18788,13-08-2024,Payment Successed
11845,26041,09-02-2021,Payment Successed
11846,30600,13-09-2023,Payment Successed
11847,48555,17-02-2021,Payment Successed
11848,2356,13-02-2020,Failed
11849,17919,31-08-2024,Payment Successed
11850,21845,19-11-2022,Payment Successed
11851,97948,08-04-2020,Payment Successed
11852,60552,09-04-2024,Payment Successed
11853,68618,03-04-2020,Refunded
11854,15082,11-10-2021,Refunded
11855,36915,04-02-2024,Payment Successed
11856,44892,02-11-2024,Payment Successed
11857,41260,15-08-2023,Payment Successed
11858,66987,10-05-2021,Payment Successed
11859,42413,11-11-2024,Payment Successed
11860,48805,22-08-2022,Failed
11861,98156,08-06-2022,Payment Successed
11862,56461,18-04-2023,Payment Successed
11863,13178,10-10-2020,Payment Successed
11864,28567,08-12-2021,Failed
11865,82114,07-09-2021,Payment Successed
11866,1358,12-07-2021,Payment Successed
11867,16438,13-10-2022,Payment Successed
11868,63491,16-06-2020,Payment Successed
11869,47746,11-01-2024,Payment Successed
11870,76519,30-09-2024,Payment Successed
11871,83700,23-11-2020,Payment Successed
11872,52326,29-02-2024,Payment Successed
11873,25042,31-12-2022,Refunded
11874,79745,18-09-2024,Payment Successed
11875,92428,10-12-2023,Payment Successed
11876,57221,21-01-2021,Payment Successed
11877,53746,21-11-2021,Payment Successed
11878,6990,10-06-2021,Refunded
11879,83689,18-04-2021,Payment Successed
11880,85560,17-08-2020,Payment Successed
11881,65512,28-08-2024,Payment Successed
11882,30225,27-11-2022,Payment Successed
11883,43911,18-04-2021,Payment Successed
11884,93112,15-02-2022,Payment Successed
11885,60461,26-07-2020,Payment Successed
11886,33573,15-08-2023,Payment Successed
11887,56138,17-09-2021,Payment Successed
11888,55510,24-02-2024,Payment Successed
11889,69306,22-11-2021,Payment Successed
11890,45917,22-11-2021,Payment Successed
11891,48203,02-04-2022,Failed
11892,67315,11-09-2024,Payment Successed
11893,15836,18-05-2021,Payment Successed
11894,20693,29-10-2023,Payment Successed
11895,9930,12-09-2020,Payment Successed
11896,36123,03-03-2020,Payment Successed
11897,26767,04-12-2021,Payment Successed
11898,57622,22-11-2021,Payment Successed
11899,21993,22-03-2021,Payment Successed
11900,55264,03-02-2021,Payment Successed
11901,24555,29-07-2020,Payment Successed
11902,81587,10-06-2020,Payment Successed
11903,97312,28-05-2023,Payment Successed
11904,75504,06-12-2022,Payment Successed
11905,52546,30-06-2024,Payment Successed
11906,91553,03-07-2021,Payment Successed
11907,35009,27-05-2023,Payment Successed
11908,82301,23-10-2020,Payment Successed
11909,47549,13-10-2021,Payment Successed
11910,82210,03-04-2020,Payment Successed
11911,1382,06-01-2022,Payment Successed
11912,43662,28-05-2020,Payment Successed
11913,29715,07-09-2020,Payment Successed
11914,83977,19-04-2023,Payment Successed
11915,48951,21-07-2024,Payment Successed
11916,51969,21-11-2023,Payment Successed
11917,46205,21-08-2020,Refunded
11918,28542,19-04-2023,Payment Successed
11919,6485,03-03-2021,Refunded
11920,95705,03-07-2020,Refunded
11921,60132,01-03-2020,Payment Successed
11922,39445,27-08-2022,Payment Successed
11923,87977,25-11-2024,Payment Successed
11924,31131,03-03-2020,Payment Successed
11925,47191,20-08-2023,Payment Successed
11926,94450,21-04-2021,Payment Successed
11927,78650,13-05-2021,Failed
11928,35300,15-07-2020,Payment Successed
11929,57189,22-08-2020,Payment Successed
11930,43890,13-11-2023,Payment Successed
11931,7949,24-03-2022,Payment Successed
11932,76491,03-02-2024,Payment Successed
11933,48409,21-07-2021,Payment Successed
11934,64454,11-12-2022,Payment Successed
11935,22774,11-08-2024,Payment Successed
11936,46387,21-10-2024,Payment Successed
11937,40300,04-09-2023,Payment Successed
11938,77635,23-11-2023,Payment Successed
11939,7576,29-09-2020,Payment Successed
11940,11767,24-08-2020,Payment Successed
11941,35035,24-07-2020,Payment Successed
11942,2337,11-10-2023,Payment Successed
11943,37401,08-04-2021,Refunded
11944,19567,01-03-2021,Payment Successed
11945,93766,12-06-2020,Payment Successed
11946,47583,12-12-2020,Payment Successed
11947,24765,03-01-2024,Payment Successed
11948,84210,04-11-2024,Payment Successed
11949,84876,24-10-2023,Payment Successed
11950,66258,26-11-2020,Payment Successed
11951,26888,21-03-2024,Payment Successed
11952,79342,29-12-2024,Refunded
11953,67268,27-02-2021,Payment Successed
11954,97996,26-02-2024,Payment Successed
11955,48267,26-10-2021,Payment Successed
11956,60805,24-05-2024,Failed
11957,82519,18-05-2020,Payment Successed
11958,24646,18-08-2022,Payment Successed
11959,23070,30-01-2022,Payment Successed
11960,43947,23-05-2023,Payment Successed
11961,74218,09-03-2023,Payment Successed
11962,27104,25-09-2022,Payment Successed
11963,50033,19-04-2021,Payment Successed
11964,15379,10-11-2022,Payment Successed
11965,84362,11-07-2021,Payment Successed
11966,95979,23-08-2024,Payment Successed
11967,57657,05-04-2022,Payment Successed
11968,59171,17-05-2021,Payment Successed
11969,8770,09-07-2024,Payment Successed
11970,73632,25-07-2022,Failed
11971,60787,23-02-2022,Payment Successed
11972,51934,19-05-2020,Payment Successed
11973,85305,17-03-2020,Payment Successed
11974,75867,26-03-2022,Payment Successed
11975,85912,30-09-2024,Payment Successed
11976,80551,08-11-2021,Payment Successed
11977,40491,18-11-2023,Payment Successed
11978,77893,27-06-2024,Payment Successed
11979,45750,10-10-2023,Payment Successed
11980,30766,30-03-2023,Payment Successed
11981,34499,11-05-2022,Failed
11982,64318,21-04-2022,Payment Successed
11983,70229,05-07-2020,Payment Successed
11984,61148,04-12-2020,Payment Successed
11985,33519,05-02-2021,Failed
11986,25818,15-04-2024,Payment Successed
11987,23227,01-05-2020,Payment Successed
11988,93864,27-04-2024,Payment Successed
11989,74464,05-04-2020,Payment Successed
11990,75261,10-11-2021,Payment Successed
11991,26704,21-11-2024,Payment Successed
11992,60505,18-09-2021,Payment Successed
11993,71362,01-11-2020,Payment Successed
11994,75425,18-01-2021,Payment Successed
11995,86468,08-06-2022,Payment Successed
11996,35007,09-10-2021,Payment Successed
11997,56981,25-10-2020,Payment Successed
11998,76943,13-02-2020,Payment Successed
11999,42008,01-03-2021,Payment Successed
12000,11878,21-12-2023,Payment Successed
12001,86616,01-07-2022,Payment Successed
12002,92131,07-01-2023,Payment Successed
12003,46026,20-06-2021,Payment Successed
12004,63777,29-11-2023,Payment Successed
12005,56472,18-04-2024,Payment Successed
12006,86207,05-11-2022,Payment Successed
12007,12412,18-08-2020,Payment Successed
12008,70977,28-06-2021,Payment Successed
12009,44960,20-10-2022,Payment Successed
12010,88400,08-05-2023,Payment Successed
12011,35183,14-12-2024,Payment Successed
12012,28161,01-08-2021,Failed
12013,65156,09-10-2020,Payment Successed
12014,47667,02-07-2024,Refunded
12015,63831,28-09-2023,Payment Successed
12016,31441,07-02-2022,Payment Successed
12017,47404,17-10-2024,Payment Successed
12018,84985,20-04-2021,Payment Successed
12019,13881,20-11-2024,Refunded
12020,51343,04-09-2020,Payment Successed
12021,9754,22-04-2023,Payment Successed
12022,88216,18-03-2020,Payment Successed
12023,58752,11-01-2022,Payment Successed
12024,34455,22-10-2024,Payment Successed
12025,77104,28-01-2021,Payment Successed
12026,39730,05-07-2020,Payment Successed
12027,3369,30-07-2022,Payment Successed
12028,26310,25-09-2021,Payment Successed
12029,92639,20-08-2021,Refunded
12030,56477,27-05-2022,Payment Successed
12031,18140,20-08-2024,Payment Successed
12032,52417,01-01-2021,Payment Successed
12033,36485,27-11-2021,Payment Successed
12034,67688,15-01-2021,Failed
12035,92213,17-07-2020,Payment Successed
12036,72259,01-05-2022,Payment Successed
12037,38252,08-06-2023,Payment Successed
12038,72613,05-11-2021,Payment Successed
12039,26111,11-01-2022,Failed
12040,60946,15-11-2020,Payment Successed
12041,67735,19-11-2024,Payment Successed
12042,41619,29-09-2021,Payment Successed
12043,20617,21-10-2021,Payment Successed
12044,25076,25-12-2021,Payment Successed
12045,11457,03-03-2020,Payment Successed
12046,85858,03-01-2020,Payment Successed
12047,68404,08-11-2023,Refunded
12048,95192,31-07-2022,Payment Successed
12049,41531,11-11-2024,Payment Successed
12050,67317,03-02-2020,Payment Successed
12051,20523,22-01-2023,Payment Successed
12052,88963,15-10-2020,Payment Successed
12053,14641,24-04-2024,Payment Successed
12054,98486,15-05-2021,Payment Successed
12055,52697,10-02-2021,Payment Successed
12056,40223,06-05-2024,Payment Successed
12057,67930,16-02-2023,Payment Successed
12058,37693,08-08-2021,Payment Successed
12059,67680,10-09-2021,Refunded
12060,24697,31-07-2021,Payment Successed
12061,18076,08-04-2022,Payment Successed
12062,44286,12-11-2022,Payment Successed
12063,17035,22-09-2023,Payment Successed
12064,11055,14-01-2020,Payment Successed
12065,18359,15-02-2020,Refunded
12066,18644,23-08-2021,Payment Successed
12067,38565,26-05-2021,Payment Successed
12068,5672,03-09-2024,Payment Successed
12069,94763,10-07-2020,Payment Successed
12070,74729,28-01-2021,Payment Successed
12071,97506,17-05-2022,Payment Successed
12072,13727,15-01-2022,Refunded
12073,39089,27-02-2023,Payment Successed
12074,21602,09-10-2021,Payment Successed
12075,54060,04-09-2021,Payment Successed
12076,1674,22-12-2022,Payment Successed
12077,88568,27-06-2020,Payment Successed
12078,54013,20-10-2024,Payment Successed
12079,35823,03-08-2022,Payment Successed
12080,66311,25-12-2022,Payment Successed
12081,34420,21-09-2021,Payment Successed
12082,24988,20-01-2021,Payment Successed
12083,85904,27-10-2023,Payment Successed
12084,34388,04-12-2022,Payment Successed
12085,76618,23-06-2024,Payment Successed
12086,66083,18-05-2020,Payment Successed
12087,22019,24-08-2022,Payment Successed
12088,8742,21-06-2022,Payment Successed
12089,17837,13-10-2024,Failed
12090,18109,03-11-2021,Payment Successed
12091,56425,10-02-2021,Payment Successed
12092,50107,02-12-2024,Payment Successed
12093,21946,21-02-2023,Payment Successed
12094,73162,16-06-2020,Payment Successed
12095,59080,11-06-2021,Payment Successed
12096,4113,06-04-2021,Payment Successed
12097,5096,25-01-2020,Payment Successed
12098,2340,18-05-2023,Payment Successed
12099,43821,09-08-2021,Payment Successed
12100,84794,12-01-2020,Payment Successed
12101,30577,17-04-2020,Payment Successed
12102,70305,06-07-2021,Payment Successed
12103,21994,10-06-2021,Refunded
12104,30522,07-02-2023,Payment Successed
12105,65920,29-04-2021,Failed
12106,44415,04-02-2023,Payment Successed
12107,50154,22-10-2022,Payment Successed
12108,28941,11-03-2023,Payment Successed
12109,89182,13-03-2022,Payment Successed
12110,33991,07-11-2024,Payment Successed
12111,69232,27-10-2021,Payment Successed
12112,56986,15-02-2022,Payment Successed
12113,43283,27-09-2021,Payment Successed
12114,55709,21-05-2021,Payment Successed
12115,29428,12-07-2024,Payment Successed
12116,34353,12-04-2023,Payment Successed
12117,98900,26-06-2022,Payment Successed
12118,25341,28-01-2023,Payment Successed
12119,72084,01-05-2022,Payment Successed
12120,12626,29-10-2022,Payment Successed
12121,91335,28-04-2024,Payment Successed
12122,93172,28-04-2020,Payment Successed
12123,80799,15-11-2023,Payment Successed
12124,52904,28-12-2021,Payment Successed
12125,16012,20-10-2023,Payment Successed
12126,2885,01-09-2021,Payment Successed
12127,58442,13-08-2021,Refunded
12128,74289,07-03-2020,Payment Successed
12129,31763,18-02-2022,Payment Successed
12130,81330,28-10-2022,Payment Successed
12131,28072,06-12-2023,Payment Successed
12132,13763,31-05-2024,Payment Successed
12133,61294,05-11-2024,Payment Successed
12134,62594,16-08-2023,Payment Successed
12135,81124,29-08-2024,Payment Successed
12136,63229,10-02-2021,Payment Successed
12137,17770,28-04-2022,Payment Successed
12138,50476,25-08-2020,Payment Successed
12139,77850,13-08-2021,Payment Successed
12140,6928,08-03-2022,Payment Successed
12141,41763,16-05-2021,Payment Successed
12142,23608,02-06-2021,Payment Successed
12143,81503,26-06-2021,Payment Successed
12144,92595,02-03-2021,Payment Successed
12145,48977,25-07-2022,Payment Successed
12146,2814,24-08-2021,Failed
12147,73917,30-07-2021,Payment Successed
12148,33132,28-05-2022,Payment Successed
12149,93509,16-01-2021,Refunded
12150,70866,08-02-2020,Payment Successed
12151,55389,03-06-2021,Payment Successed
12152,41123,21-03-2024,Payment Successed
12153,83570,26-09-2020,Payment Successed
12154,13941,21-07-2021,Payment Successed
12155,62806,26-09-2023,Payment Successed
12156,50809,23-04-2021,Payment Successed
12157,51563,26-11-2024,Payment Successed
12158,90457,01-07-2023,Refunded
12159,60851,13-01-2022,Payment Successed
12160,35944,15-09-2023,Payment Successed
12161,38516,20-11-2020,Payment Successed
12162,70155,20-04-2024,Payment Successed
12163,89133,31-01-2020,Payment Successed
12164,6942,23-11-2020,Failed
12165,10193,27-07-2021,Payment Successed
12166,78614,11-11-2020,Payment Successed
12167,51356,22-09-2024,Payment Successed
12168,14506,10-03-2024,Payment Successed
12169,86322,23-12-2020,Payment Successed
12170,57688,23-09-2021,Payment Successed
12171,45253,13-10-2024,Payment Successed
12172,44670,31-08-2020,Payment Successed
12173,49414,13-07-2021,Payment Successed
12174,17964,17-10-2024,Payment Successed
12175,50089,14-07-2023,Refunded
12176,87396,09-01-2024,Payment Successed
12177,9841,09-03-2023,Refunded
12178,86046,02-03-2020,Payment Successed
12179,90455,31-12-2022,Refunded
12180,35033,14-03-2021,Payment Successed
12181,25582,12-03-2020,Failed
12182,41180,09-05-2020,Refunded
12183,78186,16-10-2022,Payment Successed
12184,7219,26-04-2022,Payment Successed
12185,16588,12-07-2023,Payment Successed
12186,98461,13-05-2024,Payment Successed
12187,34629,08-07-2021,Payment Successed
12188,81180,20-09-2022,Payment Successed
12189,1996,04-06-2023,Payment Successed
12190,90157,29-09-2024,Payment Successed
12191,74301,27-05-2024,Payment Successed
12192,59929,14-05-2022,Payment Successed
12193,92852,24-03-2022,Payment Successed
12194,11737,26-09-2022,Payment Successed
12195,85663,05-06-2023,Payment Successed
12196,81322,31-07-2022,Payment Successed
12197,21947,22-10-2023,Payment Successed
12198,47348,01-03-2021,Payment Successed
12199,54780,11-11-2021,Refunded
12200,95678,25-06-2023,Payment Successed
12201,32558,16-10-2020,Refunded
12202,54656,27-06-2020,Payment Successed
12203,81758,07-08-2022,Payment Successed
12204,33120,31-07-2022,Refunded
12205,24328,14-01-2020,Failed
12206,68182,08-10-2022,Payment Successed
12207,28405,20-05-2024,Payment Successed
12208,12294,09-10-2021,Payment Successed
12209,50622,24-09-2024,Payment Successed
12210,3000,13-02-2023,Payment Successed
12211,2569,22-09-2023,Payment Successed
12212,33839,23-12-2021,Payment Successed
12213,43978,16-01-2020,Payment Successed
12214,74721,26-04-2023,Payment Successed
12215,26100,24-11-2020,Failed
12216,91359,21-01-2021,Payment Successed
12217,86182,10-05-2024,Payment Successed
12218,42924,26-09-2020,Payment Successed
12219,87466,04-02-2024,Payment Successed
12220,17186,15-07-2020,Payment Successed
12221,41049,26-06-2023,Payment Successed
12222,84055,28-08-2021,Payment Successed
12223,22870,02-03-2021,Payment Successed
12224,93567,15-09-2022,Refunded
12225,75311,28-04-2022,Payment Successed
12226,9071,17-11-2024,Payment Successed
12227,74722,08-09-2020,Failed
12228,57234,28-08-2024,Payment Successed
12229,52098,03-12-2023,Payment Successed
12230,78078,07-02-2021,Payment Successed
12231,18691,08-02-2021,Refunded
12232,91203,21-05-2022,Payment Successed
12233,32853,30-10-2022,Payment Successed
12234,87974,04-10-2021,Payment Successed
12235,37428,08-09-2023,Payment Successed
12236,90469,26-09-2021,Payment Successed
12237,88493,11-02-2024,Payment Successed
12238,1730,11-12-2020,Payment Successed
12239,58703,05-05-2022,Payment Successed
12240,9370,11-05-2021,Payment Successed
12241,5480,23-11-2024,Payment Successed
12242,15072,28-01-2020,Payment Successed
12243,41012,11-07-2021,Payment Successed
12244,34646,06-06-2021,Payment Successed
12245,27352,07-03-2023,Payment Successed
12246,14556,23-07-2024,Payment Successed
12247,37492,21-08-2024,Payment Successed
12248,49339,11-01-2024,Payment Successed
12249,32135,23-09-2024,Payment Successed
12250,78642,04-08-2023,Payment Successed
12251,78781,18-08-2023,Payment Successed
12252,55115,23-07-2023,Payment Successed
12253,81601,02-01-2022,Payment Successed
12254,74463,10-01-2024,Failed
12255,72901,15-02-2020,Payment Successed
12256,57606,05-10-2020,Payment Successed
12257,51135,22-12-2024,Payment Successed
12258,71345,19-06-2021,Refunded
12259,68360,06-02-2020,Payment Successed
12260,79200,28-05-2021,Payment Successed
12261,84369,05-04-2022,Payment Successed
12262,1330,17-04-2024,Payment Successed
12263,13472,06-12-2020,Payment Successed
12264,65464,15-02-2024,Payment Successed
12265,48398,22-11-2021,Payment Successed
12266,54528,02-06-2020,Payment Successed
12267,21861,10-07-2023,Payment Successed
12268,7361,24-01-2022,Payment Successed
12269,69491,20-12-2023,Payment Successed
12270,53468,29-10-2020,Payment Successed
12271,64426,14-10-2022,Payment Successed
12272,87749,10-04-2022,Refunded
12273,66689,01-07-2024,Payment Successed
12274,63953,02-11-2021,Payment Successed
12275,66743,08-04-2020,Payment Successed
12276,41540,12-03-2020,Payment Successed
12277,90533,26-05-2022,Payment Successed
12278,53250,17-12-2022,Payment Successed
12279,33007,25-09-2023,Failed
12280,85693,04-04-2022,Payment Successed
12281,65362,08-01-2024,Payment Successed
12282,97856,01-07-2021,Payment Successed
12283,35468,15-10-2023,Payment Successed
12284,28805,04-01-2022,Payment Successed
12285,63825,09-11-2021,Payment Successed
12286,37205,14-04-2021,Failed
12287,78917,14-12-2020,Payment Successed
12288,62740,10-11-2022,Payment Successed
12289,13994,19-03-2022,Payment Successed
12290,25759,20-04-2023,Payment Successed
12291,64846,26-12-2024,Payment Successed
12292,96008,22-03-2023,Payment Successed
12293,59769,12-04-2021,Payment Successed
12294,55375,09-06-2021,Payment Successed
12295,17359,25-07-2021,Payment Successed
12296,60767,24-07-2023,Payment Successed
12297,76582,07-08-2023,Payment Successed
12298,83517,19-09-2022,Payment Successed
12299,35402,08-08-2023,Payment Successed
12300,72945,18-06-2023,Payment Successed
12301,98181,04-07-2023,Payment Successed
12302,8241,13-11-2024,Payment Successed
12303,85936,22-11-2023,Payment Successed
12304,97250,06-12-2020,Payment Successed
12305,98431,22-12-2022,Payment Successed
12306,11066,25-01-2023,Payment Successed
12307,55897,23-02-2022,Payment Successed
12308,96790,11-11-2023,Payment Successed
12309,41163,21-01-2024,Payment Successed
12310,50029,20-10-2024,Payment Successed
12311,37713,27-08-2022,Payment Successed
12312,87288,08-04-2020,Payment Successed
12313,8378,14-12-2021,Payment Successed
12314,85848,02-01-2025,Payment Successed
12315,58066,04-03-2022,Payment Successed
12316,6580,21-04-2022,Payment Successed
12317,48204,03-10-2022,Failed
12318,50593,25-04-2021,Payment Successed
12319,51355,30-06-2022,Payment Successed
12320,47345,18-01-2020,Payment Successed
12321,59629,11-11-2024,Payment Successed
12322,55023,05-03-2023,Payment Successed
12323,96473,06-07-2023,Payment Successed
12324,25424,05-10-2022,Payment Successed
12325,4247,04-10-2022,Refunded
12326,81224,31-10-2020,Payment Successed
12327,71594,28-02-2023,Payment Successed
12328,47886,06-06-2023,Payment Successed
12329,63809,30-03-2021,Payment Successed
12330,29509,03-08-2021,Payment Successed
12331,29224,10-05-2022,Payment Successed
12332,15216,27-06-2021,Payment Successed
12333,11147,05-07-2024,Payment Successed
12334,59493,05-06-2024,Payment Successed
12335,79250,10-11-2023,Payment Successed
12336,87318,30-10-2024,Payment Successed
12337,12837,27-12-2020,Payment Successed
12338,89564,16-03-2024,Payment Successed
12339,73883,14-02-2024,Failed
12340,68135,15-04-2022,Payment Successed
12341,60396,06-01-2023,Failed
12342,9593,02-09-2023,Refunded
12343,8130,24-09-2023,Payment Successed
12344,69888,01-10-2024,Payment Successed
12345,59437,08-10-2022,Payment Successed
12346,70352,16-01-2023,Payment Successed
12347,58050,11-02-2024,Payment Successed
12348,11506,10-02-2021,Payment Successed
12349,94542,13-04-2022,Payment Successed
12350,81688,29-01-2020,Payment Successed
12351,85008,06-03-2024,Payment Successed
12352,62642,06-02-2022,Payment Successed
12353,47802,19-09-2023,Payment Successed
12354,73296,13-03-2020,Refunded
12355,67837,27-09-2022,Payment Successed
12356,96248,08-03-2021,Payment Successed
12357,89619,31-01-2022,Refunded
12358,94858,24-02-2023,Payment Successed
12359,42162,08-07-2021,Payment Successed
12360,9613,23-09-2020,Payment Successed
12361,44554,28-03-2022,Payment Successed
12362,65435,19-11-2022,Payment Successed
12363,81837,07-08-2024,Payment Successed
12364,60725,17-02-2024,Payment Successed
12365,88597,21-11-2022,Payment Successed
12366,83422,29-05-2021,Payment Successed
12367,13759,07-06-2024,Payment Successed
12368,78389,03-08-2023,Payment Successed
12369,99812,19-01-2024,Payment Successed
12370,44398,27-06-2021,Payment Successed
12371,67882,02-04-2023,Payment Successed
12372,99182,26-05-2020,Payment Successed
12373,7999,09-07-2023,Payment Successed
12374,48147,30-08-2023,Payment Successed
12375,75925,06-11-2021,Payment Successed
12376,52174,09-10-2020,Payment Successed
12377,41231,03-06-2021,Payment Successed
12378,14158,20-12-2023,Payment Successed
12379,1128,18-02-2021,Failed
12380,88549,14-07-2022,Payment Successed
12381,27362,31-08-2020,Refunded
12382,76084,12-08-2022,Payment Successed
12383,21083,24-10-2024,Payment Successed
12384,79981,21-03-2020,Payment Successed
12385,91578,30-05-2023,Payment Successed
12386,84700,20-04-2024,Payment Successed
12387,63107,07-06-2024,Payment Successed
12388,9607,24-09-2024,Payment Successed
12389,31726,04-11-2020,Failed
12390,51236,15-09-2021,Payment Successed
12391,4454,10-07-2022,Payment Successed
12392,31746,04-05-2024,Payment Successed
12393,45937,14-05-2023,Refunded
12394,47752,18-04-2024,Payment Successed
12395,80723,11-11-2020,Payment Successed
12396,14404,30-12-2021,Payment Successed
12397,74017,27-05-2020,Payment Successed
12398,17301,31-07-2023,Payment Successed
12399,46392,06-10-2020,Refunded
12400,55511,06-04-2024,Payment Successed
12401,62123,02-12-2021,Payment Successed
12402,70149,23-10-2024,Payment Successed
12403,6955,13-08-2024,Payment Successed
12404,45770,21-04-2024,Payment Successed
12405,81067,11-06-2021,Payment Successed
12406,56671,16-12-2020,Payment Successed
12407,58674,03-06-2020,Payment Successed
12408,75095,05-09-2022,Payment Successed
12409,96996,24-08-2024,Payment Successed
12410,76301,18-11-2022,Payment Successed
12411,34198,27-10-2023,Payment Successed
12412,79409,24-09-2023,Payment Successed
12413,58133,12-02-2022,Refunded
12414,90307,01-11-2023,Payment Successed
12415,97656,09-12-2022,Payment Successed
12416,99990,10-03-2024,Payment Successed
12417,93895,31-12-2024,Payment Successed
12418,91647,24-01-2024,Payment Successed
12419,43446,19-02-2021,Refunded
12420,19532,08-09-2024,Payment Successed
12421,51446,15-01-2023,Payment Successed
12422,67757,08-05-2020,Payment Successed
12423,49063,20-02-2023,Payment Successed
12424,13180,06-08-2020,Failed
12425,17470,15-01-2020,Failed
12426,67530,19-06-2021,Payment Successed
12427,24331,22-10-2023,Payment Successed
12428,79627,15-02-2023,Payment Successed
12429,58881,12-09-2021,Payment Successed
12430,80559,15-10-2020,Payment Successed
12431,98946,28-11-2024,Payment Successed
12432,79005,07-03-2023,Failed
12433,42914,16-06-2024,Payment Successed
12434,9064,21-08-2024,Payment Successed
12435,85132,27-09-2023,Payment Successed
12436,26722,28-09-2020,Payment Successed
12437,45397,05-05-2020,Payment Successed
12438,95137,19-09-2023,Payment Successed
12439,52039,21-11-2023,Payment Successed
12440,88413,01-12-2023,Payment Successed
12441,6636,12-09-2023,Payment Successed
12442,90677,17-09-2023,Payment Successed
12443,80717,21-02-2020,Payment Successed
12444,13399,20-07-2022,Payment Successed
12445,93030,14-07-2022,Payment Successed
12446,32766,01-03-2023,Payment Successed
12447,63840,14-12-2020,Payment Successed
12448,83542,17-06-2024,Payment Successed
12449,97688,07-12-2024,Payment Successed
12450,11299,30-07-2020,Payment Successed
12451,36800,05-01-2022,Payment Successed
12452,61906,22-03-2024,Payment Successed
12453,10891,16-11-2022,Payment Successed
12454,17746,19-10-2020,Payment Successed
12455,10764,08-05-2023,Payment Successed
12456,23577,07-05-2022,Payment Successed
12457,78663,09-10-2022,Payment Successed
12458,68350,30-07-2024,Payment Successed
12459,57371,05-08-2021,Payment Successed
12460,15540,19-06-2023,Payment Successed
12461,51915,08-12-2024,Payment Successed
12462,46040,09-11-2022,Payment Successed
12463,55010,21-02-2021,Payment Successed
12464,39426,13-08-2023,Payment Successed
12465,78653,31-08-2023,Payment Successed
12466,59565,16-11-2021,Payment Successed
12467,98729,20-10-2021,Payment Successed
12468,13418,19-11-2022,Payment Successed
12469,47371,11-06-2021,Payment Successed
12470,11303,19-09-2021,Payment Successed
12471,41765,08-06-2021,Payment Successed
12472,56913,03-07-2020,Payment Successed
12473,17396,22-11-2021,Payment Successed
12474,85805,17-11-2023,Payment Successed
12475,18204,08-11-2021,Payment Successed
12476,22890,12-12-2021,Refunded
12477,89417,10-06-2021,Payment Successed
12478,81393,20-08-2024,Payment Successed
12479,52331,29-02-2020,Payment Successed
12480,40868,04-11-2023,Payment Successed
12481,21142,23-06-2021,Payment Successed
12482,29546,14-01-2021,Payment Successed
12483,11164,12-09-2023,Payment Successed
12484,24442,30-10-2023,Payment Successed
12485,15450,13-12-2024,Payment Successed
12486,55374,10-07-2024,Payment Successed
12487,96209,07-10-2021,Payment Successed
12488,91865,20-02-2024,Payment Successed
12489,19832,29-12-2021,Payment Successed
12490,21701,12-08-2020,Payment Successed
12491,69652,01-11-2021,Payment Successed
12492,50336,11-06-2021,Payment Successed
12493,7260,05-05-2021,Payment Successed
12494,2003,01-01-2023,Payment Successed
12495,57734,07-01-2024,Payment Successed
12496,39317,10-08-2023,Payment Successed
12497,34216,28-06-2024,Payment Successed
12498,91325,27-11-2023,Payment Successed
12499,60260,09-11-2021,Payment Successed
12500,96105,21-06-2022,Payment Successed
12501,87882,19-05-2021,Refunded
12502,53706,15-05-2022,Payment Successed
12503,39948,10-10-2021,Payment Successed
12504,87580,31-12-2024,Payment Successed
12505,38870,15-11-2023,Payment Successed
12506,28709,23-07-2020,Payment Successed
12507,38386,07-01-2023,Payment Successed
12508,52898,25-08-2020,Payment Successed
12509,7006,16-09-2023,Payment Successed
12510,72282,07-06-2020,Refunded
12511,47525,28-04-2021,Payment Successed
12512,35315,06-01-2021,Refunded
12513,54291,26-12-2020,Payment Successed
12514,87917,21-12-2023,Payment Successed
12515,93706,05-05-2020,Payment Successed
12516,42610,31-07-2020,Failed
12517,52140,24-03-2021,Failed
12518,97802,08-03-2023,Failed
12519,88292,14-12-2022,Refunded
12520,74032,01-07-2023,Payment Successed
12521,15780,18-04-2020,Payment Successed
12522,12023,03-03-2024,Payment Successed
12523,56807,04-03-2023,Payment Successed
12524,85479,06-05-2023,Payment Successed
12525,87249,12-07-2024,Payment Successed
12526,45599,14-02-2021,Payment Successed
12527,93314,24-09-2022,Payment Successed
12528,45660,19-07-2021,Payment Successed
12529,53076,20-05-2023,Payment Successed
12530,76153,01-07-2020,Payment Successed
12531,57548,14-03-2024,Payment Successed
12532,88879,17-07-2023,Payment Successed
12533,59828,09-09-2023,Refunded
12534,30850,12-10-2023,Refunded
12535,94139,18-10-2021,Payment Successed
12536,12583,21-01-2023,Payment Successed
12537,54284,14-11-2020,Payment Successed
12538,16042,14-01-2023,Payment Successed
12539,64048,20-08-2024,Payment Successed
12540,75265,27-03-2020,Payment Successed
12541,49107,22-11-2023,Payment Successed
12542,54118,15-03-2021,Payment Successed
12543,92498,08-09-2023,Failed
12544,93751,29-12-2022,Payment Successed
12545,74763,19-05-2023,Payment Successed
12546,26553,29-12-2023,Payment Successed
12547,93711,04-08-2020,Payment Successed
12548,91908,06-01-2022,Refunded
12549,39508,09-12-2022,Payment Successed
12550,86490,13-04-2022,Payment Successed
12551,54021,07-03-2022,Payment Successed
12552,58310,02-12-2024,Payment Successed
12553,69390,13-08-2021,Payment Successed
12554,16101,05-03-2022,Payment Successed
12555,47234,19-05-2024,Payment Successed
12556,45205,04-12-2023,Payment Successed
12557,43688,14-06-2024,Payment Successed
12558,11411,31-10-2021,Payment Successed
12559,33412,23-03-2022,Payment Successed
12560,52177,22-08-2020,Payment Successed
12561,56103,18-06-2022,Failed
12562,62660,05-12-2024,Payment Successed
12563,95224,06-01-2022,Payment Successed
12564,37133,01-12-2024,Payment Successed
12565,93520,17-01-2024,Payment Successed
12566,58333,21-02-2020,Failed
12567,13589,08-08-2020,Payment Successed
12568,86950,09-07-2023,Payment Successed
12569,98389,22-07-2023,Payment Successed
12570,91770,02-12-2020,Payment Successed
12571,34345,02-04-2020,Payment Successed
12572,78612,31-08-2024,Payment Successed
12573,59303,30-08-2024,Payment Successed
12574,93082,27-05-2023,Payment Successed
12575,76563,07-12-2023,Payment Successed
12576,19939,02-04-2022,Payment Successed
12577,80501,27-02-2022,Payment Successed
12578,45607,10-06-2023,Failed
12579,24480,10-06-2021,Payment Successed
12580,49497,17-03-2020,Payment Successed
12581,64017,09-09-2023,Failed
12582,5269,16-12-2020,Payment Successed
12583,63861,29-07-2023,Payment Successed
12584,29821,06-07-2021,Payment Successed
12585,27731,02-03-2023,Payment Successed
12586,28854,28-12-2020,Payment Successed
12587,33961,08-08-2022,Payment Successed
12588,61592,14-12-2021,Payment Successed
12589,21353,23-04-2023,Payment Successed
12590,71028,24-04-2021,Payment Successed
12591,65167,03-07-2024,Payment Successed
12592,16987,25-08-2020,Payment Successed
12593,76214,17-02-2022,Payment Successed
12594,86169,09-02-2021,Payment Successed
12595,56558,20-10-2024,Payment Successed
12596,63167,27-05-2021,Payment Successed
12597,64000,17-03-2021,Payment Successed
12598,73455,03-07-2022,Payment Successed
12599,31376,07-02-2022,Payment Successed
12600,41755,08-06-2023,Payment Successed
12601,26713,20-09-2022,Refunded
12602,56428,09-07-2022,Payment Successed
12603,24318,03-12-2020,Payment Successed
12604,3040,10-09-2022,Payment Successed
12605,46909,18-07-2024,Payment Successed
12606,37673,23-04-2023,Payment Successed
12607,5793,01-10-2020,Payment Successed
12608,52044,24-04-2020,Payment Successed
12609,89333,13-08-2023,Payment Successed
12610,44297,09-04-2023,Payment Successed
12611,6502,09-02-2021,Payment Successed
12612,39997,26-12-2024,Payment Successed
12613,91805,18-03-2024,Payment Successed
12614,66701,02-09-2022,Payment Successed
12615,93962,27-01-2023,Payment Successed
12616,64330,08-12-2022,Payment Successed
12617,89575,19-09-2024,Payment Successed
12618,59255,03-06-2023,Payment Successed
12619,83635,04-03-2021,Payment Successed
12620,95420,04-01-2023,Payment Successed
12621,71411,05-04-2024,Payment Successed
12622,91835,09-08-2021,Payment Successed
12623,51125,26-12-2020,Payment Successed
12624,89234,05-03-2022,Payment Successed
12625,43509,07-10-2024,Payment Successed
12626,80900,06-02-2020,Payment Successed
12627,17541,03-08-2020,Payment Successed
12628,35400,19-10-2022,Refunded
12629,55187,21-11-2021,Payment Successed
12630,29914,15-12-2024,Refunded
12631,87895,11-05-2020,Payment Successed
12632,74934,08-01-2021,Payment Successed
12633,62125,24-12-2022,Payment Successed
12634,55488,16-06-2023,Payment Successed
12635,31537,24-09-2022,Payment Successed
12636,50563,19-01-2022,Payment Successed
12637,40095,20-11-2020,Payment Successed
12638,68901,05-06-2023,Failed
12639,50691,13-01-2020,Payment Successed
12640,7416,06-01-2023,Payment Successed
12641,96320,06-10-2020,Payment Successed
12642,61608,27-10-2022,Failed
12643,11518,12-03-2020,Payment Successed
12644,85131,24-08-2021,Payment Successed
12645,29159,20-06-2020,Failed
12646,3751,06-07-2020,Payment Successed
12647,20950,12-06-2020,Refunded
12648,47977,28-11-2023,Payment Successed
12649,52789,27-12-2020,Payment Successed
12650,36452,14-04-2023,Payment Successed
12651,86851,20-04-2024,Payment Successed
12652,62949,31-12-2023,Refunded
12653,67303,26-10-2022,Refunded
12654,39785,29-04-2024,Payment Successed
12655,97607,22-12-2023,Payment Successed
12656,6735,28-04-2022,Payment Successed
12657,24204,28-09-2023,Payment Successed
12658,33186,30-07-2024,Payment Successed
12659,43363,13-09-2021,Payment Successed
12660,30677,06-11-2024,Payment Successed
12661,44989,17-02-2024,Payment Successed
12662,53054,22-03-2024,Payment Successed
12663,34814,01-02-2022,Payment Successed
12664,76452,20-02-2024,Failed
12665,11637,28-12-2023,Payment Successed
12666,1082,15-05-2022,Payment Successed
12667,33481,25-08-2020,Payment Successed
12668,85219,05-07-2020,Payment Successed
12669,10806,18-01-2021,Payment Successed
12670,26856,25-10-2020,Payment Successed
12671,53907,14-07-2023,Payment Successed
12672,88649,25-06-2020,Payment Successed
12673,99834,04-10-2024,Payment Successed
12674,38492,05-08-2023,Payment Successed
12675,72772,26-12-2021,Payment Successed
12676,67352,27-03-2020,Payment Successed
12677,75906,14-03-2024,Payment Successed
12678,53156,29-01-2020,Payment Successed
12679,22750,02-07-2024,Payment Successed
12680,38626,03-12-2023,Payment Successed
12681,14873,03-05-2024,Payment Successed
12682,64829,10-07-2024,Payment Successed
12683,40866,21-09-2023,Payment Successed
12684,22233,26-08-2021,Payment Successed
12685,36548,01-02-2022,Payment Successed
12686,39829,30-05-2021,Payment Successed
12687,76597,20-11-2020,Payment Successed
12688,25337,03-05-2020,Payment Successed
12689,20367,19-11-2021,Failed
12690,13162,01-05-2021,Payment Successed
12691,42992,21-10-2021,Payment Successed
12692,86441,02-12-2024,Payment Successed
12693,1489,21-04-2023,Payment Successed
12694,76192,27-11-2024,Payment Successed
12695,18336,05-03-2023,Payment Successed
12696,4969,04-07-2024,Payment Successed
12697,25480,07-02-2022,Payment Successed
12698,70978,13-02-2024,Payment Successed
12699,95661,04-03-2024,Payment Successed
12700,92410,07-09-2023,Payment Successed
12701,1120,14-08-2020,Payment Successed
12702,98196,04-05-2022,Payment Successed
12703,44802,20-03-2023,Payment Successed
12704,79634,08-06-2021,Payment Successed
12705,94818,23-09-2020,Payment Successed
12706,80184,23-04-2023,Refunded
12707,2668,10-04-2024,Payment Successed
12708,51455,17-12-2023,Payment Successed
12709,57989,15-01-2021,Refunded
12710,23323,05-11-2020,Payment Successed
12711,28297,25-03-2021,Payment Successed
12712,14548,09-06-2023,Payment Successed
12713,10749,11-09-2020,Payment Successed
12714,48043,16-09-2020,Payment Successed
12715,16899,01-12-2020,Payment Successed
12716,85215,29-10-2020,Payment Successed
12717,91592,25-04-2024,Failed
12718,7450,22-12-2023,Refunded
12719,36128,22-02-2020,Payment Successed
12720,48484,19-11-2024,Payment Successed
12721,98739,20-10-2024,Payment Successed
12722,38092,27-11-2022,Payment Successed
12723,84511,19-11-2021,Payment Successed
12724,89110,12-04-2023,Refunded
12725,78552,18-02-2020,Payment Successed
12726,70081,02-12-2020,Payment Successed
12727,17337,10-06-2022,Refunded
12728,55566,23-04-2021,Payment Successed
12729,57160,09-01-2021,Payment Successed
12730,15569,01-03-2021,Payment Successed
12731,71321,06-07-2024,Payment Successed
12732,46252,04-11-2022,Payment Successed
12733,90733,12-08-2024,Failed
12734,96480,02-04-2024,Payment Successed
12735,74595,24-09-2020,Payment Successed
12736,26787,10-11-2024,Payment Successed
12737,1421,23-05-2024,Refunded
12738,89178,30-05-2021,Payment Successed
12739,43132,09-12-2020,Payment Successed
12740,99527,02-01-2023,Payment Successed
12741,60015,07-02-2020,Payment Successed
12742,31949,29-08-2023,Payment Successed
12743,28955,04-12-2024,Payment Successed
12744,87311,23-03-2024,Payment Successed
12745,7951,10-06-2020,Payment Successed
12746,65873,02-05-2020,Payment Successed
12747,34903,27-11-2023,Payment Successed
12748,98102,06-10-2020,Payment Successed
12749,8539,30-05-2021,Payment Successed
12750,39091,24-12-2024,Payment Successed
12751,85605,25-05-2021,Payment Successed
12752,85985,16-12-2022,Payment Successed
12753,30274,18-04-2021,Payment Successed
12754,74647,25-03-2023,Payment Successed
12755,19870,06-12-2023,Refunded
12756,27367,20-10-2024,Refunded
12757,13920,23-08-2023,Payment Successed
12758,73868,12-08-2023,Payment Successed
12759,93483,27-12-2024,Refunded
12760,93918,02-10-2024,Refunded
12761,96293,24-05-2020,Payment Successed
12762,35060,20-08-2020,Payment Successed
12763,90995,27-11-2021,Payment Successed
12764,42564,25-02-2023,Payment Successed
12765,36959,03-05-2021,Payment Successed
12766,32715,03-06-2024,Payment Successed
12767,66060,21-11-2023,Payment Successed
12768,39075,23-12-2020,Payment Successed
12769,22230,04-03-2021,Payment Successed
12770,17977,05-12-2020,Payment Successed
12771,48379,16-10-2022,Payment Successed
12772,96612,20-02-2021,Payment Successed
12773,32395,27-12-2020,Payment Successed
12774,23132,15-10-2021,Failed
12775,54441,01-03-2020,Payment Successed
12776,97681,05-09-2024,Payment Successed
12777,60626,08-04-2024,Payment Successed
12778,20503,05-08-2020,Payment Successed
12779,44077,12-11-2020,Payment Successed
12780,51738,20-05-2023,Payment Successed
12781,40319,12-01-2020,Payment Successed
12782,7140,13-12-2022,Payment Successed
12783,56649,19-07-2020,Payment Successed
12784,80803,15-11-2020,Payment Successed
12785,30662,28-12-2020,Payment Successed
12786,43859,13-04-2022,Payment Successed
12787,10516,09-08-2022,Payment Successed
12788,98034,16-04-2021,Payment Successed
12789,28164,21-04-2020,Payment Successed
12790,47254,10-07-2023,Payment Successed
12791,38988,23-10-2023,Payment Successed
12792,34365,16-03-2020,Payment Successed
12793,36903,27-11-2021,Payment Successed
12794,51062,29-08-2022,Failed
12795,66062,03-12-2022,Payment Successed
12796,14611,18-04-2020,Payment Successed
12797,49140,28-12-2021,Payment Successed
12798,92104,24-08-2024,Payment Successed
12799,42856,15-12-2023,Payment Successed
12800,19704,21-02-2024,Payment Successed
12801,95776,22-10-2021,Payment Successed
12802,2467,22-03-2021,Payment Successed
12803,70257,06-10-2020,Payment Successed
12804,56770,01-08-2021,Payment Successed
12805,93829,04-10-2021,Payment Successed
12806,25407,17-12-2022,Payment Successed
12807,73808,03-05-2023,Payment Successed
12808,31209,09-02-2023,Payment Successed
12809,73980,29-10-2023,Failed
12810,8477,19-12-2022,Payment Successed
12811,29465,26-02-2020,Refunded
12812,44379,09-01-2024,Payment Successed
12813,81517,05-04-2024,Payment Successed
12814,57638,07-06-2021,Payment Successed
12815,5067,30-01-2023,Payment Successed
12816,45444,17-02-2022,Payment Successed
12817,41138,25-06-2020,Payment Successed
12818,22660,11-09-2022,Payment Successed
12819,34185,19-10-2020,Payment Successed
12820,26408,04-04-2022,Payment Successed
12821,26357,10-05-2020,Payment Successed
12822,4660,05-06-2021,Payment Successed
12823,62436,09-11-2021,Payment Successed
12824,3116,05-07-2024,Payment Successed
12825,23726,19-02-2024,Payment Successed
12826,40283,08-09-2023,Payment Successed
12827,75461,14-01-2023,Payment Successed
12828,57436,03-03-2024,Payment Successed
12829,57423,10-08-2024,Payment Successed
12830,84000,13-02-2024,Payment Successed
12831,32940,09-12-2020,Payment Successed
12832,40459,18-01-2024,Failed
12833,6660,25-07-2022,Payment Successed
12834,21318,30-06-2021,Payment Successed
12835,60419,14-05-2020,Payment Successed
12836,39977,21-02-2022,Payment Successed
12837,82520,05-11-2023,Payment Successed
12838,26772,05-06-2022,Failed
12839,9017,22-02-2024,Payment Successed
12840,34611,17-02-2020,Payment Successed
12841,23593,24-01-2021,Payment Successed
12842,12484,13-05-2021,Payment Successed
12843,53166,28-06-2023,Payment Successed
12844,77062,25-07-2023,Payment Successed
12845,94809,25-07-2024,Failed
12846,23916,20-08-2024,Payment Successed
12847,55397,09-09-2020,Payment Successed
12848,23347,11-12-2022,Payment Successed
12849,49671,26-04-2023,Payment Successed
12850,23856,11-10-2021,Payment Successed
12851,52020,07-03-2022,Payment Successed
12852,46123,10-12-2022,Payment Successed
12853,32189,24-02-2020,Payment Successed
12854,87941,04-07-2021,Payment Successed
12855,2631,12-05-2023,Payment Successed
12856,84813,29-11-2020,Payment Successed
12857,69937,26-03-2020,Payment Successed
12858,23597,05-11-2024,Failed
12859,51630,12-02-2020,Payment Successed
12860,52244,12-08-2022,Payment Successed
12861,73413,16-07-2022,Payment Successed
12862,13695,05-08-2020,Payment Successed
12863,26761,05-06-2024,Refunded
12864,76803,23-11-2021,Payment Successed
12865,34266,23-04-2023,Payment Successed
12866,66598,07-05-2021,Payment Successed
12867,10442,10-08-2020,Payment Successed
12868,45786,29-07-2023,Payment Successed
12869,48362,30-01-2024,Payment Successed
12870,19185,25-09-2020,Payment Successed
12871,70885,09-04-2020,Payment Successed
12872,72146,28-06-2024,Payment Successed
12873,74194,30-04-2022,Payment Successed
12874,5403,13-09-2021,Payment Successed
12875,92374,18-05-2020,Payment Successed
12876,84078,11-10-2024,Payment Successed
12877,33675,28-11-2021,Payment Successed
12878,27706,23-03-2023,Payment Successed
12879,16558,07-12-2024,Payment Successed
12880,1560,13-02-2021,Payment Successed
12881,47912,20-04-2020,Payment Successed
12882,87343,07-03-2023,Failed
12883,32381,20-07-2023,Payment Successed
12884,97228,21-06-2022,Payment Successed
12885,47243,18-09-2024,Payment Successed
12886,79145,23-04-2024,Payment Successed
12887,14684,04-06-2020,Refunded
12888,10860,18-11-2021,Payment Successed
12889,33026,16-01-2023,Refunded
12890,83511,17-09-2022,Payment Successed
12891,60830,04-01-2021,Payment Successed
12892,79183,11-05-2024,Payment Successed
12893,91123,14-07-2024,Payment Successed
12894,30154,20-10-2021,Payment Successed
12895,55086,13-12-2021,Payment Successed
12896,7279,05-04-2023,Payment Successed
12897,68702,26-01-2023,Payment Successed
12898,54427,20-12-2024,Payment Successed
12899,77830,06-10-2021,Payment Successed
12900,10766,03-06-2021,Payment Successed
12901,26950,27-05-2022,Payment Successed
12902,57708,15-09-2021,Payment Successed
12903,28248,26-09-2020,Payment Successed
12904,35222,05-09-2020,Payment Successed
12905,92199,08-04-2021,Payment Successed
12906,88327,14-09-2024,Payment Successed
12907,91232,10-09-2020,Payment Successed
12908,35119,10-05-2021,Payment Successed
12909,61063,05-12-2022,Payment Successed
12910,26980,30-12-2022,Refunded
12911,61040,27-12-2022,Payment Successed
12912,53793,26-09-2022,Payment Successed
12913,7293,30-05-2022,Payment Successed
12914,85900,13-07-2020,Payment Successed
12915,2801,08-11-2024,Refunded
12916,86373,14-06-2020,Payment Successed
12917,67725,24-02-2021,Payment Successed
12918,65700,19-07-2021,Payment Successed
12919,66972,07-07-2024,Failed
12920,41786,06-04-2022,Payment Successed
12921,91468,18-05-2021,Refunded
12922,89571,06-11-2020,Failed
12923,42973,04-07-2020,Payment Successed
12924,90219,04-10-2021,Payment Successed
12925,31356,28-03-2024,Payment Successed
12926,11316,19-10-2023,Payment Successed
12927,66577,09-12-2022,Payment Successed
12928,19852,31-08-2023,Payment Successed
12929,51569,02-11-2022,Payment Successed
12930,39537,12-03-2021,Payment Successed
12931,89855,29-03-2020,Payment Successed
12932,4221,14-06-2021,Payment Successed
12933,1651,08-07-2023,Failed
12934,30585,29-06-2021,Payment Successed
12935,88458,12-02-2024,Payment Successed
12936,3079,21-03-2024,Payment Successed
12937,57640,26-09-2020,Payment Successed
12938,16006,29-08-2024,Payment Successed
12939,90650,20-10-2023,Payment Successed
12940,33071,11-04-2021,Payment Successed
12941,34367,09-10-2022,Payment Successed
12942,73667,04-05-2022,Payment Successed
12943,35422,14-06-2021,Payment Successed
12944,6927,31-01-2023,Payment Successed
12945,52755,01-10-2023,Failed
12946,94876,14-11-2023,Payment Successed
12947,18736,01-02-2022,Payment Successed
12948,12698,04-08-2021,Payment Successed
12949,73870,17-09-2021,Payment Successed
12950,7186,03-11-2022,Payment Successed
12951,86693,06-06-2024,Payment Successed
12952,21830,02-08-2020,Payment Successed
12953,98889,20-12-2021,Payment Successed
12954,69161,16-07-2021,Refunded
12955,33066,10-01-2022,Refunded
12956,25127,21-09-2021,Payment Successed
12957,98299,22-05-2020,Payment Successed
12958,92681,19-09-2024,Refunded
12959,12916,17-01-2021,Payment Successed
12960,51468,21-05-2022,Payment Successed
12961,38427,14-08-2023,Payment Successed
12962,51386,31-10-2024,Payment Successed
12963,30311,16-02-2020,Payment Successed
12964,85205,28-07-2022,Payment Successed
12965,71076,01-03-2022,Payment Successed
12966,19628,25-01-2024,Payment Successed
12967,72289,13-11-2021,Payment Successed
12968,8848,06-01-2020,Failed
12969,88135,26-10-2020,Payment Successed
12970,63918,07-05-2024,Payment Successed
12971,40678,21-02-2023,Payment Successed
12972,62306,23-12-2020,Payment Successed
12973,35395,09-11-2024,Payment Successed
12974,52662,24-04-2023,Payment Successed
12975,20054,28-09-2022,Payment Successed
12976,12976,03-04-2024,Failed
12977,68138,15-12-2022,Refunded
12978,79694,12-09-2023,Payment Successed
12979,81619,19-10-2022,Payment Successed
12980,60363,12-05-2023,Payment Successed
12981,65589,15-03-2020,Payment Successed
12982,40248,01-01-2023,Payment Successed
12983,34330,29-02-2020,Payment Successed
12984,48968,14-07-2020,Payment Successed
12985,3459,21-05-2022,Payment Successed
12986,90976,11-06-2022,Payment Successed
12987,47713,03-04-2023,Refunded
12988,28688,05-11-2020,Refunded
12989,48027,29-04-2024,Payment Successed
12990,31964,20-12-2024,Payment Successed
12991,22783,27-07-2023,Refunded
12992,39887,12-01-2022,Payment Successed
12993,83022,20-07-2020,Payment Successed
12994,49683,02-10-2024,Payment Successed
12995,97406,11-10-2021,Payment Successed
12996,61964,11-06-2023,Payment Successed
12997,44574,14-08-2021,Payment Successed
12998,99472,23-08-2020,Payment Successed
12999,91810,13-01-2023,Failed
13000,59909,26-07-2020,Payment Successed
13001,42408,20-08-2020,Payment Successed
13002,52790,04-10-2020,Payment Successed
13003,25380,04-03-2022,Payment Successed
13004,7375,06-12-2022,Payment Successed
13005,15459,19-07-2022,Refunded
13006,90660,11-01-2022,Payment Successed
13007,11277,09-06-2024,Payment Successed
13008,25542,29-11-2022,Payment Successed
13009,88989,21-06-2024,Payment Successed
13010,19017,04-02-2020,Payment Successed
13011,80266,30-08-2022,Payment Successed
13012,54575,19-09-2023,Payment Successed
13013,22913,11-06-2021,Payment Successed
13014,53354,29-10-2024,Payment Successed
13015,72739,29-09-2022,Payment Successed
13016,23759,27-11-2023,Payment Successed
13017,87933,06-05-2024,Payment Successed
13018,21263,20-05-2023,Payment Successed
13019,35078,25-12-2022,Payment Successed
13020,96111,02-10-2023,Payment Successed
13021,63204,27-01-2023,Payment Successed
13022,40126,09-06-2020,Payment Successed
13023,75547,25-08-2020,Payment Successed
13024,56177,04-11-2024,Payment Successed
13025,63710,13-12-2022,Payment Successed
13026,49332,09-02-2024,Payment Successed
13027,7521,05-02-2021,Payment Successed
13028,47910,03-08-2022,Payment Successed
13029,25399,24-08-2023,Payment Successed
13030,51643,21-01-2023,Payment Successed
13031,33507,02-03-2022,Payment Successed
13032,52651,05-06-2023,Failed
13033,86317,01-04-2020,Payment Successed
13034,15948,16-10-2021,Payment Successed
13035,5825,11-12-2021,Payment Successed
13036,61007,05-08-2022,Payment Successed
13037,53319,09-04-2020,Payment Successed
13038,62721,24-03-2022,Payment Successed
13039,32117,18-02-2024,Payment Successed
13040,65296,02-04-2021,Payment Successed
13041,41848,27-12-2022,Payment Successed
13042,1071,18-03-2022,Refunded
13043,86036,22-09-2022,Failed
13044,25466,23-03-2021,Payment Successed
13045,31258,06-01-2020,Payment Successed
13046,22376,01-09-2022,Payment Successed
13047,26407,14-04-2024,Payment Successed
13048,74393,03-02-2023,Payment Successed
13049,20106,16-03-2022,Payment Successed
13050,3142,20-10-2023,Payment Successed
13051,71812,08-09-2024,Payment Successed
13052,60398,19-05-2021,Payment Successed
13053,65915,10-05-2020,Failed
13054,55160,06-03-2022,Payment Successed
13055,53968,26-10-2024,Payment Successed
13056,28372,15-07-2023,Payment Successed
13057,12892,26-12-2022,Payment Successed
13058,55601,28-11-2022,Payment Successed
13059,28473,18-09-2020,Payment Successed
13060,28097,11-09-2023,Payment Successed
13061,53031,10-07-2022,Payment Successed
13062,20252,25-08-2022,Refunded
13063,72751,16-09-2021,Payment Successed
13064,78802,13-03-2022,Payment Successed
13065,81488,22-07-2020,Payment Successed
13066,28017,12-05-2021,Payment Successed
13067,10294,28-07-2022,Payment Successed
13068,1550,14-08-2023,Payment Successed
13069,90394,01-07-2022,Payment Successed
13070,69740,24-08-2020,Payment Successed
13071,31425,27-12-2023,Payment Successed
13072,94311,25-01-2021,Payment Successed
13073,32750,07-06-2021,Payment Successed
13074,22337,12-07-2021,Payment Successed
13075,46583,15-10-2023,Payment Successed
13076,35900,19-08-2020,Payment Successed
13077,51950,12-06-2020,Payment Successed
13078,23902,21-01-2022,Payment Successed
13079,94297,28-05-2021,Payment Successed
13080,16927,23-08-2021,Payment Successed
13081,76464,12-11-2021,Payment Successed
13082,13290,12-11-2022,Payment Successed
13083,19331,01-11-2024,Payment Successed
13084,74227,28-10-2022,Failed
13085,75477,30-03-2023,Payment Successed
13086,6907,09-03-2023,Refunded
13087,86884,27-06-2023,Payment Successed
13088,33521,18-02-2024,Payment Successed
13089,91768,12-06-2020,Payment Successed
13090,20729,30-03-2024,Payment Successed
13091,81733,24-05-2024,Payment Successed
13092,18782,18-01-2020,Refunded
13093,72890,01-06-2020,Payment Successed
13094,52807,06-08-2022,Refunded
13095,81260,28-01-2024,Payment Successed
13096,14311,03-08-2024,Payment Successed
13097,13388,03-08-2023,Payment Successed
13098,36174,27-03-2023,Payment Successed
13099,4103,23-05-2021,Payment Successed
13100,6996,15-02-2022,Payment Successed
13101,44073,08-01-2020,Payment Successed
13102,98175,20-07-2020,Payment Successed
13103,10466,08-04-2022,Payment Successed
13104,33363,01-05-2022,Failed
13105,26928,18-10-2020,Payment Successed
13106,73139,24-11-2023,Payment Successed
13107,55624,26-01-2020,Payment Successed
13108,91534,06-06-2021,Payment Successed
13109,63906,25-01-2024,Payment Successed
13110,81432,27-03-2024,Refunded
13111,58305,19-07-2020,Payment Successed
13112,22077,29-06-2022,Payment Successed
13113,89099,23-03-2023,Payment Successed
13114,41686,21-08-2022,Payment Successed
13115,33450,07-06-2021,Refunded
13116,42241,08-05-2022,Payment Successed
13117,27835,08-04-2024,Payment Successed
13118,92766,14-04-2021,Payment Successed
13119,88134,30-09-2022,Payment Successed
13120,88095,03-08-2024,Payment Successed
13121,13555,28-01-2023,Payment Successed
13122,12190,03-06-2024,Payment Successed
13123,54180,30-09-2022,Payment Successed
13124,66841,14-03-2022,Refunded
13125,35310,16-12-2023,Payment Successed
13126,42814,16-01-2023,Payment Successed
13127,92030,15-01-2020,Payment Successed
13128,84634,05-11-2022,Failed
13129,50993,03-05-2020,Payment Successed
13130,84128,31-10-2020,Payment Successed
13131,22671,09-11-2023,Payment Successed
13132,25984,14-02-2023,Payment Successed
13133,95751,10-08-2022,Refunded
13134,39063,02-05-2023,Refunded
13135,32334,30-06-2020,Payment Successed
13136,18173,18-11-2024,Payment Successed
13137,12142,21-09-2023,Payment Successed
13138,52857,25-06-2024,Payment Successed
13139,17160,19-07-2023,Payment Successed
13140,57069,19-10-2023,Payment Successed
13141,58326,14-04-2024,Payment Successed
13142,36407,26-07-2021,Payment Successed
13143,6731,16-09-2020,Payment Successed
13144,74115,16-01-2021,Payment Successed
13145,54170,05-08-2022,Payment Successed
13146,67346,16-05-2020,Payment Successed
13147,46462,21-09-2021,Payment Successed
13148,81246,16-04-2022,Payment Successed
13149,49105,15-03-2022,Refunded
13150,99807,05-01-2024,Payment Successed
13151,35681,29-10-2023,Payment Successed
13152,69024,21-12-2021,Payment Successed
13153,14497,21-12-2020,Payment Successed
13154,33247,20-02-2022,Payment Successed
13155,36845,17-02-2022,Payment Successed
13156,95003,31-08-2022,Payment Successed
13157,90233,15-06-2022,Payment Successed
13158,17549,05-06-2022,Payment Successed
13159,66596,22-09-2021,Failed
13160,63960,30-08-2021,Payment Successed
13161,60707,24-04-2021,Payment Successed
13162,41388,11-09-2021,Payment Successed
13163,91802,02-04-2023,Payment Successed
13164,54036,23-09-2020,Payment Successed
13165,74653,19-04-2022,Payment Successed
13166,92402,12-02-2023,Payment Successed
13167,55452,30-07-2024,Payment Successed
13168,79553,15-05-2020,Failed
13169,56310,16-09-2022,Payment Successed
13170,28321,08-06-2024,Payment Successed
13171,55325,02-12-2022,Payment Successed
13172,30263,22-04-2021,Payment Successed
13173,29363,22-10-2020,Refunded
13174,65580,27-03-2021,Payment Successed
13175,8576,11-01-2023,Refunded
13176,45208,02-04-2020,Payment Successed
13177,98786,17-02-2020,Refunded
13178,44532,03-12-2020,Payment Successed
13179,31025,07-04-2022,Payment Successed
13180,71182,02-11-2021,Payment Successed
13181,95147,25-03-2020,Payment Successed
13182,18040,29-12-2024,Payment Successed
13183,92944,11-09-2020,Payment Successed
13184,83787,07-06-2020,Payment Successed
13185,23808,22-12-2023,Payment Successed
13186,67724,06-04-2020,Payment Successed
13187,97302,10-11-2022,Payment Successed
13188,64605,28-04-2021,Payment Successed
13189,57546,06-07-2023,Payment Successed
13190,20677,18-06-2021,Payment Successed
13191,74243,07-03-2022,Payment Successed
13192,33279,03-02-2023,Refunded
13193,63863,03-06-2020,Payment Successed
13194,69716,20-10-2021,Payment Successed
13195,15085,29-01-2021,Payment Successed
13196,87528,14-06-2023,Payment Successed
13197,18355,09-02-2024,Payment Successed
13198,84680,10-01-2023,Payment Successed
13199,24448,22-08-2022,Payment Successed
13200,76925,13-10-2020,Payment Successed
13201,28044,21-04-2024,Payment Successed
13202,54092,26-01-2020,Payment Successed
13203,67537,13-06-2023,Refunded
13204,77298,29-03-2022,Payment Successed
13205,65730,04-07-2020,Payment Successed
13206,69746,17-02-2023,Payment Successed
13207,15733,05-06-2021,Payment Successed
13208,58172,15-07-2021,Payment Successed
13209,90801,03-12-2021,Payment Successed
13210,7673,02-11-2020,Payment Successed
13211,79259,13-01-2023,Refunded
13212,48315,28-11-2022,Payment Successed
13213,29101,30-08-2024,Payment Successed
13214,72309,23-10-2021,Payment Successed
13215,67505,01-03-2020,Payment Successed
13216,87916,04-11-2023,Payment Successed
13217,24032,18-09-2021,Payment Successed
13218,54815,16-01-2022,Payment Successed
13219,14911,31-12-2024,Payment Successed
13220,83431,25-11-2022,Payment Successed
13221,91614,06-06-2021,Payment Successed
13222,50572,09-01-2021,Payment Successed
13223,78252,01-01-2021,Payment Successed
13224,92830,12-01-2020,Payment Successed
13225,40817,18-05-2022,Payment Successed
13226,54073,07-10-2024,Payment Successed
13227,54174,07-10-2024,Payment Successed
13228,73187,25-07-2024,Refunded
13229,46081,10-07-2024,Refunded
13230,65638,29-05-2022,Payment Successed
13231,58989,19-07-2022,Payment Successed
13232,35662,01-04-2020,Payment Successed
13233,33547,05-06-2023,Payment Successed
13234,55003,29-03-2023,Payment Successed
13235,90485,21-09-2020,Payment Successed
13236,73325,30-06-2022,Payment Successed
13237,42878,15-05-2021,Refunded
13238,39863,01-09-2022,Payment Successed
13239,52705,21-09-2022,Failed
13240,64839,13-12-2022,Payment Successed
13241,32721,27-05-2022,Payment Successed
13242,26389,06-11-2023,Payment Successed
13243,61167,27-10-2024,Payment Successed
13244,83868,16-07-2024,Payment Successed
13245,99357,29-04-2022,Payment Successed
13246,17016,04-03-2023,Payment Successed
13247,72950,13-06-2023,Payment Successed
13248,61816,19-04-2024,Payment Successed
13249,4918,25-01-2024,Payment Successed
13250,68367,30-05-2024,Payment Successed
13251,11806,06-10-2020,Failed
13252,17843,13-02-2020,Payment Successed
13253,33192,20-04-2024,Payment Successed
13254,65777,24-06-2022,Payment Successed
13255,53854,09-06-2023,Payment Successed
13256,52270,18-06-2023,Payment Successed
13257,36169,22-10-2024,Payment Successed
13258,3888,18-08-2022,Payment Successed
13259,5125,04-08-2023,Payment Successed
13260,50099,19-03-2023,Payment Successed
13261,79649,30-06-2020,Payment Successed
13262,12400,21-02-2020,Payment Successed
13263,49994,13-11-2021,Payment Successed
13264,85221,03-01-2024,Payment Successed
13265,76587,12-06-2020,Payment Successed
13266,76162,15-02-2020,Payment Successed
13267,59779,02-07-2024,Payment Successed
13268,5582,13-06-2023,Payment Successed
13269,84225,30-12-2024,Payment Successed
13270,96177,23-01-2020,Payment Successed
13271,60469,13-09-2022,Payment Successed
13272,60290,07-02-2024,Payment Successed
13273,90021,17-08-2024,Payment Successed
13274,38222,31-08-2020,Payment Successed
13275,83403,18-03-2021,Payment Successed
13276,80961,27-07-2024,Payment Successed
13277,98408,15-07-2020,Refunded
13278,94947,03-02-2021,Payment Successed
13279,79777,17-12-2023,Payment Successed
13280,21150,10-07-2020,Payment Successed
13281,11975,23-09-2021,Payment Successed
13282,85443,23-09-2022,Payment Successed
13283,54927,22-09-2020,Refunded
13284,28143,10-08-2022,Failed
13285,95239,08-02-2022,Payment Successed
13286,34756,02-05-2021,Payment Successed
13287,21052,05-11-2023,Payment Successed
13288,45573,29-08-2020,Payment Successed
13289,63967,24-09-2020,Payment Successed
13290,64511,11-04-2020,Payment Successed
13291,19377,14-07-2020,Failed
13292,14118,25-08-2024,Payment Successed
13293,5613,06-12-2020,Payment Successed
13294,95693,11-11-2024,Payment Successed
13295,55609,09-09-2024,Payment Successed
13296,45969,18-11-2020,Payment Successed
13297,19119,06-10-2023,Payment Successed
13298,42333,03-05-2023,Payment Successed
13299,99616,19-01-2024,Payment Successed
13300,92617,17-02-2020,Payment Successed
13301,40772,30-09-2024,Payment Successed
13302,31121,25-05-2020,Payment Successed
13303,34510,05-10-2022,Payment Successed
13304,95912,17-02-2021,Payment Successed
13305,33105,30-04-2020,Payment Successed
13306,67739,26-05-2024,Payment Successed
13307,88346,28-07-2020,Payment Successed
13308,65110,15-10-2021,Payment Successed
13309,8822,20-07-2024,Payment Successed
13310,50431,26-08-2020,Payment Successed
13311,96490,17-11-2023,Payment Successed
13312,60717,02-02-2020,Refunded
13313,47938,26-06-2023,Payment Successed
13314,94101,14-08-2020,Payment Successed
13315,28460,24-06-2022,Failed
13316,8774,05-01-2024,Payment Successed
13317,76570,23-08-2024,Payment Successed
13318,63586,07-03-2022,Payment Successed
13319,34413,27-01-2024,Payment Successed
13320,34590,30-09-2024,Payment Successed
13321,21966,12-02-2021,Payment Successed
13322,67040,26-08-2023,Payment Successed
13323,94345,15-10-2020,Payment Successed
13324,29374,03-11-2021,Payment Successed
13325,9299,31-10-2022,Payment Successed
13326,47847,11-10-2023,Payment Successed
13327,57864,27-05-2020,Payment Successed
13328,39318,24-09-2020,Payment Successed
13329,58162,21-10-2023,Payment Successed
13330,77251,22-06-2021,Payment Successed
13331,42330,28-07-2021,Payment Successed
13332,18488,06-12-2023,Payment Successed
13333,75017,17-02-2020,Payment Successed
13334,3367,09-01-2024,Payment Successed
13335,6619,14-06-2024,Payment Successed
13336,71195,18-06-2022,Payment Successed
13337,14015,03-11-2023,Payment Successed
13338,44393,27-06-2022,Payment Successed
13339,24172,06-02-2021,Payment Successed
13340,89311,07-02-2021,Payment Successed
13341,49502,19-06-2021,Payment Successed
13342,42351,15-12-2020,Payment Successed
13343,15251,04-05-2020,Payment Successed
13344,97915,21-09-2021,Refunded
13345,48309,06-10-2021,Payment Successed
13346,64107,10-07-2024,Payment Successed
13347,29564,08-10-2023,Payment Successed
13348,90149,12-05-2023,Failed
13349,82228,21-04-2021,Payment Successed
13350,93690,22-12-2023,Payment Successed
13351,94161,01-03-2022,Payment Successed
13352,68279,27-06-2022,Payment Successed
13353,45336,30-12-2020,Payment Successed
13354,13419,03-08-2024,Payment Successed
13355,27109,08-03-2022,Payment Successed
13356,23220,22-04-2020,Failed
13357,31818,24-01-2022,Payment Successed
13358,43644,27-09-2020,Payment Successed
13359,77397,17-06-2020,Payment Successed
13360,52366,07-02-2022,Payment Successed
13361,15548,31-05-2021,Payment Successed
13362,64418,17-02-2022,Refunded
13363,65554,09-07-2021,Payment Successed
13364,24129,02-07-2022,Payment Successed
13365,80103,04-05-2024,Payment Successed
13366,4136,16-03-2022,Payment Successed
13367,55887,29-07-2021,Payment Successed
13368,94232,15-04-2022,Refunded
13369,65418,02-06-2024,Payment Successed
13370,59441,20-11-2022,Payment Successed
13371,63950,04-12-2022,Payment Successed
13372,93153,05-07-2022,Payment Successed
13373,71284,01-05-2020,Payment Successed
13374,95826,03-05-2024,Payment Successed
13375,33810,19-05-2023,Payment Successed
13376,9724,08-06-2021,Payment Successed
13377,81805,08-07-2023,Payment Successed
13378,84659,05-11-2020,Payment Successed
13379,66188,27-09-2023,Payment Successed
13380,40854,14-03-2023,Payment Successed
13381,81333,02-02-2022,Payment Successed
13382,99072,17-06-2022,Payment Successed
13383,76726,18-07-2020,Failed
13384,27163,02-07-2020,Payment Successed
13385,81076,03-10-2021,Payment Successed
13386,38951,07-12-2022,Payment Successed
13387,62606,09-10-2021,Payment Successed
13388,10065,18-01-2022,Payment Successed
13389,12492,04-06-2021,Payment Successed
13390,87963,26-07-2023,Payment Successed
13391,97813,09-09-2023,Payment Successed
13392,41416,30-03-2021,Payment Successed
13393,99424,14-01-2021,Refunded
13394,87199,24-08-2024,Payment Successed
13395,79486,15-05-2023,Payment Successed
13396,37802,28-09-2023,Payment Successed
13397,16806,16-06-2021,Payment Successed
13398,73947,23-01-2023,Payment Successed
13399,85602,22-03-2020,Payment Successed
13400,5458,19-12-2023,Payment Successed
13401,16431,08-08-2020,Payment Successed
13402,45010,02-03-2021,Payment Successed
13403,56610,24-06-2021,Payment Successed
13404,91251,22-06-2020,Payment Successed
13405,22452,20-04-2024,Refunded
13406,28285,15-10-2020,Payment Successed
13407,93401,24-12-2023,Payment Successed
13408,7320,12-03-2021,Payment Successed
13409,15960,05-06-2024,Payment Successed
13410,41045,25-06-2024,Payment Successed
13411,39290,12-08-2021,Payment Successed
13412,80062,05-01-2021,Payment Successed
13413,71952,20-10-2023,Refunded
13414,29409,18-09-2020,Payment Successed
13415,49371,09-01-2024,Payment Successed
13416,51367,06-09-2020,Payment Successed
13417,41819,10-07-2020,Payment Successed
13418,1814,18-08-2023,Payment Successed
13419,91371,05-07-2023,Payment Successed
13420,20049,19-01-2023,Payment Successed
13421,6361,22-05-2023,Payment Successed
13422,79334,15-07-2024,Payment Successed
13423,29622,11-12-2022,Payment Successed
13424,39482,12-09-2023,Payment Successed
13425,2967,26-03-2021,Payment Successed
13426,26384,09-12-2023,Payment Successed
13427,27638,24-07-2020,Payment Successed
13428,36201,16-08-2020,Payment Successed
13429,60863,22-12-2024,Payment Successed
13430,98147,04-10-2020,Failed
13431,9560,02-10-2021,Payment Successed
13432,96176,10-04-2020,Payment Successed
13433,10813,02-01-2023,Failed
13434,70692,21-01-2024,Payment Successed
13435,5852,20-03-2020,Payment Successed
13436,12420,16-11-2023,Payment Successed
13437,27041,20-08-2024,Failed
13438,17758,17-07-2021,Payment Successed
13439,42116,28-04-2024,Payment Successed
13440,17320,04-04-2021,Failed
13441,85677,16-10-2022,Payment Successed
13442,69897,18-05-2024,Payment Successed
13443,3799,27-09-2022,Payment Successed
13444,71620,22-08-2020,Payment Successed
13445,50670,04-05-2020,Payment Successed
13446,78348,29-03-2020,Payment Successed
13447,41261,06-07-2020,Payment Successed
13448,87014,17-01-2022,Payment Successed
13449,32784,28-07-2024,Payment Successed
13450,74399,17-03-2020,Payment Successed
13451,22292,19-12-2021,Payment Successed
13452,3815,13-11-2022,Payment Successed
13453,56985,17-07-2024,Payment Successed
13454,84912,30-01-2021,Payment Successed
13455,31447,21-03-2020,Payment Successed
13456,69755,13-04-2020,Payment Successed
13457,88771,22-03-2021,Payment Successed
13458,81399,28-12-2022,Failed
13459,94279,24-07-2022,Payment Successed
13460,20434,21-04-2023,Payment Successed
13461,84911,27-04-2020,Payment Successed
13462,38556,18-11-2020,Refunded
13463,99158,20-08-2022,Payment Successed
13464,12120,15-05-2020,Payment Successed
13465,99221,13-01-2020,Payment Successed
13466,43109,15-07-2020,Payment Successed
13467,59474,20-03-2022,Payment Successed
13468,65352,02-12-2020,Payment Successed
13469,80098,06-11-2022,Payment Successed
13470,64530,29-02-2020,Payment Successed
13471,22786,20-01-2020,Payment Successed
13472,8361,06-09-2022,Payment Successed
13473,33253,26-06-2022,Payment Successed
13474,26006,12-09-2021,Payment Successed
13475,42281,20-10-2023,Payment Successed
13476,71852,03-01-2020,Payment Successed
13477,92300,25-06-2021,Payment Successed
13478,47069,20-10-2021,Failed
13479,18664,06-01-2022,Payment Successed
13480,38235,13-07-2020,Payment Successed
13481,82974,25-02-2020,Payment Successed
13482,41243,11-12-2024,Payment Successed
13483,84095,04-11-2022,Payment Successed
13484,88237,25-11-2021,Payment Successed
13485,25675,02-09-2022,Payment Successed
13486,68835,11-02-2023,Payment Successed
13487,2411,15-07-2024,Payment Successed
13488,89030,22-06-2022,Payment Successed
13489,95792,06-03-2021,Payment Successed
13490,27976,16-08-2024,Payment Successed
13491,80244,16-10-2020,Payment Successed
13492,48395,21-05-2022,Payment Successed
13493,2620,11-01-2022,Payment Successed
13494,86646,13-01-2024,Payment Successed
13495,66036,06-01-2020,Payment Successed
13496,56869,06-04-2023,Payment Successed
13497,57191,25-12-2020,Refunded
13498,16183,30-09-2022,Payment Successed
13499,18823,31-10-2020,Payment Successed
13500,96064,12-08-2021,Payment Successed
13501,86857,27-04-2023,Payment Successed
13502,10653,24-06-2023,Payment Successed
13503,46266,05-12-2020,Payment Successed
13504,17382,27-11-2021,Payment Successed
13505,78159,19-05-2023,Payment Successed
13506,71060,28-04-2020,Payment Successed
13507,41376,10-11-2020,Payment Successed
13508,68774,11-11-2023,Payment Successed
13509,16130,25-11-2020,Failed
13510,52625,22-04-2020,Payment Successed
13511,17299,08-07-2023,Payment Successed
13512,86418,22-06-2020,Payment Successed
13513,7608,05-11-2020,Payment Successed
13514,9450,08-05-2022,Payment Successed
13515,57903,11-03-2023,Payment Successed
13516,53215,16-05-2023,Payment Successed
13517,82913,11-03-2021,Payment Successed
13518,16813,13-01-2021,Payment Successed
13519,5428,17-04-2023,Payment Successed
13520,92943,03-08-2021,Payment Successed
13521,21648,24-06-2023,Refunded
13522,59245,16-01-2023,Payment Successed
13523,63612,09-09-2023,Payment Successed
13524,72824,15-10-2024,Payment Successed
13525,28809,13-05-2021,Payment Successed
13526,98617,16-06-2020,Payment Successed
13527,62890,27-07-2022,Payment Successed
13528,61339,08-05-2022,Payment Successed
13529,37031,24-12-2024,Payment Successed
13530,79058,01-05-2024,Payment Successed
13531,18733,24-03-2021,Payment Successed
13532,85538,15-11-2021,Payment Successed
13533,16325,09-11-2023,Payment Successed
13534,80414,03-05-2020,Payment Successed
13535,56303,04-04-2024,Payment Successed
13536,36195,02-10-2022,Payment Successed
13537,56735,11-05-2022,Payment Successed
13538,95325,24-04-2021,Payment Successed
13539,66673,16-01-2023,Failed
13540,66602,09-04-2023,Payment Successed
13541,33166,30-09-2020,Payment Successed
13542,6545,03-02-2021,Payment Successed
13543,41524,24-01-2023,Payment Successed
13544,74509,21-05-2022,Payment Successed
13545,32095,01-06-2024,Payment Successed
13546,30069,12-08-2020,Payment Successed
13547,5187,26-05-2022,Refunded
13548,91222,07-03-2020,Failed
13549,51873,18-05-2020,Failed
13550,20142,16-05-2022,Payment Successed
13551,89097,23-05-2022,Payment Successed
13552,97155,16-01-2021,Payment Successed
13553,8337,04-05-2024,Payment Successed
13554,4482,25-05-2022,Refunded
13555,92407,19-09-2020,Payment Successed
13556,68803,09-03-2020,Payment Successed
13557,4777,18-02-2022,Payment Successed
13558,16277,09-02-2021,Payment Successed
13559,71651,05-12-2022,Payment Successed
13560,44025,07-04-2020,Payment Successed
13561,4920,29-12-2023,Payment Successed
13562,41838,26-09-2023,Refunded
13563,82276,29-08-2023,Failed
13564,32633,24-12-2020,Payment Successed
13565,88461,21-07-2022,Payment Successed
13566,35854,24-09-2022,Payment Successed
13567,63019,06-06-2023,Payment Successed
13568,54390,05-07-2022,Refunded
13569,76461,09-07-2020,Payment Successed
13570,31127,21-11-2022,Payment Successed
13571,21058,03-09-2022,Payment Successed
13572,45766,07-02-2022,Payment Successed
13573,82713,20-02-2022,Payment Successed
13574,5241,01-08-2022,Payment Successed
13575,25928,30-11-2022,Payment Successed
13576,50994,21-08-2024,Payment Successed
13577,47059,26-02-2020,Payment Successed
13578,20908,25-10-2024,Payment Successed
13579,22365,10-04-2024,Payment Successed
13580,27277,29-04-2023,Payment Successed
13581,42805,01-04-2023,Payment Successed
13582,5691,12-08-2024,Payment Successed
13583,13225,19-01-2022,Payment Successed
13584,22942,16-11-2021,Payment Successed
13585,88958,11-02-2020,Payment Successed
13586,3134,03-07-2021,Payment Successed
13587,91510,14-06-2023,Refunded
13588,27484,07-05-2020,Payment Successed
13589,81540,02-01-2023,Payment Successed
13590,23044,19-05-2021,Payment Successed
13591,85108,25-06-2022,Payment Successed
13592,70731,13-05-2021,Payment Successed
13593,26994,13-09-2022,Payment Successed
13594,9326,14-07-2021,Payment Successed
13595,59555,04-10-2021,Payment Successed
13596,1914,12-03-2024,Refunded
13597,87076,15-08-2024,Payment Successed
13598,83382,14-03-2022,Payment Successed
13599,41171,17-10-2023,Payment Successed
13600,13817,21-07-2023,Payment Successed
13601,43657,18-04-2022,Payment Successed
13602,12265,03-07-2023,Payment Successed
13603,7090,20-12-2021,Payment Successed
13604,60727,26-12-2024,Payment Successed
13605,68969,26-01-2020,Payment Successed
13606,98106,21-06-2022,Payment Successed
13607,39115,06-03-2022,Failed
13608,85195,11-09-2022,Failed
13609,75168,24-04-2021,Payment Successed
13610,42414,12-06-2023,Payment Successed
13611,95300,23-09-2021,Payment Successed
13612,62669,03-02-2023,Refunded
13613,59155,25-07-2022,Payment Successed
13614,83737,08-09-2020,Payment Successed
13615,42902,10-05-2020,Payment Successed
13616,93928,15-08-2023,Payment Successed
13617,63498,08-03-2022,Payment Successed
13618,47057,21-11-2020,Payment Successed
13619,8407,25-08-2022,Payment Successed
13620,7192,19-01-2021,Payment Successed
13621,44338,08-09-2022,Payment Successed
13622,45146,09-07-2023,Payment Successed
13623,67470,15-06-2022,Payment Successed
13624,22321,01-08-2020,Payment Successed
13625,76398,14-01-2022,Payment Successed
13626,31725,18-08-2022,Payment Successed
13627,92828,06-04-2024,Payment Successed
13628,51045,04-06-2022,Payment Successed
13629,46054,05-12-2022,Payment Successed
13630,90756,31-07-2022,Payment Successed
13631,42442,19-06-2023,Payment Successed
13632,79331,18-11-2024,Payment Successed
13633,96507,18-05-2022,Payment Successed
13634,58765,02-08-2020,Payment Successed
13635,31562,29-04-2022,Payment Successed
13636,55185,28-12-2020,Refunded
13637,65109,23-06-2020,Payment Successed
13638,62476,20-07-2021,Payment Successed
13639,33151,09-06-2020,Payment Successed
13640,85486,25-10-2020,Payment Successed
13641,17309,10-11-2024,Payment Successed
13642,43901,14-10-2024,Payment Successed
13643,43588,05-07-2022,Payment Successed
13644,34817,07-09-2021,Payment Successed
13645,61599,15-09-2023,Payment Successed
13646,21913,13-06-2022,Payment Successed
13647,73832,26-12-2024,Payment Successed
13648,62239,10-06-2021,Payment Successed
13649,3945,04-08-2024,Payment Successed
13650,69701,08-09-2020,Payment Successed
13651,21523,16-04-2024,Payment Successed
13652,2515,05-04-2024,Payment Successed
13653,30372,06-09-2023,Payment Successed
13654,55690,26-02-2023,Payment Successed
13655,10733,14-12-2020,Payment Successed
13656,52582,22-06-2021,Payment Successed
13657,68953,01-07-2020,Payment Successed
13658,49434,11-07-2022,Refunded
13659,59556,11-01-2020,Payment Successed
13660,87938,07-08-2020,Payment Successed
13661,12266,27-12-2020,Payment Successed
13662,67260,10-04-2022,Payment Successed
13663,62381,27-04-2024,Payment Successed
13664,55214,08-07-2022,Payment Successed
13665,95756,15-04-2020,Payment Successed
13666,60169,09-09-2023,Payment Successed
13667,55827,19-09-2021,Payment Successed
13668,92275,04-02-2022,Payment Successed
13669,71509,15-06-2020,Payment Successed
13670,57076,24-03-2023,Payment Successed
13671,80705,23-10-2023,Payment Successed
13672,6577,04-03-2022,Payment Successed
13673,81240,23-05-2022,Payment Successed
13674,6344,04-04-2021,Payment Successed
13675,92881,18-03-2023,Payment Successed
13676,8101,19-07-2022,Payment Successed
13677,59804,25-04-2023,Payment Successed
13678,38710,26-11-2022,Payment Successed
13679,21502,11-09-2020,Payment Successed
13680,7563,28-05-2020,Payment Successed
13681,5040,14-03-2020,Payment Successed
13682,2045,29-10-2023,Payment Successed
13683,54166,21-05-2021,Payment Successed
13684,96786,03-09-2020,Payment Successed
13685,83303,09-09-2021,Payment Successed
13686,4800,29-11-2024,Payment Successed
13687,19716,09-02-2023,Payment Successed
13688,57643,02-12-2023,Refunded
13689,63283,28-09-2022,Payment Successed
13690,47454,09-03-2023,Payment Successed
13691,10365,04-05-2023,Payment Successed
13692,59511,05-03-2022,Payment Successed
13693,43733,02-03-2023,Payment Successed
13694,29563,19-02-2020,Payment Successed
13695,52224,14-09-2021,Payment Successed
13696,86210,24-04-2022,Payment Successed
13697,23482,02-06-2022,Payment Successed
13698,1027,07-01-2020,Payment Successed
13699,43857,04-09-2024,Payment Successed
13700,79056,21-10-2024,Refunded
13701,19218,05-04-2020,Payment Successed
13702,34908,29-05-2020,Payment Successed
13703,83745,22-08-2023,Payment Successed
13704,62408,02-08-2023,Failed
13705,78945,17-01-2023,Payment Successed
13706,24693,08-06-2021,Payment Successed
13707,19425,18-12-2024,Payment Successed
13708,64868,04-11-2023,Refunded
13709,51888,10-02-2024,Payment Successed
13710,94862,10-07-2024,Payment Successed
13711,97002,27-08-2024,Payment Successed
13712,27526,28-06-2021,Payment Successed
13713,46611,25-11-2023,Payment Successed
13714,64121,17-12-2020,Payment Successed
13715,50064,02-01-2024,Payment Successed
13716,87925,22-04-2020,Payment Successed
13717,88765,03-01-2023,Payment Successed
13718,66601,13-07-2023,Payment Successed
13719,61331,07-02-2021,Payment Successed
13720,40422,16-08-2024,Payment Successed
13721,17003,25-08-2022,Payment Successed
13722,30046,27-05-2021,Payment Successed
13723,10354,11-12-2020,Failed
13724,12518,10-06-2022,Payment Successed
13725,82537,16-03-2020,Payment Successed
13726,24928,19-07-2020,Payment Successed
13727,26179,18-02-2020,Payment Successed
13728,93925,04-12-2021,Payment Successed
13729,8420,21-06-2020,Payment Successed
13730,80198,22-04-2021,Payment Successed
13731,14793,14-06-2022,Payment Successed
13732,25721,07-10-2024,Payment Successed
13733,28731,18-07-2022,Payment Successed
13734,76446,12-09-2021,Payment Successed
13735,82515,17-03-2020,Payment Successed
13736,42126,28-12-2023,Failed
13737,41724,09-05-2020,Refunded
13738,77922,24-10-2024,Payment Successed
13739,35800,19-02-2021,Failed
13740,31819,16-03-2020,Payment Successed
13741,51602,14-03-2021,Payment Successed
13742,16652,10-02-2024,Payment Successed
13743,84509,09-09-2020,Payment Successed
13744,85614,17-01-2020,Payment Successed
13745,18596,08-10-2023,Payment Successed
13746,35520,18-07-2021,Payment Successed
13747,82628,14-10-2024,Payment Successed
13748,96860,11-09-2022,Payment Successed
13749,47953,24-02-2022,Payment Successed
13750,44331,13-07-2024,Refunded
13751,28990,13-05-2022,Payment Successed
13752,96015,13-11-2020,Payment Successed
13753,44850,03-06-2023,Payment Successed
13754,3027,23-02-2024,Payment Successed
13755,51699,07-12-2023,Payment Successed
13756,95181,07-09-2021,Payment Successed
13757,67092,13-02-2023,Payment Successed
13758,65087,16-08-2023,Payment Successed
13759,26808,14-02-2021,Failed
13760,71303,10-11-2020,Refunded
13761,30009,20-05-2021,Refunded
13762,47437,22-03-2022,Payment Successed
13763,80340,10-05-2021,Payment Successed
13764,70246,31-12-2024,Payment Successed
13765,75110,20-08-2023,Payment Successed
13766,13761,24-06-2021,Payment Successed
13767,78712,17-04-2021,Payment Successed
13768,31830,15-06-2023,Payment Successed
13769,82565,02-11-2021,Payment Successed
13770,92481,03-11-2020,Payment Successed
13771,40013,20-01-2020,Payment Successed
13772,99795,22-11-2021,Payment Successed
13773,10884,12-09-2021,Payment Successed
13774,90144,12-10-2020,Refunded
13775,64408,24-11-2023,Payment Successed
13776,9752,11-08-2020,Payment Successed
13777,57224,02-05-2021,Refunded
13778,97627,08-11-2021,Payment Successed
13779,6500,18-10-2022,Payment Successed
13780,23467,09-10-2024,Payment Successed
13781,40938,25-12-2022,Payment Successed
13782,16530,23-04-2020,Payment Successed
13783,51295,29-09-2021,Payment Successed
13784,99483,04-01-2020,Payment Successed
13785,26032,04-12-2024,Payment Successed
13786,37328,02-04-2024,Payment Successed
13787,99664,21-01-2021,Failed
13788,52404,18-11-2021,Payment Successed
13789,12921,04-07-2020,Payment Successed
13790,11832,21-07-2022,Payment Successed
13791,83557,29-12-2024,Failed
13792,44399,20-11-2024,Payment Successed
13793,24934,02-07-2024,Payment Successed
13794,92868,18-04-2022,Failed
13795,24281,13-01-2024,Payment Successed
13796,94446,14-03-2021,Payment Successed
13797,50260,05-06-2021,Payment Successed
13798,72825,26-02-2020,Payment Successed
13799,68327,10-02-2024,Payment Successed
13800,78120,16-02-2024,Payment Successed
13801,64452,16-09-2023,Payment Successed
13802,33243,26-10-2022,Refunded
13803,21868,15-03-2021,Refunded
13804,9563,17-05-2020,Payment Successed
13805,30428,05-07-2023,Payment Successed
13806,38255,29-12-2024,Payment Successed
13807,87926,19-09-2023,Payment Successed
13808,82162,07-05-2021,Payment Successed
13809,67723,06-04-2021,Payment Successed
13810,46881,01-01-2021,Refunded
13811,35736,22-08-2024,Payment Successed
13812,53282,20-05-2022,Payment Successed
13813,1593,21-08-2024,Payment Successed
13814,67580,07-12-2023,Payment Successed
13815,40367,19-10-2023,Payment Successed
13816,48878,27-07-2024,Payment Successed
13817,60864,12-02-2023,Payment Successed
13818,56983,02-05-2021,Payment Successed
13819,74851,18-01-2023,Payment Successed
13820,80000,03-07-2023,Payment Successed
13821,41048,18-06-2023,Failed
13822,92215,13-12-2020,Payment Successed
13823,20762,12-10-2022,Payment Successed
13824,54298,15-10-2020,Payment Successed
13825,57922,28-06-2023,Payment Successed
13826,42426,26-08-2021,Payment Successed
13827,12140,28-10-2022,Payment Successed
13828,10071,31-01-2021,Payment Successed
13829,77734,25-06-2024,Payment Successed
13830,55346,14-01-2021,Payment Successed
13831,77129,16-09-2021,Payment Successed
13832,74515,13-03-2022,Payment Successed
13833,13879,13-07-2021,Payment Successed
13834,64636,07-09-2023,Payment Successed
13835,55653,29-01-2023,Payment Successed
13836,49774,23-01-2023,Payment Successed
13837,81611,26-06-2020,Payment Successed
13838,2539,22-07-2023,Payment Successed
13839,55193,05-11-2023,Payment Successed
13840,78083,12-01-2024,Payment Successed
13841,43788,29-12-2024,Payment Successed
13842,69920,03-10-2022,Payment Successed
13843,86968,24-04-2024,Payment Successed
13844,14730,01-01-2022,Refunded
13845,79723,04-06-2022,Payment Successed
13846,82689,11-07-2024,Payment Successed
13847,70420,26-08-2023,Payment Successed
13848,9691,09-12-2024,Payment Successed
13849,70415,31-03-2023,Payment Successed
13850,28740,16-07-2023,Payment Successed
13851,11333,25-04-2024,Payment Successed
13852,80918,26-01-2020,Payment Successed
13853,9430,22-04-2024,Refunded
13854,58748,02-09-2021,Payment Successed
13855,42207,05-01-2023,Payment Successed
13856,91632,04-06-2021,Payment Successed
13857,86425,30-06-2020,Payment Successed
13858,29577,10-06-2023,Payment Successed
13859,85696,02-11-2020,Payment Successed
13860,87207,14-12-2022,Payment Successed
13861,52616,04-08-2021,Payment Successed
13862,97172,30-05-2021,Payment Successed
13863,63037,07-06-2024,Refunded
13864,47040,21-10-2021,Failed
13865,64802,21-07-2023,Payment Successed
13866,59051,29-01-2024,Refunded
13867,23120,31-03-2022,Payment Successed
13868,89134,09-03-2020,Payment Successed
13869,39090,11-07-2024,Payment Successed
13870,85581,09-12-2022,Payment Successed
13871,47078,24-05-2020,Payment Successed
13872,61131,09-08-2020,Payment Successed
13873,42906,01-08-2024,Payment Successed
13874,52388,18-11-2024,Payment Successed
13875,52420,25-08-2023,Payment Successed
13876,93469,11-11-2020,Payment Successed
13877,68211,02-10-2024,Payment Successed
13878,66519,04-04-2024,Payment Successed
13879,74127,11-09-2020,Payment Successed
13880,60606,03-09-2020,Payment Successed
13881,85217,29-05-2022,Payment Successed
13882,20588,12-04-2022,Payment Successed
13883,51641,21-09-2023,Payment Successed
13884,53465,10-01-2021,Payment Successed
13885,68656,15-03-2022,Payment Successed
13886,45684,13-05-2024,Payment Successed
13887,40144,05-07-2022,Payment Successed
13888,35657,03-01-2020,Payment Successed
13889,70341,31-12-2021,Payment Successed
13890,46439,19-10-2020,Payment Successed
13891,68271,17-10-2021,Refunded
13892,43672,18-02-2023,Payment Successed
13893,64446,07-10-2023,Payment Successed
13894,9950,25-01-2022,Failed
13895,54544,05-03-2023,Payment Successed
13896,57458,29-07-2022,Payment Successed
13897,3618,30-09-2024,Payment Successed
13898,13168,27-10-2022,Payment Successed
13899,99618,15-01-2024,Payment Successed
13900,57503,03-08-2022,Refunded
13901,64722,22-11-2021,Payment Successed
13902,17357,09-03-2021,Payment Successed
13903,82319,17-02-2021,Payment Successed
13904,40302,07-06-2023,Payment Successed
13905,57315,26-02-2023,Payment Successed
13906,52057,01-11-2022,Refunded
13907,46066,22-03-2022,Payment Successed
13908,98508,01-10-2023,Payment Successed
13909,66949,30-07-2021,Payment Successed
13910,89584,20-08-2024,Payment Successed
13911,94636,25-09-2021,Failed
13912,11065,25-03-2024,Payment Successed
13913,44370,20-06-2022,Refunded
13914,44573,31-01-2020,Payment Successed
13915,61446,10-12-2024,Payment Successed
13916,84494,25-03-2024,Payment Successed
13917,63759,13-02-2022,Payment Successed
13918,8198,31-05-2020,Payment Successed
13919,71657,13-11-2024,Payment Successed
13920,7470,03-01-2023,Payment Successed
13921,35076,15-06-2022,Payment Successed
13922,40498,16-11-2022,Payment Successed
13923,85983,28-01-2020,Payment Successed
13924,33422,21-07-2022,Payment Successed
13925,25204,28-11-2021,Failed
13926,98919,29-12-2020,Refunded
13927,99021,16-12-2021,Payment Successed
13928,25684,03-02-2024,Payment Successed
13929,11908,14-01-2023,Payment Successed
13930,58599,17-01-2024,Payment Successed
13931,4425,16-11-2021,Payment Successed
13932,29640,15-10-2022,Payment Successed
13933,6230,13-05-2023,Payment Successed
13934,6884,31-07-2023,Payment Successed
13935,86873,09-07-2020,Payment Successed
13936,48730,22-05-2023,Payment Successed
13937,62484,28-11-2020,Refunded
13938,74978,13-11-2022,Payment Successed
13939,61427,15-09-2022,Payment Successed
13940,6973,09-05-2024,Payment Successed
13941,96798,01-02-2021,Payment Successed
13942,62516,23-01-2023,Payment Successed
13943,5321,17-06-2022,Refunded
13944,56499,07-02-2023,Payment Successed
13945,44162,25-10-2022,Failed
13946,48749,20-08-2024,Payment Successed
13947,75898,25-12-2024,Payment Successed
13948,17986,30-10-2020,Payment Successed
13949,43380,02-02-2023,Payment Successed
13950,95662,06-11-2020,Payment Successed
13951,81329,27-01-2022,Payment Successed
13952,12590,20-03-2020,Payment Successed
13953,98898,27-02-2021,Payment Successed
13954,7652,01-08-2023,Payment Successed
13955,19691,19-06-2021,Refunded
13956,38644,12-03-2022,Payment Successed
13957,68725,19-06-2024,Payment Successed
13958,74708,27-09-2021,Payment Successed
13959,48077,17-10-2022,Payment Successed
13960,71974,12-11-2021,Payment Successed
13961,87323,09-08-2020,Payment Successed
13962,54449,02-08-2023,Payment Successed
13963,36124,22-12-2020,Refunded
13964,32880,26-08-2024,Payment Successed
13965,51354,01-12-2020,Payment Successed
13966,33443,19-09-2023,Payment Successed
13967,45752,04-03-2020,Payment Successed
13968,86498,21-12-2021,Refunded
13969,5117,09-05-2020,Payment Successed
13970,96002,24-04-2021,Payment Successed
13971,80905,20-02-2020,Payment Successed
13972,87806,02-04-2024,Refunded
13973,13482,24-11-2024,Payment Successed
13974,78028,18-02-2024,Payment Successed
13975,65552,02-04-2024,Payment Successed
13976,71550,23-01-2024,Payment Successed
13977,73820,08-07-2022,Payment Successed
13978,67520,08-01-2024,Payment Successed
13979,86028,23-03-2021,Payment Successed
13980,32749,24-02-2022,Payment Successed
13981,15806,16-05-2021,Payment Successed
13982,29652,16-09-2021,Payment Successed
13983,74396,04-07-2022,Refunded
13984,40489,18-05-2023,Payment Successed
13985,43799,09-07-2023,Payment Successed
13986,21575,23-02-2024,Payment Successed
13987,15708,24-10-2021,Payment Successed
13988,6744,07-10-2023,Payment Successed
13989,68423,03-02-2021,Payment Successed
13990,1125,22-09-2021,Payment Successed
13991,36256,28-04-2022,Payment Successed
13992,54030,12-02-2020,Payment Successed
13993,59503,22-11-2021,Payment Successed
13994,91585,27-02-2023,Payment Successed
13995,9253,09-07-2023,Payment Successed
13996,92219,03-11-2023,Payment Successed
13997,12016,18-06-2022,Payment Successed
13998,88439,04-07-2023,Refunded
13999,60621,02-12-2022,Payment Successed
14000,40353,23-11-2023,Payment Successed
14001,38254,03-05-2024,Payment Successed
14002,57215,19-11-2020,Payment Successed
14003,18168,20-12-2024,Payment Successed
14004,42991,01-03-2023,Payment Successed
14005,70587,01-05-2021,Payment Successed
14006,39918,05-04-2021,Payment Successed
14007,53885,05-07-2023,Payment Successed
14008,18502,27-09-2024,Payment Successed
14009,85909,10-05-2023,Payment Successed
14010,47284,21-09-2020,Payment Successed
14011,22356,28-03-2024,Payment Successed
14012,88456,02-06-2021,Payment Successed
14013,12404,06-01-2023,Payment Successed
14014,14948,10-09-2024,Payment Successed
14015,36992,01-12-2020,Refunded
14016,32312,27-02-2023,Payment Successed
14017,66929,26-12-2021,Payment Successed
14018,67301,07-02-2024,Payment Successed
14019,39027,15-04-2022,Payment Successed
14020,35339,19-01-2021,Payment Successed
14021,86907,13-03-2023,Payment Successed
14022,24240,23-01-2021,Refunded
14023,73851,29-10-2023,Payment Successed
14024,88401,12-05-2023,Payment Successed
14025,61851,12-01-2021,Payment Successed
14026,61655,16-10-2021,Payment Successed
14027,76310,04-10-2024,Payment Successed
14028,86799,01-05-2020,Payment Successed
14029,9439,06-03-2022,Payment Successed
14030,58299,03-06-2023,Payment Successed
14031,52796,18-06-2021,Payment Successed
14032,54901,05-02-2024,Payment Successed
14033,24927,01-08-2020,Payment Successed
14034,52712,16-10-2020,Payment Successed
14035,77473,17-07-2020,Payment Successed
14036,19845,21-09-2021,Payment Successed
14037,21753,15-03-2024,Payment Successed
14038,7056,04-02-2022,Payment Successed
14039,72837,26-02-2023,Payment Successed
14040,39324,26-05-2024,Payment Successed
14041,89939,22-05-2023,Payment Successed
14042,46724,15-03-2023,Payment Successed
14043,6513,05-05-2022,Payment Successed
14044,58031,03-10-2020,Payment Successed
14045,12331,10-10-2024,Payment Successed
14046,98064,25-06-2023,Payment Successed
14047,4758,04-05-2020,Payment Successed
14048,61418,02-03-2021,Refunded
14049,55038,13-09-2024,Payment Successed
14050,51511,10-04-2020,Payment Successed
14051,6874,15-10-2022,Payment Successed
14052,30919,30-12-2020,Payment Successed
14053,58244,05-04-2020,Payment Successed
14054,86029,07-11-2023,Payment Successed
14055,58048,17-07-2021,Payment Successed
14056,67772,14-12-2020,Payment Successed
14057,9634,13-05-2022,Payment Successed
14058,43762,27-07-2024,Payment Successed
14059,59711,19-04-2023,Payment Successed
14060,11668,01-01-2025,Payment Successed
14061,20385,10-08-2022,Payment Successed
14062,42184,11-03-2021,Payment Successed
14063,87849,23-07-2022,Payment Successed
14064,53754,11-10-2022,Payment Successed
14065,59757,19-03-2023,Payment Successed
14066,6713,26-10-2024,Payment Successed
14067,25596,30-10-2024,Payment Successed
14068,22852,17-06-2020,Payment Successed
14069,96123,26-01-2020,Payment Successed
14070,45949,23-09-2022,Payment Successed
14071,27490,08-03-2021,Payment Successed
14072,92911,27-06-2020,Payment Successed
14073,23005,20-10-2021,Payment Successed
14074,56758,28-06-2022,Payment Successed
14075,56282,04-02-2020,Payment Successed
14076,36747,09-03-2024,Payment Successed
14077,78455,05-09-2024,Payment Successed
14078,80493,19-02-2021,Payment Successed
14079,40749,09-04-2022,Payment Successed
14080,95714,29-03-2024,Payment Successed
14081,6597,01-12-2023,Refunded
14082,34906,14-03-2020,Payment Successed
14083,83702,03-08-2020,Payment Successed
14084,30968,11-07-2020,Payment Successed
14085,40309,14-06-2020,Payment Successed
14086,72356,16-01-2024,Payment Successed
14087,38942,16-09-2024,Payment Successed
14088,8227,03-11-2023,Failed
14089,41224,15-02-2021,Payment Successed
14090,49661,07-07-2022,Payment Successed
14091,74639,01-02-2023,Payment Successed
14092,91544,28-02-2024,Payment Successed
14093,64082,22-05-2023,Failed
14094,83214,21-08-2023,Payment Successed
14095,54026,27-11-2022,Refunded
14096,10550,27-11-2020,Payment Successed
14097,55420,31-05-2022,Payment Successed
14098,63224,30-07-2021,Payment Successed
14099,30762,24-02-2023,Payment Successed
14100,20086,18-01-2023,Payment Successed
14101,94841,16-07-2022,Failed
14102,29114,13-10-2020,Payment Successed
14103,33869,02-02-2022,Payment Successed
14104,2540,03-11-2020,Payment Successed
14105,29387,06-04-2021,Payment Successed
14106,54414,20-11-2022,Refunded
14107,37732,13-02-2020,Payment Successed
14108,52337,15-05-2020,Payment Successed
14109,99629,14-05-2022,Payment Successed
14110,23057,09-11-2024,Refunded
14111,20994,25-06-2023,Failed
14112,12132,23-09-2023,Payment Successed
14113,61621,12-11-2024,Payment Successed
14114,41228,22-07-2024,Payment Successed
14115,80689,07-02-2021,Payment Successed
14116,9919,14-06-2020,Payment Successed
14117,60930,25-05-2024,Payment Successed
14118,35598,03-01-2022,Payment Successed
14119,95649,09-08-2024,Payment Successed
14120,68090,18-11-2023,Payment Successed
14121,57919,29-05-2020,Payment Successed
14122,31292,31-03-2022,Payment Successed
14123,31635,03-08-2024,Payment Successed
14124,32424,27-10-2022,Payment Successed
14125,49717,30-04-2020,Payment Successed
14126,16053,22-04-2020,Payment Successed
14127,27860,20-05-2022,Payment Successed
14128,78032,04-06-2020,Payment Successed
14129,41197,05-09-2020,Payment Successed
14130,43711,03-02-2023,Payment Successed
14131,17624,09-12-2023,Payment Successed
14132,29333,26-02-2024,Payment Successed
14133,76028,08-12-2020,Payment Successed
14134,62889,12-04-2024,Payment Successed
14135,19051,28-07-2023,Payment Successed
14136,15048,25-03-2020,Payment Successed
14137,6869,12-01-2022,Payment Successed
14138,47090,19-10-2022,Payment Successed
14139,92684,18-09-2022,Refunded
14140,25254,15-12-2021,Refunded
14141,15553,07-02-2020,Payment Successed
14142,3469,02-12-2022,Payment Successed
14143,92603,09-03-2022,Payment Successed
14144,8724,08-04-2024,Payment Successed
14145,62398,31-05-2023,Payment Successed
14146,78286,05-08-2024,Payment Successed
14147,3540,11-01-2022,Payment Successed
14148,18835,03-09-2024,Payment Successed
14149,65068,24-03-2022,Payment Successed
14150,37058,19-04-2023,Payment Successed
14151,50617,02-11-2023,Payment Successed
14152,4561,31-01-2023,Payment Successed
14153,8038,31-07-2024,Payment Successed
14154,8331,18-11-2022,Payment Successed
14155,72791,04-12-2022,Payment Successed
14156,13755,03-05-2024,Payment Successed
14157,3518,28-03-2022,Payment Successed
14158,63648,07-04-2020,Payment Successed
14159,50311,29-10-2021,Payment Successed
14160,59369,12-04-2024,Payment Successed
14161,80827,27-01-2023,Refunded
14162,29463,21-09-2022,Payment Successed
14163,53059,25-09-2023,Payment Successed
14164,60637,03-02-2024,Payment Successed
14165,12623,05-07-2022,Payment Successed
14166,49959,16-02-2021,Payment Successed
14167,4692,13-06-2023,Payment Successed
14168,62946,23-01-2024,Payment Successed
14169,59297,02-09-2024,Payment Successed
14170,13726,05-09-2021,Payment Successed
14171,54306,07-09-2021,Refunded
14172,89033,12-04-2021,Payment Successed
14173,12074,07-04-2021,Failed
14174,64831,30-09-2021,Payment Successed
14175,13950,17-09-2024,Payment Successed
14176,48999,27-01-2021,Payment Successed
14177,64470,08-01-2022,Payment Successed
14178,7113,12-01-2022,Payment Successed
14179,81327,11-12-2022,Refunded
14180,27744,24-06-2020,Payment Successed
14181,92397,09-02-2021,Refunded
14182,50805,11-10-2022,Payment Successed
14183,37351,28-03-2023,Payment Successed
14184,34916,18-05-2020,Payment Successed
14185,87138,10-03-2020,Payment Successed
14186,10783,05-03-2022,Payment Successed
14187,5754,13-04-2020,Payment Successed
14188,75349,28-11-2022,Payment Successed
14189,29727,20-01-2020,Payment Successed
14190,3346,18-08-2020,Payment Successed
14191,92357,21-12-2024,Payment Successed
14192,18837,03-07-2024,Payment Successed
14193,73478,22-12-2024,Payment Successed
14194,56162,21-10-2020,Payment Successed
14195,90546,25-07-2022,Payment Successed
14196,18590,03-11-2024,Refunded
14197,52769,02-01-2020,Payment Successed
14198,11098,24-08-2020,Payment Successed
14199,75740,26-12-2024,Failed
14200,55634,03-01-2021,Payment Successed
14201,26869,27-07-2024,Payment Successed
14202,81668,08-04-2022,Payment Successed
14203,17176,25-08-2024,Payment Successed
14204,83067,16-07-2020,Payment Successed
14205,43716,07-11-2024,Refunded
14206,78459,23-08-2023,Payment Successed
14207,97452,21-07-2023,Payment Successed
14208,6218,20-09-2022,Payment Successed
14209,7729,12-01-2023,Payment Successed
14210,7490,05-04-2023,Payment Successed
14211,23612,03-10-2020,Failed
14212,2655,21-07-2021,Payment Successed
14213,62040,03-08-2020,Payment Successed
14214,73007,25-05-2023,Payment Successed
14215,3788,04-10-2024,Payment Successed
14216,59598,07-07-2024,Payment Successed
14217,9034,30-09-2023,Payment Successed
14218,41418,31-08-2021,Payment Successed
14219,45868,13-01-2021,Payment Successed
14220,24081,30-12-2022,Payment Successed
14221,81099,13-09-2022,Payment Successed
14222,84519,24-11-2020,Payment Successed
14223,42449,12-04-2021,Payment Successed
14224,21120,14-08-2023,Payment Successed
14225,16616,06-07-2024,Payment Successed
14226,14081,25-02-2021,Payment Successed
14227,50507,09-05-2023,Payment Successed
14228,6881,25-02-2024,Payment Successed
14229,44290,27-11-2022,Payment Successed
14230,11752,22-06-2024,Payment Successed
14231,90491,08-09-2023,Payment Successed
14232,41563,13-04-2022,Payment Successed
14233,26425,18-10-2023,Payment Successed
14234,27034,04-01-2020,Payment Successed
14235,99426,20-08-2024,Payment Successed
14236,24685,14-02-2024,Payment Successed
14237,13615,22-03-2022,Payment Successed
14238,7403,24-03-2020,Payment Successed
14239,18604,29-12-2021,Payment Successed
14240,59029,22-05-2020,Payment Successed
14241,27262,11-12-2022,Payment Successed
14242,90652,08-09-2024,Payment Successed
14243,7411,25-07-2021,Payment Successed
14244,59916,21-02-2023,Payment Successed
14245,3560,13-06-2023,Payment Successed
14246,45793,14-05-2023,Refunded
14247,86738,12-11-2023,Payment Successed
14248,73990,19-10-2023,Payment Successed
14249,60998,18-02-2023,Payment Successed
14250,97504,06-07-2021,Payment Successed
14251,97371,16-01-2020,Payment Successed
14252,27651,04-10-2021,Payment Successed
14253,61638,29-08-2020,Payment Successed
14254,17244,10-10-2020,Payment Successed
14255,28390,02-10-2020,Payment Successed
14256,21285,07-07-2020,Payment Successed
14257,7079,10-08-2022,Payment Successed
14258,30237,25-10-2024,Payment Successed
14259,51773,15-06-2021,Payment Successed
14260,31969,06-05-2023,Payment Successed
14261,29624,17-04-2022,Payment Successed
14262,3453,15-10-2020,Payment Successed
14263,25948,06-03-2021,Payment Successed
14264,16871,22-09-2022,Payment Successed
14265,27812,19-04-2021,Payment Successed
14266,82524,21-03-2022,Payment Successed
14267,24809,30-06-2020,Payment Successed
14268,15560,20-04-2023,Payment Successed
14269,97552,10-06-2024,Payment Successed
14270,18709,29-03-2022,Payment Successed
14271,15113,08-03-2021,Payment Successed
14272,90998,23-11-2023,Payment Successed
14273,24935,28-01-2021,Payment Successed
14274,22420,22-08-2023,Payment Successed
14275,86396,29-08-2024,Failed
14276,57909,21-11-2020,Payment Successed
14277,46560,01-11-2023,Payment Successed
14278,85227,08-07-2020,Payment Successed
14279,55525,06-12-2021,Payment Successed
14280,33230,24-06-2023,Failed
14281,58569,10-10-2022,Payment Successed
14282,86253,26-04-2024,Payment Successed
14283,2653,26-03-2023,Payment Successed
14284,80876,16-01-2024,Payment Successed
14285,47377,21-12-2021,Payment Successed
14286,21696,14-12-2021,Refunded
14287,64471,03-08-2023,Payment Successed
14288,8881,21-12-2020,Refunded
14289,53487,01-10-2024,Payment Successed
14290,83107,29-07-2022,Payment Successed
14291,62456,03-07-2023,Payment Successed
14292,93719,04-05-2024,Refunded
14293,51246,01-02-2023,Payment Successed
14294,30617,09-02-2021,Payment Successed
14295,29569,08-02-2021,Payment Successed
14296,36304,01-06-2020,Payment Successed
14297,99931,22-08-2023,Payment Successed
14298,33266,04-09-2024,Payment Successed
14299,70823,02-07-2020,Payment Successed
14300,31759,15-04-2020,Failed
14301,63890,15-10-2021,Payment Successed
14302,34509,31-05-2020,Payment Successed
14303,47309,31-03-2022,Payment Successed
14304,21869,04-04-2021,Payment Successed
14305,89668,25-02-2021,Payment Successed
14306,7998,26-01-2023,Failed
14307,89074,12-12-2021,Payment Successed
14308,92107,07-03-2020,Payment Successed
14309,63375,02-04-2023,Payment Successed
14310,37610,01-11-2020,Payment Successed
14311,16994,20-09-2024,Payment Successed
14312,27301,21-12-2023,Payment Successed
14313,45585,16-06-2024,Payment Successed
14314,18662,06-08-2021,Refunded
14315,46431,10-10-2020,Payment Successed
14316,89122,23-01-2021,Failed
14317,93704,17-09-2022,Payment Successed
14318,73127,11-03-2022,Payment Successed
14319,21037,21-09-2020,Payment Successed
14320,82508,04-05-2020,Payment Successed
14321,43112,17-06-2024,Payment Successed
14322,50849,06-05-2021,Payment Successed
14323,15202,09-01-2020,Payment Successed
14324,39168,03-11-2023,Failed
14325,80246,11-12-2020,Payment Successed
14326,58662,23-04-2024,Payment Successed
14327,43865,07-12-2022,Payment Successed
14328,84138,12-10-2021,Payment Successed
14329,80371,08-03-2021,Payment Successed
14330,97855,04-09-2023,Payment Successed
14331,85336,07-04-2022,Refunded
14332,92922,09-02-2023,Payment Successed
14333,23143,31-08-2022,Payment Successed
14334,75233,25-06-2020,Payment Successed
14335,30842,02-08-2021,Payment Successed
14336,77987,03-06-2024,Payment Successed
14337,18493,01-09-2020,Payment Successed
14338,81532,23-10-2024,Payment Successed
14339,81843,06-02-2021,Payment Successed
14340,75650,13-05-2020,Payment Successed
14341,4732,02-07-2023,Payment Successed
14342,1647,24-09-2020,Payment Successed
14343,59040,03-03-2020,Refunded
14344,79494,19-02-2020,Refunded
14345,23938,24-10-2024,Payment Successed
14346,52556,20-03-2020,Payment Successed
14347,45727,10-05-2024,Payment Successed
14348,24322,05-07-2022,Payment Successed
14349,89316,11-11-2021,Payment Successed
14350,62221,15-07-2023,Payment Successed
14351,32118,21-11-2022,Payment Successed
14352,64898,24-05-2022,Refunded
14353,38597,19-05-2023,Payment Successed
14354,76191,28-11-2021,Payment Successed
14355,12687,02-01-2022,Payment Successed
14356,79454,30-04-2021,Payment Successed
14357,55590,13-03-2020,Payment Successed
14358,41191,10-06-2023,Payment Successed
14359,13182,21-07-2022,Payment Successed
14360,5986,13-01-2023,Failed
14361,54838,02-04-2024,Payment Successed
14362,81944,31-07-2023,Payment Successed
14363,38580,24-02-2020,Payment Successed
14364,85010,03-03-2020,Payment Successed
14365,78096,02-07-2023,Payment Successed
14366,17765,14-04-2021,Payment Successed
14367,48308,08-06-2021,Payment Successed
14368,17712,30-11-2023,Payment Successed
14369,82165,02-08-2022,Payment Successed
14370,61378,26-07-2021,Payment Successed
14371,82248,14-01-2023,Refunded
14372,97387,11-09-2022,Payment Successed
14373,21637,03-11-2021,Payment Successed
14374,94569,28-04-2023,Payment Successed
14375,84545,30-06-2024,Payment Successed
14376,57651,13-05-2023,Payment Successed
14377,12855,14-07-2023,Payment Successed
14378,80237,28-12-2020,Payment Successed
14379,35866,11-01-2021,Payment Successed
14380,2958,20-01-2024,Payment Successed
14381,99633,24-01-2024,Payment Successed
14382,27416,17-07-2024,Payment Successed
14383,76845,10-12-2022,Payment Successed
14384,71513,10-03-2020,Payment Successed
14385,23306,23-02-2024,Payment Successed
14386,2456,15-03-2022,Payment Successed
14387,82588,28-09-2023,Payment Successed
14388,77135,02-08-2022,Payment Successed
14389,58851,27-04-2021,Payment Successed
14390,69599,24-06-2024,Payment Successed
14391,26944,08-01-2023,Payment Successed
14392,17621,10-08-2022,Refunded
14393,66772,28-02-2021,Refunded
14394,89996,24-06-2020,Failed
14395,80891,31-05-2020,Payment Successed
14396,91017,10-07-2021,Payment Successed
14397,75844,16-07-2021,Payment Successed
14398,92509,19-02-2021,Payment Successed
14399,4387,01-11-2020,Payment Successed
14400,94677,28-07-2021,Payment Successed
14401,19311,14-11-2022,Payment Successed
14402,45346,13-07-2024,Payment Successed
14403,3088,19-09-2021,Payment Successed
14404,85987,15-12-2020,Payment Successed
14405,2881,24-04-2023,Refunded
14406,9721,27-01-2024,Refunded
14407,32962,15-10-2023,Payment Successed
14408,87884,24-09-2022,Refunded
14409,55919,04-09-2022,Payment Successed
14410,8432,02-05-2023,Payment Successed
14411,44376,16-04-2020,Payment Successed
14412,33804,21-03-2023,Payment Successed
14413,9514,27-09-2022,Payment Successed
14414,63983,26-09-2024,Payment Successed
14415,20393,02-06-2022,Failed
14416,53341,17-04-2022,Failed
14417,86403,21-04-2024,Payment Successed
14418,12970,25-04-2020,Payment Successed
14419,68481,02-11-2024,Payment Successed
14420,13369,19-11-2023,Payment Successed
14421,97152,13-04-2020,Payment Successed
14422,99380,27-07-2023,Payment Successed
14423,3106,05-09-2021,Payment Successed
14424,4364,06-03-2020,Payment Successed
14425,59002,09-11-2024,Payment Successed
14426,71851,25-03-2024,Payment Successed
14427,6962,16-11-2024,Payment Successed
14428,81181,24-10-2024,Payment Successed
14429,12614,01-12-2021,Payment Successed
14430,85525,18-07-2020,Payment Successed
14431,4611,27-10-2020,Payment Successed
14432,92446,01-05-2023,Payment Successed
14433,1770,21-11-2023,Payment Successed
14434,11944,10-04-2021,Payment Successed
14435,49192,10-11-2020,Payment Successed
14436,46838,21-03-2021,Payment Successed
14437,80088,24-03-2022,Refunded
14438,75784,27-12-2022,Payment Successed
14439,11301,25-04-2021,Payment Successed
14440,30521,31-05-2022,Payment Successed
14441,94568,17-09-2023,Failed
14442,34558,20-02-2024,Payment Successed
14443,65316,17-03-2024,Payment Successed
14444,9025,29-11-2022,Payment Successed
14445,97956,12-08-2023,Refunded
14446,34610,03-10-2020,Payment Successed
14447,87932,05-01-2024,Payment Successed
14448,97488,24-08-2022,Payment Successed
14449,54813,14-11-2022,Payment Successed
14450,53729,26-02-2020,Payment Successed
14451,79658,17-01-2020,Payment Successed
14452,35494,05-10-2020,Payment Successed
14453,35382,24-07-2021,Payment Successed
14454,93632,30-10-2020,Payment Successed
14455,63049,11-03-2024,Payment Successed
14456,21572,18-04-2024,Payment Successed
14457,28592,16-05-2020,Payment Successed
14458,32629,09-09-2022,Payment Successed
14459,2879,06-02-2024,Payment Successed
14460,89937,13-05-2022,Payment Successed
14461,13678,31-01-2020,Payment Successed
14462,54697,10-12-2021,Payment Successed
14463,74361,12-05-2024,Payment Successed
14464,34256,12-09-2021,Payment Successed
14465,48011,10-07-2023,Payment Successed
14466,84658,01-05-2021,Payment Successed
14467,15390,27-04-2021,Payment Successed
14468,22808,09-12-2021,Payment Successed
14469,1803,26-12-2023,Payment Successed
14470,25790,24-04-2021,Payment Successed
14471,95148,03-02-2021,Refunded
14472,77029,25-02-2024,Payment Successed
14473,69903,07-07-2024,Payment Successed
14474,19545,20-09-2021,Payment Successed
14475,16819,21-09-2021,Payment Successed
14476,82544,02-02-2024,Payment Successed
14477,18778,10-09-2024,Payment Successed
14478,85628,11-04-2024,Payment Successed
14479,7771,07-09-2021,Payment Successed
14480,22622,24-11-2022,Payment Successed
14481,58026,11-09-2024,Payment Successed
14482,85188,09-11-2022,Payment Successed
14483,37790,28-11-2021,Payment Successed
14484,79712,01-01-2024,Payment Successed
14485,19432,04-08-2020,Payment Successed
14486,51512,21-11-2023,Failed
14487,59329,08-03-2022,Refunded
14488,62853,19-01-2024,Payment Successed
14489,83128,06-09-2021,Payment Successed
14490,8713,15-01-2020,Payment Successed
14491,87407,04-11-2021,Payment Successed
14492,6269,13-09-2020,Refunded
14493,73805,26-01-2023,Payment Successed
14494,46533,15-01-2020,Refunded
14495,93602,12-08-2024,Payment Successed
14496,9322,11-08-2024,Payment Successed
14497,20373,25-01-2022,Payment Successed
14498,17940,27-07-2021,Payment Successed
14499,81244,01-01-2024,Payment Successed
14500,75133,24-04-2022,Payment Successed
14501,1183,26-08-2021,Refunded
14502,95385,02-05-2023,Payment Successed
14503,38455,09-09-2021,Payment Successed
14504,49097,18-03-2020,Payment Successed
14505,60966,22-06-2023,Failed
14506,34801,16-06-2024,Payment Successed
14507,64096,12-09-2020,Refunded
14508,35542,20-08-2021,Payment Successed
14509,72760,25-09-2023,Payment Successed
14510,37163,05-12-2020,Payment Successed
14511,31612,04-09-2021,Payment Successed
14512,71128,24-12-2021,Payment Successed
14513,97281,10-11-2021,Payment Successed
14514,80037,06-04-2022,Payment Successed
14515,34527,26-03-2020,Payment Successed
14516,1716,14-02-2020,Payment Successed
14517,90004,14-06-2024,Payment Successed
14518,50968,16-09-2021,Payment Successed
14519,99998,11-12-2021,Refunded
14520,57649,21-12-2024,Payment Successed
14521,25467,11-04-2021,Payment Successed
14522,52346,01-12-2023,Refunded
14523,29061,12-04-2020,Payment Successed
14524,28889,24-10-2021,Payment Successed
14525,89277,29-03-2022,Refunded
14526,60153,18-04-2022,Payment Successed
14527,45247,27-06-2020,Refunded
14528,18752,09-02-2022,Payment Successed
14529,29245,18-08-2024,Payment Successed
14530,9722,15-06-2024,Payment Successed
14531,57442,05-06-2023,Payment Successed
14532,92755,16-11-2024,Payment Successed
14533,64147,13-05-2022,Payment Successed
14534,27099,18-10-2021,Payment Successed
14535,20711,05-11-2024,Payment Successed
14536,60496,10-04-2021,Refunded
14537,34297,30-11-2022,Failed
14538,64467,04-05-2022,Refunded
14539,11607,06-04-2023,Payment Successed
14540,34996,28-12-2020,Refunded
14541,16468,09-09-2021,Payment Successed
14542,3226,11-05-2023,Failed
14543,3563,20-08-2022,Refunded
14544,19850,02-12-2023,Payment Successed
14545,71822,22-09-2024,Payment Successed
14546,80691,02-07-2022,Payment Successed
14547,79675,08-11-2023,Payment Successed
14548,55382,06-12-2024,Refunded
14549,82404,29-08-2022,Payment Successed
14550,31059,02-02-2023,Payment Successed
14551,55103,23-12-2020,Payment Successed
14552,1246,20-03-2021,Payment Successed
14553,37190,08-02-2022,Payment Successed
14554,64494,30-03-2021,Payment Successed
14555,16582,15-03-2023,Payment Successed
14556,6630,06-01-2020,Payment Successed
14557,46954,28-07-2020,Payment Successed
14558,89960,30-04-2021,Payment Successed
14559,86480,16-10-2024,Payment Successed
14560,99988,04-06-2023,Failed
14561,24597,24-11-2022,Payment Successed
14562,64697,29-12-2021,Payment Successed
14563,3879,16-10-2024,Payment Successed
14564,95086,02-10-2021,Payment Successed
14565,61482,13-01-2024,Payment Successed
14566,23122,19-12-2024,Payment Successed
14567,91745,10-10-2022,Payment Successed
14568,55318,08-08-2021,Payment Successed
14569,69109,09-06-2024,Payment Successed
14570,57485,28-12-2022,Payment Successed
14571,6528,20-08-2024,Payment Successed
14572,7435,05-08-2020,Payment Successed
14573,22068,10-08-2021,Payment Successed
14574,43761,19-02-2024,Payment Successed
14575,58328,05-05-2024,Payment Successed
14576,84592,23-01-2023,Payment Successed
14577,18864,08-01-2022,Payment Successed
14578,11561,15-02-2023,Payment Successed
14579,38683,04-07-2020,Payment Successed
14580,98566,23-12-2023,Payment Successed
14581,99593,27-10-2020,Payment Successed
14582,48557,15-05-2020,Payment Successed
14583,34404,30-11-2024,Payment Successed
14584,5350,29-11-2022,Payment Successed
14585,82688,05-04-2022,Failed
14586,66608,24-04-2022,Payment Successed
14587,12719,18-05-2021,Payment Successed
14588,27498,24-10-2023,Payment Successed
14589,4367,14-05-2021,Payment Successed
14590,91383,06-08-2023,Payment Successed
14591,67411,25-01-2020,Payment Successed
14592,90057,20-03-2021,Payment Successed
14593,70365,26-05-2022,Payment Successed
14594,44656,22-12-2024,Payment Successed
14595,48661,15-07-2021,Payment Successed
14596,65092,27-10-2020,Refunded
14597,38803,30-04-2020,Payment Successed
14598,70003,22-10-2023,Payment Successed
14599,30559,05-01-2021,Payment Successed
14600,70520,08-12-2023,Payment Successed
14601,98952,14-06-2023,Payment Successed
14602,50756,02-12-2024,Payment Successed
14603,94873,06-11-2020,Payment Successed
14604,15303,09-04-2022,Failed
14605,30071,13-02-2023,Payment Successed
14606,39251,17-03-2023,Payment Successed
14607,28219,29-05-2022,Failed
14608,57924,30-11-2020,Payment Successed
14609,28689,01-02-2021,Payment Successed
14610,49062,26-02-2024,Payment Successed
14611,75873,22-05-2022,Failed
14612,93773,02-06-2021,Payment Successed
14613,27140,28-12-2021,Payment Successed
14614,21650,16-07-2021,Payment Successed
14615,93810,18-02-2024,Payment Successed
14616,96616,10-06-2024,Payment Successed
14617,29371,12-11-2022,Payment Successed
14618,71197,09-04-2020,Payment Successed
14619,90649,18-10-2024,Payment Successed
14620,55607,30-09-2022,Payment Successed
14621,92445,26-01-2021,Payment Successed
14622,89566,09-04-2024,Payment Successed
14623,33960,26-12-2023,Payment Successed
14624,6989,21-11-2021,Payment Successed
14625,24050,28-11-2024,Payment Successed
14626,36101,28-05-2021,Payment Successed
14627,38094,27-01-2022,Payment Successed
14628,24832,22-11-2023,Payment Successed
14629,98876,25-05-2020,Payment Successed
14630,22868,25-10-2024,Payment Successed
14631,44777,08-06-2021,Payment Successed
14632,94469,13-11-2020,Payment Successed
14633,92959,05-12-2023,Payment Successed
14634,44013,26-10-2020,Payment Successed
14635,86281,19-07-2024,Failed
14636,31609,17-08-2020,Payment Successed
14637,15694,29-12-2024,Payment Successed
14638,12417,12-01-2020,Payment Successed
14639,63895,09-08-2023,Payment Successed
14640,62472,26-12-2022,Payment Successed
14641,6148,27-11-2022,Payment Successed
14642,73718,27-01-2024,Payment Successed
14643,7748,12-06-2023,Payment Successed
14644,36638,22-09-2020,Payment Successed
14645,90031,05-02-2021,Payment Successed
14646,74604,01-09-2023,Payment Successed
14647,63588,23-06-2023,Refunded
14648,90834,11-01-2020,Payment Successed
14649,84879,24-09-2022,Payment Successed
14650,66966,14-11-2021,Payment Successed
14651,5578,02-05-2022,Payment Successed
14652,96175,01-06-2020,Payment Successed
14653,85505,14-12-2021,Payment Successed
14654,61373,22-07-2023,Payment Successed
14655,10225,05-06-2024,Payment Successed
14656,20312,19-07-2020,Payment Successed
14657,65693,18-09-2024,Payment Successed
14658,29928,21-02-2021,Payment Successed
14659,7706,23-01-2023,Failed
14660,58275,24-02-2022,Payment Successed
14661,2374,12-04-2021,Payment Successed
14662,14513,18-10-2020,Payment Successed
14663,36646,28-12-2024,Payment Successed
14664,62502,23-05-2022,Payment Successed
14665,73617,14-08-2024,Payment Successed
14666,5917,07-08-2022,Refunded
14667,19307,16-07-2021,Payment Successed
14668,37664,22-02-2020,Payment Successed
14669,30098,18-06-2021,Payment Successed
14670,31424,14-11-2020,Payment Successed
14671,50779,05-08-2022,Payment Successed
14672,87386,04-03-2022,Payment Successed
14673,99548,04-07-2021,Payment Successed
14674,84271,02-10-2020,Payment Successed
14675,64072,15-12-2020,Payment Successed
14676,18751,09-01-2023,Payment Successed
14677,85877,27-10-2022,Payment Successed
14678,24256,26-01-2023,Payment Successed
14679,69961,26-04-2024,Failed
14680,49361,06-01-2022,Payment Successed
14681,8024,30-09-2024,Refunded
14682,68157,17-04-2021,Payment Successed
14683,30789,19-04-2024,Refunded
14684,57710,30-07-2022,Payment Successed
14685,9015,20-02-2021,Payment Successed
14686,72350,17-05-2024,Payment Successed
14687,44202,20-09-2020,Payment Successed
14688,85809,27-10-2020,Payment Successed
14689,66723,26-11-2022,Payment Successed
14690,74561,18-02-2023,Payment Successed
14691,74178,24-12-2022,Payment Successed
14692,80150,15-03-2020,Payment Successed
14693,56229,27-03-2022,Payment Successed
14694,81226,20-04-2021,Payment Successed
14695,37654,20-01-2024,Payment Successed
14696,87543,08-06-2021,Payment Successed
14697,46317,15-10-2020,Payment Successed
14698,60413,16-07-2024,Refunded
14699,85570,24-11-2022,Failed
14700,79211,24-04-2020,Payment Successed
14701,21319,02-05-2022,Payment Successed
14702,33482,11-02-2020,Failed
14703,78746,26-02-2021,Payment Successed
14704,51706,21-11-2023,Payment Successed
14705,13144,13-08-2023,Payment Successed
14706,28095,22-01-2023,Payment Successed
14707,3063,21-03-2023,Payment Successed
14708,20837,23-03-2021,Payment Successed
14709,30057,28-05-2020,Payment Successed
14710,74622,15-04-2022,Payment Successed
14711,79840,21-12-2024,Refunded
14712,80268,04-12-2024,Payment Successed
14713,86841,14-05-2022,Payment Successed
14714,20958,04-10-2020,Payment Successed
14715,9523,06-04-2023,Payment Successed
14716,92821,17-03-2020,Failed
14717,46428,11-01-2020,Payment Successed
14718,56307,04-10-2021,Payment Successed
14719,36519,14-05-2021,Payment Successed
14720,34771,19-01-2023,Payment Successed
14721,8353,31-08-2020,Refunded
14722,77578,14-11-2024,Payment Successed
14723,98387,09-02-2021,Payment Successed
14724,74819,12-08-2020,Payment Successed
14725,80588,11-12-2023,Payment Successed
14726,13265,13-04-2022,Payment Successed
14727,63596,08-07-2022,Payment Successed
14728,14984,06-02-2021,Payment Successed
14729,37929,03-02-2024,Payment Successed
14730,11920,06-12-2024,Failed
14731,20070,01-04-2022,Payment Successed
14732,12605,22-04-2021,Payment Successed
14733,82960,28-05-2020,Payment Successed
14734,11644,17-02-2020,Refunded
14735,5984,15-07-2022,Payment Successed
14736,84309,10-04-2022,Payment Successed
14737,11741,23-04-2020,Refunded
14738,21157,11-04-2021,Failed
14739,72287,19-12-2024,Payment Successed
14740,44015,10-06-2024,Payment Successed
14741,15034,06-09-2020,Payment Successed
14742,39931,19-05-2023,Payment Successed
14743,33875,10-06-2020,Refunded
14744,48462,08-03-2022,Payment Successed
14745,2505,01-01-2024,Payment Successed
14746,6831,13-02-2021,Payment Successed
14747,35632,08-03-2020,Payment Successed
14748,25524,12-03-2020,Refunded
14749,30412,21-01-2022,Payment Successed
14750,45292,06-05-2024,Payment Successed
14751,71152,10-05-2021,Payment Successed
14752,66830,21-04-2023,Payment Successed
14753,68982,27-04-2021,Payment Successed
14754,9184,22-01-2024,Refunded
14755,9751,26-05-2022,Payment Successed
14756,39847,01-04-2021,Payment Successed
14757,12829,18-02-2022,Payment Successed
14758,45259,14-01-2021,Payment Successed
14759,97288,13-04-2023,Payment Successed
14760,87132,12-08-2022,Payment Successed
14761,22986,04-08-2023,Payment Successed
14762,24088,02-04-2024,Payment Successed
14763,47988,06-01-2024,Payment Successed
14764,12773,04-02-2024,Payment Successed
14765,40342,30-09-2024,Payment Successed
14766,62762,09-04-2022,Payment Successed
14767,23092,07-11-2023,Payment Successed
14768,60810,03-11-2024,Payment Successed
14769,78275,13-08-2023,Payment Successed
14770,93445,04-06-2024,Payment Successed
14771,15121,23-12-2020,Payment Successed
14772,50566,09-11-2021,Payment Successed
14773,11137,03-04-2021,Payment Successed
14774,25417,13-03-2021,Payment Successed
14775,2167,08-06-2020,Payment Successed
14776,66886,25-07-2021,Payment Successed
14777,54396,13-11-2024,Payment Successed
14778,80593,13-10-2023,Payment Successed
14779,65984,01-03-2022,Payment Successed
14780,37692,28-08-2020,Failed
14781,67517,09-01-2024,Payment Successed
14782,92037,18-04-2023,Refunded
14783,30613,13-03-2024,Payment Successed
14784,21437,19-08-2022,Payment Successed
14785,66328,18-03-2021,Payment Successed
14786,13664,22-09-2024,Payment Successed
14787,41862,08-09-2021,Payment Successed
14788,23780,13-07-2022,Payment Successed
14789,77605,08-07-2023,Payment Successed
14790,80478,03-06-2022,Refunded
14791,98227,19-11-2023,Failed
14792,78929,27-01-2023,Payment Successed
14793,99370,15-01-2024,Payment Successed
14794,54941,29-06-2024,Payment Successed
14795,40334,06-04-2023,Payment Successed
14796,83170,28-09-2024,Failed
14797,52621,19-12-2021,Payment Successed
14798,32709,26-02-2024,Payment Successed
14799,40268,17-02-2021,Payment Successed
14800,56752,23-04-2021,Payment Successed
14801,94715,05-07-2022,Payment Successed
14802,88889,19-06-2022,Payment Successed
14803,11505,02-07-2023,Payment Successed
14804,92255,13-06-2024,Payment Successed
14805,70300,30-07-2023,Payment Successed
14806,91785,09-07-2023,Payment Successed
14807,49186,20-04-2020,Payment Successed
14808,30220,06-10-2022,Payment Successed
14809,12562,17-09-2023,Payment Successed
14810,62846,16-12-2020,Payment Successed
14811,42098,19-09-2021,Payment Successed
14812,68394,29-10-2020,Payment Successed
14813,15775,24-06-2021,Payment Successed
14814,17757,19-07-2021,Failed
14815,86625,15-06-2023,Refunded
14816,4066,14-04-2023,Payment Successed
14817,62702,16-06-2023,Payment Successed
14818,25839,06-02-2022,Payment Successed
14819,53127,27-06-2022,Payment Successed
14820,19340,31-05-2020,Payment Successed
14821,5017,12-08-2020,Payment Successed
14822,48211,25-04-2021,Payment Successed
14823,6179,20-09-2024,Refunded
14824,98643,08-12-2024,Payment Successed
14825,80424,07-12-2020,Payment Successed
14826,21662,21-01-2024,Payment Successed
14827,68755,22-05-2024,Payment Successed
14828,8184,25-01-2020,Refunded
14829,14521,23-06-2024,Payment Successed
14830,80366,19-08-2024,Payment Successed
14831,61974,11-08-2023,Payment Successed
14832,74045,21-05-2021,Payment Successed
14833,50864,23-03-2024,Payment Successed
14834,53437,01-02-2023,Payment Successed
14835,70109,03-09-2022,Payment Successed
14836,84099,12-03-2023,Payment Successed
14837,74001,19-05-2022,Payment Successed
14838,96831,31-05-2023,Payment Successed
14839,90160,02-08-2023,Refunded
14840,72148,03-04-2022,Payment Successed
14841,63703,15-12-2022,Refunded
14842,39280,23-01-2024,Refunded
14843,42043,12-02-2021,Payment Successed
14844,58253,29-06-2021,Payment Successed
14845,58092,14-06-2022,Payment Successed
14846,6444,29-08-2024,Payment Successed
14847,54188,24-03-2021,Payment Successed
14848,12398,27-06-2023,Payment Successed
14849,87161,07-06-2021,Payment Successed
14850,49285,18-04-2023,Payment Successed
14851,30182,28-05-2021,Payment Successed
14852,38096,20-04-2021,Payment Successed
14853,50792,29-04-2024,Payment Successed
14854,98137,07-09-2023,Failed
14855,36582,26-09-2023,Payment Successed
14856,60639,14-12-2022,Payment Successed
14857,6883,02-03-2021,Payment Successed
14858,25954,07-11-2023,Payment Successed
14859,87935,05-08-2022,Failed
14860,46024,26-02-2023,Payment Successed
14861,30393,30-07-2020,Payment Successed
14862,40068,19-06-2024,Payment Successed
14863,89851,27-07-2020,Payment Successed
14864,33900,29-11-2020,Payment Successed
14865,73897,13-10-2020,Payment Successed
14866,32108,02-06-2024,Payment Successed
14867,79300,03-09-2023,Payment Successed
14868,90329,01-04-2023,Refunded
14869,80131,07-02-2021,Refunded
14870,69724,12-09-2023,Payment Successed
14871,19440,05-02-2023,Payment Successed
14872,85220,23-06-2020,Payment Successed
14873,14518,22-04-2024,Payment Successed
14874,36569,07-02-2023,Payment Successed
14875,43299,08-12-2024,Payment Successed
14876,48685,20-03-2022,Payment Successed
14877,92599,07-07-2022,Payment Successed
14878,41538,22-06-2020,Payment Successed
14879,64474,17-10-2020,Payment Successed
14880,74665,31-01-2021,Payment Successed
14881,72393,24-10-2024,Payment Successed
14882,79986,01-11-2020,Refunded
14883,99651,10-10-2024,Payment Successed
14884,42652,29-05-2023,Payment Successed
14885,66942,16-01-2023,Payment Successed
14886,43548,12-01-2022,Failed
14887,30627,13-03-2024,Payment Successed
14888,91288,27-01-2021,Failed
14889,76009,05-05-2020,Refunded
14890,35742,12-10-2022,Payment Successed
14891,22067,17-09-2022,Payment Successed
14892,19549,21-02-2023,Payment Successed
14893,17484,05-08-2020,Payment Successed
14894,1165,08-09-2023,Payment Successed
14895,34769,13-02-2023,Refunded
14896,20208,24-05-2024,Payment Successed
14897,92938,29-12-2020,Payment Successed
14898,40597,05-11-2022,Payment Successed
14899,75117,04-10-2020,Payment Successed
14900,24527,09-10-2024,Payment Successed
14901,63128,19-10-2022,Payment Successed
14902,38185,05-03-2024,Payment Successed
14903,28469,20-04-2022,Payment Successed
14904,3933,05-02-2024,Payment Successed
14905,53989,23-08-2024,Payment Successed
14906,13802,18-12-2022,Payment Successed
14907,80360,01-06-2022,Payment Successed
14908,35028,30-11-2021,Payment Successed
14909,75636,01-03-2020,Payment Successed
14910,71837,18-08-2024,Payment Successed
14911,18465,18-04-2023,Payment Successed
14912,84598,16-07-2020,Payment Successed
14913,82040,17-01-2022,Payment Successed
14914,10751,17-08-2020,Payment Successed
14915,89934,15-12-2024,Payment Successed
14916,33733,28-09-2023,Payment Successed
14917,70540,13-01-2022,Payment Successed
14918,73501,25-09-2023,Payment Successed
14919,92117,28-10-2022,Payment Successed
14920,29322,12-06-2022,Payment Successed
14921,69385,11-10-2023,Payment Successed
14922,31577,06-07-2021,Payment Successed
14923,18161,08-02-2020,Payment Successed
14924,99136,26-06-2022,Payment Successed
14925,49342,17-03-2020,Payment Successed
14926,20871,17-11-2021,Payment Successed
14927,40681,29-07-2022,Payment Successed
14928,70090,30-04-2021,Payment Successed
14929,42230,08-04-2021,Payment Successed
14930,30417,07-12-2020,Payment Successed
14931,88815,29-02-2020,Payment Successed
14932,66968,13-03-2021,Payment Successed
14933,85751,07-05-2024,Failed
14934,11404,01-06-2023,Refunded
14935,44779,02-01-2021,Refunded
14936,6821,12-07-2024,Payment Successed
14937,84089,18-11-2022,Payment Successed
14938,1201,07-10-2020,Payment Successed
14939,51529,06-08-2021,Payment Successed
14940,85850,13-07-2020,Payment Successed
14941,55213,15-12-2024,Payment Successed
14942,24542,31-12-2020,Payment Successed
14943,44716,06-10-2024,Payment Successed
14944,64323,04-10-2024,Payment Successed
14945,61016,15-02-2024,Payment Successed
14946,65871,29-11-2024,Failed
14947,59840,26-03-2022,Payment Successed
14948,88127,09-05-2023,Payment Successed
14949,59142,29-03-2022,Payment Successed
14950,50352,16-07-2024,Payment Successed
14951,80034,10-04-2024,Payment Successed
14952,2414,12-02-2024,Payment Successed
14953,66127,24-11-2021,Payment Successed
14954,26512,09-09-2021,Payment Successed
14955,17577,01-06-2023,Payment Successed
14956,6301,04-11-2021,Payment Successed
14957,80397,23-11-2024,Payment Successed
14958,91216,29-09-2022,Payment Successed
14959,26624,18-08-2022,Payment Successed
14960,44747,04-02-2022,Payment Successed
14961,21145,18-12-2022,Payment Successed
14962,13914,11-07-2020,Payment Successed
14963,82632,26-10-2023,Payment Successed
14964,59053,17-09-2023,Payment Successed
14965,3077,13-08-2023,Payment Successed
14966,6320,28-04-2022,Payment Successed
14967,34442,03-08-2024,Payment Successed
14968,10529,14-01-2022,Payment Successed
14969,7991,29-12-2020,Failed
14970,90013,25-06-2021,Payment Successed
14971,61094,01-04-2020,Payment Successed
14972,70748,26-11-2023,Payment Successed
14973,50501,08-04-2020,Payment Successed
14974,17599,03-02-2021,Payment Successed
14975,18062,22-01-2020,Refunded
14976,89548,19-07-2023,Payment Successed
14977,75046,06-03-2022,Payment Successed
14978,3882,14-07-2024,Payment Successed
14979,4222,20-06-2021,Payment Successed
14980,46523,29-04-2020,Payment Successed
14981,86032,06-08-2024,Payment Successed
14982,28028,01-12-2024,Payment Successed
14983,71549,27-03-2021,Payment Successed
14984,90390,08-08-2024,Payment Successed
14985,30205,20-09-2022,Payment Successed
14986,47386,02-05-2023,Payment Successed
14987,68303,28-04-2021,Payment Successed
14988,69749,20-11-2021,Payment Successed
14989,55246,14-05-2022,Payment Successed
14990,41251,24-03-2024,Payment Successed
14991,9387,20-12-2024,Payment Successed
14992,82741,15-10-2024,Payment Successed
14993,79161,05-08-2023,Refunded
14994,75150,15-08-2021,Refunded
14995,32729,25-01-2020,Payment Successed
14996,85808,28-05-2023,Payment Successed
14997,43423,25-10-2022,Payment Successed
14998,80504,15-04-2020,Payment Successed
14999,50327,20-07-2020,Payment Successed
15000,20029,18-08-2024,Payment Successed
15001,60208,24-08-2022,Payment Successed
15002,94036,29-03-2021,Payment Successed
15003,58422,23-11-2021,Payment Successed
15004,25316,17-09-2022,Payment Successed
15005,44222,26-02-2020,Payment Successed
15006,73292,27-10-2020,Payment Successed
15007,43159,16-12-2022,Payment Successed
15008,54465,16-05-2022,Payment Successed
15009,70605,05-05-2024,Payment Successed
15010,26426,08-11-2022,Payment Successed
15011,95833,20-12-2020,Failed
15012,19823,19-02-2022,Payment Successed
15013,65297,26-01-2023,Payment Successed
15014,85365,07-07-2020,Payment Successed
15015,60347,31-05-2024,Failed
15016,66481,14-08-2021,Payment Successed
15017,63004,18-11-2020,Payment Successed
15018,68685,13-11-2020,Payment Successed
15019,80082,19-12-2024,Payment Successed
15020,22996,07-05-2024,Payment Successed
15021,57676,08-02-2020,Payment Successed
15022,92040,05-11-2020,Payment Successed
15023,42996,26-09-2022,Payment Successed
15024,72823,12-05-2022,Payment Successed
15025,46273,30-12-2021,Payment Successed
15026,73433,10-10-2022,Payment Successed
15027,78477,22-01-2024,Payment Successed
15028,41334,04-05-2021,Payment Successed
15029,52509,27-11-2023,Payment Successed
15030,36154,22-11-2022,Payment Successed
15031,7217,09-09-2023,Payment Successed
15032,17311,02-03-2023,Payment Successed
15033,89279,12-07-2023,Payment Successed
15034,34557,18-10-2021,Payment Successed
15035,59897,05-11-2021,Payment Successed
15036,1469,10-06-2024,Payment Successed
15037,49309,24-05-2022,Payment Successed
15038,80479,29-09-2021,Payment Successed
15039,47427,10-12-2024,Payment Successed
15040,80120,31-12-2022,Payment Successed
15041,59900,08-12-2021,Payment Successed
15042,56886,13-08-2023,Payment Successed
15043,86720,13-10-2022,Refunded
15044,99604,26-02-2024,Payment Successed
15045,93893,10-11-2020,Payment Successed
15046,5197,28-05-2024,Payment Successed
15047,61323,15-12-2021,Payment Successed
15048,71516,09-12-2024,Payment Successed
15049,16914,16-11-2023,Payment Successed
15050,23332,11-01-2022,Payment Successed
15051,53336,03-08-2020,Payment Successed
15052,32957,03-03-2024,Payment Successed
15053,71031,04-04-2020,Payment Successed
15054,36108,05-03-2023,Failed
15055,9795,06-12-2024,Payment Successed
15056,41737,06-06-2023,Payment Successed
15057,14603,10-09-2024,Payment Successed
15058,5339,18-09-2021,Payment Successed
15059,46564,02-06-2021,Payment Successed
15060,3289,09-08-2023,Payment Successed
15061,74585,19-02-2022,Refunded
15062,14346,23-09-2022,Payment Successed
15063,39188,10-05-2024,Refunded
15064,37575,07-12-2022,Payment Successed
15065,52798,20-08-2023,Payment Successed
15066,32896,25-03-2020,Payment Successed
15067,21337,02-06-2021,Payment Successed
15068,52550,25-01-2024,Payment Successed
15069,49614,03-02-2024,Payment Successed
15070,48332,01-04-2024,Payment Successed
15071,41713,03-10-2024,Payment Successed
15072,21484,20-09-2020,Refunded
15073,71034,06-12-2020,Payment Successed
15074,70104,26-10-2020,Refunded
15075,14075,13-07-2021,Refunded
15076,6508,18-09-2022,Payment Successed
15077,95534,07-12-2024,Payment Successed
15078,26939,17-08-2022,Payment Successed
15079,51240,12-09-2024,Payment Successed
15080,94680,18-05-2021,Payment Successed
15081,57009,07-07-2020,Payment Successed
15082,33773,05-04-2024,Payment Successed
15083,55854,19-08-2020,Payment Successed
15084,25428,12-03-2021,Payment Successed
15085,78437,02-08-2022,Payment Successed
15086,23367,09-06-2020,Payment Successed
15087,17679,11-06-2020,Payment Successed
15088,33582,21-06-2023,Payment Successed
15089,20873,29-03-2024,Payment Successed
15090,15580,03-01-2024,Payment Successed
15091,7029,29-07-2021,Payment Successed
15092,16859,26-11-2020,Payment Successed
15093,36493,24-05-2022,Payment Successed
15094,94213,03-11-2024,Failed
15095,74459,06-11-2024,Payment Successed
15096,33277,17-04-2024,Payment Successed
15097,19941,30-11-2024,Payment Successed
15098,8509,25-05-2024,Payment Successed
15099,79033,26-03-2024,Refunded
15100,35329,09-06-2021,Payment Successed
15101,48051,22-07-2022,Payment Successed
15102,43118,30-11-2023,Payment Successed
15103,14673,18-07-2023,Refunded
15104,65082,08-08-2023,Failed
15105,63866,26-02-2022,Payment Successed
15106,29181,17-01-2020,Payment Successed
15107,31968,30-12-2022,Payment Successed
15108,6339,01-11-2021,Payment Successed
15109,49792,18-07-2020,Payment Successed
15110,80338,18-04-2022,Payment Successed
15111,29047,07-05-2024,Payment Successed
15112,89237,08-03-2021,Payment Successed
15113,54270,23-02-2020,Payment Successed
15114,85822,18-01-2022,Payment Successed
15115,1134,06-05-2023,Payment Successed
15116,57156,13-04-2023,Payment Successed
15117,91788,23-05-2024,Payment Successed
15118,86870,07-07-2021,Payment Successed
15119,31426,13-03-2024,Payment Successed
15120,16665,21-11-2022,Payment Successed
15121,64621,24-01-2022,Payment Successed
15122,60026,06-02-2023,Payment Successed
15123,36615,18-01-2020,Payment Successed
15124,77726,17-04-2021,Refunded
15125,61398,15-08-2020,Payment Successed
15126,12637,27-12-2024,Payment Successed
15127,4091,16-09-2020,Payment Successed
15128,84555,31-12-2024,Payment Successed
15129,87038,02-07-2023,Payment Successed
15130,83116,10-01-2022,Refunded
15131,5076,03-03-2021,Refunded
15132,17893,13-04-2022,Payment Successed
15133,25438,03-12-2023,Payment Successed
15134,91846,30-11-2023,Payment Successed
15135,1738,31-01-2021,Payment Successed
15136,45488,01-07-2023,Payment Successed
15137,67592,20-06-2021,Payment Successed
15138,72191,06-11-2023,Payment Successed
15139,28103,15-04-2024,Payment Successed
15140,58653,21-03-2023,Payment Successed
15141,32305,15-05-2021,Payment Successed
15142,95516,08-08-2020,Refunded
15143,41097,07-01-2023,Payment Successed
15144,28263,09-11-2021,Failed
15145,25479,28-04-2023,Payment Successed
15146,35377,24-07-2020,Payment Successed
15147,45116,13-03-2024,Payment Successed
15148,88479,23-02-2021,Payment Successed
15149,19657,27-11-2023,Refunded
15150,36033,05-06-2020,Payment Successed
15151,77798,10-05-2021,Payment Successed
15152,13019,18-06-2021,Payment Successed
15153,91752,30-11-2023,Payment Successed
15154,71065,02-04-2023,Payment Successed
15155,7872,22-05-2024,Payment Successed
15156,75724,16-02-2020,Payment Successed
15157,62302,18-07-2023,Payment Successed
15158,15147,05-09-2023,Payment Successed
15159,51394,29-03-2023,Payment Successed
15160,79111,05-09-2021,Payment Successed
15161,94249,30-03-2024,Refunded
15162,74327,10-12-2023,Payment Successed
15163,47846,28-04-2021,Payment Successed
15164,92437,28-12-2023,Payment Successed
15165,84980,10-02-2024,Payment Successed
15166,15892,10-11-2020,Payment Successed
15167,49809,20-04-2024,Failed
15168,59977,07-08-2020,Payment Successed
15169,58959,19-03-2024,Payment Successed
15170,72629,17-06-2024,Payment Successed
15171,15053,15-08-2024,Payment Successed
15172,74784,25-08-2022,Payment Successed
15173,77586,15-01-2022,Payment Successed
15174,76380,04-09-2020,Payment Successed
15175,66254,17-06-2020,Payment Successed
15176,25516,05-09-2023,Payment Successed
15177,2575,15-11-2024,Payment Successed
15178,10102,17-12-2023,Refunded
15179,2305,04-06-2024,Payment Successed
15180,27917,28-01-2021,Payment Successed
15181,80052,02-12-2024,Payment Successed
15182,66817,12-12-2020,Payment Successed
15183,67334,19-10-2024,Payment Successed
15184,11407,29-04-2023,Payment Successed
15185,39625,13-06-2022,Payment Successed
15186,43781,19-03-2022,Payment Successed
15187,95168,24-06-2024,Refunded
15188,57367,07-08-2021,Payment Successed
15189,43329,04-09-2023,Failed
15190,85152,15-09-2023,Payment Successed
15191,71243,29-11-2022,Payment Successed
15192,88141,10-04-2022,Payment Successed
15193,58848,15-05-2021,Payment Successed
15194,26520,29-05-2021,Payment Successed
15195,62018,13-07-2021,Payment Successed
15196,56336,04-12-2023,Payment Successed
15197,73825,26-04-2024,Payment Successed
15198,34267,21-01-2024,Payment Successed
15199,13258,06-08-2021,Payment Successed
15200,59007,18-10-2020,Payment Successed
15201,66122,12-01-2023,Payment Successed
15202,97655,27-03-2022,Payment Successed
15203,15483,05-05-2020,Payment Successed
15204,96496,06-04-2023,Payment Successed
15205,10459,17-01-2022,Payment Successed
15206,26180,15-12-2021,Payment Successed
15207,71723,27-12-2020,Failed
15208,71804,01-01-2020,Payment Successed
15209,13090,14-06-2023,Payment Successed
15210,49798,13-05-2022,Refunded
15211,49355,02-09-2020,Payment Successed
15212,42109,15-03-2021,Payment Successed
15213,13630,18-08-2020,Payment Successed
15214,98341,29-05-2020,Payment Successed
15215,3156,26-04-2020,Payment Successed
15216,87007,24-05-2021,Payment Successed
15217,3054,28-11-2022,Payment Successed
15218,41324,05-02-2022,Payment Successed
15219,95694,13-02-2021,Payment Successed
15220,99276,20-02-2021,Payment Successed
15221,78516,06-06-2022,Payment Successed
15222,90068,20-05-2023,Payment Successed
15223,86996,21-08-2022,Payment Successed
15224,20925,08-12-2024,Payment Successed
15225,26484,25-03-2021,Payment Successed
15226,58080,08-01-2024,Payment Successed
15227,27076,20-03-2023,Payment Successed
15228,87350,10-06-2024,Payment Successed
15229,49999,20-03-2021,Payment Successed
15230,12046,23-11-2024,Refunded
15231,89646,01-06-2020,Payment Successed
15232,25418,05-06-2024,Payment Successed
15233,51243,05-08-2021,Payment Successed
15234,84572,28-07-2020,Payment Successed
15235,17894,25-12-2023,Payment Successed
15236,62662,20-01-2021,Payment Successed
15237,38645,07-06-2022,Payment Successed
15238,31495,13-08-2023,Payment Successed
15239,40015,13-08-2021,Payment Successed
15240,26119,10-07-2024,Payment Successed
15241,19012,10-10-2023,Payment Successed
15242,15052,20-03-2021,Payment Successed
15243,26506,03-12-2020,Payment Successed
15244,34842,10-06-2023,Refunded
15245,79614,16-06-2021,Payment Successed
15246,21346,07-09-2020,Payment Successed
15247,90165,01-11-2020,Payment Successed
15248,98286,12-03-2023,Payment Successed
15249,46208,25-04-2023,Payment Successed
15250,87632,05-07-2023,Payment Successed
15251,96538,13-02-2021,Payment Successed
15252,42211,29-07-2021,Payment Successed
15253,34305,24-07-2020,Refunded
15254,57543,25-05-2020,Payment Successed
15255,11260,31-01-2023,Payment Successed
15256,95404,26-03-2021,Payment Successed
15257,51556,12-12-2020,Payment Successed
15258,86333,27-07-2022,Payment Successed
15259,85642,25-06-2021,Payment Successed
15260,55938,04-07-2022,Refunded
15261,91922,09-04-2023,Payment Successed
15262,13120,09-03-2024,Payment Successed
15263,3976,25-01-2020,Payment Successed
15264,54145,14-06-2021,Failed
15265,6109,20-05-2023,Payment Successed
15266,95368,14-05-2023,Payment Successed
15267,94360,08-06-2024,Payment Successed
15268,82842,05-11-2020,Refunded
15269,39088,11-05-2020,Payment Successed
15270,45925,12-06-2022,Payment Successed
15271,17841,30-01-2021,Payment Successed
15272,20572,30-06-2021,Payment Successed
15273,85277,04-11-2022,Payment Successed
15274,4665,13-07-2020,Payment Successed
15275,73395,20-01-2021,Payment Successed
15276,98997,26-07-2021,Payment Successed
15277,34682,07-02-2024,Payment Successed
15278,72909,11-02-2022,Payment Successed
15279,86865,25-10-2022,Payment Successed
15280,53049,18-06-2023,Payment Successed
15281,3743,07-01-2024,Payment Successed
15282,14448,23-08-2020,Payment Successed
15283,52624,04-11-2022,Payment Successed
15284,56284,22-10-2023,Payment Successed
15285,65572,22-08-2023,Payment Successed
15286,56130,25-09-2021,Payment Successed
15287,15010,26-05-2021,Payment Successed
15288,76297,04-11-2023,Payment Successed
15289,12644,12-03-2022,Payment Successed
15290,46971,08-12-2023,Payment Successed
15291,92722,04-01-2022,Payment Successed
15292,38266,26-08-2020,Payment Successed
15293,1261,26-05-2020,Payment Successed
15294,15126,29-08-2023,Payment Successed
15295,80932,07-07-2021,Payment Successed
15296,1743,24-12-2021,Payment Successed
15297,68036,04-11-2020,Payment Successed
15298,83480,02-07-2021,Failed
15299,3194,20-02-2024,Payment Successed
15300,11008,17-08-2023,Refunded
15301,37807,10-12-2020,Payment Successed
15302,51072,11-05-2022,Payment Successed
15303,97673,27-03-2020,Failed
15304,76557,07-09-2024,Payment Successed
15305,53760,08-10-2024,Payment Successed
15306,69244,05-10-2023,Payment Successed
15307,19275,09-04-2022,Payment Successed
15308,96264,09-12-2024,Payment Successed
15309,90232,30-07-2023,Refunded
15310,90459,28-10-2022,Payment Successed
15311,45239,03-07-2022,Payment Successed
15312,83365,23-01-2023,Payment Successed
15313,35392,11-02-2024,Payment Successed
15314,1929,08-08-2022,Payment Successed
15315,95225,18-05-2024,Failed
15316,72826,22-09-2023,Payment Successed
15317,41964,27-11-2024,Payment Successed
15318,39672,24-11-2023,Refunded
15319,22934,26-01-2024,Failed
15320,36289,05-12-2021,Payment Successed
15321,94400,29-01-2024,Payment Successed
15322,99198,08-08-2021,Payment Successed
15323,71886,08-03-2023,Payment Successed
15324,32657,22-06-2023,Payment Successed
15325,27559,06-09-2021,Payment Successed
15326,21435,07-02-2021,Payment Successed
15327,7051,26-03-2024,Payment Successed
15328,62529,12-04-2022,Payment Successed
15329,43442,26-02-2024,Payment Successed
15330,93221,30-08-2020,Refunded
15331,34556,24-11-2024,Payment Successed
15332,95806,07-06-2022,Payment Successed
15333,35985,05-10-2021,Payment Successed
15334,14031,14-12-2023,Payment Successed
15335,75059,27-04-2023,Failed
15336,94466,04-02-2023,Payment Successed
15337,17774,18-05-2022,Refunded
15338,16612,20-09-2024,Payment Successed
15339,71683,25-03-2022,Payment Successed
15340,57934,24-09-2023,Payment Successed
15341,60122,04-11-2020,Payment Successed
15342,85980,18-05-2021,Payment Successed
15343,62767,29-03-2024,Payment Successed
15344,45567,12-07-2024,Payment Successed
15345,24833,04-07-2021,Payment Successed
15346,8204,03-09-2024,Failed
15347,76504,08-01-2022,Payment Successed
15348,47405,29-07-2021,Payment Successed
15349,20567,20-12-2022,Payment Successed
15350,83203,15-04-2021,Payment Successed
15351,6521,14-10-2021,Payment Successed
15352,65033,27-10-2023,Payment Successed
15353,89964,16-05-2023,Payment Successed
15354,68066,16-12-2021,Payment Successed
15355,44758,14-07-2021,Payment Successed
15356,80240,18-02-2022,Payment Successed
15357,81354,27-05-2023,Failed
15358,71552,05-03-2021,Payment Successed
15359,3642,06-02-2023,Payment Successed
15360,3251,28-01-2020,Payment Successed
15361,13186,12-11-2024,Payment Successed
15362,78056,11-06-2020,Payment Successed
15363,86414,15-02-2024,Payment Successed
15364,56323,25-06-2023,Payment Successed
15365,93110,17-11-2023,Payment Successed
15366,43371,05-03-2024,Payment Successed
15367,78823,28-01-2022,Payment Successed
15368,31480,10-09-2023,Payment Successed
15369,46203,21-01-2022,Payment Successed
15370,46617,14-03-2020,Payment Successed
15371,78141,02-12-2022,Payment Successed
15372,76574,03-09-2024,Payment Successed
15373,77035,06-06-2023,Payment Successed
15374,24781,10-07-2024,Payment Successed
15375,64287,10-08-2023,Payment Successed
15376,93084,19-10-2020,Payment Successed
15377,6377,14-09-2022,Payment Successed
15378,50259,02-01-2022,Payment Successed
15379,34737,15-09-2021,Payment Successed
15380,79588,07-11-2023,Payment Successed
15381,4640,06-02-2021,Payment Successed
15382,88361,07-11-2020,Payment Successed
15383,66279,25-08-2024,Payment Successed
15384,31714,30-07-2022,Payment Successed
15385,69376,01-10-2021,Payment Successed
15386,10566,29-05-2020,Payment Successed
15387,69332,02-05-2020,Payment Successed
15388,54266,05-03-2024,Payment Successed
15389,52287,14-01-2024,Payment Successed
15390,25332,09-11-2024,Payment Successed
15391,52185,13-07-2023,Payment Successed
15392,80666,02-04-2022,Payment Successed
15393,28118,07-08-2020,Payment Successed
15394,95323,13-10-2020,Payment Successed
15395,2684,03-01-2024,Refunded
15396,94509,20-11-2020,Payment Successed
15397,26270,02-04-2024,Refunded
15398,70298,11-01-2023,Payment Successed
15399,65250,19-08-2021,Payment Successed
15400,65332,17-07-2022,Payment Successed
15401,47260,23-09-2020,Payment Successed
15402,64624,05-10-2024,Payment Successed
15403,63176,03-12-2023,Payment Successed
15404,27631,20-11-2021,Failed
15405,90536,17-11-2024,Refunded
15406,5155,12-03-2021,Payment Successed
15407,79275,08-09-2020,Payment Successed
15408,52687,22-01-2023,Refunded
15409,26374,13-01-2022,Payment Successed
15410,33224,24-06-2020,Payment Successed
15411,6834,08-09-2022,Payment Successed
15412,68290,08-11-2024,Payment Successed
15413,24817,20-03-2023,Payment Successed
15414,59188,03-09-2020,Payment Successed
15415,74336,07-03-2020,Payment Successed
15416,37941,06-07-2020,Failed
15417,76233,23-08-2020,Payment Successed
15418,2040,29-07-2023,Payment Successed
15419,57869,05-06-2022,Payment Successed
15420,96852,29-02-2024,Payment Successed
15421,61377,10-07-2020,Payment Successed
15422,1950,07-04-2020,Payment Successed
15423,46773,14-09-2022,Payment Successed
15424,78822,25-11-2022,Payment Successed
15425,38441,09-04-2022,Payment Successed
15426,43015,19-05-2023,Refunded
15427,81593,17-05-2022,Payment Successed
15428,47597,20-07-2020,Payment Successed
15429,78245,03-04-2021,Payment Successed
15430,47545,10-08-2022,Payment Successed
15431,43056,28-04-2022,Payment Successed
15432,55840,15-02-2023,Payment Successed
15433,31456,15-09-2021,Payment Successed
15434,38115,27-04-2020,Payment Successed
15435,23224,27-12-2022,Payment Successed
15436,88578,18-09-2021,Payment Successed
15437,61654,18-11-2020,Payment Successed
15438,96402,11-11-2021,Payment Successed
15439,15051,23-03-2024,Payment Successed
15440,73649,22-08-2022,Payment Successed
15441,18761,24-02-2021,Refunded
15442,91674,09-09-2024,Payment Successed
15443,70261,10-03-2023,Payment Successed
15444,49619,17-08-2024,Payment Successed
15445,13166,21-06-2021,Payment Successed
15446,67188,08-02-2020,Payment Successed
15447,33383,18-05-2024,Refunded
15448,59912,27-07-2023,Payment Successed
15449,4449,04-03-2024,Payment Successed
15450,15444,07-12-2024,Payment Successed
15451,49479,06-01-2023,Payment Successed
15452,90917,24-02-2023,Payment Successed
15453,20383,10-01-2021,Payment Successed
15454,12111,14-09-2023,Payment Successed
15455,83622,25-07-2021,Failed
15456,59590,04-08-2021,Payment Successed
15457,83349,26-04-2023,Payment Successed
15458,80228,13-01-2022,Payment Successed
15459,88482,09-11-2024,Refunded
15460,37868,01-12-2024,Payment Successed
15461,28887,01-07-2022,Payment Successed
15462,49558,30-11-2024,Payment Successed
15463,4759,05-03-2023,Payment Successed
15464,90074,30-07-2023,Payment Successed
15465,59302,03-07-2023,Payment Successed
15466,59378,01-11-2023,Payment Successed
15467,48593,22-02-2023,Payment Successed
15468,39866,22-12-2024,Payment Successed
15469,90573,31-01-2021,Payment Successed
15470,10990,06-07-2020,Payment Successed
15471,86455,08-06-2024,Payment Successed
15472,39528,26-12-2023,Payment Successed
15473,53850,04-12-2021,Payment Successed
15474,55833,14-02-2021,Failed
15475,51582,05-11-2023,Failed
15476,37456,10-07-2020,Payment Successed
15477,56478,31-08-2021,Payment Successed
15478,34141,08-05-2023,Payment Successed
15479,95807,02-11-2023,Payment Successed
15480,51752,15-12-2023,Payment Successed
15481,50599,03-10-2020,Payment Successed
15482,24874,14-11-2023,Failed
15483,73018,07-10-2023,Payment Successed
15484,96141,02-04-2023,Payment Successed
15485,93068,05-06-2024,Payment Successed
15486,1093,31-03-2024,Failed
15487,11390,12-04-2023,Payment Successed
15488,6357,05-10-2024,Refunded
15489,81632,18-01-2020,Payment Successed
15490,77999,09-11-2021,Payment Successed
15491,63414,09-01-2020,Payment Successed
15492,91557,28-05-2020,Payment Successed
15493,44974,22-06-2022,Payment Successed
15494,32147,13-12-2020,Payment Successed
15495,4680,02-09-2024,Failed
15496,14041,14-04-2021,Payment Successed
15497,57784,08-10-2023,Refunded
15498,52208,07-06-2020,Payment Successed
15499,36359,19-08-2024,Payment Successed
15500,57114,20-08-2024,Payment Successed
15501,34900,30-05-2023,Payment Successed
15502,69986,29-11-2020,Payment Successed
15503,12326,20-01-2021,Payment Successed
15504,45083,14-04-2021,Payment Successed
15505,76066,27-09-2020,Payment Successed
15506,19966,09-10-2020,Payment Successed
15507,63416,28-11-2024,Payment Successed
15508,96875,05-01-2022,Payment Successed
15509,87144,13-10-2023,Payment Successed
15510,62665,22-01-2022,Payment Successed
15511,2058,11-06-2021,Payment Successed
15512,9536,13-09-2022,Payment Successed
15513,74234,03-03-2023,Payment Successed
15514,1352,14-05-2024,Payment Successed
15515,82386,29-09-2023,Payment Successed
15516,24184,10-07-2022,Payment Successed
15517,77633,10-02-2023,Refunded
15518,91382,22-09-2021,Payment Successed
15519,53005,15-08-2022,Payment Successed
15520,57513,12-09-2023,Payment Successed
15521,93345,27-09-2024,Payment Successed
15522,73985,22-06-2024,Payment Successed
15523,98258,06-02-2022,Payment Successed
15524,7083,08-03-2022,Failed
15525,56790,20-07-2021,Payment Successed
15526,78378,19-11-2023,Payment Successed
15527,19733,08-09-2023,Payment Successed
15528,45054,27-03-2020,Payment Successed
15529,5359,17-07-2020,Payment Successed
15530,63529,05-01-2024,Payment Successed
15531,29364,29-07-2020,Payment Successed
15532,84103,18-04-2021,Failed
15533,46743,01-06-2024,Payment Successed
15534,70432,18-08-2021,Payment Successed
15535,17220,30-10-2023,Payment Successed
15536,85920,31-10-2022,Payment Successed
15537,92483,25-06-2020,Payment Successed
15538,59104,13-07-2020,Payment Successed
15539,52956,30-10-2022,Payment Successed
15540,84809,31-01-2021,Payment Successed
15541,58035,26-01-2020,Payment Successed
15542,21341,10-04-2023,Payment Successed
15543,55577,11-06-2022,Payment Successed
15544,65908,18-06-2022,Payment Successed
15545,9926,15-03-2022,Payment Successed
15546,22726,23-06-2024,Refunded
15547,33921,30-12-2024,Payment Successed
15548,20001,21-10-2024,Payment Successed
15549,72235,09-08-2023,Payment Successed
15550,29255,22-05-2020,Payment Successed
15551,98219,31-01-2024,Payment Successed
15552,27632,17-07-2021,Payment Successed
15553,57314,02-10-2020,Refunded
15554,66472,26-01-2022,Payment Successed
15555,78475,14-08-2020,Payment Successed
15556,3452,20-01-2022,Failed
15557,39157,10-02-2021,Payment Successed
15558,31641,20-07-2021,Payment Successed
15559,52472,23-12-2021,Payment Successed
15560,54626,04-08-2020,Payment Successed
15561,9834,11-08-2021,Failed
15562,47352,29-08-2022,Payment Successed
15563,98996,29-08-2020,Payment Successed
15564,62152,05-11-2024,Failed
15565,74673,24-04-2022,Payment Successed
15566,43587,15-03-2023,Payment Successed
15567,13960,04-12-2023,Payment Successed
15568,54108,07-09-2020,Payment Successed
15569,26947,20-09-2022,Payment Successed
15570,87053,16-10-2023,Payment Successed
15571,28338,06-09-2022,Payment Successed
15572,79704,14-05-2023,Payment Successed
15573,21756,24-04-2024,Payment Successed
15574,35370,03-12-2022,Payment Successed
15575,38259,29-10-2024,Refunded
15576,79107,05-11-2023,Payment Successed
15577,44098,06-09-2020,Payment Successed
15578,80791,19-01-2023,Failed
15579,56830,19-10-2021,Payment Successed
15580,80394,27-11-2023,Failed
15581,33368,23-03-2022,Payment Successed
15582,48546,22-05-2024,Payment Successed
15583,18010,10-11-2024,Refunded
15584,82419,13-05-2020,Payment Successed
15585,61613,07-05-2023,Payment Successed
15586,27228,10-10-2024,Payment Successed
15587,38521,08-04-2020,Refunded
15588,42315,23-05-2020,Payment Successed
15589,38742,18-06-2024,Payment Successed
15590,85163,04-07-2024,Payment Successed
15591,14438,26-02-2022,Payment Successed
15592,75061,23-08-2022,Payment Successed
15593,2871,09-01-2023,Payment Successed
15594,53755,04-12-2021,Payment Successed
15595,81001,21-06-2024,Refunded
15596,14810,30-10-2020,Payment Successed
15597,3276,09-07-2021,Payment Successed
15598,99822,12-02-2021,Payment Successed
15599,42164,26-09-2024,Payment Successed
15600,56681,19-09-2024,Payment Successed
15601,4980,21-08-2023,Payment Successed
15602,60554,30-08-2024,Payment Successed
15603,72952,13-05-2020,Payment Successed
15604,71991,26-04-2021,Payment Successed
15605,46698,06-08-2022,Payment Successed
15606,90590,19-05-2020,Payment Successed
15607,99775,18-12-2021,Payment Successed
15608,94655,05-10-2023,Payment Successed
15609,14370,08-05-2020,Payment Successed
15610,19552,16-07-2024,Payment Successed
15611,78108,19-07-2023,Payment Successed
15612,1061,02-02-2020,Payment Successed
15613,92373,17-11-2023,Payment Successed
15614,86551,28-04-2020,Payment Successed
15615,1078,29-05-2021,Payment Successed
15616,32855,31-10-2020,Payment Successed
15617,14960,01-06-2024,Payment Successed
15618,70590,29-05-2024,Payment Successed
15619,19500,04-11-2022,Payment Successed
15620,50965,28-02-2020,Payment Successed
15621,10434,26-04-2022,Payment Successed
15622,37189,25-02-2020,Payment Successed
15623,18250,30-10-2022,Payment Successed
15624,92126,04-06-2021,Payment Successed
15625,80305,06-11-2022,Payment Successed
15626,36929,06-07-2024,Payment Successed
15627,21754,21-05-2021,Payment Successed
15628,41844,13-01-2022,Payment Successed
15629,16754,04-02-2023,Payment Successed
15630,23042,10-07-2021,Payment Successed
15631,41575,08-07-2022,Payment Successed
15632,18121,28-08-2024,Payment Successed
15633,3305,14-09-2022,Payment Successed
15634,2137,17-02-2020,Payment Successed
15635,14179,18-09-2022,Refunded
15636,6688,01-09-2023,Payment Successed
15637,62524,26-02-2021,Failed
15638,66226,20-09-2024,Payment Successed
15639,99643,12-08-2024,Payment Successed
15640,71192,27-07-2020,Payment Successed
15641,5039,18-11-2022,Failed
15642,39352,03-04-2023,Payment Successed
15643,40082,12-05-2022,Payment Successed
15644,75829,31-03-2020,Payment Successed
15645,32780,05-11-2024,Payment Successed
15646,70989,01-06-2024,Payment Successed
15647,52231,08-03-2020,Payment Successed
15648,32210,27-01-2020,Payment Successed
15649,61928,09-03-2024,Payment Successed
15650,54864,13-02-2020,Payment Successed
15651,75007,25-05-2024,Refunded
15652,35429,28-11-2020,Payment Successed
15653,83261,25-11-2021,Payment Successed
15654,73731,20-08-2022,Payment Successed
15655,16425,12-06-2022,Payment Successed
15656,64025,15-10-2022,Payment Successed
15657,55218,05-03-2020,Payment Successed
15658,46794,06-09-2024,Payment Successed
15659,94301,21-06-2020,Payment Successed
15660,68449,13-01-2022,Payment Successed
15661,10697,22-03-2022,Payment Successed
15662,32605,25-03-2023,Refunded
15663,12262,24-04-2023,Payment Successed
15664,27755,04-12-2020,Payment Successed
15665,5356,24-11-2022,Refunded
15666,45311,09-03-2021,Payment Successed
15667,81801,02-11-2021,Payment Successed
15668,41117,16-09-2021,Refunded
15669,16029,29-06-2023,Payment Successed
15670,14999,13-09-2022,Refunded
15671,25506,22-08-2020,Payment Successed
15672,43097,10-07-2023,Payment Successed
15673,1427,31-12-2022,Payment Successed
15674,39468,27-12-2023,Payment Successed
15675,86084,11-12-2021,Payment Successed
15676,63075,04-09-2024,Payment Successed
15677,40194,30-05-2020,Payment Successed
15678,26098,20-05-2022,Payment Successed
15679,9136,21-11-2024,Payment Successed
15680,83234,10-04-2021,Refunded
15681,24016,19-03-2020,Payment Successed
15682,60168,06-12-2023,Payment Successed
15683,58269,20-04-2020,Failed
15684,50434,22-03-2023,Payment Successed
15685,25703,21-03-2024,Payment Successed
15686,23818,21-12-2022,Payment Successed
15687,19627,13-09-2021,Payment Successed
15688,48584,26-09-2022,Payment Successed
15689,30603,07-11-2020,Payment Successed
15690,5585,15-09-2024,Payment Successed
15691,74103,11-07-2023,Refunded
15692,38507,20-07-2020,Refunded
15693,38940,05-08-2024,Payment Successed
15694,13355,08-06-2023,Payment Successed
15695,7956,23-07-2020,Payment Successed
15696,21683,15-10-2021,Payment Successed
15697,93357,27-11-2021,Payment Successed
15698,77778,08-03-2021,Payment Successed
15699,89652,20-05-2024,Payment Successed
15700,45134,04-08-2023,Payment Successed
15701,84518,05-01-2023,Payment Successed
15702,82005,28-11-2021,Payment Successed
15703,85171,19-12-2023,Payment Successed
15704,5548,03-07-2020,Failed
15705,71261,01-03-2023,Failed
15706,95848,08-02-2024,Payment Successed
15707,53627,14-01-2021,Payment Successed
15708,36276,08-04-2022,Payment Successed
15709,62375,22-12-2023,Payment Successed
15710,41425,22-08-2020,Payment Successed
15711,18947,05-11-2024,Payment Successed
15712,91267,07-04-2021,Failed
15713,37124,20-10-2022,Payment Successed
15714,81304,29-11-2023,Payment Successed
15715,5312,11-08-2023,Payment Successed
15716,66496,28-08-2023,Refunded
15717,30520,21-04-2021,Payment Successed
15718,19881,24-02-2020,Payment Successed
15719,63505,03-01-2022,Payment Successed
15720,6898,18-12-2020,Payment Successed
15721,37879,02-05-2022,Payment Successed
15722,14744,03-12-2020,Payment Successed
15723,97691,28-04-2021,Payment Successed
15724,32587,17-04-2022,Payment Successed
15725,4420,15-06-2022,Payment Successed
15726,70827,05-03-2024,Payment Successed
15727,76551,04-12-2020,Payment Successed
15728,13001,12-07-2024,Payment Successed
15729,41870,16-02-2024,Payment Successed
15730,90814,02-01-2024,Payment Successed
15731,4152,23-06-2022,Payment Successed
15732,81502,07-09-2021,Payment Successed
15733,93291,30-12-2021,Refunded
15734,35937,23-04-2022,Payment Successed
15735,11586,11-07-2020,Refunded
15736,78500,16-07-2021,Payment Successed
15737,17376,11-01-2020,Payment Successed
15738,55924,28-07-2021,Payment Successed
15739,52023,22-02-2024,Payment Successed
15740,99630,02-05-2023,Failed
15741,64251,15-06-2022,Payment Successed
15742,55245,29-04-2024,Payment Successed
15743,85717,06-08-2022,Payment Successed
15744,34806,27-05-2022,Payment Successed
15745,4466,21-09-2022,Payment Successed
15746,36991,09-02-2023,Payment Successed
15747,4009,18-09-2021,Payment Successed
15748,77611,04-11-2023,Payment Successed
15749,53314,08-10-2023,Payment Successed
15750,54010,06-08-2024,Refunded
15751,44135,28-10-2022,Payment Successed
15752,33914,24-05-2020,Payment Successed
15753,20125,26-03-2023,Payment Successed
15754,21294,24-09-2020,Payment Successed
15755,5645,27-09-2022,Payment Successed
15756,92097,21-02-2020,Failed
15757,56727,13-06-2023,Failed
15758,83121,11-02-2022,Payment Successed
15759,41059,19-06-2024,Failed
15760,94595,17-01-2021,Payment Successed
15761,47698,14-11-2022,Payment Successed
15762,67694,24-12-2023,Payment Successed
15763,95591,07-07-2021,Failed
15764,35927,25-04-2023,Payment Successed
15765,77820,02-07-2023,Payment Successed
15766,85851,28-09-2023,Payment Successed
15767,95507,25-10-2021,Refunded
15768,10905,31-10-2021,Payment Successed
15769,96121,27-10-2021,Payment Successed
15770,74415,18-05-2023,Payment Successed
15771,7730,06-12-2022,Payment Successed
15772,13254,24-06-2021,Payment Successed
15773,73900,26-07-2021,Payment Successed
15774,46941,08-11-2020,Payment Successed
15775,37394,26-02-2022,Payment Successed
15776,8754,19-10-2020,Payment Successed
15777,97011,17-04-2023,Payment Successed
15778,53394,28-12-2023,Payment Successed
15779,72793,04-03-2022,Payment Successed
15780,96311,25-04-2020,Payment Successed
15781,45829,09-06-2022,Failed
15782,53606,23-08-2020,Payment Successed
15783,26927,21-09-2024,Payment Successed
15784,60671,08-05-2021,Payment Successed
15785,50156,06-01-2020,Payment Successed
15786,32228,29-06-2022,Payment Successed
15787,8194,05-05-2023,Payment Successed
15788,59467,24-07-2023,Payment Successed
15789,89808,30-09-2024,Payment Successed
15790,41600,07-08-2021,Payment Successed
15791,98539,22-11-2022,Payment Successed
15792,43473,17-02-2024,Payment Successed
15793,31829,14-07-2022,Payment Successed
15794,62965,18-02-2020,Payment Successed
15795,78664,12-03-2023,Payment Successed
15796,13293,14-12-2020,Payment Successed
15797,1951,03-04-2021,Payment Successed
15798,56760,28-03-2024,Payment Successed
15799,85914,31-10-2020,Payment Successed
15800,71340,26-08-2024,Payment Successed
15801,25085,07-09-2021,Payment Successed
15802,86331,06-08-2024,Payment Successed
15803,64888,01-04-2021,Payment Successed
15804,46824,28-04-2024,Payment Successed
15805,61868,09-07-2022,Payment Successed
15806,29161,23-06-2023,Payment Successed
15807,66269,10-06-2024,Payment Successed
15808,72268,06-11-2024,Payment Successed
15809,87627,23-09-2023,Payment Successed
15810,55929,21-12-2020,Payment Successed
15811,59204,27-12-2023,Payment Successed
15812,69458,28-01-2024,Payment Successed
15813,91949,03-03-2020,Payment Successed
15814,15145,30-04-2022,Payment Successed
15815,43488,20-10-2023,Refunded
15816,83025,01-08-2020,Payment Successed
15817,7684,16-06-2021,Payment Successed
15818,74488,31-03-2020,Payment Successed
15819,57094,29-04-2024,Payment Successed
15820,45490,06-09-2024,Payment Successed
15821,68626,13-12-2020,Payment Successed
15822,10404,26-08-2023,Payment Successed
15823,36924,30-10-2021,Payment Successed
15824,79219,07-05-2024,Payment Successed
15825,97571,28-04-2024,Payment Successed
15826,55850,01-03-2024,Payment Successed
15827,21985,30-01-2023,Payment Successed
15828,48672,17-01-2023,Payment Successed
15829,85367,18-03-2021,Payment Successed
15830,87501,06-03-2022,Payment Successed
15831,67417,02-10-2022,Payment Successed
15832,88215,26-10-2024,Payment Successed
15833,71617,17-07-2023,Failed
15834,51843,09-02-2020,Failed
15835,63589,30-11-2024,Payment Successed
15836,91127,28-05-2023,Payment Successed
15837,35320,12-11-2022,Payment Successed
15838,51845,13-11-2023,Payment Successed
15839,38669,03-01-2022,Payment Successed
15840,97725,20-01-2022,Refunded
15841,16835,13-11-2021,Payment Successed
15842,78000,16-08-2023,Payment Successed
15843,45404,25-08-2021,Failed
15844,1977,29-11-2024,Payment Successed
15845,35832,14-05-2024,Payment Successed
15846,96981,04-04-2023,Payment Successed
15847,27948,04-01-2024,Payment Successed
15848,30403,20-01-2021,Payment Successed
15849,15139,22-11-2024,Payment Successed
15850,70526,07-06-2024,Payment Successed
15851,15224,24-09-2022,Failed
15852,95903,26-12-2021,Payment Successed
15853,12056,06-03-2020,Payment Successed
15854,16836,23-05-2023,Payment Successed
15855,24259,23-12-2021,Payment Successed
15856,88253,31-08-2022,Payment Successed
15857,57681,19-10-2024,Payment Successed
15858,27166,10-06-2020,Payment Successed
15859,25865,27-01-2020,Payment Successed
15860,10527,04-04-2024,Refunded
15861,22260,18-06-2020,Refunded
15862,72946,16-01-2024,Payment Successed
15863,12082,03-07-2021,Payment Successed
15864,91579,29-10-2024,Payment Successed
15865,50541,07-01-2024,Payment Successed
15866,84848,06-03-2020,Payment Successed
15867,12471,12-06-2022,Payment Successed
15868,33342,05-09-2021,Refunded
15869,75830,08-03-2024,Payment Successed
15870,89081,02-08-2023,Payment Successed
15871,96968,05-11-2024,Refunded
15872,33435,02-08-2024,Payment Successed
15873,15040,14-08-2024,Failed
15874,42719,23-12-2020,Payment Successed
15875,83498,07-03-2024,Payment Successed
15876,21941,20-07-2020,Payment Successed
15877,95418,25-04-2021,Payment Successed
15878,36013,02-08-2024,Payment Successed
15879,79301,30-03-2024,Payment Successed
15880,80596,26-07-2022,Payment Successed
15881,18750,31-12-2024,Payment Successed
15882,40755,26-11-2024,Payment Successed
15883,9884,24-11-2023,Payment Successed
15884,13813,22-06-2020,Payment Successed
15885,28711,29-11-2020,Payment Successed
15886,73600,11-06-2024,Payment Successed
15887,29629,21-06-2021,Payment Successed
15888,60960,23-07-2021,Payment Successed
15889,3682,11-02-2024,Payment Successed
15890,36797,21-03-2020,Payment Successed
15891,50272,12-09-2021,Payment Successed
15892,63349,01-05-2023,Payment Successed
15893,27765,07-01-2024,Payment Successed
15894,6365,28-01-2024,Payment Successed
15895,77662,11-10-2022,Payment Successed
15896,91360,08-06-2020,Payment Successed
15897,44054,03-09-2024,Payment Successed
15898,96192,03-03-2020,Payment Successed
15899,10528,31-10-2023,Payment Successed
15900,54846,30-12-2023,Failed
15901,67727,27-04-2024,Payment Successed
15902,28374,29-07-2023,Payment Successed
15903,19638,12-08-2023,Payment Successed
15904,95403,12-12-2024,Payment Successed
15905,26984,08-03-2020,Payment Successed
15906,48609,20-05-2021,Payment Successed
15907,4334,28-05-2021,Payment Successed
15908,30589,15-03-2023,Refunded
15909,35548,25-03-2024,Payment Successed
15910,49539,28-09-2023,Payment Successed
15911,22268,19-04-2022,Failed
15912,23502,03-03-2023,Payment Successed
15913,68520,17-12-2024,Payment Successed
15914,52853,14-08-2023,Payment Successed
15915,43591,16-06-2021,Payment Successed
15916,8839,10-07-2020,Refunded
15917,38757,20-08-2023,Refunded
15918,90428,07-02-2024,Payment Successed
15919,66303,18-10-2022,Payment Successed
15920,80376,22-06-2023,Payment Successed
15921,31417,21-06-2021,Payment Successed
15922,78410,13-05-2022,Payment Successed
15923,76270,23-04-2023,Payment Successed
15924,50829,07-02-2022,Payment Successed
15925,48788,31-08-2020,Payment Successed
15926,79622,07-03-2020,Payment Successed
15927,89998,09-12-2024,Payment Successed
15928,2757,24-12-2021,Payment Successed
15929,31681,06-08-2024,Payment Successed
15930,14788,27-08-2021,Payment Successed
15931,1824,20-12-2024,Payment Successed
15932,69558,21-03-2023,Payment Successed
15933,9374,22-10-2022,Payment Successed
15934,40506,07-03-2022,Payment Successed
15935,4988,13-05-2023,Payment Successed
15936,56511,22-10-2023,Payment Successed
15937,66565,27-01-2024,Refunded
15938,86792,07-10-2021,Payment Successed
15939,2177,11-09-2020,Payment Successed
15940,81875,19-02-2024,Payment Successed
15941,71161,07-11-2023,Payment Successed
15942,81274,09-01-2021,Payment Successed
15943,39748,05-11-2024,Payment Successed
15944,20561,13-08-2020,Payment Successed
15945,21653,15-10-2020,Payment Successed
15946,91562,22-03-2022,Payment Successed
15947,45344,07-12-2024,Payment Successed
15948,62944,02-02-2021,Payment Successed
15949,83505,15-04-2024,Payment Successed
15950,53106,18-11-2020,Payment Successed
15951,46857,07-12-2024,Payment Successed
15952,50847,28-01-2020,Payment Successed
15953,83279,04-04-2020,Payment Successed
15954,25944,12-06-2024,Payment Successed
15955,63935,06-02-2023,Payment Successed
15956,83842,31-12-2023,Failed
15957,56808,05-07-2021,Payment Successed
15958,78402,01-02-2021,Payment Successed
15959,71514,22-02-2022,Payment Successed
15960,16895,14-08-2023,Payment Successed
15961,99059,09-08-2024,Payment Successed
15962,58953,05-05-2023,Refunded
15963,56918,01-07-2021,Payment Successed
15964,95904,08-03-2023,Refunded
15965,27471,18-07-2021,Payment Successed
15966,34854,29-05-2020,Payment Successed
15967,50002,12-08-2023,Payment Successed
15968,10981,02-05-2022,Refunded
15969,19560,06-07-2022,Payment Successed
15970,3366,20-08-2023,Payment Successed
15971,42343,28-10-2022,Payment Successed
15972,7077,26-11-2024,Payment Successed
15973,85153,11-05-2020,Payment Successed
15974,37366,11-09-2023,Payment Successed
15975,80594,01-11-2023,Payment Successed
15976,87651,25-07-2024,Payment Successed
15977,65943,15-08-2022,Payment Successed
15978,62848,16-09-2020,Payment Successed
15979,32220,04-03-2023,Payment Successed
15980,51674,06-04-2023,Refunded
15981,3044,05-04-2024,Payment Successed
15982,83388,03-10-2022,Payment Successed
15983,17556,02-04-2021,Refunded
15984,14527,18-10-2024,Payment Successed
15985,69179,29-03-2023,Payment Successed
15986,4629,11-06-2020,Payment Successed
15987,92890,19-05-2024,Payment Successed
15988,92989,21-04-2024,Payment Successed
15989,32302,01-01-2021,Payment Successed
15990,47186,30-01-2020,Payment Successed
15991,32274,02-02-2020,Payment Successed
15992,31483,02-04-2023,Payment Successed
15993,18810,08-02-2023,Payment Successed
15994,48486,17-04-2020,Payment Successed
15995,50895,30-06-2022,Payment Successed
15996,87109,07-12-2021,Payment Successed
15997,57497,19-04-2023,Payment Successed
15998,70018,23-09-2022,Payment Successed
15999,59019,14-07-2020,Payment Successed
16000,3797,28-02-2023,Refunded
16001,37768,18-08-2022,Payment Successed
16002,27545,09-10-2022,Payment Successed
16003,73609,30-06-2020,Payment Successed
16004,90204,12-09-2023,Refunded
16005,33855,08-03-2022,Payment Successed
16006,18046,14-12-2020,Payment Successed
16007,31422,07-04-2024,Payment Successed
16008,76215,23-06-2020,Payment Successed
16009,50495,21-05-2022,Payment Successed
16010,53708,27-01-2024,Payment Successed
16011,15090,25-09-2024,Payment Successed
16012,17144,09-02-2024,Payment Successed
16013,78196,18-09-2021,Payment Successed
16014,77834,21-07-2021,Payment Successed
16015,28315,29-10-2024,Payment Successed
16016,51210,26-01-2022,Failed
16017,38572,13-03-2022,Payment Successed
16018,46657,07-07-2021,Payment Successed
16019,78607,25-01-2021,Payment Successed
16020,73929,27-06-2024,Payment Successed
16021,63652,21-11-2024,Payment Successed
16022,87908,23-12-2024,Payment Successed
16023,13040,06-03-2020,Payment Successed
16024,58854,07-02-2022,Payment Successed
16025,67194,16-05-2021,Payment Successed
16026,83837,15-10-2023,Refunded
16027,81657,02-10-2020,Payment Successed
16028,11517,31-01-2021,Payment Successed
16029,57538,07-04-2024,Payment Successed
16030,74030,28-03-2021,Payment Successed
16031,53442,12-02-2024,Payment Successed
16032,16796,29-12-2022,Payment Successed
16033,74441,30-10-2023,Payment Successed
16034,29738,24-03-2021,Failed
16035,42216,08-09-2024,Failed
16036,72786,05-08-2020,Payment Successed
16037,94759,04-10-2024,Payment Successed
16038,69003,05-05-2020,Payment Successed
16039,52535,15-10-2023,Payment Successed
16040,86902,18-08-2023,Payment Successed
16041,73199,10-07-2022,Payment Successed
16042,85298,21-07-2021,Payment Successed
16043,64688,28-07-2022,Payment Successed
16044,96021,11-07-2020,Payment Successed
16045,46451,10-04-2024,Payment Successed
16046,21514,26-07-2024,Payment Successed
16047,76334,16-06-2021,Refunded
16048,85565,16-10-2022,Payment Successed
16049,43067,13-05-2022,Payment Successed
16050,32524,20-09-2023,Payment Successed
16051,4710,26-04-2023,Payment Successed
16052,67733,07-12-2021,Payment Successed
16053,58852,27-10-2020,Refunded
16054,88968,26-04-2022,Payment Successed
16055,81151,03-05-2022,Payment Successed
16056,54605,07-02-2022,Refunded
16057,34487,12-06-2022,Payment Successed
16058,81728,02-04-2020,Payment Successed
16059,91754,28-05-2022,Payment Successed
16060,95419,25-07-2020,Payment Successed
16061,15862,26-12-2022,Payment Successed
16062,48475,28-11-2022,Failed
16063,33298,29-12-2022,Payment Successed
16064,20156,10-07-2023,Payment Successed
16065,16686,06-06-2022,Payment Successed
16066,62055,05-04-2024,Payment Successed
16067,21284,15-11-2020,Payment Successed
16068,47954,11-05-2021,Payment Successed
16069,79139,11-08-2024,Payment Successed
16070,53521,01-11-2020,Payment Successed
16071,2710,08-05-2022,Payment Successed
16072,43912,16-01-2022,Payment Successed
16073,6397,24-12-2024,Failed
16074,19920,25-10-2021,Payment Successed
16075,48628,29-08-2022,Payment Successed
16076,21384,09-01-2024,Payment Successed
16077,72278,08-12-2020,Payment Successed
16078,82793,22-05-2021,Refunded
16079,79002,07-01-2022,Payment Successed
16080,50654,30-07-2021,Payment Successed
16081,87281,03-10-2021,Payment Successed
16082,9285,25-04-2021,Payment Successed
16083,55828,08-11-2022,Payment Successed
16084,57075,14-01-2021,Payment Successed
16085,77208,27-07-2024,Payment Successed
16086,15969,07-10-2023,Payment Successed
16087,99145,02-11-2024,Payment Successed
16088,16606,11-09-2024,Payment Successed
16089,69477,04-04-2023,Payment Successed
16090,48842,15-12-2021,Payment Successed
16091,12881,25-08-2021,Payment Successed
16092,64012,19-12-2022,Payment Successed
16093,69316,04-12-2020,Payment Successed
16094,19767,26-06-2024,Payment Successed
16095,1758,22-04-2024,Refunded
16096,40885,28-09-2024,Payment Successed
16097,77366,09-12-2021,Payment Successed
16098,64480,21-11-2020,Payment Successed
16099,76550,13-10-2020,Payment Successed
16100,14220,31-12-2023,Payment Successed
16101,80391,04-07-2021,Refunded
16102,20516,28-02-2024,Payment Successed
16103,32097,03-01-2022,Payment Successed
16104,7744,26-08-2024,Payment Successed
16105,6614,13-02-2024,Payment Successed
16106,72963,15-12-2022,Payment Successed
16107,3473,26-04-2021,Refunded
16108,28004,03-12-2020,Payment Successed
16109,54328,18-05-2023,Payment Successed
16110,59004,21-12-2021,Payment Successed
16111,24651,28-05-2021,Payment Successed
16112,80920,30-05-2021,Payment Successed
16113,31382,19-12-2021,Payment Successed
16114,90583,01-11-2020,Payment Successed
16115,33531,03-06-2022,Payment Successed
16116,5368,26-10-2022,Payment Successed
16117,12935,21-12-2020,Payment Successed
16118,12403,19-04-2022,Payment Successed
16119,92785,24-11-2024,Payment Successed
16120,72409,27-09-2024,Payment Successed
16121,5745,30-04-2023,Payment Successed
16122,73240,07-10-2022,Payment Successed
16123,11521,16-09-2024,Payment Successed
16124,45656,24-03-2023,Payment Successed
16125,76554,21-05-2021,Payment Successed
16126,44307,06-01-2023,Payment Successed
16127,96181,09-11-2020,Payment Successed
16128,53622,15-01-2022,Payment Successed
16129,69017,19-04-2023,Payment Successed
16130,23154,16-09-2021,Payment Successed
16131,48223,21-04-2022,Payment Successed
16132,68471,27-01-2020,Payment Successed
16133,22804,14-06-2023,Payment Successed
16134,95254,13-02-2023,Payment Successed
16135,12638,29-04-2024,Payment Successed
16136,23183,19-04-2022,Payment Successed
16137,35426,08-06-2023,Payment Successed
16138,59184,29-01-2023,Payment Successed
16139,55628,05-07-2023,Payment Successed
16140,98113,04-05-2024,Payment Successed
16141,99892,01-01-2022,Payment Successed
16142,54502,08-12-2024,Payment Successed
16143,36011,17-11-2020,Payment Successed
16144,78107,10-10-2020,Payment Successed
16145,12710,18-05-2021,Payment Successed
16146,25846,26-10-2024,Payment Successed
16147,94405,01-02-2023,Payment Successed
16148,55916,05-09-2021,Payment Successed
16149,30136,20-05-2020,Payment Successed
16150,78324,07-02-2021,Payment Successed
16151,20553,02-07-2022,Payment Successed
16152,24484,08-07-2024,Payment Successed
16153,20875,01-03-2023,Payment Successed
16154,16060,18-12-2021,Payment Successed
16155,44434,07-05-2024,Payment Successed
16156,75081,28-02-2023,Payment Successed
16157,27382,04-07-2020,Payment Successed
16158,99588,08-01-2020,Payment Successed
16159,41523,14-07-2020,Payment Successed
16160,85835,09-06-2024,Payment Successed
16161,88888,01-06-2024,Payment Successed
16162,99441,22-04-2022,Payment Successed
16163,54382,03-09-2022,Payment Successed
16164,80829,20-05-2024,Payment Successed
16165,74754,23-07-2023,Payment Successed
16166,23882,05-01-2021,Payment Successed
16167,85915,09-09-2023,Refunded
16168,29370,26-09-2023,Failed
16169,54249,21-01-2021,Payment Successed
16170,73873,30-12-2021,Payment Successed
16171,98335,30-01-2020,Payment Successed
16172,81774,19-03-2020,Payment Successed
16173,94171,02-12-2020,Payment Successed
16174,84068,26-09-2020,Payment Successed
16175,49441,03-07-2024,Payment Successed
16176,78374,24-02-2020,Payment Successed
16177,14303,11-04-2023,Payment Successed
16178,28350,17-09-2021,Payment Successed
16179,89714,25-07-2023,Payment Successed
16180,56434,24-11-2024,Payment Successed
16181,2136,26-08-2024,Payment Successed
16182,11840,31-03-2020,Payment Successed
16183,15602,20-06-2021,Payment Successed
16184,84874,05-01-2020,Payment Successed
16185,19181,10-09-2023,Payment Successed
16186,19222,27-05-2022,Payment Successed
16187,10341,17-03-2022,Payment Successed
16188,43838,06-11-2020,Payment Successed
16189,19458,20-09-2024,Payment Successed
16190,27429,28-07-2022,Failed
16191,27353,22-12-2023,Payment Successed
16192,82877,17-10-2022,Payment Successed
16193,5868,10-04-2021,Payment Successed
16194,35990,16-07-2020,Payment Successed
16195,67039,07-08-2021,Payment Successed
16196,1435,03-11-2020,Payment Successed
16197,87844,19-08-2021,Payment Successed
16198,95929,28-12-2023,Payment Successed
16199,26198,18-02-2024,Payment Successed
16200,57573,06-09-2020,Failed
16201,27978,16-06-2022,Refunded
16202,20969,26-07-2022,Payment Successed
16203,7540,21-03-2020,Payment Successed
16204,54017,09-08-2023,Failed
16205,97902,09-10-2021,Payment Successed
16206,3104,03-07-2023,Payment Successed
16207,9970,26-09-2023,Payment Successed
16208,56827,09-08-2020,Payment Successed
16209,32965,25-02-2021,Payment Successed
16210,95821,03-09-2022,Payment Successed
16211,14631,30-07-2021,Payment Successed
16212,73783,13-05-2021,Payment Successed
16213,33949,11-10-2024,Refunded
16214,87681,07-02-2020,Payment Successed
16215,17668,17-11-2020,Payment Successed
16216,96895,19-10-2020,Payment Successed
16217,45778,22-11-2022,Refunded
16218,31800,20-01-2023,Payment Successed
16219,83531,17-06-2021,Payment Successed
16220,7562,19-11-2022,Payment Successed
16221,96478,16-04-2023,Payment Successed
16222,50639,11-11-2021,Payment Successed
16223,98110,19-06-2021,Failed
16224,92823,25-10-2024,Payment Successed
16225,82759,14-08-2023,Payment Successed
16226,9339,09-01-2023,Payment Successed
16227,76120,07-03-2023,Payment Successed
16228,8876,24-09-2023,Payment Successed
16229,47428,22-09-2022,Payment Successed
16230,80964,07-09-2023,Payment Successed
16231,58270,27-07-2022,Payment Successed
16232,50289,09-03-2024,Payment Successed
16233,53777,27-02-2020,Payment Successed
16234,98167,02-03-2022,Payment Successed
16235,70932,26-11-2024,Payment Successed
16236,78344,07-01-2021,Payment Successed
16237,18635,24-07-2023,Payment Successed
16238,89629,22-11-2024,Payment Successed
16239,22644,20-05-2021,Payment Successed
16240,59365,15-12-2022,Payment Successed
16241,9245,30-01-2021,Refunded
16242,7394,19-10-2023,Payment Successed
16243,95651,18-10-2024,Payment Successed
16244,5757,11-06-2021,Payment Successed
16245,51769,06-08-2024,Payment Successed
16246,48196,24-05-2024,Payment Successed
16247,40169,09-04-2021,Payment Successed
16248,66148,26-07-2023,Refunded
16249,98481,17-10-2020,Payment Successed
16250,84023,15-03-2021,Failed
16251,83514,29-11-2024,Payment Successed
16252,98812,04-10-2023,Payment Successed
16253,17165,17-02-2023,Payment Successed
16254,46328,10-06-2021,Payment Successed
16255,59745,03-06-2020,Payment Successed
16256,72614,29-06-2024,Payment Successed
16257,14115,12-12-2024,Payment Successed
16258,23661,22-06-2021,Payment Successed
16259,76226,02-06-2020,Payment Successed
16260,85728,31-03-2023,Payment Successed
16261,94304,31-10-2023,Payment Successed
16262,12223,12-05-2020,Payment Successed
16263,25603,30-12-2020,Payment Successed
16264,96708,30-04-2024,Payment Successed
16265,7493,12-02-2023,Failed
16266,44439,31-07-2023,Payment Successed
16267,74778,20-01-2024,Refunded
16268,49048,03-01-2023,Payment Successed
16269,99095,25-03-2022,Payment Successed
16270,95328,21-08-2021,Payment Successed
16271,17768,09-09-2020,Payment Successed
16272,50840,06-01-2021,Payment Successed
16273,44788,05-01-2023,Failed
16274,9881,08-10-2022,Failed
16275,77459,26-07-2021,Payment Successed
16276,48777,01-09-2024,Payment Successed
16277,52563,07-07-2021,Payment Successed
16278,6702,10-08-2020,Payment Successed
16279,4211,10-08-2021,Payment Successed
16280,2168,20-12-2020,Payment Successed
16281,26347,22-02-2023,Payment Successed
16282,28666,29-04-2023,Payment Successed
16283,77668,29-09-2020,Payment Successed
16284,42983,28-03-2020,Refunded
16285,7215,01-02-2020,Payment Successed
16286,13547,22-09-2024,Payment Successed
16287,12609,27-07-2023,Payment Successed
16288,82805,11-03-2021,Payment Successed
16289,79287,13-10-2023,Payment Successed
16290,36808,09-12-2024,Payment Successed
16291,95936,18-01-2023,Payment Successed
16292,79688,11-10-2021,Payment Successed
16293,31429,13-10-2024,Payment Successed
16294,95920,24-05-2024,Payment Successed
16295,84730,13-11-2021,Payment Successed
16296,21315,14-07-2023,Payment Successed
16297,3429,30-01-2022,Payment Successed
16298,71033,04-04-2023,Payment Successed
16299,92031,14-04-2022,Payment Successed
16300,24481,04-02-2023,Payment Successed
16301,2403,11-02-2023,Payment Successed
16302,90473,19-08-2024,Payment Successed
16303,81916,20-11-2023,Payment Successed
16304,15819,25-12-2022,Payment Successed
16305,57434,28-06-2020,Payment Successed
16306,27422,25-08-2020,Payment Successed
16307,32772,09-06-2020,Failed
16308,38740,19-08-2024,Payment Successed
16309,31909,27-09-2020,Payment Successed
16310,83174,25-01-2023,Failed
16311,42465,25-04-2024,Payment Successed
16312,91137,12-01-2022,Failed
16313,16518,08-09-2023,Payment Successed
16314,34667,28-11-2021,Payment Successed
16315,28299,13-01-2024,Payment Successed
16316,73872,06-12-2022,Payment Successed
16317,75813,28-12-2023,Payment Successed
16318,15771,12-05-2020,Payment Successed
16319,50295,07-12-2024,Payment Successed
16320,8675,07-03-2020,Payment Successed
16321,20105,31-05-2024,Payment Successed
16322,10593,17-11-2022,Payment Successed
16323,4974,01-04-2024,Payment Successed
16324,55778,26-03-2023,Payment Successed
16325,10680,09-08-2024,Payment Successed
16326,52295,20-09-2021,Payment Successed
16327,99310,07-03-2024,Payment Successed
16328,70435,01-06-2020,Payment Successed
16329,25419,01-02-2020,Payment Successed
16330,27197,11-12-2021,Payment Successed
16331,75749,01-07-2021,Failed
16332,94321,02-02-2023,Payment Successed
16333,85733,17-11-2023,Payment Successed
16334,94896,12-08-2022,Payment Successed
16335,47523,29-12-2024,Payment Successed
16336,65032,01-12-2024,Payment Successed
16337,62756,16-11-2024,Payment Successed
16338,90082,30-08-2022,Payment Successed
16339,93435,18-04-2023,Payment Successed
16340,87164,10-05-2020,Payment Successed
16341,23941,06-08-2023,Payment Successed
16342,52042,19-11-2021,Payment Successed
16343,39509,03-11-2022,Payment Successed
16344,14661,06-10-2023,Payment Successed
16345,70546,10-01-2021,Payment Successed
16346,20865,15-09-2022,Payment Successed
16347,88437,15-03-2022,Payment Successed
16348,38992,06-06-2021,Payment Successed
16349,48403,05-05-2023,Refunded
16350,60442,26-01-2023,Payment Successed
16351,23956,08-06-2020,Payment Successed
16352,75297,26-07-2024,Payment Successed
16353,70668,31-12-2021,Payment Successed
16354,17342,22-07-2024,Payment Successed
16355,64527,10-12-2024,Payment Successed
16356,60247,07-08-2021,Payment Successed
16357,38023,17-04-2020,Payment Successed
16358,26967,31-08-2020,Payment Successed
16359,18656,03-11-2020,Payment Successed
16360,37814,19-01-2020,Payment Successed
16361,67625,18-10-2023,Failed
16362,59205,29-06-2021,Payment Successed
16363,87430,07-08-2024,Payment Successed
16364,76691,31-08-2022,Payment Successed
16365,72010,19-02-2023,Payment Successed
16366,96993,18-02-2021,Payment Successed
16367,45223,18-06-2021,Payment Successed
16368,81355,20-11-2023,Refunded
16369,92711,13-03-2020,Payment Successed
16370,94836,06-07-2023,Payment Successed
16371,20490,30-03-2020,Payment Successed
16372,59016,04-10-2024,Payment Successed
16373,32439,31-07-2021,Payment Successed
16374,50802,19-06-2022,Refunded
16375,38735,10-07-2024,Payment Successed
16376,25133,18-05-2023,Payment Successed
16377,2341,26-06-2022,Payment Successed
16378,63421,27-11-2023,Payment Successed
16379,92241,01-05-2023,Refunded
16380,14709,02-01-2021,Payment Successed
16381,40093,11-08-2024,Payment Successed
16382,49200,16-02-2024,Payment Successed
16383,5113,21-10-2024,Payment Successed
16384,2022,03-11-2023,Payment Successed
16385,92557,20-05-2021,Payment Successed
16386,2062,10-01-2021,Payment Successed
16387,97540,05-11-2023,Payment Successed
16388,84505,09-05-2022,Payment Successed
16389,52954,20-12-2022,Payment Successed
16390,42167,03-03-2020,Payment Successed
16391,10075,15-03-2020,Payment Successed
16392,91977,30-08-2021,Payment Successed
16393,3381,17-12-2021,Payment Successed
16394,59894,01-04-2023,Payment Successed
16395,21316,15-01-2020,Payment Successed
16396,21588,03-03-2022,Refunded
16397,60064,23-06-2024,Payment Successed
16398,61132,24-06-2020,Payment Successed
16399,15579,17-02-2020,Payment Successed
16400,9829,19-09-2024,Payment Successed
16401,6392,28-01-2021,Payment Successed
16402,2405,25-05-2022,Payment Successed
16403,21746,25-12-2024,Payment Successed
16404,16041,17-08-2021,Payment Successed
16405,6324,31-07-2023,Payment Successed
16406,39375,20-06-2023,Payment Successed
16407,34712,09-05-2020,Payment Successed
16408,32423,23-10-2024,Payment Successed
16409,4160,03-04-2024,Payment Successed
16410,89645,28-04-2020,Payment Successed
16411,98021,06-05-2020,Payment Successed
16412,24189,12-06-2024,Payment Successed
16413,28550,30-01-2023,Payment Successed
16414,1746,20-09-2020,Payment Successed
16415,75643,18-01-2022,Payment Successed
16416,64005,02-02-2022,Payment Successed
16417,76963,29-12-2022,Payment Successed
16418,80898,31-07-2023,Failed
16419,90591,22-11-2022,Payment Successed
16420,32183,26-08-2021,Payment Successed
16421,32671,02-11-2021,Payment Successed
16422,56895,27-03-2020,Payment Successed
16423,65446,13-03-2022,Payment Successed
16424,53803,16-08-2024,Payment Successed
16425,93487,29-06-2023,Payment Successed
16426,76280,21-10-2021,Refunded
16427,1795,19-01-2021,Payment Successed
16428,46332,23-11-2024,Payment Successed
16429,55735,24-01-2024,Payment Successed
16430,74065,10-06-2021,Payment Successed
16431,42728,11-05-2024,Payment Successed
16432,84842,08-10-2024,Payment Successed
16433,55563,23-08-2024,Payment Successed
16434,27376,14-09-2024,Payment Successed
16435,32584,18-01-2023,Payment Successed
16436,99512,18-10-2024,Payment Successed
16437,26816,12-07-2023,Payment Successed
16438,78162,08-11-2023,Failed
16439,4081,01-09-2024,Payment Successed
16440,84257,03-07-2024,Payment Successed
16441,72339,30-07-2020,Payment Successed
16442,7455,07-06-2024,Payment Successed
16443,23096,13-04-2023,Payment Successed
16444,4912,18-03-2022,Payment Successed
16445,24151,09-02-2022,Payment Successed
16446,63847,21-01-2020,Payment Successed
16447,65576,01-02-2024,Payment Successed
16448,75541,05-07-2022,Payment Successed
16449,44618,25-03-2022,Refunded
16450,81905,12-02-2020,Payment Successed
16451,93069,14-07-2020,Payment Successed
16452,79900,26-12-2020,Payment Successed
16453,24221,06-01-2021,Refunded
16454,66703,30-09-2023,Failed
16455,1338,19-03-2023,Payment Successed
16456,37434,27-05-2024,Payment Successed
16457,17657,13-07-2023,Refunded
16458,88693,18-08-2022,Payment Successed
16459,88186,18-11-2022,Payment Successed
16460,48775,15-02-2023,Payment Successed
16461,52491,06-08-2023,Payment Successed
16462,69452,03-07-2021,Failed
16463,50411,13-04-2021,Payment Successed
16464,18130,01-04-2023,Payment Successed
16465,18405,22-08-2024,Failed
16466,78872,27-06-2022,Payment Successed
16467,92879,13-04-2024,Payment Successed
16468,46063,15-11-2020,Payment Successed
16469,99518,02-09-2022,Payment Successed
16470,94767,30-05-2024,Payment Successed
16471,78537,21-08-2022,Payment Successed
16472,78638,30-06-2024,Payment Successed
16473,13251,08-05-2020,Payment Successed
16474,25884,20-10-2022,Payment Successed
16475,53398,11-11-2023,Payment Successed
16476,95221,14-05-2021,Payment Successed
16477,65067,30-05-2024,Payment Successed
16478,15336,09-10-2021,Payment Successed
16479,79421,07-06-2022,Payment Successed
16480,45608,05-08-2023,Payment Successed
16481,3686,04-06-2023,Payment Successed
16482,60059,17-01-2021,Payment Successed
16483,44633,15-12-2021,Payment Successed
16484,71030,26-12-2021,Failed
16485,84767,26-01-2020,Failed
16486,37065,04-12-2021,Payment Successed
16487,2587,27-08-2024,Payment Successed
16488,73284,15-11-2021,Payment Successed
16489,55822,21-09-2022,Payment Successed
16490,3225,09-07-2023,Payment Successed
16491,30998,13-04-2021,Payment Successed
16492,23013,26-09-2024,Payment Successed
16493,28823,18-10-2023,Refunded
16494,2855,05-01-2024,Payment Successed
16495,64373,05-02-2022,Payment Successed
16496,70609,15-06-2024,Payment Successed
16497,24371,05-07-2022,Payment Successed
16498,62617,28-01-2024,Payment Successed
16499,54224,26-08-2020,Refunded
16500,50611,02-10-2024,Payment Successed
16501,39901,20-01-2024,Payment Successed
16502,59263,18-10-2020,Payment Successed
16503,76251,18-10-2022,Payment Successed
16504,40452,15-10-2020,Payment Successed
16505,95613,01-02-2020,Payment Successed
16506,81369,08-10-2020,Payment Successed
16507,82938,01-04-2023,Payment Successed
16508,7556,03-03-2022,Payment Successed
16509,10589,07-02-2021,Payment Successed
16510,59792,27-08-2022,Payment Successed
16511,16650,23-01-2023,Refunded
16512,7587,05-09-2023,Payment Successed
16513,79289,16-08-2021,Payment Successed
16514,70522,30-06-2022,Payment Successed
16515,89906,06-08-2022,Payment Successed
16516,18466,22-05-2023,Payment Successed
16517,59252,26-09-2022,Payment Successed
16518,69579,24-06-2020,Payment Successed
16519,25162,17-07-2024,Refunded
16520,33537,19-02-2024,Refunded
16521,32456,11-01-2024,Payment Successed
16522,31479,17-09-2021,Payment Successed
16523,95847,29-07-2023,Payment Successed
16524,78201,07-09-2020,Payment Successed
16525,16289,19-08-2021,Payment Successed
16526,66118,23-05-2020,Payment Successed
16527,36462,25-07-2023,Failed
16528,98861,19-07-2022,Payment Successed
16529,98899,12-02-2022,Payment Successed
16530,56944,29-07-2023,Refunded
16531,29938,17-05-2023,Refunded
16532,13407,08-01-2020,Payment Successed
16533,83643,18-07-2023,Payment Successed
16534,64681,16-03-2020,Payment Successed
16535,56305,09-02-2024,Payment Successed
16536,62903,15-01-2020,Payment Successed
16537,6694,18-06-2022,Refunded
16538,58676,22-04-2023,Failed
16539,59566,14-05-2022,Payment Successed
16540,32966,23-08-2020,Payment Successed
16541,58123,31-05-2021,Payment Successed
16542,71396,20-09-2023,Payment Successed
16543,55965,12-02-2023,Payment Successed
16544,24365,05-06-2022,Payment Successed
16545,23515,10-11-2024,Refunded
16546,79316,09-09-2024,Payment Successed
16547,87653,07-09-2021,Payment Successed
16548,10773,01-02-2023,Payment Successed
16549,12176,04-04-2022,Payment Successed
16550,42803,13-01-2024,Payment Successed
16551,55443,17-12-2022,Payment Successed
16552,71451,07-10-2023,Payment Successed
16553,49454,10-11-2024,Payment Successed
16554,29543,21-08-2023,Payment Successed
16555,32553,04-05-2023,Payment Successed
16556,90753,29-03-2021,Payment Successed
16557,12319,05-09-2024,Payment Successed
16558,93001,19-02-2023,Payment Successed
16559,36131,28-06-2024,Payment Successed
16560,59697,09-08-2023,Refunded
16561,55698,05-10-2021,Payment Successed
16562,54765,30-12-2021,Payment Successed
16563,12648,06-05-2020,Payment Successed
16564,61777,10-03-2022,Payment Successed
16565,46084,08-10-2023,Payment Successed
16566,63282,20-06-2020,Payment Successed
16567,85948,04-03-2024,Payment Successed
16568,24786,19-02-2022,Failed
16569,28195,27-03-2023,Payment Successed
16570,51727,26-01-2022,Payment Successed
16571,74016,30-11-2021,Refunded
16572,89768,30-12-2023,Payment Successed
16573,90506,21-08-2021,Payment Successed
16574,75039,25-11-2024,Payment Successed
16575,78975,02-12-2021,Payment Successed
16576,38889,16-06-2022,Payment Successed
16577,95911,03-11-2024,Payment Successed
16578,36495,28-09-2024,Payment Successed
16579,95456,11-11-2024,Payment Successed
16580,26937,04-08-2023,Payment Successed
16581,20043,30-04-2023,Payment Successed
16582,83384,26-12-2024,Payment Successed
16583,45977,26-12-2024,Payment Successed
16584,56146,18-10-2021,Payment Successed
16585,63096,25-08-2024,Payment Successed
16586,49499,14-09-2023,Payment Successed
16587,53208,24-10-2023,Payment Successed
16588,29378,11-08-2024,Payment Successed
16589,85963,04-08-2023,Payment Successed
16590,93315,15-10-2022,Payment Successed
16591,31254,26-11-2021,Payment Successed
16592,12870,14-03-2024,Payment Successed
16593,31077,09-01-2023,Failed
16594,47268,25-03-2021,Payment Successed
16595,20821,14-12-2024,Payment Successed
16596,2533,07-03-2020,Payment Successed
16597,63056,25-05-2023,Payment Successed
16598,63921,09-05-2024,Payment Successed
16599,31711,12-06-2024,Payment Successed
16600,49546,13-05-2023,Payment Successed
16601,55800,04-06-2024,Payment Successed
16602,25651,15-11-2022,Payment Successed
16603,85096,26-09-2021,Payment Successed
16604,7710,03-02-2020,Payment Successed
16605,38207,30-04-2022,Payment Successed
16606,97548,26-07-2024,Payment Successed
16607,16205,27-10-2021,Payment Successed
16608,95193,22-04-2023,Failed
16609,86399,02-06-2023,Payment Successed
16610,63200,13-07-2024,Payment Successed
16611,47205,15-09-2024,Payment Successed
16612,2189,10-12-2021,Payment Successed
16613,13045,14-02-2022,Payment Successed
16614,38294,15-03-2024,Refunded
16615,12162,11-11-2020,Payment Successed
16616,91476,09-12-2024,Payment Successed
16617,92731,14-10-2022,Payment Successed
16618,86566,22-02-2023,Refunded
16619,98466,10-06-2022,Payment Successed
16620,40773,19-10-2021,Payment Successed
16621,9418,24-10-2023,Payment Successed
16622,23604,27-07-2022,Payment Successed
16623,54727,24-10-2024,Payment Successed
16624,49526,06-11-2021,Payment Successed
16625,1432,30-06-2020,Payment Successed
16626,1029,14-09-2023,Payment Successed
16627,75700,10-12-2023,Payment Successed
16628,36240,03-12-2023,Payment Successed
16629,41568,12-05-2022,Refunded
16630,35818,19-09-2023,Payment Successed
16631,55461,09-12-2022,Payment Successed
16632,24649,20-12-2021,Payment Successed
16633,88929,24-02-2021,Payment Successed
16634,95745,16-05-2021,Payment Successed
16635,75642,21-02-2020,Payment Successed
16636,86162,25-09-2022,Payment Successed
16637,61791,10-05-2020,Payment Successed
16638,58646,13-01-2024,Failed
16639,1329,19-05-2020,Payment Successed
16640,60937,02-11-2020,Payment Successed
16641,63924,08-03-2021,Failed
16642,27818,07-12-2022,Payment Successed
16643,68698,03-03-2020,Payment Successed
16644,3057,24-03-2022,Payment Successed
16645,66812,22-11-2021,Payment Successed
16646,42458,30-10-2020,Payment Successed
16647,40716,27-07-2021,Payment Successed
16648,36002,20-05-2023,Payment Successed
16649,99625,01-12-2023,Payment Successed
16650,43538,30-12-2022,Payment Successed
16651,25082,22-03-2024,Payment Successed
16652,37588,04-07-2022,Payment Successed
16653,28857,15-05-2023,Payment Successed
16654,16338,30-09-2024,Payment Successed
16655,1652,24-03-2022,Payment Successed
16656,43787,11-02-2022,Payment Successed
16657,32767,19-10-2020,Refunded
16658,41712,07-01-2021,Payment Successed
16659,20169,14-12-2022,Payment Successed
16660,40094,20-04-2023,Refunded
16661,67936,16-10-2020,Payment Successed
16662,99010,19-04-2020,Payment Successed
16663,46275,29-08-2022,Payment Successed
16664,31303,22-07-2022,Payment Successed
16665,12842,07-11-2024,Payment Successed
16666,85875,15-05-2021,Payment Successed
16667,19817,25-05-2023,Payment Successed
16668,79931,18-05-2020,Payment Successed
16669,4581,12-05-2020,Failed
16670,34313,29-05-2021,Refunded
16671,1348,06-10-2023,Payment Successed
16672,26489,15-06-2020,Payment Successed
16673,93241,29-06-2022,Payment Successed
16674,73559,04-07-2022,Payment Successed
16675,60795,25-10-2024,Payment Successed
16676,65593,09-12-2020,Payment Successed
16677,41756,08-02-2022,Payment Successed
16678,81284,28-06-2021,Payment Successed
16679,83327,25-06-2020,Refunded
16680,15787,22-06-2023,Payment Successed
16681,21825,25-12-2021,Refunded
16682,29166,19-06-2022,Refunded
16683,89224,14-05-2023,Payment Successed
16684,44500,20-02-2023,Payment Successed
16685,48399,01-12-2023,Refunded
16686,61067,13-05-2021,Payment Successed
16687,10525,10-12-2024,Payment Successed
16688,59854,12-05-2021,Payment Successed
16689,25686,20-11-2023,Payment Successed
16690,42927,16-04-2024,Payment Successed
16691,77103,26-06-2022,Payment Successed
16692,89148,25-08-2023,Payment Successed
16693,13804,22-08-2020,Payment Successed
16694,48884,08-01-2022,Payment Successed
16695,91436,19-06-2022,Payment Successed
16696,28145,03-08-2024,Payment Successed
16697,50125,24-07-2023,Refunded
16698,10126,10-04-2022,Payment Successed
16699,59753,27-06-2023,Payment Successed
16700,91449,02-12-2022,Refunded
16701,73765,05-10-2020,Payment Successed
16702,53852,02-10-2022,Payment Successed
16703,10868,28-05-2024,Payment Successed
16704,44088,19-09-2021,Payment Successed
16705,33269,24-02-2023,Payment Successed
16706,77780,19-03-2024,Refunded
16707,19435,24-02-2020,Payment Successed
16708,57975,06-03-2024,Failed
16709,48281,04-01-2020,Payment Successed
16710,88151,03-04-2023,Refunded
16711,99411,13-10-2024,Payment Successed
16712,16631,14-04-2023,Payment Successed
16713,96128,04-02-2021,Payment Successed
16714,98188,07-09-2022,Refunded
16715,40776,04-10-2020,Payment Successed
16716,87552,03-05-2020,Payment Successed
16717,6289,07-09-2020,Payment Successed
16718,62958,25-12-2021,Payment Successed
16719,27931,06-02-2020,Payment Successed
16720,85414,10-08-2024,Refunded
16721,12624,14-06-2023,Refunded
16722,44466,15-09-2024,Payment Successed
16723,39030,24-04-2023,Payment Successed
16724,79195,30-09-2022,Payment Successed
16725,49305,25-02-2023,Payment Successed
16726,83255,12-03-2024,Payment Successed
16727,25907,08-02-2021,Payment Successed
16728,46787,12-08-2021,Payment Successed
16729,74770,20-05-2020,Payment Successed
16730,44278,07-08-2022,Payment Successed
16731,5655,07-05-2022,Payment Successed
16732,95375,24-02-2023,Payment Successed
16733,47854,24-04-2023,Failed
16734,11346,11-04-2023,Payment Successed
16735,14680,11-02-2022,Payment Successed
16736,11197,28-03-2023,Payment Successed
16737,1132,11-06-2021,Payment Successed
16738,8847,15-03-2020,Payment Successed
16739,54093,18-11-2022,Payment Successed
16740,29637,31-12-2021,Payment Successed
16741,53602,28-09-2020,Payment Successed
16742,48838,07-10-2022,Payment Successed
16743,64265,22-05-2024,Payment Successed
16744,7600,05-12-2023,Payment Successed
16745,17880,11-10-2023,Payment Successed
16746,90941,13-03-2024,Payment Successed
16747,14340,23-06-2022,Payment Successed
16748,81367,04-01-2020,Payment Successed
16749,70536,14-03-2020,Payment Successed
16750,40080,30-11-2022,Payment Successed
16751,47643,01-10-2022,Payment Successed
16752,98635,21-12-2023,Payment Successed
16753,28418,19-02-2023,Payment Successed
16754,4637,10-06-2023,Payment Successed
16755,88349,25-01-2022,Payment Successed
16756,80050,14-05-2023,Refunded
16757,62434,06-04-2021,Payment Successed
16758,8643,14-10-2022,Refunded
16759,70028,20-07-2020,Payment Successed
16760,47189,25-02-2023,Payment Successed
16761,75301,22-05-2023,Payment Successed
16762,5132,28-08-2023,Payment Successed
16763,17943,06-06-2022,Payment Successed
16764,3673,09-01-2024,Payment Successed
16765,80774,27-06-2020,Payment Successed
16766,60559,10-11-2024,Payment Successed
16767,85006,19-10-2020,Payment Successed
16768,13834,22-06-2020,Payment Successed
16769,43359,25-12-2022,Payment Successed
16770,41517,02-11-2024,Payment Successed
16771,76362,18-12-2024,Payment Successed
16772,48925,15-05-2022,Payment Successed
16773,95955,21-05-2023,Payment Successed
16774,9877,29-11-2023,Payment Successed
16775,99057,12-01-2023,Payment Successed
16776,58414,24-04-2022,Payment Successed
16777,83397,04-12-2022,Failed
16778,99985,19-09-2024,Payment Successed
16779,91620,31-12-2023,Payment Successed
16780,54435,20-01-2024,Refunded
16781,3238,08-02-2024,Payment Successed
16782,74963,20-10-2023,Payment Successed
16783,45358,27-08-2023,Payment Successed
16784,75765,19-12-2021,Payment Successed
16785,91184,12-10-2022,Payment Successed
16786,21438,10-08-2021,Payment Successed
16787,93949,13-09-2021,Payment Successed
16788,73703,24-04-2020,Payment Successed
16789,35590,18-07-2021,Payment Successed
16790,31381,11-02-2021,Payment Successed
16791,30528,18-03-2024,Payment Successed
16792,15155,14-08-2020,Payment Successed
16793,12696,09-06-2023,Payment Successed
16794,73311,23-09-2022,Failed
16795,91838,19-04-2024,Payment Successed
16796,71423,07-04-2022,Payment Successed
16797,50133,29-12-2020,Payment Successed
16798,43974,12-03-2024,Payment Successed
16799,98836,22-09-2024,Payment Successed
16800,47944,23-12-2023,Payment Successed
16801,37396,04-11-2021,Payment Successed
16802,20499,01-07-2023,Payment Successed
16803,94392,01-06-2021,Payment Successed
16804,61018,15-02-2021,Payment Successed
16805,8656,09-02-2024,Payment Successed
16806,19007,30-03-2020,Payment Successed
16807,49066,27-09-2022,Payment Successed
16808,56091,15-06-2022,Payment Successed
16809,1833,10-08-2024,Payment Successed
16810,97439,27-11-2023,Payment Successed
16811,49754,25-07-2022,Payment Successed
16812,95827,01-06-2020,Failed
16813,98719,22-02-2022,Payment Successed
16814,41729,30-05-2020,Payment Successed
16815,41489,31-10-2022,Payment Successed
16816,68146,19-03-2020,Payment Successed
16817,18360,02-04-2020,Payment Successed
16818,51966,20-05-2024,Payment Successed
16819,48732,20-10-2022,Payment Successed
16820,10853,18-08-2020,Payment Successed
16821,84018,12-06-2023,Payment Successed
16822,12508,02-12-2023,Payment Successed
16823,60328,26-08-2023,Payment Successed
16824,35610,19-11-2020,Payment Successed
16825,34173,30-10-2024,Payment Successed
16826,20822,21-11-2021,Payment Successed
16827,99803,22-05-2023,Payment Successed
16828,97877,03-06-2020,Payment Successed
16829,82536,16-09-2022,Payment Successed
16830,38345,17-09-2021,Refunded
16831,25562,25-12-2021,Payment Successed
16832,24426,08-10-2020,Failed
16833,57665,02-06-2023,Payment Successed
16834,60905,03-02-2023,Payment Successed
16835,27845,12-10-2023,Payment Successed
16836,45820,22-09-2020,Payment Successed
16837,86372,05-08-2022,Payment Successed
16838,59564,02-12-2021,Payment Successed
16839,96491,07-12-2024,Payment Successed
16840,64890,11-12-2020,Payment Successed
16841,20836,11-09-2020,Payment Successed
16842,91340,09-01-2020,Payment Successed
16843,86209,08-11-2023,Payment Successed
16844,76891,16-11-2024,Payment Successed
16845,18500,11-01-2022,Payment Successed
16846,2143,19-04-2024,Payment Successed
16847,23846,06-03-2021,Payment Successed
16848,35640,21-12-2021,Payment Successed
16849,53782,03-11-2020,Payment Successed
16850,94116,29-11-2022,Payment Successed
16851,18350,17-07-2023,Failed
16852,66274,06-02-2021,Payment Successed
16853,82304,09-12-2021,Payment Successed
16854,17295,01-06-2020,Payment Successed
16855,99274,22-11-2022,Payment Successed
16856,40586,08-06-2024,Payment Successed
16857,71806,23-08-2021,Payment Successed
16858,46419,26-07-2020,Payment Successed
16859,93866,13-10-2020,Payment Successed
16860,62749,09-03-2022,Payment Successed
16861,25941,03-03-2022,Payment Successed
16862,15860,06-01-2024,Payment Successed
16863,49859,16-09-2020,Payment Successed
16864,52559,02-03-2020,Payment Successed
16865,23388,18-07-2023,Payment Successed
16866,25225,24-08-2021,Refunded
16867,8008,25-05-2020,Payment Successed
16868,57256,13-12-2021,Payment Successed
16869,96757,22-10-2022,Payment Successed
16870,87445,21-08-2022,Failed
16871,79766,05-09-2024,Payment Successed
16872,30000,18-08-2020,Payment Successed
16873,6516,23-07-2023,Payment Successed
16874,72411,01-02-2020,Payment Successed
16875,76934,07-06-2020,Payment Successed
16876,55677,17-03-2021,Payment Successed
16877,17966,10-08-2023,Payment Successed
16878,15899,25-03-2024,Payment Successed
16879,33819,02-07-2021,Payment Successed
16880,14181,02-12-2024,Payment Successed
16881,94695,27-01-2024,Payment Successed
16882,64303,22-03-2021,Payment Successed
16883,93678,29-01-2022,Payment Successed
16884,48324,27-12-2022,Payment Successed
16885,58867,11-10-2020,Payment Successed
16886,82446,23-05-2024,Payment Successed
16887,47116,30-06-2023,Payment Successed
16888,89733,11-07-2020,Payment Successed
16889,60285,09-01-2023,Refunded
16890,18419,05-09-2021,Payment Successed
16891,59859,07-06-2023,Payment Successed
16892,19753,31-01-2021,Payment Successed
16893,63366,14-02-2020,Payment Successed
16894,18208,08-11-2020,Payment Successed
16895,70745,16-12-2023,Payment Successed
16896,2307,30-01-2022,Payment Successed
16897,77703,15-05-2023,Payment Successed
16898,35676,18-12-2023,Payment Successed
16899,3597,23-04-2024,Payment Successed
16900,28032,05-12-2024,Payment Successed
16901,42300,16-08-2024,Payment Successed
16902,76442,08-04-2021,Payment Successed
16903,67635,22-10-2022,Payment Successed
16904,60259,18-06-2023,Payment Successed
16905,92877,24-02-2021,Payment Successed
16906,32980,09-05-2023,Payment Successed
16907,82068,11-06-2020,Payment Successed
16908,78199,18-03-2023,Payment Successed
16909,37229,12-09-2020,Payment Successed
16910,73624,23-06-2021,Payment Successed
16911,62905,05-10-2024,Refunded
16912,36114,28-02-2023,Payment Successed
16913,23377,14-06-2021,Payment Successed
16914,84887,10-11-2020,Payment Successed
16915,3556,23-12-2023,Payment Successed
16916,93322,23-12-2022,Payment Successed
16917,51907,14-11-2021,Payment Successed
16918,18946,18-07-2020,Refunded
16919,81083,27-06-2024,Payment Successed
16920,94357,11-10-2024,Payment Successed
16921,4606,27-01-2024,Payment Successed
16922,28223,10-06-2022,Payment Successed
16923,93651,01-01-2022,Payment Successed
16924,90751,21-02-2024,Payment Successed
16925,84434,13-09-2022,Failed
16926,49751,31-05-2020,Payment Successed
16927,57066,10-07-2023,Payment Successed
16928,54420,30-04-2020,Payment Successed
16929,63396,08-05-2024,Payment Successed
16930,57319,23-04-2023,Refunded
16931,74715,18-12-2020,Payment Successed
16932,5728,15-02-2021,Payment Successed
16933,70552,30-08-2020,Payment Successed
16934,36438,03-06-2022,Payment Successed
16935,71091,13-04-2023,Payment Successed
16936,57929,04-11-2020,Refunded
16937,83610,13-12-2024,Failed
16938,2267,17-08-2022,Failed
16939,73887,04-01-2024,Payment Successed
16940,66960,06-04-2020,Payment Successed
16941,45691,19-07-2020,Payment Successed
16942,92612,20-11-2024,Payment Successed
16943,63507,05-08-2021,Payment Successed
16944,39266,06-05-2024,Payment Successed
16945,24049,14-05-2022,Payment Successed
16946,14853,15-05-2022,Payment Successed
16947,48433,01-04-2022,Payment Successed
16948,71331,17-09-2023,Refunded
16949,54317,11-12-2021,Payment Successed
16950,34849,23-10-2024,Payment Successed
16951,78274,15-10-2021,Payment Successed
16952,7145,01-09-2021,Payment Successed
16953,44845,12-11-2022,Payment Successed
16954,99317,21-06-2024,Payment Successed
16955,20323,11-10-2024,Payment Successed
16956,73112,18-07-2020,Payment Successed
16957,50896,21-11-2020,Failed
16958,92780,16-06-2020,Payment Successed
16959,64271,06-11-2023,Payment Successed
16960,26385,20-08-2022,Payment Successed
16961,17197,19-09-2024,Payment Successed
16962,57042,28-10-2023,Failed
16963,23553,24-10-2024,Payment Successed
16964,35136,01-10-2022,Payment Successed
16965,25060,21-06-2024,Failed
16966,28618,26-07-2024,Payment Successed
16967,47104,01-10-2023,Payment Successed
16968,49912,15-10-2020,Failed
16969,21023,13-07-2021,Payment Successed
16970,86988,25-08-2021,Payment Successed
16971,32881,22-02-2022,Payment Successed
16972,99699,12-04-2022,Payment Successed
16973,25687,02-04-2024,Payment Successed
16974,42360,18-06-2021,Payment Successed
16975,62937,08-12-2021,Refunded
16976,51407,10-04-2022,Payment Successed
16977,51432,08-03-2024,Payment Successed
16978,85340,14-12-2020,Payment Successed
16979,88529,07-10-2021,Payment Successed
16980,1503,03-09-2021,Payment Successed
16981,47481,24-08-2023,Payment Successed
16982,86298,20-01-2024,Payment Successed
16983,46264,04-04-2023,Payment Successed
16984,99147,18-06-2021,Payment Successed
16985,8563,26-11-2023,Payment Successed
16986,2503,19-05-2021,Payment Successed
16987,44808,09-10-2024,Payment Successed
16988,18462,27-09-2020,Payment Successed
16989,80641,20-10-2020,Payment Successed
16990,48889,08-05-2021,Payment Successed
16991,47394,27-10-2023,Payment Successed
16992,60433,11-01-2020,Payment Successed
16993,30025,05-06-2021,Payment Successed
16994,9819,25-08-2021,Payment Successed
16995,42134,07-02-2021,Payment Successed
16996,28266,12-02-2023,Refunded
16997,56063,20-06-2020,Payment Successed
16998,6205,17-12-2022,Payment Successed
16999,5739,01-11-2021,Payment Successed
17000,67916,06-10-2023,Payment Successed
17001,35049,25-10-2021,Payment Successed
17002,83493,27-10-2024,Payment Successed
17003,34775,21-03-2020,Payment Successed
17004,65350,17-02-2021,Payment Successed
17005,93187,17-11-2021,Payment Successed
17006,44925,07-07-2023,Payment Successed
17007,75923,08-08-2021,Payment Successed
17008,97522,05-06-2022,Payment Successed
17009,27001,12-07-2021,Payment Successed
17010,92962,21-02-2021,Payment Successed
17011,83418,05-02-2024,Payment Successed
17012,68566,25-12-2024,Payment Successed
17013,48427,02-02-2022,Payment Successed
17014,52247,22-04-2022,Payment Successed
17015,25705,13-05-2023,Payment Successed
17016,6666,12-05-2023,Payment Successed
17017,49234,14-04-2021,Payment Successed
17018,97769,18-04-2021,Payment Successed
17019,19924,20-01-2020,Failed
17020,97661,26-02-2020,Payment Successed
17021,50831,08-07-2022,Payment Successed
17022,67309,27-10-2024,Payment Successed
17023,88435,08-01-2022,Payment Successed
17024,98980,02-06-2020,Payment Successed
17025,49866,11-07-2022,Payment Successed
17026,32529,03-03-2022,Payment Successed
17027,29299,26-04-2020,Payment Successed
17028,40513,04-10-2024,Payment Successed
17029,20271,08-07-2022,Payment Successed
17030,79790,21-12-2020,Payment Successed
17031,76929,16-09-2020,Refunded
17032,20568,24-10-2022,Payment Successed
17033,88234,22-06-2020,Refunded
17034,74966,02-05-2023,Payment Successed
17035,58165,10-01-2023,Payment Successed
17036,51984,02-06-2020,Payment Successed
17037,86408,31-10-2022,Payment Successed
17038,60198,17-08-2021,Payment Successed
17039,93044,18-09-2022,Refunded
17040,86890,10-09-2020,Payment Successed
17041,13004,09-05-2022,Payment Successed
17042,51959,19-12-2021,Payment Successed
17043,70329,28-03-2020,Payment Successed
17044,90979,28-12-2023,Payment Successed
17045,2259,09-06-2021,Payment Successed
17046,68811,25-07-2023,Payment Successed
17047,19152,21-12-2022,Payment Successed
17048,29737,26-06-2023,Payment Successed
17049,10185,09-08-2020,Payment Successed
17050,95341,11-08-2024,Payment Successed
17051,93303,01-09-2020,Refunded
17052,92421,21-09-2021,Payment Successed
17053,44484,05-05-2020,Payment Successed
17054,43674,31-01-2022,Payment Successed
17055,49128,24-08-2021,Payment Successed
17056,9888,19-12-2023,Payment Successed
17057,67707,08-09-2021,Refunded
17058,71697,28-12-2024,Payment Successed
17059,57521,08-10-2023,Payment Successed
17060,79604,19-12-2021,Payment Successed
17061,85639,17-03-2023,Payment Successed
17062,2954,17-10-2023,Failed
17063,94589,06-10-2022,Payment Successed
17064,83887,21-04-2024,Payment Successed
17065,38960,15-02-2021,Refunded
17066,4469,20-05-2024,Payment Successed
17067,40408,14-02-2024,Payment Successed
17068,48638,14-07-2022,Payment Successed
17069,56032,09-02-2020,Payment Successed
17070,96024,26-01-2023,Payment Successed
17071,3298,02-12-2021,Payment Successed
17072,67730,03-05-2022,Payment Successed
17073,37934,05-05-2021,Payment Successed
17074,45556,04-07-2021,Payment Successed
17075,51002,16-03-2020,Payment Successed
17076,81863,29-05-2021,Payment Successed
17077,38997,06-07-2021,Payment Successed
17078,14295,18-08-2021,Payment Successed
17079,23494,13-05-2024,Payment Successed
17080,27724,24-11-2023,Payment Successed
17081,27106,10-07-2020,Payment Successed
17082,42624,12-04-2021,Payment Successed
17083,24342,23-07-2022,Payment Successed
17084,29607,08-01-2023,Refunded
17085,47198,08-02-2024,Payment Successed
17086,94761,23-08-2024,Payment Successed
17087,85078,14-09-2020,Payment Successed
17088,61646,21-12-2021,Payment Successed
17089,8120,05-06-2021,Payment Successed
17090,52062,27-04-2020,Failed
17091,43459,11-03-2023,Payment Successed
17092,29722,02-10-2023,Refunded
17093,21953,08-10-2022,Payment Successed
17094,56270,30-08-2020,Payment Successed
17095,58668,31-12-2020,Payment Successed
17096,69705,25-06-2021,Payment Successed
17097,25338,17-10-2020,Payment Successed
17098,93138,01-12-2022,Payment Successed
17099,91412,31-08-2021,Payment Successed
17100,18808,24-07-2020,Refunded
17101,57957,13-05-2022,Payment Successed
17102,45141,23-01-2020,Payment Successed
17103,92746,16-11-2024,Payment Successed
17104,47694,18-02-2024,Payment Successed
17105,91498,17-12-2023,Payment Successed
17106,51806,16-07-2024,Payment Successed
17107,83775,06-03-2020,Payment Successed
17108,86187,12-01-2024,Payment Successed
17109,89121,31-01-2022,Payment Successed
17110,84065,08-03-2022,Payment Successed
17111,78315,19-07-2023,Payment Successed
17112,85313,24-10-2022,Payment Successed
17113,63686,21-10-2020,Refunded
17114,59783,10-05-2020,Payment Successed
17115,54609,12-08-2023,Payment Successed
17116,46250,17-01-2020,Payment Successed
17117,43111,20-08-2023,Payment Successed
17118,64818,12-08-2023,Payment Successed
17119,20124,16-12-2023,Payment Successed
17120,32466,20-01-2021,Payment Successed
17121,65387,30-07-2023,Payment Successed
17122,97329,11-05-2020,Payment Successed
17123,12612,25-05-2023,Payment Successed
17124,61716,25-09-2024,Payment Successed
17125,30798,18-10-2021,Payment Successed
17126,57753,25-11-2024,Payment Successed
17127,99494,15-08-2020,Payment Successed
17128,52375,02-12-2024,Payment Successed
17129,72020,17-01-2023,Payment Successed
17130,80292,16-01-2022,Refunded
17131,82654,16-05-2021,Payment Successed
17132,60782,21-09-2023,Refunded
17133,64069,13-06-2021,Payment Successed
17134,18037,01-10-2020,Refunded
17135,46458,01-05-2024,Payment Successed
17136,24998,17-10-2021,Payment Successed
17137,31325,14-04-2020,Payment Successed
17138,80644,17-04-2020,Payment Successed
17139,63779,17-08-2022,Payment Successed
17140,43975,10-08-2023,Payment Successed
17141,7025,23-06-2023,Payment Successed
17142,99706,04-05-2021,Refunded
17143,20910,16-02-2021,Payment Successed
17144,74980,17-11-2020,Payment Successed
17145,48934,15-03-2020,Payment Successed
17146,14251,10-10-2023,Payment Successed
17147,93792,20-04-2021,Payment Successed
17148,98429,23-11-2021,Payment Successed
17149,14767,28-02-2023,Payment Successed
17150,76993,27-12-2023,Payment Successed
17151,99657,06-05-2022,Failed
17152,2676,13-01-2022,Payment Successed
17153,37908,03-04-2020,Refunded
17154,31778,15-03-2022,Payment Successed
17155,90629,29-04-2022,Payment Successed
17156,90148,24-03-2022,Payment Successed
17157,35364,23-07-2022,Payment Successed
17158,79916,25-09-2020,Payment Successed
17159,34286,20-12-2022,Payment Successed
17160,94276,06-01-2024,Payment Successed
17161,77454,23-12-2024,Payment Successed
17162,6827,21-09-2020,Refunded
17163,82368,24-10-2020,Payment Successed
17164,20850,14-10-2022,Payment Successed
17165,85136,21-12-2022,Failed
17166,32294,22-11-2024,Payment Successed
17167,12277,21-12-2022,Payment Successed
17168,90735,21-07-2024,Payment Successed
17169,45840,28-12-2021,Payment Successed
17170,62165,14-08-2023,Payment Successed
17171,84445,03-09-2023,Payment Successed
17172,35275,29-12-2020,Payment Successed
17173,65900,01-03-2024,Payment Successed
17174,71648,26-09-2021,Payment Successed
17175,13948,13-03-2022,Payment Successed
17176,90758,08-10-2023,Payment Successed
17177,4699,18-06-2023,Payment Successed
17178,98088,05-06-2023,Payment Successed
17179,86846,17-01-2024,Payment Successed
17180,31090,24-03-2022,Payment Successed
17181,51594,09-12-2021,Payment Successed
17182,61874,07-04-2024,Payment Successed
17183,86138,11-01-2024,Payment Successed
17184,42926,26-07-2020,Payment Successed
17185,83006,30-07-2021,Payment Successed
17186,65147,13-11-2021,Payment Successed
17187,4396,29-08-2020,Payment Successed
17188,80505,14-10-2020,Payment Successed
17189,29468,16-04-2020,Failed
17190,94924,13-04-2021,Payment Successed
17191,57347,03-12-2024,Payment Successed
17192,24600,11-12-2022,Payment Successed
17193,21095,17-11-2020,Payment Successed
17194,14235,09-02-2021,Payment Successed
17195,11858,22-09-2024,Payment Successed
17196,9359,28-09-2021,Payment Successed
17197,50941,06-08-2021,Payment Successed
17198,33775,04-12-2024,Payment Successed
17199,61461,09-02-2022,Payment Successed
17200,79225,04-04-2021,Payment Successed
17201,94545,10-06-2021,Payment Successed
17202,90624,24-07-2023,Payment Successed
17203,20329,30-11-2022,Refunded
17204,20151,25-08-2024,Payment Successed
17205,71109,19-07-2020,Payment Successed
17206,50822,11-01-2020,Payment Successed
17207,33039,29-07-2024,Payment Successed
17208,73036,17-09-2020,Payment Successed
17209,8029,05-05-2022,Payment Successed
17210,79208,06-05-2022,Payment Successed
17211,72002,31-10-2021,Payment Successed
17212,28530,13-07-2023,Payment Successed
17213,88719,13-08-2021,Payment Successed
17214,33204,09-02-2024,Payment Successed
17215,58059,27-09-2022,Payment Successed
17216,70054,23-04-2023,Payment Successed
17217,20767,17-09-2024,Payment Successed
17218,22531,31-08-2021,Payment Successed
17219,56673,09-06-2022,Payment Successed
17220,84731,13-07-2024,Failed
17221,73912,23-09-2022,Payment Successed
17222,94724,30-09-2022,Payment Successed
17223,69929,31-08-2020,Payment Successed
17224,54240,20-10-2023,Payment Successed
17225,77108,15-08-2024,Refunded
17226,77881,03-09-2024,Payment Successed
17227,67839,01-12-2022,Payment Successed
17228,48727,06-05-2021,Payment Successed
17229,72108,03-03-2021,Refunded
17230,90498,13-07-2023,Payment Successed
17231,10351,29-04-2022,Payment Successed
17232,52076,12-03-2020,Payment Successed
17233,49266,29-09-2021,Refunded
17234,34951,09-11-2023,Payment Successed
17235,32028,14-06-2023,Payment Successed
17236,88418,06-03-2021,Payment Successed
17237,9850,13-01-2023,Refunded
17238,46739,05-05-2020,Refunded
17239,53972,12-05-2023,Payment Successed
17240,20322,02-11-2020,Payment Successed
17241,51038,24-10-2021,Payment Successed
17242,61931,15-08-2022,Payment Successed
17243,81860,14-05-2022,Payment Successed
17244,52593,03-09-2021,Payment Successed
17245,19898,08-11-2023,Failed
17246,66697,15-03-2024,Payment Successed
17247,44984,01-11-2023,Payment Successed
17248,82136,15-04-2024,Payment Successed
17249,47733,24-02-2024,Payment Successed
17250,80183,01-04-2020,Payment Successed
17251,32823,16-01-2021,Payment Successed
17252,5895,22-05-2020,Payment Successed
17253,53620,05-04-2021,Payment Successed
17254,53820,01-03-2024,Refunded
17255,27626,28-12-2020,Payment Successed
17256,92200,13-10-2020,Payment Successed
17257,58375,31-07-2023,Payment Successed
17258,23342,20-04-2020,Payment Successed
17259,68018,07-05-2021,Payment Successed
17260,47648,27-04-2021,Payment Successed
17261,96465,10-01-2021,Payment Successed
17262,13138,23-04-2023,Payment Successed
17263,17817,14-08-2021,Payment Successed
17264,81308,26-07-2021,Payment Successed
17265,5100,09-07-2023,Payment Successed
17266,21016,01-07-2020,Payment Successed
17267,8890,22-05-2020,Payment Successed
17268,88471,02-10-2024,Payment Successed
17269,36181,29-03-2023,Payment Successed
17270,15674,10-03-2022,Failed
17271,34344,22-05-2020,Payment Successed
17272,19574,14-03-2021,Refunded
17273,19058,01-02-2024,Payment Successed
17274,15451,14-05-2023,Payment Successed
17275,50716,17-12-2022,Refunded
17276,3700,27-08-2024,Payment Successed
17277,52978,18-10-2020,Payment Successed
17278,88808,04-09-2022,Refunded
17279,65368,13-03-2020,Payment Successed
17280,43828,05-05-2020,Payment Successed
17281,73823,16-12-2021,Refunded
17282,26224,10-07-2023,Refunded
17283,38440,12-10-2021,Payment Successed
17284,90840,14-11-2020,Payment Successed
17285,86675,01-02-2020,Payment Successed
17286,71288,30-07-2021,Payment Successed
17287,48451,07-12-2021,Failed
17288,92216,06-10-2024,Payment Successed
17289,61011,15-08-2020,Payment Successed
17290,11135,20-08-2021,Payment Successed
17291,30990,02-04-2023,Payment Successed
17292,35825,27-09-2023,Payment Successed
17293,63550,23-12-2022,Payment Successed
17294,47860,14-06-2023,Payment Successed
17295,11416,06-04-2020,Payment Successed
17296,85972,23-04-2021,Payment Successed
17297,63693,23-12-2023,Payment Successed
17298,23841,02-10-2023,Payment Successed
17299,17761,10-07-2023,Payment Successed
17300,6249,16-10-2020,Payment Successed
17301,75237,09-01-2022,Payment Successed
17302,84088,30-08-2020,Payment Successed
17303,81080,18-04-2021,Payment Successed
17304,21865,19-05-2021,Payment Successed
17305,99645,09-08-2023,Refunded
17306,52091,04-02-2022,Payment Successed
17307,57100,21-04-2023,Payment Successed
17308,51486,08-09-2021,Payment Successed
17309,83046,22-09-2024,Payment Successed
17310,88167,31-05-2022,Payment Successed
17311,97141,09-01-2023,Payment Successed
17312,35523,22-12-2023,Payment Successed
17313,51879,29-03-2021,Payment Successed
17314,20642,07-07-2020,Failed
17315,9324,17-01-2021,Payment Successed
17316,58624,27-07-2021,Refunded
17317,19255,20-05-2022,Refunded
17318,49522,24-10-2022,Payment Successed
17319,22418,09-09-2020,Payment Successed
17320,29338,16-01-2020,Payment Successed
17321,75684,09-08-2024,Payment Successed
17322,61239,23-12-2020,Payment Successed
17323,66875,25-08-2022,Payment Successed
17324,21112,01-12-2022,Refunded
17325,7948,16-11-2023,Payment Successed
17326,26539,24-05-2020,Payment Successed
17327,42553,26-06-2023,Payment Successed
17328,60574,17-08-2022,Payment Successed
17329,54786,08-11-2024,Refunded
17330,95177,04-08-2022,Payment Successed
17331,78767,04-07-2024,Payment Successed
17332,87449,20-06-2024,Failed
17333,31578,07-02-2023,Payment Successed
17334,37298,23-11-2024,Failed
17335,69214,12-07-2023,Failed
17336,53738,03-08-2024,Payment Successed
17337,32465,05-07-2024,Payment Successed
17338,61722,19-06-2024,Payment Successed
17339,65940,31-03-2022,Payment Successed
17340,75916,19-06-2022,Payment Successed
17341,25356,29-11-2022,Payment Successed
17342,65291,15-10-2022,Payment Successed
17343,10974,12-10-2022,Failed
17344,11526,20-07-2024,Payment Successed
17345,59207,21-06-2022,Payment Successed
17346,56389,13-08-2024,Payment Successed
17347,53990,19-01-2020,Payment Successed
17348,38200,21-02-2024,Payment Successed
17349,53321,19-11-2024,Payment Successed
17350,53789,03-03-2024,Refunded
17351,95875,24-11-2021,Payment Successed
17352,12014,25-03-2021,Payment Successed
17353,97403,16-01-2021,Payment Successed
17354,82699,01-05-2022,Payment Successed
17355,4375,21-01-2021,Payment Successed
17356,58353,04-07-2024,Payment Successed
17357,85442,12-04-2020,Payment Successed
17358,13333,11-12-2024,Payment Successed
17359,2398,03-11-2024,Payment Successed
17360,33503,21-10-2024,Payment Successed
17361,54861,11-01-2022,Payment Successed
17362,65486,24-03-2022,Payment Successed
17363,88770,05-09-2020,Payment Successed
17364,82207,22-05-2021,Refunded
17365,74857,01-03-2020,Payment Successed
17366,80502,16-02-2024,Payment Successed
17367,67088,28-08-2021,Payment Successed
17368,33942,22-05-2022,Payment Successed
17369,85348,18-06-2024,Payment Successed
17370,63947,02-09-2024,Payment Successed
17371,36585,30-09-2024,Payment Successed
17372,12503,07-03-2020,Payment Successed
17373,80001,25-10-2022,Payment Successed
17374,97355,05-08-2021,Failed
17375,54647,29-12-2024,Payment Successed
17376,92591,27-06-2022,Payment Successed
17377,24039,29-05-2021,Payment Successed
17378,28502,26-03-2023,Refunded
17379,7443,28-08-2024,Refunded
17380,86631,28-07-2023,Payment Successed
17381,68568,01-07-2022,Payment Successed
17382,65198,30-05-2020,Refunded
17383,21366,26-05-2022,Payment Successed
17384,2861,28-11-2020,Payment Successed
17385,11475,25-05-2020,Payment Successed
17386,62672,15-08-2020,Payment Successed
17387,4004,31-10-2021,Payment Successed
17388,97233,01-07-2024,Payment Successed
17389,80746,29-07-2024,Payment Successed
17390,94201,30-08-2023,Refunded
17391,73172,30-10-2023,Payment Successed
17392,45747,25-11-2023,Payment Successed
17393,50146,19-06-2022,Payment Successed
17394,42648,30-06-2023,Payment Successed
17395,95988,06-07-2022,Payment Successed
17396,50927,05-04-2022,Payment Successed
17397,29666,24-08-2022,Payment Successed
17398,64886,16-05-2020,Payment Successed
17399,57713,15-12-2023,Payment Successed
17400,4608,12-04-2024,Payment Successed
17401,64894,13-04-2020,Payment Successed
17402,55124,19-11-2021,Payment Successed
17403,99507,29-12-2021,Failed
17404,45295,28-02-2021,Payment Successed
17405,21632,25-06-2022,Payment Successed
17406,47237,20-01-2020,Payment Successed
17407,25926,05-06-2022,Payment Successed
17408,4994,25-06-2020,Refunded
17409,21518,15-05-2020,Payment Successed
17410,78242,01-09-2024,Payment Successed
17411,49503,24-11-2021,Payment Successed
17412,44752,15-10-2021,Payment Successed
17413,23121,11-05-2024,Payment Successed
17414,41815,10-09-2021,Payment Successed
17415,71146,19-02-2020,Payment Successed
17416,16146,22-07-2020,Payment Successed
17417,91962,20-03-2022,Payment Successed
17418,51970,22-07-2020,Payment Successed
17419,57101,13-11-2022,Payment Successed
17420,14896,01-04-2024,Payment Successed
17421,75670,07-09-2022,Payment Successed
17422,62507,02-05-2021,Payment Successed
17423,40703,30-04-2022,Refunded
17424,23237,07-04-2023,Payment Successed
17425,36038,21-08-2022,Payment Successed
17426,51822,26-11-2021,Payment Successed
17427,77583,19-05-2021,Payment Successed
17428,38362,13-01-2024,Payment Successed
17429,62691,18-04-2024,Failed
17430,76012,14-06-2023,Payment Successed
17431,80966,28-02-2024,Payment Successed
17432,30401,07-06-2022,Payment Successed
17433,54931,28-10-2020,Refunded
17434,73367,20-06-2021,Refunded
17435,63634,15-08-2020,Payment Successed
17436,75347,06-04-2020,Payment Successed
17437,55166,25-10-2020,Payment Successed
17438,83178,10-02-2022,Payment Successed
17439,46210,24-09-2021,Refunded
17440,86283,16-02-2022,Payment Successed
17441,35274,31-08-2024,Payment Successed
17442,51006,18-09-2021,Payment Successed
17443,98681,10-08-2020,Payment Successed
17444,11782,05-06-2023,Payment Successed
17445,38829,16-09-2023,Payment Successed
17446,54068,15-07-2021,Payment Successed
17447,25917,18-02-2024,Refunded
17448,59090,28-02-2022,Payment Successed
17449,56058,28-11-2024,Refunded
17450,3678,23-05-2020,Payment Successed
17451,81119,11-11-2020,Payment Successed
17452,25222,22-02-2024,Payment Successed
17453,91102,16-04-2021,Payment Successed
17454,46472,25-05-2024,Payment Successed
17455,20128,31-03-2020,Payment Successed
17456,5604,17-10-2021,Payment Successed
17457,44352,08-08-2021,Refunded
17458,81756,14-07-2021,Failed
17459,97459,27-10-2024,Payment Successed
17460,92991,20-03-2024,Payment Successed
17461,48004,04-06-2021,Refunded
17462,33801,09-05-2023,Payment Successed
17463,1521,10-11-2022,Payment Successed
17464,49825,26-04-2020,Payment Successed
17465,92551,27-03-2021,Payment Successed
17466,21123,29-03-2024,Refunded
17467,2762,22-05-2023,Payment Successed
17468,14876,06-02-2021,Payment Successed
17469,98706,18-01-2020,Payment Successed
17470,34828,19-08-2022,Payment Successed
17471,47743,04-09-2024,Payment Successed
17472,7766,11-03-2022,Failed
17473,69856,03-07-2020,Payment Successed
17474,46224,19-12-2023,Payment Successed
17475,96100,30-09-2021,Failed
17476,67728,19-08-2021,Payment Successed
17477,81924,13-07-2021,Payment Successed
17478,66482,03-02-2023,Payment Successed
17479,79286,12-09-2024,Payment Successed
17480,7977,02-06-2022,Payment Successed
17481,66423,24-02-2021,Payment Successed
17482,50872,14-10-2023,Refunded
17483,32658,03-03-2022,Payment Successed
17484,4473,30-06-2024,Payment Successed
17485,64199,20-03-2021,Payment Successed
17486,20947,21-06-2020,Payment Successed
17487,36301,28-01-2020,Payment Successed
17488,25285,18-05-2024,Payment Successed
17489,63422,21-12-2022,Payment Successed
17490,54956,03-04-2024,Payment Successed
17491,21074,16-02-2020,Payment Successed
17492,44292,03-10-2022,Refunded
17493,23193,19-11-2022,Payment Successed
17494,22973,11-06-2020,Payment Successed
17495,36424,14-10-2020,Payment Successed
17496,67962,29-04-2020,Payment Successed
17497,68270,16-12-2023,Payment Successed
17498,76665,11-10-2020,Failed
17499,4644,02-11-2022,Payment Successed
17500,22273,24-10-2023,Payment Successed
17501,78774,20-09-2020,Payment Successed
17502,93921,26-08-2020,Payment Successed
17503,39048,23-06-2021,Payment Successed
17504,79556,05-05-2022,Payment Successed
17505,33061,04-01-2020,Payment Successed
17506,17012,14-05-2023,Payment Successed
17507,37178,18-02-2021,Payment Successed
17508,40232,21-01-2024,Payment Successed
17509,5772,15-07-2023,Refunded
17510,99598,18-04-2023,Payment Successed
17511,67748,10-05-2023,Payment Successed
17512,62620,04-05-2021,Payment Successed
17513,79812,19-07-2020,Refunded
17514,88062,24-12-2024,Payment Successed
17515,70375,14-01-2021,Payment Successed
17516,67599,13-03-2020,Payment Successed
17517,11036,25-12-2024,Payment Successed
17518,74562,06-09-2021,Payment Successed
17519,21174,29-11-2020,Payment Successed
17520,60389,14-09-2021,Payment Successed
17521,96467,16-08-2023,Payment Successed
17522,91009,20-10-2024,Payment Successed
17523,86826,29-03-2020,Payment Successed
17524,40871,28-12-2022,Payment Successed
17525,57663,20-09-2023,Payment Successed
17526,20278,12-02-2021,Payment Successed
17527,33079,10-02-2023,Refunded
17528,65681,18-02-2021,Payment Successed
17529,65236,12-01-2020,Payment Successed
17530,29556,14-03-2020,Failed
17531,77072,20-01-2023,Payment Successed
17532,34735,11-03-2021,Payment Successed
17533,86097,08-09-2021,Payment Successed
17534,44743,10-12-2020,Payment Successed
17535,91078,11-05-2021,Payment Successed
17536,24816,15-11-2021,Payment Successed
17537,38134,10-09-2021,Payment Successed
17538,30933,14-12-2020,Payment Successed
17539,66678,09-04-2023,Payment Successed
17540,57654,28-10-2023,Payment Successed
17541,65886,23-10-2022,Payment Successed
17542,61253,11-08-2022,Payment Successed
17543,76573,28-10-2024,Payment Successed
17544,98326,22-05-2021,Payment Successed
17545,90966,29-09-2020,Failed
17546,20324,06-11-2020,Payment Successed
17547,84204,22-08-2023,Payment Successed
17548,39967,22-11-2022,Failed
17549,87152,21-12-2023,Payment Successed
17550,18899,19-06-2020,Payment Successed
17551,14515,17-11-2024,Payment Successed
17552,63320,24-08-2023,Payment Successed
17553,94230,29-02-2020,Payment Successed
17554,10006,19-02-2021,Payment Successed
17555,61850,07-01-2020,Payment Successed
17556,8438,25-04-2024,Payment Successed
17557,45950,19-03-2023,Payment Successed
17558,34117,19-10-2024,Payment Successed
17559,80525,26-03-2020,Payment Successed
17560,25202,24-05-2020,Payment Successed
17561,59239,12-08-2021,Payment Successed
17562,55232,01-10-2022,Failed
17563,64126,19-08-2021,Payment Successed
17564,35532,01-09-2022,Payment Successed
17565,72525,09-06-2020,Payment Successed
17566,73656,30-05-2021,Payment Successed
17567,68544,07-01-2024,Payment Successed
17568,59851,25-10-2023,Payment Successed
17569,33049,31-08-2020,Payment Successed
17570,62616,24-08-2020,Refunded
17571,17706,19-12-2023,Payment Successed
17572,14366,24-07-2021,Payment Successed
17573,21553,08-08-2020,Payment Successed
17574,89227,07-08-2022,Payment Successed
17575,22416,28-02-2022,Failed
17576,78333,10-02-2024,Payment Successed
17577,73964,06-10-2023,Payment Successed
17578,67631,19-12-2022,Payment Successed
17579,39882,07-05-2020,Refunded
17580,95684,08-04-2024,Payment Successed
17581,48408,29-05-2022,Payment Successed
17582,8318,28-11-2021,Payment Successed
17583,19654,13-03-2024,Payment Successed
17584,33662,03-07-2021,Payment Successed
17585,98054,25-02-2020,Payment Successed
17586,79063,28-04-2024,Payment Successed
17587,59920,15-01-2023,Payment Successed
17588,3072,27-05-2024,Payment Successed
17589,52193,02-06-2024,Failed
17590,87067,28-02-2024,Payment Successed
17591,80682,01-01-2025,Payment Successed
17592,11525,28-07-2024,Payment Successed
17593,26363,03-06-2020,Payment Successed
17594,19530,19-09-2022,Failed
17595,2345,27-07-2021,Refunded
17596,95105,24-01-2022,Payment Successed
17597,12139,29-11-2020,Failed
17598,50729,29-02-2020,Payment Successed
17599,26764,31-08-2024,Payment Successed
17600,74129,11-03-2022,Payment Successed
17601,38396,24-06-2024,Payment Successed
17602,83429,14-12-2020,Payment Successed
17603,51831,13-08-2020,Payment Successed
17604,98668,20-11-2020,Refunded
17605,6475,09-04-2024,Payment Successed
17606,97402,07-08-2024,Payment Successed
17607,23400,09-09-2022,Payment Successed
17608,75431,13-01-2021,Payment Successed
17609,5764,20-10-2020,Payment Successed
17610,39255,04-07-2023,Payment Successed
17611,52186,26-04-2020,Payment Successed
17612,87190,29-03-2022,Payment Successed
17613,28202,01-08-2022,Payment Successed
17614,70323,08-03-2022,Payment Successed
17615,83458,01-12-2023,Payment Successed
17616,34731,02-02-2024,Payment Successed
17617,59842,21-02-2020,Failed
17618,21116,06-06-2024,Payment Successed
17619,7800,10-04-2024,Refunded
17620,29065,24-08-2022,Payment Successed
17621,24854,11-10-2024,Payment Successed
17622,74172,11-08-2023,Payment Successed
17623,8049,06-05-2021,Payment Successed
17624,96676,10-05-2024,Payment Successed
17625,32066,09-10-2023,Payment Successed
17626,46559,12-07-2022,Payment Successed
17627,46576,01-01-2023,Payment Successed
17628,56950,09-04-2022,Payment Successed
17629,56493,08-01-2021,Payment Successed
17630,92988,08-08-2021,Payment Successed
17631,87074,10-03-2021,Payment Successed
17632,98307,07-11-2024,Payment Successed
17633,67538,13-01-2024,Payment Successed
17634,69883,16-04-2022,Payment Successed
17635,34794,08-04-2021,Payment Successed
17636,59223,24-09-2022,Payment Successed
17637,89186,22-08-2020,Payment Successed
17638,50722,14-12-2024,Payment Successed
17639,86958,10-11-2021,Payment Successed
17640,60816,04-03-2024,Payment Successed
17641,17856,27-04-2023,Payment Successed
17642,35237,29-08-2024,Payment Successed
17643,8147,22-01-2022,Payment Successed
17644,59832,06-01-2020,Payment Successed
17645,60802,02-04-2022,Payment Successed
17646,11180,24-03-2024,Payment Successed
17647,88498,10-07-2020,Payment Successed
17648,25727,21-08-2024,Payment Successed
17649,2457,02-12-2023,Payment Successed
17650,66511,12-04-2020,Payment Successed
17651,50881,01-09-2023,Payment Successed
17652,68781,09-03-2022,Payment Successed
17653,32469,12-03-2020,Payment Successed
17654,17947,10-09-2024,Payment Successed
17655,88037,29-06-2024,Payment Successed
17656,29261,01-12-2021,Payment Successed
17657,70707,08-07-2023,Payment Successed
17658,18980,20-09-2021,Payment Successed
17659,53488,20-12-2022,Payment Successed
17660,22049,15-06-2023,Payment Successed
17661,41437,18-09-2022,Payment Successed
17662,87643,18-08-2023,Payment Successed
17663,34209,06-04-2020,Payment Successed
17664,62222,17-12-2021,Payment Successed
17665,95763,05-11-2024,Payment Successed
17666,57387,07-04-2020,Payment Successed
17667,27548,08-09-2020,Payment Successed
17668,30316,15-09-2022,Payment Successed
17669,48173,05-02-2023,Payment Successed
17670,56512,21-02-2024,Payment Successed
17671,5251,08-08-2020,Payment Successed
17672,28827,25-04-2023,Payment Successed
17673,62906,19-12-2021,Payment Successed
17674,4521,04-05-2023,Payment Successed
17675,54272,25-01-2023,Payment Successed
17676,52648,05-09-2022,Payment Successed
17677,89958,22-11-2021,Failed
17678,44818,17-04-2023,Payment Successed
17679,1973,09-01-2024,Payment Successed
17680,10881,24-04-2023,Payment Successed
17681,66848,21-12-2022,Payment Successed
17682,45411,07-10-2020,Payment Successed
17683,56561,10-04-2023,Payment Successed
17684,39549,16-06-2023,Payment Successed
17685,92555,07-08-2020,Payment Successed
17686,70354,06-09-2021,Payment Successed
17687,69662,29-09-2024,Payment Successed
17688,80621,09-02-2022,Payment Successed
17689,44873,27-09-2023,Payment Successed
17690,46091,21-07-2021,Payment Successed
17691,23630,28-12-2023,Payment Successed
17692,75448,09-02-2023,Payment Successed
17693,68488,24-08-2022,Payment Successed
17694,42931,17-11-2023,Payment Successed
17695,64210,04-01-2021,Payment Successed
17696,38341,13-12-2022,Payment Successed
17697,31807,21-06-2020,Payment Successed
17698,9242,10-04-2024,Payment Successed
17699,55930,13-04-2024,Payment Successed
17700,14928,15-01-2022,Payment Successed
17701,21961,13-09-2020,Payment Successed
17702,48601,19-04-2022,Refunded
17703,78810,09-04-2020,Payment Successed
17704,86361,26-01-2022,Payment Successed
17705,53762,01-07-2020,Payment Successed
17706,78540,28-05-2022,Payment Successed
17707,96155,07-10-2024,Payment Successed
17708,46314,15-09-2020,Payment Successed
17709,73874,07-05-2021,Payment Successed
17710,88513,11-07-2024,Payment Successed
17711,26305,12-11-2023,Payment Successed
17712,27853,09-04-2021,Payment Successed
17713,27151,18-06-2021,Payment Successed
17714,71947,16-03-2020,Payment Successed
17715,90438,08-06-2021,Payment Successed
17716,92786,12-08-2023,Payment Successed
17717,96225,01-08-2023,Refunded
17718,33925,19-07-2022,Failed
17719,3832,24-10-2021,Refunded
17720,4830,02-12-2024,Payment Successed
17721,31921,29-03-2022,Payment Successed
17722,19701,10-03-2020,Payment Successed
17723,53609,20-05-2020,Refunded
17724,92528,02-06-2023,Payment Successed
17725,11476,21-10-2020,Payment Successed
17726,94719,10-08-2021,Payment Successed
17727,11255,06-04-2024,Payment Successed
17728,22895,30-04-2022,Payment Successed
17729,57382,03-09-2021,Payment Successed
17730,58232,12-08-2021,Payment Successed
17731,49852,21-09-2020,Payment Successed
17732,6468,28-10-2022,Payment Successed
17733,15190,02-10-2023,Payment Successed
17734,73593,26-10-2021,Payment Successed
17735,67254,11-05-2021,Payment Successed
17736,40320,24-02-2022,Payment Successed
17737,48405,10-09-2024,Failed
17738,25998,25-08-2022,Failed
17739,42000,06-05-2023,Payment Successed
17740,76553,05-04-2023,Payment Successed
17741,80165,08-06-2021,Payment Successed
17742,66421,02-09-2024,Payment Successed
17743,19304,20-04-2022,Payment Successed
17744,39949,27-10-2021,Payment Successed
17745,13362,07-04-2021,Payment Successed
17746,32367,25-10-2024,Payment Successed
17747,47807,23-04-2021,Payment Successed
17748,5131,26-03-2024,Payment Successed
17749,81283,07-06-2020,Payment Successed
17750,17422,13-05-2020,Failed
17751,62666,10-09-2023,Payment Successed
17752,4566,03-09-2023,Payment Successed
17753,68559,14-05-2020,Refunded
17754,33121,08-12-2020,Payment Successed
17755,15018,11-11-2020,Payment Successed
17756,12839,23-08-2022,Refunded
17757,33688,01-10-2024,Refunded
17758,92317,26-03-2024,Payment Successed
17759,93631,28-11-2020,Payment Successed
17760,68258,20-06-2020,Payment Successed
17761,68814,07-03-2021,Payment Successed
17762,21232,15-08-2023,Payment Successed
17763,80477,16-12-2021,Payment Successed
17764,4181,13-09-2020,Payment Successed
17765,33602,13-08-2020,Payment Successed
17766,36735,16-06-2024,Payment Successed
17767,94653,20-05-2020,Payment Successed
17768,94878,22-06-2023,Payment Successed
17769,78087,13-04-2020,Payment Successed
17770,72886,23-04-2023,Payment Successed
17771,19469,11-04-2021,Payment Successed
17772,19776,07-11-2023,Payment Successed
17773,1561,23-09-2022,Payment Successed
17774,77585,06-07-2022,Payment Successed
17775,48344,29-11-2023,Payment Successed
17776,22300,21-06-2024,Payment Successed
17777,84427,19-10-2024,Payment Successed
17778,7902,25-03-2023,Payment Successed
17779,4943,21-03-2024,Failed
17780,58872,23-06-2023,Payment Successed
17781,57623,28-02-2023,Payment Successed
17782,20042,19-05-2022,Payment Successed
17783,23396,03-09-2024,Payment Successed
17784,66717,17-09-2020,Payment Successed
17785,90816,15-03-2024,Payment Successed
17786,86445,05-03-2022,Payment Successed
17787,93659,13-06-2022,Payment Successed
17788,79265,25-03-2024,Payment Successed
17789,56810,29-10-2023,Refunded
17790,99427,08-09-2024,Payment Successed
17791,34944,14-07-2024,Payment Successed
17792,76954,26-10-2023,Payment Successed
17793,44063,06-01-2021,Payment Successed
17794,98581,22-12-2023,Payment Successed
17795,90765,21-02-2022,Payment Successed
17796,78189,25-11-2024,Payment Successed
17797,36816,17-07-2021,Payment Successed
17798,17203,28-08-2024,Payment Successed
17799,87506,13-06-2022,Payment Successed
17800,91803,16-07-2024,Payment Successed
17801,65555,01-07-2022,Payment Successed
17802,95805,11-04-2023,Payment Successed
17803,62609,07-03-2024,Payment Successed
17804,56458,13-02-2020,Payment Successed
17805,37795,05-07-2023,Payment Successed
17806,27335,07-05-2023,Payment Successed
17807,39919,18-08-2021,Payment Successed
17808,47689,08-04-2020,Payment Successed
17809,17386,18-07-2021,Payment Successed
17810,12813,06-08-2021,Failed
17811,31166,16-01-2020,Payment Successed
17812,80091,21-12-2022,Payment Successed
17813,75828,27-02-2024,Payment Successed
17814,83159,06-06-2020,Payment Successed
17815,49869,20-06-2021,Payment Successed
17816,99719,01-08-2020,Payment Successed
17817,89876,08-01-2023,Payment Successed
17818,14305,19-10-2023,Payment Successed
17819,10394,22-06-2024,Payment Successed
17820,95855,19-03-2021,Payment Successed
17821,49268,30-04-2020,Payment Successed
17822,90674,06-08-2021,Payment Successed
17823,73247,20-11-2022,Payment Successed
17824,78760,24-10-2023,Payment Successed
17825,85930,14-02-2021,Refunded
17826,81362,18-08-2020,Payment Successed
17827,75305,10-09-2022,Payment Successed
17828,32125,27-04-2024,Payment Successed
17829,54539,08-08-2024,Refunded
17830,17291,20-03-2020,Payment Successed
17831,35547,21-09-2021,Payment Successed
17832,22286,05-05-2021,Payment Successed
17833,2100,04-01-2024,Payment Successed
17834,7981,01-04-2022,Payment Successed
17835,87419,24-11-2024,Refunded
17836,63245,06-12-2024,Refunded
17837,87298,28-05-2023,Payment Successed
17838,44711,24-12-2022,Payment Successed
17839,29673,09-04-2020,Failed
17840,85800,22-05-2020,Payment Successed
17841,70674,04-04-2024,Payment Successed
17842,86173,03-04-2023,Payment Successed
17843,25885,15-06-2022,Payment Successed
17844,6371,03-06-2024,Payment Successed
17845,41505,30-12-2023,Payment Successed
17846,41647,08-12-2022,Payment Successed
17847,82027,03-05-2021,Payment Successed
17848,23326,10-09-2020,Payment Successed
17849,32732,15-01-2020,Payment Successed
17850,61177,26-07-2020,Payment Successed
17851,50038,06-09-2021,Payment Successed
17852,95081,11-10-2020,Payment Successed
17853,34182,12-06-2022,Payment Successed
17854,72994,18-11-2022,Payment Successed
17855,81207,12-04-2022,Payment Successed
17856,4874,09-09-2020,Payment Successed
17857,69496,29-10-2021,Payment Successed
17858,28913,15-07-2020,Payment Successed
17859,23022,14-08-2024,Payment Successed
17860,78291,17-09-2021,Payment Successed
17861,80522,29-10-2024,Payment Successed
17862,61041,24-03-2021,Payment Successed
17863,65186,05-03-2024,Payment Successed
17864,87201,10-07-2021,Payment Successed
17865,25578,13-08-2021,Payment Successed
17866,88140,26-07-2023,Payment Successed
17867,67821,24-04-2024,Payment Successed
17868,37437,22-07-2023,Payment Successed
17869,44810,14-12-2020,Payment Successed
17870,15689,16-02-2023,Payment Successed
17871,71013,05-10-2024,Payment Successed
17872,75637,02-01-2020,Payment Successed
17873,88018,14-08-2024,Payment Successed
17874,52537,06-11-2024,Payment Successed
17875,70285,14-01-2023,Payment Successed
17876,2030,29-12-2024,Payment Successed
17877,4935,04-12-2023,Payment Successed
17878,52666,22-07-2021,Payment Successed
17879,4463,05-07-2022,Refunded
17880,71911,08-06-2024,Failed
17881,99478,08-12-2024,Payment Successed
17882,91667,28-09-2020,Payment Successed
17883,4764,14-12-2023,Payment Successed
17884,74306,21-06-2020,Payment Successed
17885,69523,26-10-2023,Refunded
17886,47948,29-05-2021,Payment Successed
17887,20895,20-04-2021,Payment Successed
17888,52659,20-02-2021,Payment Successed
17889,38690,06-05-2020,Refunded
17890,58547,26-09-2020,Payment Successed
17891,80039,14-02-2022,Payment Successed
17892,62354,09-07-2021,Failed
17893,29153,10-04-2021,Payment Successed
17894,14558,30-03-2021,Refunded
17895,59540,29-07-2021,Payment Successed
17896,4526,22-12-2021,Payment Successed
17897,47351,11-02-2022,Payment Successed
17898,64655,10-06-2024,Payment Successed
17899,16869,25-01-2022,Payment Successed
17900,57255,18-06-2024,Payment Successed
17901,44231,22-12-2021,Payment Successed
17902,27148,20-11-2024,Payment Successed
17903,98913,07-05-2022,Payment Successed
17904,54630,16-08-2021,Payment Successed
17905,39879,24-07-2020,Payment Successed
17906,81245,18-08-2023,Payment Successed
17907,75131,08-04-2020,Payment Successed
17908,33698,03-12-2023,Payment Successed
17909,92897,11-02-2020,Payment Successed
17910,60193,19-11-2021,Payment Successed
17911,57747,17-08-2022,Payment Successed
17912,73152,09-05-2023,Payment Successed
17913,74504,12-04-2021,Payment Successed
17914,86153,12-02-2023,Payment Successed
17915,26483,26-07-2024,Payment Successed
17916,22779,05-06-2024,Payment Successed
17917,34962,24-04-2020,Payment Successed
17918,62345,01-05-2023,Payment Successed
17919,41111,19-11-2024,Payment Successed
17920,26526,07-08-2020,Payment Successed
17921,5261,18-04-2023,Payment Successed
17922,76303,15-10-2020,Payment Successed
17923,17573,08-11-2020,Payment Successed
17924,4714,27-08-2020,Refunded
17925,91605,20-05-2024,Payment Successed
17926,25453,06-12-2024,Failed
17927,61660,30-12-2022,Payment Successed
17928,77110,28-03-2024,Payment Successed
17929,75403,20-11-2021,Payment Successed
17930,59186,28-11-2024,Payment Successed
17931,53720,19-11-2023,Payment Successed
17932,97800,14-06-2022,Payment Successed
17933,89606,10-03-2024,Payment Successed
17934,14307,16-10-2020,Payment Successed
17935,59567,01-12-2024,Refunded
17936,14954,13-04-2023,Payment Successed
17937,23360,28-08-2020,Refunded
17938,34789,13-11-2022,Payment Successed
17939,97495,01-05-2023,Payment Successed
17940,74725,24-04-2020,Payment Successed
17941,57561,08-08-2021,Payment Successed
17942,88720,26-02-2023,Payment Successed
17943,85196,18-05-2022,Payment Successed
17944,7622,15-04-2023,Payment Successed
17945,28345,26-01-2022,Payment Successed
17946,26933,09-01-2023,Failed
17947,24810,16-11-2021,Payment Successed
17948,90940,16-04-2021,Payment Successed
17949,50664,25-09-2020,Payment Successed
17950,1946,28-10-2020,Payment Successed
17951,52626,08-02-2020,Failed
17952,46720,08-11-2021,Payment Successed
17953,10724,04-09-2022,Payment Successed
17954,28879,01-06-2023,Payment Successed
17955,94930,25-09-2021,Payment Successed
17956,87791,30-11-2021,Payment Successed
17957,97065,25-11-2021,Payment Successed
17958,52109,17-04-2020,Payment Successed
17959,28693,18-05-2020,Refunded
17960,61688,21-07-2024,Payment Successed
17961,23547,23-01-2020,Payment Successed
17962,34154,13-05-2020,Payment Successed
17963,70059,22-03-2022,Refunded
17964,74999,07-08-2023,Payment Successed
17965,51357,03-06-2024,Payment Successed
17966,30406,23-07-2020,Payment Successed
17967,4078,29-05-2022,Refunded
17968,52759,16-04-2020,Payment Successed
17969,25112,25-03-2023,Payment Successed
17970,18133,11-08-2020,Payment Successed
17971,95005,13-10-2023,Payment Successed
17972,82364,14-11-2020,Payment Successed
17973,73207,18-03-2024,Payment Successed
17974,71112,15-03-2020,Payment Successed
17975,5724,25-07-2021,Payment Successed
17976,24493,09-04-2021,Payment Successed
17977,59419,12-10-2024,Payment Successed
17978,6987,01-09-2020,Payment Successed
17979,6918,22-08-2020,Payment Successed
17980,61409,18-12-2020,Payment Successed
17981,46220,19-07-2023,Payment Successed
17982,32718,28-03-2021,Payment Successed
17983,99051,01-08-2021,Payment Successed
17984,75710,14-05-2021,Payment Successed
17985,29263,16-01-2020,Refunded
17986,94278,20-01-2021,Payment Successed
17987,50414,14-10-2020,Payment Successed
17988,67872,15-08-2023,Payment Successed
17989,12869,30-09-2024,Payment Successed
17990,67972,23-02-2024,Payment Successed
17991,58216,23-07-2023,Payment Successed
17992,10094,02-08-2022,Payment Successed
17993,29259,05-11-2022,Payment Successed
17994,89951,22-01-2020,Payment Successed
17995,2366,29-12-2021,Payment Successed
17996,66947,25-01-2022,Payment Successed
17997,96094,06-05-2021,Payment Successed
17998,41948,05-07-2020,Payment Successed
17999,98951,29-07-2022,Payment Successed
18000,99816,04-02-2022,Payment Successed
18001,51325,28-02-2022,Payment Successed
18002,32902,03-02-2020,Payment Successed
18003,27760,13-06-2020,Payment Successed
18004,5376,05-10-2023,Refunded
18005,59811,14-03-2023,Payment Successed
18006,97382,06-11-2021,Payment Successed
18007,68956,27-09-2020,Payment Successed
18008,62044,02-03-2021,Payment Successed
18009,97862,08-04-2020,Payment Successed
18010,97356,22-03-2020,Payment Successed
18011,81989,25-07-2022,Payment Successed
18012,58443,10-07-2022,Payment Successed
18013,47025,14-11-2020,Payment Successed
18014,25073,15-08-2022,Payment Successed
18015,22558,05-05-2022,Payment Successed
18016,50959,22-07-2021,Payment Successed
18017,29066,09-07-2022,Payment Successed
18018,93819,27-12-2021,Payment Successed
18019,11558,07-08-2022,Payment Successed
18020,33118,21-12-2024,Payment Successed
18021,88321,27-10-2023,Payment Successed
18022,16834,28-01-2024,Payment Successed
18023,1110,02-12-2024,Payment Successed
18024,1648,06-08-2020,Payment Successed
18025,46344,20-08-2023,Payment Successed
18026,11015,31-10-2024,Payment Successed
18027,59688,22-09-2021,Payment Successed
18028,64040,11-12-2024,Payment Successed
18029,71560,12-05-2023,Payment Successed
18030,7358,01-12-2022,Refunded
18031,13381,03-12-2020,Payment Successed
18032,79113,28-10-2023,Payment Successed
18033,55951,29-01-2024,Failed
18034,72771,06-10-2023,Payment Successed
18035,72075,01-10-2022,Payment Successed
18036,70357,31-12-2024,Payment Successed
18037,75959,19-07-2023,Refunded
18038,27792,29-10-2020,Payment Successed
18039,79296,20-11-2022,Payment Successed
18040,83010,17-11-2020,Payment Successed
18041,97578,25-09-2021,Payment Successed
18042,20462,03-05-2021,Payment Successed
18043,96114,09-01-2022,Payment Successed
18044,81255,24-01-2024,Payment Successed
18045,9766,05-04-2022,Payment Successed
18046,78367,24-09-2021,Payment Successed
18047,36840,11-07-2023,Payment Successed
18048,58883,20-03-2023,Payment Successed
18049,33003,26-06-2020,Payment Successed
18050,70713,18-08-2021,Failed
18051,16722,17-06-2021,Payment Successed
18052,22177,28-11-2023,Payment Successed
18053,83150,09-03-2020,Payment Successed
18054,45077,20-06-2024,Payment Successed
18055,40292,10-05-2020,Payment Successed
18056,76414,18-12-2022,Failed
18057,14847,23-11-2022,Payment Successed
18058,11408,24-11-2024,Payment Successed
18059,90385,22-01-2021,Payment Successed
18060,37435,04-02-2022,Payment Successed
18061,32990,04-12-2021,Payment Successed
18062,21475,12-09-2020,Payment Successed
18063,12968,11-11-2021,Payment Successed
18064,72678,06-11-2020,Payment Successed
18065,89204,05-12-2023,Payment Successed
18066,43445,21-04-2024,Payment Successed
18067,51790,10-05-2022,Payment Successed
18068,78042,30-08-2020,Payment Successed
18069,41484,08-12-2024,Payment Successed
18070,81897,02-11-2023,Payment Successed
18071,44219,24-11-2023,Payment Successed
18072,78803,28-02-2022,Payment Successed
18073,94598,28-10-2023,Payment Successed
18074,41346,16-02-2020,Payment Successed
18075,51711,11-07-2024,Payment Successed
18076,87175,11-10-2024,Payment Successed
18077,50857,27-09-2020,Payment Successed
18078,80536,27-08-2022,Payment Successed
18079,9987,27-11-2020,Payment Successed
18080,72197,17-09-2022,Payment Successed
18081,23912,01-07-2020,Payment Successed
18082,81700,28-02-2023,Payment Successed
18083,36760,20-05-2021,Payment Successed
18084,6887,10-02-2023,Payment Successed
18085,87462,21-10-2024,Payment Successed
18086,69103,09-07-2024,Payment Successed
18087,76640,18-12-2021,Payment Successed
18088,49314,14-01-2023,Failed
18089,14428,20-10-2022,Payment Successed
18090,62558,19-08-2024,Payment Successed
18091,57271,15-09-2022,Payment Successed
18092,20879,19-01-2023,Payment Successed
18093,88521,25-12-2024,Refunded
18094,38419,29-10-2024,Payment Successed
18095,75892,01-07-2023,Payment Successed
18096,76623,02-07-2023,Refunded
18097,68733,04-06-2023,Payment Successed
18098,81675,30-10-2021,Payment Successed
18099,88229,04-12-2022,Payment Successed
18100,99091,26-04-2022,Payment Successed
18101,6347,27-01-2020,Payment Successed
18102,8291,18-02-2022,Payment Successed
18103,54796,04-10-2024,Payment Successed
18104,61940,30-07-2020,Payment Successed
18105,98773,23-05-2022,Payment Successed
18106,27710,25-03-2021,Payment Successed
18107,5501,10-06-2024,Payment Successed
18108,67366,17-09-2021,Payment Successed
18109,2385,09-11-2021,Payment Successed
18110,89286,31-07-2024,Payment Successed
18111,34437,03-06-2020,Payment Successed
18112,10837,20-09-2023,Payment Successed
18113,89444,26-09-2024,Payment Successed
18114,44865,28-02-2024,Failed
18115,71731,22-07-2023,Payment Successed
18116,75957,22-10-2022,Payment Successed
18117,74288,05-09-2021,Payment Successed
18118,14129,19-02-2024,Payment Successed
18119,35301,17-06-2024,Payment Successed
18120,55610,04-02-2020,Payment Successed
18121,44915,10-03-2023,Payment Successed
18122,20003,08-05-2023,Payment Successed
18123,64791,16-12-2020,Payment Successed
18124,43837,04-07-2021,Payment Successed
18125,10171,28-12-2022,Payment Successed
18126,86501,20-12-2024,Payment Successed
18127,69172,15-05-2024,Payment Successed
18128,9227,08-10-2021,Payment Successed
18129,18730,03-02-2021,Payment Successed
18130,70390,17-04-2020,Payment Successed
18131,36823,31-01-2021,Payment Successed
18132,71797,08-07-2024,Payment Successed
18133,46647,19-08-2020,Payment Successed
18134,77236,01-12-2020,Payment Successed
18135,76588,27-02-2023,Payment Successed
18136,19151,15-04-2023,Payment Successed
18137,64700,10-08-2022,Payment Successed
18138,80216,18-05-2022,Payment Successed
18139,92907,10-12-2023,Payment Successed
18140,11928,25-06-2024,Payment Successed
18141,63846,08-08-2022,Payment Successed
18142,95249,08-02-2021,Payment Successed
18143,59111,02-07-2020,Payment Successed
18144,27885,27-07-2023,Payment Successed
18145,62198,19-01-2020,Payment Successed
18146,79648,11-02-2024,Refunded
18147,24007,28-07-2022,Payment Successed
18148,34600,01-06-2023,Payment Successed
18149,93695,14-02-2021,Payment Successed
18150,16223,15-12-2020,Payment Successed
18151,8266,13-03-2021,Payment Successed
18152,75271,15-11-2022,Payment Successed
18153,1359,08-12-2023,Payment Successed
18154,44068,22-01-2020,Payment Successed
18155,6299,24-09-2024,Payment Successed
18156,69506,03-08-2020,Payment Successed
18157,15431,18-05-2020,Payment Successed
18158,32374,13-02-2021,Payment Successed
18159,32483,11-08-2020,Payment Successed
18160,99766,22-02-2021,Payment Successed
18161,8348,22-08-2024,Payment Successed
18162,89806,27-11-2021,Payment Successed
18163,88181,26-04-2021,Payment Successed
18164,77351,14-03-2023,Payment Successed
18165,84096,30-03-2020,Refunded
18166,36844,05-08-2024,Payment Successed
18167,38680,26-01-2023,Refunded
18168,35287,08-03-2023,Payment Successed
18169,33180,26-05-2020,Payment Successed
18170,98493,11-11-2024,Payment Successed
18171,52519,28-07-2021,Payment Successed
18172,5894,28-04-2023,Payment Successed
18173,97752,11-01-2021,Payment Successed
18174,52516,08-07-2024,Payment Successed
18175,41789,24-06-2021,Payment Successed
18176,26884,28-06-2020,Payment Successed
18177,54362,15-03-2022,Payment Successed
18178,37234,20-06-2023,Payment Successed
18179,17661,09-10-2023,Payment Successed
18180,50116,15-10-2022,Payment Successed
18181,9383,16-03-2022,Payment Successed
18182,67805,12-09-2020,Refunded
18183,66922,14-06-2021,Refunded
18184,30974,17-08-2023,Failed
18185,66984,26-09-2020,Payment Successed
18186,99601,21-03-2020,Payment Successed
18187,99648,16-05-2022,Payment Successed
18188,56465,27-06-2022,Payment Successed
18189,50045,09-07-2023,Payment Successed
18190,33113,04-12-2021,Payment Successed
18191,19326,09-08-2020,Payment Successed
18192,42385,04-09-2021,Payment Successed
18193,14570,08-08-2022,Payment Successed
18194,89940,23-07-2021,Payment Successed
18195,49600,20-07-2023,Payment Successed
18196,28060,26-02-2020,Payment Successed
18197,24203,28-02-2024,Payment Successed
18198,22137,02-03-2021,Payment Successed
18199,73051,18-01-2023,Payment Successed
18200,94861,14-06-2021,Payment Successed
18201,91215,24-08-2023,Failed
18202,35246,30-10-2024,Payment Successed
18203,70856,26-10-2023,Payment Successed
18204,96948,03-01-2025,Payment Successed
18205,41593,27-08-2020,Payment Successed
18206,6879,02-03-2024,Refunded
18207,68786,17-04-2024,Payment Successed
18208,79653,03-10-2020,Payment Successed
18209,16144,25-04-2022,Payment Successed
18210,31782,06-09-2020,Payment Successed
18211,12258,27-02-2024,Payment Successed
18212,3130,15-06-2021,Payment Successed
18213,26551,08-01-2024,Payment Successed
18214,16726,25-05-2022,Payment Successed
18215,45210,21-12-2023,Payment Successed
18216,1937,12-07-2022,Payment Successed
18217,78258,13-01-2020,Payment Successed
18218,81383,22-10-2021,Payment Successed
18219,23721,10-06-2022,Payment Successed
18220,91561,04-02-2022,Payment Successed
18221,37721,22-12-2023,Payment Successed
18222,81683,29-11-2020,Payment Successed
18223,87444,27-12-2022,Payment Successed
18224,53883,19-10-2022,Payment Successed
18225,36338,13-11-2023,Payment Successed
18226,58896,30-09-2024,Payment Successed
18227,18944,12-09-2020,Payment Successed
18228,11900,29-04-2023,Payment Successed
18229,76706,14-08-2021,Payment Successed
18230,60813,28-05-2021,Payment Successed
18231,63988,06-11-2020,Payment Successed
18232,25247,29-05-2020,Payment Successed
18233,81467,26-01-2022,Payment Successed
18234,72570,04-02-2022,Payment Successed
18235,74667,04-04-2020,Payment Successed
18236,52758,25-02-2021,Payment Successed
18237,40220,12-08-2020,Payment Successed
18238,74281,07-12-2022,Payment Successed
18239,91377,10-01-2024,Payment Successed
18240,2818,12-12-2024,Payment Successed
18241,78017,03-11-2020,Payment Successed
18242,26437,10-04-2020,Payment Successed
18243,91792,15-02-2021,Payment Successed
18244,42874,04-01-2021,Payment Successed
18245,49650,16-11-2023,Payment Successed
18246,5926,19-02-2021,Payment Successed
18247,60894,03-09-2022,Failed
18248,33758,03-10-2023,Payment Successed
18249,67632,14-04-2022,Refunded
18250,9959,09-01-2021,Payment Successed
18251,8572,02-01-2023,Payment Successed
18252,98733,22-05-2022,Payment Successed
18253,43816,25-11-2023,Payment Successed
18254,92134,17-10-2021,Payment Successed
18255,99734,17-02-2022,Payment Successed
18256,84013,24-04-2024,Payment Successed
18257,15042,18-05-2024,Payment Successed
18258,6490,01-10-2021,Refunded
18259,14821,02-11-2021,Payment Successed
18260,27824,22-11-2023,Payment Successed
18261,86452,10-06-2021,Payment Successed
18262,81620,13-01-2020,Payment Successed
18263,11239,15-08-2021,Payment Successed
18264,80726,10-12-2024,Payment Successed
18265,18869,16-10-2020,Payment Successed
18266,61752,02-12-2022,Refunded
18267,46444,27-12-2022,Payment Successed
18268,22819,11-09-2021,Payment Successed
18269,16932,13-03-2021,Payment Successed
18270,35351,10-02-2022,Payment Successed
18271,37691,27-03-2023,Payment Successed
18272,7650,29-01-2024,Payment Successed
18273,4203,14-08-2022,Payment Successed
18274,56464,22-07-2021,Payment Successed
18275,30183,12-05-2020,Payment Successed
18276,20883,20-08-2023,Payment Successed
18277,98502,13-02-2020,Refunded
18278,58445,07-05-2020,Payment Successed
18279,19525,22-05-2020,Payment Successed
18280,34820,03-06-2022,Payment Successed
18281,47143,30-01-2023,Failed
18282,66599,15-02-2023,Payment Successed
18283,86780,09-09-2024,Payment Successed
18284,73550,02-12-2021,Payment Successed
18285,6518,08-11-2023,Payment Successed
18286,27274,12-12-2024,Payment Successed
18287,56258,12-04-2024,Payment Successed
18288,54799,29-08-2021,Payment Successed
18289,78635,23-01-2022,Payment Successed
18290,3048,29-11-2020,Failed
18291,70813,21-08-2022,Payment Successed
18292,55841,27-03-2023,Payment Successed
18293,9720,29-04-2020,Refunded
18294,69721,25-05-2023,Payment Successed
18295,8753,06-12-2021,Payment Successed
18296,81312,12-03-2023,Payment Successed
18297,78361,09-03-2020,Payment Successed
18298,72382,11-08-2020,Failed
18299,18688,24-07-2020,Payment Successed
18300,26259,10-12-2021,Payment Successed
18301,62392,25-12-2020,Payment Successed
18302,13604,28-06-2021,Payment Successed
18303,87324,02-11-2021,Payment Successed
18304,62680,04-11-2020,Payment Successed
18305,85355,18-12-2024,Payment Successed
18306,66432,18-11-2021,Failed
18307,88589,01-09-2020,Payment Successed
18308,84718,21-02-2020,Payment Successed
18309,21190,05-07-2023,Payment Successed
18310,83163,14-03-2022,Payment Successed
18311,71419,20-12-2023,Payment Successed
18312,21682,28-05-2023,Payment Successed
18313,53168,17-11-2022,Payment Successed
18314,99842,29-02-2020,Payment Successed
18315,19389,27-06-2024,Payment Successed
18316,94601,16-05-2021,Payment Successed
18317,31852,04-03-2022,Payment Successed
18318,76775,06-05-2022,Payment Successed
18319,69547,07-06-2023,Payment Successed
18320,54836,11-09-2021,Payment Successed
18321,95906,28-10-2021,Payment Successed
18322,24258,05-06-2023,Refunded
18323,87873,17-11-2020,Payment Successed
18324,84272,04-08-2024,Payment Successed
18325,31207,16-08-2020,Payment Successed
18326,45846,23-03-2020,Failed
18327,49231,24-09-2024,Payment Successed
18328,67117,02-12-2022,Payment Successed
18329,72991,16-09-2021,Payment Successed
18330,42738,17-03-2022,Payment Successed
18331,11196,10-02-2020,Payment Successed
18332,87730,11-08-2020,Payment Successed
18333,60857,27-05-2020,Refunded
18334,39712,26-08-2023,Payment Successed
18335,24946,30-06-2023,Payment Successed
18336,87346,12-10-2022,Failed
18337,73910,19-02-2021,Payment Successed
18338,74337,07-04-2024,Payment Successed
18339,33092,08-02-2023,Payment Successed
18340,4310,23-01-2024,Refunded
18341,85752,23-07-2022,Payment Successed
18342,24755,05-03-2023,Failed
18343,71791,21-01-2022,Payment Successed
18344,82979,15-04-2022,Payment Successed
18345,44868,15-07-2021,Payment Successed
18346,87579,19-12-2023,Payment Successed
18347,49794,16-09-2023,Payment Successed
18348,6780,15-12-2020,Refunded
18349,61912,04-11-2022,Payment Successed
18350,67500,15-05-2024,Payment Successed
18351,20478,28-11-2022,Payment Successed
18352,14167,24-08-2024,Payment Successed
18353,86707,30-05-2022,Payment Successed
18354,51469,11-02-2020,Payment Successed
18355,12079,15-11-2020,Payment Successed
18356,22879,26-03-2021,Payment Successed
18357,72003,21-12-2021,Payment Successed
18358,41606,08-02-2023,Payment Successed
18359,76317,05-07-2024,Payment Successed
18360,78364,27-03-2024,Payment Successed
18361,25752,11-09-2024,Refunded
18362,9274,02-03-2021,Payment Successed
18363,25704,28-07-2023,Payment Successed
18364,56514,01-01-2024,Payment Successed
18365,84961,17-12-2021,Payment Successed
18366,35330,16-04-2024,Payment Successed
18367,94141,28-04-2020,Payment Successed
18368,91596,01-07-2023,Payment Successed
18369,12118,21-05-2024,Payment Successed
18370,33796,06-08-2022,Payment Successed
18371,29635,08-05-2024,Payment Successed
18372,97687,27-03-2023,Payment Successed
18373,19449,27-09-2023,Payment Successed
18374,89147,04-04-2021,Payment Successed
18375,74176,24-01-2024,Payment Successed
18376,79057,10-12-2024,Payment Successed
18377,52463,20-12-2024,Payment Successed
18378,8031,11-05-2024,Payment Successed
18379,58202,07-09-2023,Payment Successed
18380,42100,25-04-2020,Payment Successed
18381,70776,16-09-2021,Payment Successed
18382,81530,22-04-2022,Failed
18383,21684,21-04-2022,Payment Successed
18384,98363,05-01-2024,Payment Successed
18385,35538,21-02-2020,Payment Successed
18386,85641,25-12-2022,Refunded
18387,68056,25-05-2024,Payment Successed
18388,45855,19-03-2023,Payment Successed
18389,86411,02-08-2023,Payment Successed
18390,92968,11-11-2022,Payment Successed
18391,73857,04-07-2024,Payment Successed
18392,11992,17-05-2024,Payment Successed
18393,66082,23-07-2020,Payment Successed
18394,85492,12-07-2020,Payment Successed
18395,92093,01-03-2021,Failed
18396,34797,19-09-2023,Failed
18397,24941,24-09-2022,Payment Successed
18398,32335,21-09-2023,Payment Successed
18399,29391,06-05-2024,Payment Successed
18400,58693,14-09-2020,Payment Successed
18401,45124,17-03-2022,Payment Successed
18402,73639,01-06-2020,Payment Successed
18403,61485,28-04-2020,Payment Successed
18404,59128,16-09-2022,Payment Successed
18405,24706,05-09-2021,Payment Successed
18406,42123,19-07-2022,Payment Successed
18407,96047,07-01-2020,Failed
18408,24801,05-06-2021,Payment Successed
18409,21793,08-12-2021,Payment Successed
18410,26352,18-06-2021,Payment Successed
18411,58924,13-12-2022,Payment Successed
18412,58666,15-08-2024,Payment Successed
18413,74554,11-03-2023,Payment Successed
18414,27750,22-02-2024,Payment Successed
18415,2025,27-04-2024,Payment Successed
18416,62630,30-01-2023,Payment Successed
18417,85445,27-05-2024,Payment Successed
18418,76631,18-04-2020,Payment Successed
18419,55254,20-03-2022,Payment Successed
18420,32554,18-08-2023,Payment Successed
18421,99313,15-07-2020,Payment Successed
18422,50298,31-01-2021,Refunded
18423,61051,08-09-2021,Payment Successed
18424,20902,05-08-2020,Payment Successed
18425,14549,30-07-2021,Payment Successed
18426,78705,28-11-2021,Payment Successed
18427,69448,03-07-2024,Payment Successed
18428,1491,18-01-2024,Refunded
18429,1075,18-03-2024,Payment Successed
18430,21876,20-04-2021,Payment Successed
18431,11093,04-08-2023,Payment Successed
18432,42431,03-10-2022,Payment Successed
18433,82448,05-12-2024,Refunded
18434,42934,22-07-2023,Payment Successed
18435,20655,20-03-2020,Payment Successed
18436,11891,26-03-2024,Payment Successed
18437,76206,24-11-2022,Payment Successed
18438,43141,24-11-2021,Refunded
18439,33281,08-01-2022,Payment Successed
18440,52635,09-06-2022,Payment Successed
18441,38293,22-07-2020,Payment Successed
18442,1326,18-06-2024,Refunded
18443,68955,27-03-2020,Payment Successed
18444,15919,08-01-2020,Payment Successed
18445,77380,08-10-2022,Payment Successed
18446,69470,21-05-2024,Payment Successed
18447,72101,28-07-2020,Payment Successed
18448,91021,05-06-2024,Payment Successed
18449,50449,02-09-2022,Payment Successed
18450,33051,26-12-2021,Payment Successed
18451,91235,14-04-2024,Payment Successed
18452,22446,25-07-2022,Payment Successed
18453,51779,03-08-2024,Payment Successed
18454,25625,19-07-2020,Refunded
18455,35514,29-09-2020,Payment Successed
18456,55007,05-01-2020,Payment Successed
18457,66925,12-12-2024,Payment Successed
18458,37975,17-05-2024,Payment Successed
18459,78985,30-08-2023,Payment Successed
18460,92839,11-03-2021,Payment Successed
18461,72703,12-06-2021,Refunded
18462,53913,15-03-2020,Payment Successed
18463,95178,16-04-2021,Payment Successed
18464,34678,28-12-2020,Payment Successed
18465,58383,14-10-2021,Payment Successed
18466,14387,24-08-2024,Payment Successed
18467,1470,03-06-2020,Refunded
18468,5413,11-08-2022,Payment Successed
18469,19285,09-04-2021,Payment Successed
18470,22240,04-08-2021,Payment Successed
18471,69160,31-10-2022,Payment Successed
18472,81595,25-12-2024,Payment Successed
18473,21482,04-07-2024,Payment Successed
18474,50288,01-08-2020,Payment Successed
18475,1119,01-02-2021,Payment Successed
18476,85244,07-07-2021,Payment Successed
18477,21394,25-03-2022,Refunded
18478,93120,01-09-2023,Payment Successed
18479,31261,13-01-2024,Payment Successed
18480,28985,03-09-2023,Payment Successed
18481,18329,23-08-2021,Payment Successed
18482,69035,14-06-2020,Payment Successed
18483,17728,16-07-2024,Payment Successed
18484,69939,12-01-2022,Payment Successed
18485,42969,22-09-2024,Payment Successed
18486,1060,28-11-2022,Payment Successed
18487,12832,18-01-2022,Payment Successed
18488,62313,03-09-2022,Payment Successed
18489,86762,15-08-2022,Payment Successed
18490,30625,18-11-2020,Payment Successed
18491,66888,07-05-2024,Payment Successed
18492,8287,20-12-2021,Payment Successed
18493,97928,26-11-2023,Refunded
18494,30494,26-10-2024,Payment Successed
18495,9493,19-03-2021,Payment Successed
18496,14899,08-05-2022,Payment Successed
18497,17908,20-07-2023,Payment Successed
18498,16917,10-08-2021,Payment Successed
18499,20066,04-08-2024,Payment Successed
18500,36303,20-05-2021,Refunded
18501,60631,17-06-2022,Payment Successed
18502,46995,15-12-2020,Payment Successed
18503,51764,10-01-2020,Payment Successed
18504,43452,16-05-2023,Payment Successed
18505,81655,23-03-2024,Refunded
18506,5452,10-08-2022,Payment Successed
18507,81915,12-09-2020,Payment Successed
18508,15752,13-04-2020,Payment Successed
18509,40872,26-05-2023,Payment Successed
18510,57015,04-03-2024,Refunded
18511,79017,02-04-2024,Payment Successed
18512,46095,18-07-2021,Payment Successed
18513,16771,22-08-2022,Payment Successed
18514,85754,11-03-2021,Payment Successed
18515,37537,16-12-2023,Payment Successed
18516,44927,01-01-2024,Payment Successed
18517,16821,13-07-2021,Payment Successed
18518,43815,21-01-2023,Payment Successed
18519,82758,30-04-2022,Payment Successed
18520,70946,07-04-2022,Payment Successed
18521,54635,07-02-2020,Payment Successed
18522,6293,15-02-2024,Payment Successed
18523,13209,12-08-2024,Payment Successed
18524,79995,21-05-2020,Payment Successed
18525,49545,10-05-2020,Payment Successed
18526,75770,21-06-2024,Payment Successed
18527,10591,09-05-2023,Payment Successed
18528,14921,23-04-2022,Payment Successed
18529,60474,28-10-2024,Payment Successed
18530,30622,10-12-2023,Payment Successed
18531,2854,22-12-2022,Payment Successed
18532,20710,27-07-2021,Payment Successed
18533,31761,08-03-2024,Payment Successed
18534,53625,19-11-2024,Failed
18535,48386,16-11-2022,Payment Successed
18536,3216,28-07-2020,Payment Successed
18537,22848,22-09-2023,Payment Successed
18538,15961,22-07-2022,Payment Successed
18539,95535,22-01-2022,Payment Successed
18540,92155,31-12-2021,Payment Successed
18541,22527,09-01-2024,Payment Successed
18542,5214,01-01-2025,Payment Successed
18543,56246,20-04-2022,Payment Successed
18544,7870,29-06-2021,Payment Successed
18545,80515,02-12-2020,Payment Successed
18546,10844,07-06-2022,Payment Successed
18547,41211,29-12-2024,Payment Successed
18548,29523,22-06-2024,Payment Successed
18549,34115,09-04-2023,Payment Successed
18550,98342,15-02-2023,Payment Successed
18551,11783,07-12-2022,Payment Successed
18552,85116,09-02-2024,Payment Successed
18553,90453,23-07-2024,Payment Successed
18554,89047,18-12-2020,Payment Successed
18555,1168,05-11-2024,Payment Successed
18556,94424,02-03-2022,Payment Successed
18557,95388,21-02-2020,Payment Successed
18558,97391,13-10-2020,Payment Successed
18559,86093,29-01-2024,Payment Successed
18560,22785,17-05-2021,Payment Successed
18561,81201,27-03-2024,Payment Successed
18562,22818,01-09-2022,Payment Successed
18563,39686,24-01-2023,Payment Successed
18564,60691,10-05-2023,Payment Successed
18565,65427,28-07-2022,Payment Successed
18566,13071,27-12-2024,Payment Successed
18567,55784,04-11-2024,Payment Successed
18568,91307,03-09-2021,Payment Successed
18569,32630,24-03-2020,Payment Successed
18570,48781,26-02-2022,Refunded
18571,72006,21-11-2020,Payment Successed
18572,77229,01-10-2023,Payment Successed
18573,92250,11-02-2020,Payment Successed
18574,61193,29-12-2023,Refunded
18575,39196,17-12-2024,Payment Successed
18576,5856,28-06-2024,Payment Successed
18577,40808,25-07-2023,Payment Successed
18578,32041,11-01-2020,Payment Successed
18579,32757,01-02-2020,Payment Successed
18580,31907,08-08-2022,Payment Successed
18581,53157,25-01-2024,Payment Successed
18582,90780,22-08-2021,Payment Successed
18583,33912,14-07-2020,Payment Successed
18584,29394,11-03-2021,Payment Successed
18585,22023,02-06-2020,Payment Successed
18586,47365,03-04-2024,Payment Successed
18587,57668,02-05-2020,Payment Successed
18588,17543,08-02-2022,Payment Successed
18589,76683,25-08-2020,Payment Successed
18590,62500,30-11-2023,Payment Successed
18591,23447,28-06-2020,Payment Successed
18592,89456,15-05-2022,Payment Successed
18593,92536,05-02-2022,Payment Successed
18594,12949,16-06-2020,Payment Successed
18595,66901,02-12-2022,Payment Successed
18596,82044,22-07-2024,Payment Successed
18597,34073,14-02-2024,Payment Successed
18598,29383,17-02-2022,Refunded
18599,80685,02-06-2022,Payment Successed
18600,36077,21-04-2023,Payment Successed
18601,61480,10-02-2023,Payment Successed
18602,1918,24-01-2022,Payment Successed
18603,18580,12-01-2020,Payment Successed
18604,43194,26-08-2021,Payment Successed
18605,73376,19-12-2023,Payment Successed
18606,33160,12-08-2020,Payment Successed
18607,7763,23-12-2020,Payment Successed
18608,34310,31-08-2023,Payment Successed
18609,54582,08-04-2022,Payment Successed
18610,34857,18-05-2020,Payment Successed
18611,7925,15-08-2023,Payment Successed
18612,55171,20-06-2022,Payment Successed
18613,97263,09-08-2022,Payment Successed
18614,31794,27-10-2021,Refunded
18615,47952,06-10-2020,Payment Successed
18616,79669,02-11-2022,Payment Successed
18617,61217,24-05-2020,Payment Successed
18618,86694,28-06-2020,Payment Successed
18619,58138,23-06-2020,Payment Successed
18620,67238,19-07-2021,Payment Successed
18621,35298,25-04-2023,Payment Successed
18622,8406,17-02-2021,Payment Successed
18623,23615,19-10-2022,Payment Successed
18624,77149,20-05-2024,Payment Successed
18625,77617,25-06-2024,Payment Successed
18626,20876,16-03-2021,Payment Successed
18627,41078,08-08-2020,Refunded
18628,80849,06-08-2024,Payment Successed
18629,74098,21-08-2020,Payment Successed
18630,31701,05-12-2021,Refunded
18631,84275,10-07-2021,Payment Successed
18632,75232,25-11-2023,Payment Successed
18633,4613,09-10-2023,Payment Successed
18634,24102,10-01-2022,Payment Successed
18635,38475,09-07-2020,Payment Successed
18636,34619,02-09-2020,Refunded
18637,87946,01-06-2020,Failed
18638,52494,12-01-2022,Payment Successed
18639,7768,26-10-2020,Payment Successed
18640,9294,14-07-2022,Payment Successed
18641,10816,02-08-2020,Payment Successed
18642,92818,26-09-2024,Payment Successed
18643,20122,10-11-2020,Payment Successed
18644,91258,09-12-2021,Refunded
18645,11102,15-09-2022,Payment Successed
18646,85437,14-08-2021,Payment Successed
18647,20510,04-06-2020,Payment Successed
18648,83623,04-04-2024,Payment Successed
18649,30445,28-07-2023,Payment Successed
18650,30233,27-11-2024,Payment Successed
18651,10927,15-09-2020,Payment Successed
18652,76202,12-03-2021,Payment Successed
18653,8979,31-05-2023,Payment Successed
18654,9757,04-11-2022,Refunded
18655,6750,25-07-2021,Payment Successed
18656,69943,15-04-2022,Payment Successed
18657,75640,18-12-2020,Payment Successed
18658,41544,29-10-2020,Payment Successed
18659,33260,20-10-2024,Payment Successed
18660,68590,29-11-2020,Payment Successed
18661,27500,24-10-2022,Payment Successed
18662,25665,15-10-2023,Payment Successed
18663,88916,20-06-2024,Payment Successed
18664,90163,10-06-2022,Payment Successed
18665,2925,03-05-2023,Payment Successed
18666,33590,24-10-2022,Refunded
18667,79137,26-01-2023,Payment Successed
18668,71710,15-12-2020,Failed
18669,37053,26-04-2024,Payment Successed
18670,3115,29-03-2021,Payment Successed
18671,84523,24-11-2022,Payment Successed
18672,29911,16-07-2020,Payment Successed
18673,74831,19-10-2023,Payment Successed
18674,91769,23-01-2023,Payment Successed
18675,61612,20-10-2023,Payment Successed
18676,71440,22-04-2024,Payment Successed
18677,64312,31-07-2024,Payment Successed
18678,28015,24-04-2022,Payment Successed
18679,60751,25-01-2020,Payment Successed
18680,13386,14-06-2020,Payment Successed
18681,8863,29-04-2022,Payment Successed
18682,31965,16-06-2022,Payment Successed
18683,45307,22-01-2020,Payment Successed
18684,27225,17-12-2021,Payment Successed
18685,25414,04-02-2023,Payment Successed
18686,32045,24-09-2024,Payment Successed
18687,46747,26-06-2020,Payment Successed
18688,68833,29-07-2022,Payment Successed
18689,78583,23-09-2021,Payment Successed
18690,7461,10-02-2021,Payment Successed
18691,21459,27-09-2023,Payment Successed
18692,96404,22-03-2020,Payment Successed
18693,35779,03-06-2022,Payment Successed
18694,1630,30-12-2021,Payment Successed
18695,31575,02-12-2023,Payment Successed
18696,20162,25-04-2022,Payment Successed
18697,84708,14-02-2022,Payment Successed
18698,70039,20-08-2020,Payment Successed
18699,91952,11-02-2024,Payment Successed
18700,56795,09-04-2024,Payment Successed
18701,99124,30-10-2023,Payment Successed
18702,8430,19-01-2024,Payment Successed
18703,20396,27-03-2022,Payment Successed
18704,60989,05-09-2020,Payment Successed
18705,23852,12-10-2020,Payment Successed
18706,19774,12-03-2021,Payment Successed
18707,28139,05-04-2021,Failed
18708,79240,21-02-2022,Payment Successed
18709,69539,25-05-2023,Payment Successed
18710,95712,01-07-2022,Payment Successed
18711,79904,10-06-2021,Payment Successed
18712,58979,21-10-2020,Failed
18713,27856,11-12-2023,Payment Successed
18714,79775,10-08-2023,Payment Successed
18715,82158,28-01-2024,Payment Successed
18716,18836,22-07-2023,Payment Successed
18717,17634,23-07-2022,Payment Successed
18718,34901,24-12-2023,Payment Successed
18719,39182,10-07-2020,Payment Successed
18720,64815,13-11-2020,Payment Successed
18721,55026,12-12-2023,Payment Successed
18722,70219,15-03-2024,Payment Successed
18723,60478,17-02-2021,Payment Successed
18724,96506,29-11-2024,Payment Successed
18725,74048,26-02-2022,Payment Successed
18726,72467,19-01-2021,Payment Successed
18727,82570,20-09-2022,Payment Successed
18728,19706,01-04-2023,Payment Successed
18729,71107,02-03-2020,Payment Successed
18730,76372,25-07-2021,Payment Successed
18731,14004,19-06-2020,Payment Successed
18732,56612,26-01-2020,Payment Successed
18733,72661,17-12-2022,Payment Successed
18734,58191,08-09-2020,Payment Successed
18735,52960,20-09-2023,Payment Successed
18736,49900,03-07-2020,Payment Successed
18737,44944,19-04-2024,Payment Successed
18738,24283,06-01-2022,Payment Successed
18739,13894,12-10-2023,Payment Successed
18740,16038,16-04-2021,Payment Successed
18741,50105,06-05-2020,Payment Successed
18742,56899,01-10-2022,Payment Successed
18743,96269,11-04-2023,Payment Successed
18744,68158,16-10-2021,Payment Successed
18745,5707,31-10-2023,Payment Successed
18746,21669,19-08-2021,Payment Successed
18747,1423,30-05-2020,Payment Successed
18748,37125,22-04-2021,Payment Successed
18749,28158,07-09-2020,Payment Successed
18750,41238,11-02-2021,Failed
18751,80476,10-08-2022,Payment Successed
18752,52921,13-05-2020,Payment Successed
18753,76658,22-06-2022,Payment Successed
18754,61630,11-09-2021,Payment Successed
18755,4975,25-02-2022,Payment Successed
18756,75573,06-12-2022,Refunded
18757,21959,03-02-2022,Refunded
18758,95432,03-03-2020,Payment Successed
18759,83754,14-01-2022,Payment Successed
18760,9492,26-03-2023,Payment Successed
18761,30961,01-10-2023,Payment Successed
18762,78943,26-02-2020,Payment Successed
18763,76483,31-10-2020,Payment Successed
18764,50660,18-12-2024,Payment Successed
18765,6751,20-08-2020,Payment Successed
18766,18259,16-04-2020,Payment Successed
18767,97474,01-01-2024,Payment Successed
18768,97157,28-09-2021,Payment Successed
18769,81544,24-04-2024,Payment Successed
18770,64195,17-11-2020,Payment Successed
18771,48787,20-05-2022,Payment Successed
18772,52691,25-05-2021,Failed
18773,4407,12-06-2021,Payment Successed
18774,89205,25-10-2024,Payment Successed
18775,8377,10-11-2022,Payment Successed
18776,77608,20-12-2021,Payment Successed
18777,37329,14-08-2024,Payment Successed
18778,48094,01-07-2024,Payment Successed
18779,4010,11-09-2020,Payment Successed
18780,32876,30-05-2020,Payment Successed
18781,1832,18-05-2022,Payment Successed
18782,62674,07-01-2020,Payment Successed
18783,15397,18-01-2024,Payment Successed
18784,84229,05-10-2022,Payment Successed
18785,31404,02-10-2022,Payment Successed
18786,1916,17-02-2024,Payment Successed
18787,89306,28-01-2023,Payment Successed
18788,12578,14-02-2024,Refunded
18789,37342,27-07-2022,Payment Successed
18790,7678,05-08-2020,Failed
18791,19040,17-12-2021,Payment Successed
18792,77986,20-02-2023,Failed
18793,31284,29-08-2020,Refunded
18794,33256,25-02-2022,Payment Successed
18795,22631,16-10-2022,Payment Successed
18796,94310,19-11-2021,Payment Successed
18797,12396,17-07-2022,Payment Successed
18798,41681,07-11-2021,Payment Successed
18799,28218,14-05-2020,Failed
18800,86819,17-08-2022,Payment Successed
18801,40389,02-01-2021,Payment Successed
18802,57619,28-06-2023,Payment Successed
18803,24828,03-07-2024,Payment Successed
18804,37774,18-12-2022,Payment Successed
18805,62467,18-08-2022,Payment Successed
18806,26223,22-02-2020,Payment Successed
18807,71004,13-07-2021,Payment Successed
18808,3993,02-06-2023,Payment Successed
18809,30284,10-03-2020,Payment Successed
18810,42264,22-03-2023,Payment Successed
18811,92257,18-02-2020,Payment Successed
18812,78623,12-12-2021,Payment Successed
18813,72673,22-11-2020,Payment Successed
18814,69087,02-06-2020,Payment Successed
18815,99788,03-04-2020,Payment Successed
18816,20593,05-04-2020,Payment Successed
18817,58064,03-04-2020,Payment Successed
18818,82074,16-05-2021,Refunded
18819,54980,10-08-2020,Payment Successed
18820,50324,19-05-2024,Payment Successed
18821,63402,28-01-2024,Failed
18822,47441,08-07-2022,Payment Successed
18823,58234,11-12-2023,Payment Successed
18824,23821,25-11-2024,Payment Successed
18825,1436,05-06-2020,Payment Successed
18826,1166,30-05-2021,Payment Successed
18827,58364,01-07-2024,Payment Successed
18828,43738,15-05-2024,Payment Successed
18829,62320,12-04-2024,Payment Successed
18830,17895,17-06-2021,Payment Successed
18831,35850,20-04-2022,Payment Successed
18832,30053,29-11-2023,Payment Successed
18833,99112,19-02-2022,Payment Successed
18834,83133,11-10-2021,Payment Successed
18835,44186,05-06-2023,Payment Successed
18836,41448,24-08-2022,Payment Successed
18837,85052,06-12-2024,Failed
18838,61950,12-12-2021,Payment Successed
18839,83968,23-11-2021,Payment Successed
18840,16184,23-05-2021,Refunded
18841,22937,13-08-2021,Payment Successed
18842,40345,08-01-2023,Refunded
18843,76664,21-04-2023,Payment Successed
18844,37350,06-05-2020,Payment Successed
18845,83210,20-03-2020,Payment Successed
18846,67030,10-04-2023,Payment Successed
18847,25296,07-05-2020,Payment Successed
18848,99092,01-12-2024,Payment Successed
18849,19952,17-03-2023,Payment Successed
18850,68648,02-04-2020,Payment Successed
18851,51780,20-04-2021,Payment Successed
18852,97922,15-04-2021,Payment Successed
18853,20518,22-11-2023,Payment Successed
18854,23188,31-12-2022,Payment Successed
18855,4700,15-06-2021,Payment Successed
18856,42327,01-04-2020,Payment Successed
18857,44386,13-01-2021,Payment Successed
18858,77048,16-11-2021,Refunded
18859,21924,23-01-2021,Refunded
18860,85256,29-09-2023,Payment Successed
18861,52735,28-07-2024,Payment Successed
18862,59839,02-03-2021,Payment Successed
18863,59269,13-04-2020,Payment Successed
18864,87245,06-05-2024,Payment Successed
18865,28581,04-12-2022,Payment Successed
18866,25092,03-11-2022,Payment Successed
18867,9945,10-06-2023,Payment Successed
18868,57295,03-05-2023,Payment Successed
18869,61265,04-06-2020,Payment Successed
18870,97699,29-12-2024,Payment Successed
18871,50718,22-03-2022,Payment Successed
18872,91856,05-03-2021,Payment Successed
18873,79684,19-12-2020,Payment Successed
18874,58013,24-08-2023,Payment Successed
18875,31676,17-10-2024,Refunded
18876,90742,11-07-2022,Payment Successed
18877,8691,28-03-2021,Payment Successed
18878,77465,22-09-2022,Payment Successed
18879,13723,28-03-2024,Payment Successed
18880,62440,19-06-2020,Payment Successed
18881,28261,19-06-2021,Payment Successed
18882,45038,16-02-2021,Payment Successed
18883,51445,19-01-2021,Payment Successed
18884,40305,17-07-2022,Payment Successed
18885,65120,23-03-2023,Payment Successed
18886,78265,08-01-2022,Payment Successed
18887,15776,19-12-2020,Payment Successed
18888,4312,01-06-2023,Payment Successed
18889,55672,15-11-2020,Payment Successed
18890,73181,22-11-2021,Payment Successed
18891,95832,23-06-2024,Refunded
18892,39599,19-08-2020,Payment Successed
18893,33288,22-03-2021,Payment Successed
18894,46770,12-02-2022,Payment Successed
18895,13672,22-02-2021,Payment Successed
18896,52432,29-08-2020,Payment Successed
18897,36778,11-02-2024,Payment Successed
18898,94875,02-03-2024,Payment Successed
18899,97351,07-03-2022,Payment Successed
18900,9692,20-11-2021,Payment Successed
18901,44749,17-06-2020,Payment Successed
18902,97221,13-06-2023,Payment Successed
18903,40210,22-04-2020,Failed
18904,73229,07-10-2023,Payment Successed
18905,37432,05-05-2022,Payment Successed
18906,98179,16-03-2024,Payment Successed
18907,72780,13-08-2022,Failed
18908,27636,17-06-2023,Payment Successed
18909,7276,01-06-2021,Payment Successed
18910,31885,12-03-2020,Payment Successed
18911,90284,26-08-2023,Payment Successed
18912,54171,05-10-2024,Payment Successed
18913,22016,18-10-2023,Payment Successed
18914,85631,14-04-2021,Payment Successed
18915,16985,14-10-2020,Payment Successed
18916,52332,24-12-2021,Refunded
18917,86045,02-03-2021,Payment Successed
18918,9869,01-01-2022,Payment Successed
18919,88970,08-05-2022,Payment Successed
18920,4480,22-11-2022,Payment Successed
18921,13014,13-05-2020,Payment Successed
18922,42561,08-04-2024,Payment Successed
18923,38946,07-06-2023,Payment Successed
18924,87609,20-01-2024,Payment Successed
18925,30907,22-04-2021,Payment Successed
18926,49333,19-08-2022,Payment Successed
18927,79428,19-11-2020,Payment Successed
18928,86758,06-12-2024,Payment Successed
18929,88954,20-02-2021,Refunded
18930,91046,18-10-2021,Payment Successed
18931,57555,09-05-2021,Refunded
18932,34010,29-06-2021,Payment Successed
18933,45059,10-08-2021,Payment Successed
18934,72201,14-11-2022,Payment Successed
18935,71781,04-09-2020,Failed
18936,73641,04-07-2021,Payment Successed
18937,87754,27-01-2023,Payment Successed
18938,21091,01-03-2020,Payment Successed
18939,39319,18-07-2022,Failed
18940,66705,22-06-2021,Payment Successed
18941,19098,25-04-2022,Payment Successed
18942,65758,21-11-2021,Failed
18943,39523,24-05-2023,Payment Successed
18944,38769,24-03-2022,Payment Successed
18945,60568,27-05-2023,Payment Successed
18946,25069,12-03-2024,Payment Successed
18947,90711,31-01-2022,Payment Successed
18948,59340,02-02-2024,Payment Successed
18949,87840,08-04-2020,Payment Successed
18950,26658,11-05-2020,Payment Successed
18951,85621,14-12-2023,Refunded
18952,61788,22-11-2020,Payment Successed
18953,8174,18-04-2023,Payment Successed
18954,46175,02-11-2023,Payment Successed
18955,49816,03-09-2023,Payment Successed
18956,33640,08-12-2020,Payment Successed
18957,74642,03-09-2024,Payment Successed
18958,19514,19-09-2020,Payment Successed
18959,67222,06-11-2023,Payment Successed
18960,12164,15-04-2024,Refunded
18961,52434,21-09-2020,Payment Successed
18962,51507,27-06-2022,Payment Successed
18963,53780,19-08-2023,Payment Successed
18964,82063,24-04-2024,Refunded
18965,33029,28-07-2023,Payment Successed
18966,30024,21-08-2024,Payment Successed
18967,32142,13-01-2022,Failed
18968,15872,23-10-2023,Payment Successed
18969,36275,16-11-2020,Payment Successed
18970,30604,26-05-2021,Refunded
18971,53090,12-08-2022,Payment Successed
18972,37647,25-03-2022,Payment Successed
18973,14332,07-06-2022,Payment Successed
18974,10178,05-07-2020,Payment Successed
18975,82374,27-10-2022,Payment Successed
18976,36701,14-01-2023,Payment Successed
18977,34378,01-04-2024,Payment Successed
18978,47635,30-09-2020,Payment Successed
18979,61689,25-08-2020,Payment Successed
18980,95493,27-04-2020,Payment Successed
18981,69430,14-06-2020,Payment Successed
18982,66873,21-06-2023,Payment Successed
18983,67244,21-08-2021,Payment Successed
18984,45036,23-06-2020,Payment Successed
18985,36018,27-06-2020,Payment Successed
18986,14255,10-08-2020,Payment Successed
18987,92245,05-04-2022,Payment Successed
18988,17505,05-12-2022,Payment Successed
18989,15025,18-06-2021,Payment Successed
18990,59944,05-12-2020,Payment Successed
18991,96653,21-02-2023,Payment Successed
18992,86874,18-06-2020,Payment Successed
18993,46550,06-12-2023,Refunded
18994,76447,09-11-2020,Payment Successed
18995,58756,30-01-2020,Payment Successed
18996,51880,07-06-2024,Payment Successed
18997,2730,27-02-2022,Payment Successed
18998,27328,18-03-2023,Payment Successed
18999,49864,18-10-2022,Payment Successed
19000,33016,23-09-2024,Payment Successed
19001,4493,09-03-2023,Payment Successed
19002,41863,04-11-2023,Payment Successed
19003,17502,31-01-2021,Payment Successed
19004,93944,09-07-2024,Payment Successed
19005,73968,04-09-2023,Payment Successed
19006,50499,03-05-2024,Payment Successed
19007,47748,04-02-2023,Payment Successed
19008,71818,11-05-2021,Payment Successed
19009,74355,12-03-2023,Payment Successed
19010,88955,11-12-2023,Payment Successed
19011,22652,17-04-2020,Payment Successed
19012,99906,31-01-2023,Payment Successed
19013,44487,05-12-2020,Payment Successed
19014,25873,08-11-2021,Refunded
19015,91242,21-11-2022,Payment Successed
19016,2160,01-07-2024,Payment Successed
19017,80180,21-11-2024,Payment Successed
19018,18600,04-03-2023,Payment Successed
19019,6499,22-08-2024,Payment Successed
19020,27314,21-08-2020,Payment Successed
19021,33954,05-04-2020,Payment Successed
19022,68238,25-09-2023,Payment Successed
19023,88741,23-07-2020,Payment Successed
19024,9398,06-12-2024,Payment Successed
19025,54674,03-03-2020,Payment Successed
19026,62411,04-01-2020,Payment Successed
19027,78448,07-08-2022,Payment Successed
19028,71145,29-01-2022,Payment Successed
19029,57032,09-07-2023,Payment Successed
19030,82187,06-07-2020,Payment Successed
19031,65811,21-10-2022,Payment Successed
19032,23115,25-11-2022,Payment Successed
19033,25193,15-04-2022,Payment Successed
19034,85067,02-02-2023,Payment Successed
19035,57339,29-10-2020,Payment Successed
19036,85197,24-04-2020,Payment Successed
19037,48154,11-05-2021,Payment Successed
19038,14195,16-11-2024,Payment Successed
19039,53385,15-01-2022,Payment Successed
19040,84756,06-04-2022,Payment Successed
19041,18042,10-03-2021,Payment Successed
19042,36435,26-12-2020,Failed
19043,19960,21-10-2022,Payment Successed
19044,35080,24-09-2023,Payment Successed
19045,31110,25-05-2020,Payment Successed
19046,60383,17-03-2024,Payment Successed
19047,25993,03-07-2023,Payment Successed
19048,28339,20-06-2021,Payment Successed
19049,29524,03-02-2023,Payment Successed
19050,84400,24-08-2020,Payment Successed
19051,40479,13-07-2023,Payment Successed
19052,98460,28-08-2021,Failed
19053,54739,20-11-2020,Refunded
19054,30999,02-08-2020,Payment Successed
19055,20234,20-09-2021,Payment Successed
19056,84459,27-01-2024,Payment Successed
19057,44938,21-11-2024,Payment Successed
19058,71725,23-05-2022,Payment Successed
19059,68194,21-10-2021,Payment Successed
19060,85802,09-06-2022,Payment Successed
19061,99520,25-06-2022,Payment Successed
19062,18337,07-06-2023,Payment Successed
19063,51995,23-03-2023,Payment Successed
19064,86681,09-11-2023,Payment Successed
19065,18824,22-07-2021,Payment Successed
19066,78906,12-11-2021,Payment Successed
19067,2408,20-06-2020,Payment Successed
19068,3126,08-04-2024,Payment Successed
19069,54248,16-09-2020,Refunded
19070,65166,12-10-2022,Payment Successed
19071,44096,08-05-2022,Failed
19072,70170,30-04-2023,Payment Successed
19073,36762,13-02-2024,Payment Successed
19074,73683,03-01-2023,Payment Successed
19075,4682,06-09-2024,Payment Successed
19076,78864,15-09-2023,Payment Successed
19077,63437,27-07-2023,Payment Successed
19078,17287,02-04-2022,Payment Successed
19079,19468,19-12-2023,Payment Successed
19080,50234,21-08-2022,Payment Successed
19081,30910,13-03-2023,Payment Successed
19082,38922,01-03-2024,Payment Successed
19083,19897,20-02-2020,Payment Successed
19084,78481,29-04-2022,Payment Successed
19085,16373,09-07-2024,Payment Successed
19086,65367,10-05-2024,Payment Successed
19087,46453,31-03-2022,Payment Successed
19088,16850,03-06-2020,Payment Successed
19089,9967,05-02-2020,Payment Successed
19090,72752,10-02-2022,Payment Successed
19091,8594,18-01-2020,Payment Successed
19092,88548,16-10-2021,Payment Successed
19093,84377,16-11-2021,Payment Successed
19094,18262,23-09-2020,Payment Successed
19095,75473,17-06-2023,Payment Successed
19096,15900,11-06-2022,Payment Successed
19097,22377,24-11-2024,Payment Successed
19098,54385,02-04-2021,Payment Successed
19099,59820,24-05-2023,Payment Successed
19100,5526,28-01-2022,Payment Successed
19101,5198,07-03-2024,Payment Successed
19102,64542,06-01-2020,Payment Successed
19103,58390,30-10-2024,Payment Successed
19104,82295,29-06-2023,Refunded
19105,31367,25-03-2024,Refunded
19106,91293,22-05-2024,Refunded
19107,59592,28-01-2020,Payment Successed
19108,58412,11-04-2021,Refunded
19109,8189,23-03-2021,Payment Successed
19110,56990,28-02-2020,Payment Successed
19111,95735,16-04-2020,Payment Successed
19112,42069,22-02-2023,Payment Successed
19113,37915,01-10-2023,Payment Successed
19114,9231,17-02-2023,Payment Successed
19115,78661,18-12-2021,Payment Successed
19116,92271,04-02-2024,Payment Successed
19117,54706,07-07-2021,Payment Successed
19118,32349,21-09-2024,Payment Successed
19119,54881,02-12-2024,Payment Successed
19120,19690,24-12-2022,Payment Successed
19121,93124,08-02-2024,Payment Successed
19122,80099,12-10-2020,Payment Successed
19123,48503,20-11-2023,Payment Successed
19124,45909,22-07-2022,Payment Successed
19125,95642,10-03-2021,Payment Successed
19126,92206,06-12-2024,Payment Successed
19127,42672,19-01-2021,Failed
19128,99585,21-03-2023,Payment Successed
19129,4844,07-05-2022,Payment Successed
19130,65089,01-08-2020,Payment Successed
19131,84932,03-06-2024,Refunded
19132,36549,08-01-2024,Payment Successed
19133,14889,19-07-2023,Payment Successed
19134,19351,02-09-2024,Failed
19135,99838,30-09-2023,Payment Successed
19136,31858,11-04-2020,Payment Successed
19137,66612,11-07-2021,Payment Successed
19138,87365,23-03-2024,Payment Successed
19139,29698,26-07-2023,Payment Successed
19140,13018,05-09-2021,Payment Successed
19141,24306,09-02-2023,Payment Successed
19142,62739,22-12-2022,Failed
19143,42547,03-10-2024,Payment Successed
19144,41308,26-04-2024,Payment Successed
19145,27712,31-08-2022,Payment Successed
19146,63360,23-10-2020,Payment Successed
19147,97869,20-09-2024,Payment Successed
19148,74519,24-09-2022,Payment Successed
19149,97075,06-12-2020,Payment Successed
19150,91450,13-11-2020,Payment Successed
19151,56003,20-12-2021,Payment Successed
19152,42950,20-03-2021,Failed
19153,76096,06-07-2022,Payment Successed
19154,55932,15-07-2023,Payment Successed
19155,32697,21-09-2020,Payment Successed
19156,72639,10-10-2020,Payment Successed
19157,41396,31-08-2022,Payment Successed
19158,17402,10-03-2022,Failed
19159,49819,28-09-2022,Refunded
19160,93289,22-06-2024,Payment Successed
19161,85381,01-11-2022,Payment Successed
19162,20843,29-08-2024,Payment Successed
19163,15641,05-05-2024,Payment Successed
19164,64392,25-01-2023,Payment Successed
19165,28553,30-05-2023,Payment Successed
19166,25166,10-10-2020,Payment Successed
19167,80731,01-03-2020,Payment Successed
19168,88257,14-04-2024,Payment Successed
19169,78941,15-12-2020,Payment Successed
19170,80707,06-01-2020,Refunded
19171,28713,15-08-2023,Payment Successed
19172,17110,22-09-2021,Payment Successed
19173,51543,29-08-2024,Payment Successed
19174,25230,29-12-2024,Payment Successed
19175,53781,14-06-2022,Payment Successed
19176,73432,06-05-2023,Payment Successed
19177,95982,06-06-2024,Payment Successed
19178,37535,10-01-2020,Payment Successed
19179,70364,11-01-2020,Failed
19180,28471,27-07-2023,Payment Successed
19181,21658,31-10-2023,Payment Successed
19182,47390,04-10-2020,Refunded
19183,93245,28-04-2021,Payment Successed
19184,26866,29-08-2024,Payment Successed
19185,40041,23-03-2023,Payment Successed
19186,83271,08-10-2024,Payment Successed
19187,44961,10-02-2022,Payment Successed
19188,36689,24-02-2023,Failed
19189,94467,10-04-2020,Payment Successed
19190,68298,31-07-2023,Payment Successed
19191,66471,23-01-2022,Payment Successed
19192,4111,24-12-2022,Payment Successed
19193,60143,15-09-2023,Payment Successed
19194,54096,27-12-2024,Payment Successed
19195,18049,15-01-2022,Payment Successed
19196,79741,19-10-2023,Payment Successed
19197,36465,01-10-2022,Payment Successed
19198,65408,30-07-2021,Payment Successed
19199,41207,10-03-2023,Failed
19200,18148,22-04-2020,Payment Successed
19201,91112,09-04-2020,Payment Successed
19202,78039,24-08-2021,Payment Successed
19203,2140,24-06-2020,Payment Successed
19204,99269,26-09-2020,Payment Successed
19205,39353,08-11-2024,Payment Successed
19206,85622,25-05-2020,Payment Successed
19207,51895,09-10-2023,Payment Successed
19208,42811,07-01-2022,Payment Successed
19209,14931,19-05-2020,Payment Successed
19210,34664,10-06-2021,Payment Successed
19211,73738,24-01-2024,Payment Successed
19212,94510,18-08-2021,Payment Successed
19213,81155,15-05-2024,Payment Successed
19214,47777,25-04-2022,Payment Successed
19215,76354,12-05-2023,Payment Successed
19216,33023,09-02-2021,Refunded
19217,74719,22-02-2023,Payment Successed
19218,10877,18-05-2020,Payment Successed
19219,12587,29-09-2020,Payment Successed
19220,89981,02-05-2020,Payment Successed
19221,35073,06-09-2024,Payment Successed
19222,98655,19-04-2022,Refunded
19223,35769,17-11-2021,Payment Successed
19224,90032,21-03-2024,Payment Successed
19225,40883,22-02-2024,Payment Successed
19226,44246,14-07-2022,Failed
19227,76909,27-10-2021,Payment Successed
19228,19015,11-08-2024,Payment Successed
19229,40503,21-02-2020,Payment Successed
19230,65671,28-03-2021,Payment Successed
19231,76412,09-09-2021,Payment Successed
19232,33158,23-09-2021,Payment Successed
19233,11969,24-10-2023,Payment Successed
19234,94073,29-03-2023,Payment Successed
19235,16327,27-12-2021,Payment Successed
19236,29000,28-03-2022,Payment Successed
19237,70742,18-09-2021,Payment Successed
19238,76768,02-12-2024,Payment Successed
19239,85278,12-04-2022,Refunded
19240,23738,15-09-2024,Payment Successed
19241,59213,25-01-2023,Payment Successed
19242,29988,11-08-2021,Payment Successed
19243,6579,28-08-2022,Payment Successed
19244,17703,27-11-2022,Payment Successed
19245,27350,15-01-2023,Payment Successed
19246,50942,16-04-2024,Payment Successed
19247,45536,11-03-2023,Refunded
19248,28520,10-01-2021,Payment Successed
19249,53103,17-02-2023,Payment Successed
19250,57585,12-10-2020,Payment Successed
19251,96279,30-10-2021,Payment Successed
19252,16301,19-02-2021,Payment Successed
19253,15074,26-06-2021,Failed
19254,13838,16-08-2020,Payment Successed
19255,56923,20-09-2020,Payment Successed
19256,66587,30-04-2022,Payment Successed
19257,49099,07-03-2022,Payment Successed
19258,61107,22-11-2024,Payment Successed
19259,98506,19-12-2022,Payment Successed
19260,53543,24-10-2020,Payment Successed
19261,55173,29-01-2021,Payment Successed
19262,78569,10-07-2021,Payment Successed
19263,82479,17-12-2021,Failed
19264,3852,14-09-2022,Payment Successed
19265,77735,13-07-2020,Payment Successed
19266,82013,14-08-2022,Payment Successed
19267,82059,09-04-2022,Payment Successed
19268,47709,15-02-2024,Payment Successed
19269,26591,05-10-2024,Payment Successed
19270,62591,26-02-2023,Payment Successed
19271,50844,29-10-2022,Payment Successed
19272,51335,10-12-2022,Payment Successed
19273,68773,12-10-2021,Payment Successed
19274,40707,10-02-2024,Payment Successed
19275,71802,18-08-2024,Payment Successed
19276,63384,24-05-2022,Payment Successed
19277,23584,22-09-2023,Payment Successed
19278,36332,24-02-2021,Payment Successed
19279,87276,29-05-2022,Failed
19280,83045,15-05-2022,Refunded
19281,70050,24-01-2021,Payment Successed
19282,38927,01-07-2020,Payment Successed
19283,15575,20-10-2024,Payment Successed
19284,36792,30-11-2022,Payment Successed
19285,39356,02-09-2020,Payment Successed
19286,21275,31-12-2024,Payment Successed
19287,62986,23-12-2023,Failed
19288,7385,14-05-2021,Payment Successed
19289,70914,27-07-2020,Failed
19290,29257,21-01-2022,Payment Successed
19291,92328,04-10-2020,Payment Successed
19292,67983,30-08-2023,Payment Successed
19293,37400,22-11-2023,Payment Successed
19294,63928,11-07-2023,Payment Successed
19295,51369,25-08-2023,Payment Successed
19296,14392,27-02-2022,Payment Successed
19297,82554,15-11-2022,Payment Successed
19298,14940,19-11-2023,Failed
19299,41594,26-01-2020,Payment Successed
19300,72037,28-01-2021,Payment Successed
19301,79008,22-06-2022,Payment Successed
19302,38239,03-08-2022,Payment Successed
19303,27630,30-08-2020,Payment Successed
19304,5121,10-04-2022,Payment Successed
19305,2847,27-02-2024,Payment Successed
19306,64472,25-06-2021,Payment Successed
19307,46461,10-05-2022,Payment Successed
19308,3654,19-04-2023,Payment Successed
19309,58969,20-06-2021,Payment Successed
19310,37861,02-07-2022,Payment Successed
19311,59707,10-05-2021,Payment Successed
19312,5395,03-04-2023,Payment Successed
19313,97829,15-04-2024,Payment Successed
19314,70763,03-06-2023,Payment Successed
19315,71691,15-11-2022,Payment Successed
19316,75136,19-02-2021,Payment Successed
19317,11375,06-02-2022,Failed
19318,65226,31-07-2021,Payment Successed
19319,73320,27-08-2020,Refunded
19320,96145,17-12-2020,Failed
19321,21397,19-11-2022,Payment Successed
19322,32361,17-02-2021,Payment Successed
19323,66933,10-05-2020,Payment Successed
19324,94177,28-07-2023,Refunded
19325,51760,08-01-2020,Payment Successed
19326,62037,19-09-2020,Payment Successed
19327,38930,20-05-2021,Payment Successed
19328,42430,07-05-2022,Payment Successed
19329,86568,24-06-2024,Payment Successed
19330,82410,18-10-2024,Payment Successed
19331,69259,12-02-2021,Payment Successed
19332,12086,12-07-2021,Payment Successed
19333,57270,19-07-2023,Refunded
19334,26982,02-07-2022,Payment Successed
19335,59794,23-11-2023,Payment Successed
19336,43460,01-07-2022,Payment Successed
19337,58169,12-10-2024,Payment Successed
19338,6631,21-05-2021,Payment Successed
19339,35762,29-07-2021,Payment Successed
19340,99231,29-10-2021,Refunded
19341,14560,29-10-2024,Payment Successed
19342,86271,02-07-2021,Payment Successed
19343,72211,19-12-2023,Payment Successed
19344,95883,25-05-2024,Failed
19345,67880,23-02-2020,Failed
19346,8577,24-10-2022,Payment Successed
19347,61511,30-08-2021,Refunded
19348,51910,19-08-2024,Payment Successed
19349,62589,01-03-2024,Payment Successed
19350,23445,09-11-2022,Payment Successed
19351,65130,02-03-2024,Payment Successed
19352,27299,17-08-2023,Payment Successed
19353,27842,06-05-2021,Failed
19354,56213,02-06-2023,Failed
19355,5360,02-04-2020,Payment Successed
19356,35289,04-12-2020,Refunded
19357,1915,23-07-2022,Payment Successed
19358,22917,13-05-2024,Payment Successed
19359,93728,31-03-2023,Payment Successed
19360,85476,02-11-2022,Payment Successed
19361,17317,29-10-2022,Payment Successed
19362,60733,20-05-2022,Refunded
19363,21428,16-05-2022,Payment Successed
19364,35953,02-04-2021,Payment Successed
19365,30375,14-11-2021,Refunded
19366,75042,17-02-2024,Payment Successed
19367,40907,17-04-2024,Payment Successed
19368,83489,26-11-2022,Payment Successed
19369,30582,21-02-2023,Payment Successed
19370,20528,28-02-2020,Payment Successed
19371,98768,18-05-2021,Failed
19372,34767,28-09-2021,Payment Successed
19373,90302,10-10-2024,Payment Successed
19374,24552,01-01-2022,Payment Successed
19375,90270,21-10-2021,Payment Successed
19376,92142,01-05-2024,Refunded
19377,20442,16-04-2020,Payment Successed
19378,71776,16-04-2022,Payment Successed
19379,72182,15-09-2022,Refunded
19380,34532,27-09-2024,Payment Successed
19381,20853,08-05-2021,Payment Successed
19382,70973,04-06-2023,Payment Successed
19383,17741,12-01-2023,Payment Successed
19384,69710,03-08-2022,Payment Successed
19385,32051,10-09-2021,Payment Successed
19386,88704,12-11-2023,Payment Successed
19387,15349,07-04-2021,Payment Successed
19388,45890,04-05-2023,Payment Successed
19389,49655,03-08-2023,Payment Successed
19390,78859,17-09-2023,Payment Successed
19391,46645,29-02-2020,Payment Successed
19392,77619,14-01-2024,Payment Successed
19393,92950,26-02-2023,Payment Successed
19394,94944,02-05-2023,Payment Successed
19395,96120,18-02-2020,Payment Successed
19396,18707,25-06-2020,Refunded
19397,74278,05-07-2024,Payment Successed
19398,31862,28-12-2020,Payment Successed
19399,55821,05-10-2020,Payment Successed
19400,65794,01-02-2020,Payment Successed
19401,41640,29-11-2021,Payment Successed
19402,62771,18-05-2022,Payment Successed
19403,58712,28-02-2023,Payment Successed
19404,97012,23-12-2024,Payment Successed
19405,67037,02-05-2021,Payment Successed
19406,53007,31-10-2023,Payment Successed
19407,4023,06-07-2023,Payment Successed
19408,57097,07-12-2024,Payment Successed
19409,44458,30-11-2020,Refunded
19410,51849,04-05-2020,Payment Successed
19411,76269,30-08-2020,Payment Successed
19412,45614,20-12-2020,Payment Successed
19413,79575,01-01-2021,Payment Successed
19414,73443,14-11-2022,Payment Successed
19415,89885,08-09-2021,Payment Successed
19416,11656,24-11-2024,Payment Successed
19417,17250,28-08-2020,Payment Successed
19418,33543,23-03-2023,Payment Successed
19419,87671,07-03-2022,Payment Successed
19420,77916,30-09-2020,Payment Successed
19421,21258,16-05-2020,Payment Successed
19422,67852,24-05-2023,Payment Successed
19423,6128,31-03-2020,Payment Successed
19424,61957,23-05-2022,Payment Successed
19425,11026,21-04-2023,Payment Successed
19426,96361,03-02-2020,Refunded
19427,79470,25-08-2024,Payment Successed
19428,55203,01-08-2023,Payment Successed
19429,58550,22-09-2023,Payment Successed
19430,66546,07-11-2023,Payment Successed
19431,8677,24-12-2022,Payment Successed
19432,34877,21-06-2021,Payment Successed
19433,43903,06-07-2021,Payment Successed
19434,14020,17-06-2020,Payment Successed
19435,93858,29-01-2020,Payment Successed
19436,33104,04-06-2023,Payment Successed
19437,97209,20-09-2021,Payment Successed
19438,42132,24-01-2022,Payment Successed
19439,85399,01-02-2024,Failed
19440,29048,10-11-2020,Payment Successed
19441,18878,06-05-2021,Payment Successed
19442,94748,14-04-2022,Payment Successed
19443,11865,19-10-2023,Refunded
19444,5781,08-09-2022,Payment Successed
19445,83734,21-09-2022,Payment Successed
19446,15394,19-06-2024,Payment Successed
19447,58727,04-10-2023,Payment Successed
19448,58981,23-11-2021,Payment Successed
19449,50121,30-11-2024,Payment Successed
19450,51585,27-09-2023,Payment Successed
19451,90508,13-03-2022,Payment Successed
19452,4116,12-07-2020,Payment Successed
19453,58705,18-10-2021,Payment Successed
19454,56606,17-03-2020,Payment Successed
19455,18841,22-04-2022,Payment Successed
19456,49776,05-04-2024,Payment Successed
19457,93939,23-04-2023,Payment Successed
19458,99653,09-05-2024,Failed
19459,90545,15-11-2024,Payment Successed
19460,37521,23-11-2020,Payment Successed
19461,87006,25-03-2021,Payment Successed
19462,21674,11-09-2023,Payment Successed
19463,86236,28-02-2020,Payment Successed
19464,9791,25-05-2022,Payment Successed
19465,7181,13-03-2024,Payment Successed
19466,92929,24-05-2021,Payment Successed
19467,31698,28-08-2020,Payment Successed
19468,42714,03-12-2022,Payment Successed
19469,47934,18-05-2020,Failed
19470,26991,25-03-2023,Payment Successed
19471,42882,06-02-2021,Payment Successed
19472,61946,31-08-2023,Payment Successed
19473,91678,05-12-2021,Payment Successed
19474,20808,18-01-2024,Payment Successed
19475,89092,20-07-2021,Payment Successed
19476,38685,11-02-2023,Payment Successed
19477,17846,27-03-2023,Payment Successed
19478,47017,19-08-2022,Payment Successed
19479,29713,16-05-2021,Payment Successed
19480,84770,19-02-2021,Payment Successed
19481,42647,28-03-2021,Payment Successed
19482,39891,10-10-2024,Refunded
19483,96680,03-01-2024,Payment Successed
19484,79133,18-01-2021,Payment Successed
19485,1800,17-10-2021,Payment Successed
19486,21317,15-10-2024,Payment Successed
19487,30343,12-05-2020,Payment Successed
19488,31260,28-10-2024,Payment Successed
19489,42622,17-05-2021,Payment Successed
19490,36690,10-03-2020,Payment Successed
19491,87809,17-10-2020,Payment Successed
19492,77180,16-09-2024,Failed
19493,23376,30-09-2023,Payment Successed
19494,63781,23-03-2023,Payment Successed
19495,25262,15-04-2020,Payment Successed
19496,54134,04-12-2023,Payment Successed
19497,42121,11-01-2020,Payment Successed
19498,97863,26-01-2024,Payment Successed
19499,16365,12-04-2020,Payment Successed
19500,7106,08-09-2023,Payment Successed
19501,53654,11-06-2021,Payment Successed
19502,57983,16-12-2023,Failed
19503,12194,06-07-2024,Payment Successed
19504,17279,23-05-2021,Payment Successed
19505,5742,25-09-2022,Payment Successed
19506,76160,24-11-2022,Payment Successed
19507,45492,13-01-2024,Failed
19508,51989,02-10-2024,Payment Successed
19509,94966,13-07-2023,Payment Successed
19510,31675,04-05-2022,Refunded
19511,85236,10-06-2021,Payment Successed
19512,27793,25-02-2020,Payment Successed
19513,90527,29-08-2023,Refunded
19514,47499,24-03-2022,Payment Successed
19515,55179,22-08-2023,Refunded
19516,18849,08-11-2023,Payment Successed
19517,57014,21-01-2020,Payment Successed
19518,8882,17-04-2022,Refunded
19519,44253,13-02-2020,Payment Successed
19520,49561,19-01-2023,Payment Successed
19521,21532,18-07-2024,Payment Successed
19522,33955,24-06-2022,Payment Successed
19523,31343,04-05-2023,Payment Successed
19524,86609,26-10-2022,Payment Successed
19525,13301,20-04-2020,Failed
19526,99125,25-03-2022,Payment Successed
19527,85267,23-11-2020,Payment Successed
19528,39801,07-06-2021,Payment Successed
19529,91126,22-09-2024,Payment Successed
19530,39488,26-05-2024,Failed
19531,12141,15-06-2023,Payment Successed
19532,14124,11-05-2021,Payment Successed
19533,36396,30-08-2023,Payment Successed
19534,83098,14-01-2021,Failed
19535,49930,28-08-2024,Payment Successed
19536,5022,06-04-2023,Payment Successed
19537,70319,12-10-2021,Failed
19538,21184,29-07-2024,Payment Successed
19539,11888,22-03-2020,Payment Successed
19540,21224,12-05-2021,Payment Successed
19541,14746,11-04-2022,Payment Successed
19542,38272,12-09-2024,Payment Successed
19543,32231,28-05-2021,Payment Successed
19544,38746,04-04-2022,Payment Successed
19545,30513,20-11-2020,Payment Successed
19546,67490,28-02-2024,Failed
19547,63525,04-04-2020,Payment Successed
19548,59146,13-07-2020,Payment Successed
19549,60520,21-04-2021,Payment Successed
19550,11435,06-03-2024,Payment Successed
19551,69559,23-08-2024,Payment Successed
19552,9509,14-02-2023,Payment Successed
19553,46254,19-08-2024,Payment Successed
19554,37776,29-11-2020,Payment Successed
19555,46874,02-06-2024,Payment Successed
19556,14156,23-03-2023,Payment Successed
19557,63087,22-12-2023,Payment Successed
19558,39471,09-05-2022,Payment Successed
19559,61057,15-11-2021,Payment Successed
19560,86018,24-06-2021,Payment Successed
19561,4492,31-03-2022,Payment Successed
19562,51864,23-02-2024,Payment Successed
19563,88149,23-04-2021,Payment Successed
19564,57238,03-12-2022,Payment Successed
19565,91016,05-10-2020,Payment Successed
19566,81060,30-09-2022,Payment Successed
19567,48642,04-04-2023,Failed
19568,29389,05-11-2022,Payment Successed
19569,97516,01-07-2020,Payment Successed
19570,49829,01-03-2022,Payment Successed
19571,58719,26-11-2020,Payment Successed
19572,14868,20-12-2024,Payment Successed
19573,94004,21-10-2024,Payment Successed
19574,41635,06-11-2022,Payment Successed
19575,41054,28-12-2020,Payment Successed
19576,97550,25-02-2022,Payment Successed
19577,94378,25-03-2024,Payment Successed
19578,67741,12-08-2024,Payment Successed
19579,21187,21-11-2023,Refunded
19580,88506,17-04-2021,Payment Successed
19581,13520,20-07-2020,Payment Successed
19582,39802,17-10-2020,Payment Successed
19583,27144,19-03-2020,Payment Successed
19584,4820,29-11-2021,Payment Successed
19585,16061,29-07-2020,Payment Successed
19586,61633,01-02-2022,Payment Successed
19587,78948,14-07-2020,Payment Successed
19588,88981,11-06-2021,Payment Successed
19589,19302,13-04-2021,Payment Successed
19590,21043,13-06-2024,Payment Successed
19591,71059,24-03-2021,Refunded
19592,29557,05-09-2023,Payment Successed
19593,41018,22-05-2021,Payment Successed
19594,80499,08-12-2021,Payment Successed
19595,45835,14-01-2023,Payment Successed
19596,35939,11-02-2022,Payment Successed
19597,87888,05-02-2020,Payment Successed
19598,92765,18-06-2022,Payment Successed
19599,98024,14-11-2024,Payment Successed
19600,14241,18-03-2020,Payment Successed
19601,82194,01-09-2020,Refunded
19602,56304,08-08-2020,Payment Successed
19603,4249,07-11-2022,Payment Successed
19604,17673,26-06-2022,Payment Successed
19605,40265,14-03-2020,Refunded
19606,72554,10-09-2022,Payment Successed
19607,48607,18-02-2023,Refunded
19608,53285,12-09-2022,Payment Successed
19609,84249,11-02-2024,Payment Successed
19610,34492,23-04-2024,Payment Successed
19611,99698,02-03-2021,Payment Successed
19612,37769,15-07-2023,Failed
19613,47720,02-02-2020,Payment Successed
19614,30352,12-11-2024,Payment Successed
19615,6586,02-01-2020,Refunded
19616,99535,27-02-2024,Payment Successed
19617,2081,25-02-2022,Payment Successed
19618,71542,16-11-2022,Payment Successed
19619,98885,22-04-2024,Payment Successed
19620,10963,10-05-2022,Payment Successed
19621,16203,13-04-2023,Refunded
19622,49996,17-01-2023,Payment Successed
19623,67132,04-09-2021,Failed
19624,55386,21-12-2021,Payment Successed
19625,90472,02-07-2021,Payment Successed
19626,66824,13-09-2020,Payment Successed
19627,35756,14-04-2023,Payment Successed
19628,73916,30-05-2022,Payment Successed
19629,51252,06-09-2020,Refunded
19630,90978,17-04-2020,Payment Successed
19631,54404,16-04-2022,Payment Successed
19632,97129,26-01-2024,Payment Successed
19633,16459,25-08-2021,Payment Successed
19634,29975,29-03-2021,Payment Successed
19635,41266,13-06-2021,Payment Successed
19636,17397,23-08-2022,Payment Successed
19637,77322,25-10-2021,Payment Successed
19638,84136,11-02-2020,Payment Successed
19639,64499,01-06-2021,Payment Successed
19640,1007,11-06-2020,Payment Successed
19641,74587,06-02-2020,Payment Successed
19642,92441,04-09-2024,Payment Successed
19643,20350,17-06-2023,Payment Successed
19644,21615,05-01-2021,Payment Successed
19645,56111,18-01-2022,Payment Successed
19646,47310,20-06-2024,Payment Successed
19647,72465,10-10-2021,Payment Successed
19648,43173,28-08-2023,Payment Successed
19649,65819,03-07-2024,Refunded
19650,36461,14-11-2024,Payment Successed
19651,92080,18-09-2023,Payment Successed
19652,25672,23-01-2020,Payment Successed
19653,28819,09-10-2024,Payment Successed
19654,59616,21-09-2023,Payment Successed
19655,72854,29-04-2022,Payment Successed
19656,26290,03-04-2023,Payment Successed
19657,97251,09-12-2024,Payment Successed
19658,24869,29-12-2023,Payment Successed
19659,42078,18-09-2022,Payment Successed
19660,64288,28-08-2021,Payment Successed
19661,19446,21-08-2020,Refunded
19662,76972,03-02-2020,Refunded
19663,44744,03-04-2022,Refunded
19664,57411,26-07-2024,Payment Successed
19665,95051,13-08-2022,Payment Successed
19666,15035,21-06-2024,Payment Successed
19667,76987,05-06-2020,Payment Successed
19668,59444,19-04-2020,Failed
19669,67278,15-04-2023,Payment Successed
19670,93868,28-05-2022,Payment Successed
19671,28407,21-05-2024,Failed
19672,31827,18-01-2024,Payment Successed
19673,82064,15-07-2021,Refunded
19674,57197,15-04-2021,Payment Successed
19675,69612,27-02-2022,Payment Successed
19676,18253,26-03-2024,Payment Successed
19677,85531,15-02-2023,Payment Successed
19678,7111,27-11-2023,Payment Successed
19679,23522,10-04-2020,Payment Successed
19680,39806,19-11-2021,Payment Successed
19681,89214,03-12-2020,Payment Successed
19682,94112,12-03-2021,Payment Successed
19683,48307,27-04-2021,Payment Successed
19684,93340,26-10-2023,Payment Successed
19685,55664,14-12-2020,Payment Successed
19686,16725,09-12-2021,Payment Successed
19687,63650,25-12-2020,Payment Successed
19688,87032,22-02-2023,Payment Successed
19689,90642,20-03-2024,Payment Successed
19690,68191,04-06-2024,Payment Successed
19691,33149,09-05-2024,Payment Successed
19692,4888,09-05-2020,Failed
19693,94960,22-02-2023,Payment Successed
19694,71849,16-10-2021,Payment Successed
19695,90827,06-07-2020,Payment Successed
19696,85288,28-02-2024,Payment Successed
19697,37818,19-08-2021,Payment Successed
19698,79019,08-07-2020,Failed
19699,28394,23-09-2020,Payment Successed
19700,30296,02-07-2023,Payment Successed
19701,30862,05-08-2023,Payment Successed
19702,24467,01-05-2022,Payment Successed
19703,59141,13-02-2024,Payment Successed
19704,90377,05-03-2020,Payment Successed
19705,80783,30-04-2023,Refunded
19706,10878,19-03-2022,Payment Successed
19707,83250,12-06-2023,Payment Successed
19708,64181,16-05-2022,Payment Successed
19709,70822,22-11-2021,Failed
19710,90040,27-04-2024,Failed
19711,35875,03-01-2023,Payment Successed
19712,89501,06-12-2024,Payment Successed
19713,74181,28-02-2024,Payment Successed
19714,18013,07-09-2024,Payment Successed
19715,14329,31-03-2021,Payment Successed
19716,45519,03-02-2023,Payment Successed
19717,27496,25-09-2020,Refunded
19718,36091,20-10-2024,Payment Successed
19719,57373,06-07-2023,Payment Successed
19720,6380,24-12-2020,Payment Successed
19721,85620,29-08-2023,Payment Successed
19722,1698,22-08-2024,Payment Successed
19723,31263,11-05-2023,Payment Successed
19724,6152,24-07-2020,Payment Successed
19725,26070,25-02-2024,Refunded
19726,14372,21-02-2021,Refunded
19727,53471,17-11-2022,Payment Successed
19728,83926,30-03-2020,Payment Successed
19729,19328,15-11-2024,Payment Successed
19730,92116,24-05-2023,Payment Successed
19731,66944,18-01-2024,Payment Successed
19732,54276,13-06-2021,Payment Successed
19733,37534,11-08-2020,Payment Successed
19734,9781,05-07-2024,Payment Successed
19735,51334,02-07-2021,Payment Successed
19736,99377,29-04-2024,Payment Successed
19737,5112,20-01-2023,Payment Successed
19738,61709,10-01-2023,Payment Successed
19739,77329,24-04-2021,Refunded
19740,8782,01-06-2023,Payment Successed
19741,5854,10-05-2020,Payment Successed
19742,59414,08-01-2024,Payment Successed
19743,50190,02-04-2021,Failed
19744,89618,14-07-2021,Payment Successed
19745,51070,13-05-2023,Payment Successed
19746,10626,29-01-2023,Payment Successed
19747,75044,22-09-2022,Payment Successed
19748,55837,12-11-2023,Payment Successed
19749,31345,17-05-2020,Payment Successed
19750,40629,15-05-2024,Payment Successed
19751,45056,10-10-2024,Payment Successed
19752,53732,18-07-2020,Payment Successed
19753,98525,22-04-2020,Payment Successed
19754,4825,18-06-2021,Payment Successed
19755,8149,20-11-2022,Payment Successed
19756,43240,22-02-2022,Payment Successed
19757,95755,15-08-2020,Payment Successed
19758,82767,30-10-2023,Failed
19759,82582,11-11-2023,Payment Successed
19760,42945,02-01-2022,Payment Successed
19761,18528,17-08-2020,Payment Successed
19762,29010,19-10-2024,Payment Successed
19763,36079,13-07-2021,Payment Successed
19764,31880,20-08-2020,Payment Successed
19765,40473,27-08-2021,Payment Successed
19766,43800,22-03-2020,Payment Successed
19767,44158,17-11-2020,Refunded
19768,95448,02-05-2022,Refunded
19769,44004,27-07-2021,Payment Successed
19770,32910,22-07-2022,Payment Successed
19771,74834,12-09-2023,Payment Successed
19772,26120,28-02-2023,Payment Successed
19773,95118,29-05-2022,Payment Successed
19774,85804,03-09-2021,Payment Successed
19775,30534,20-12-2021,Payment Successed
19776,94009,29-05-2024,Payment Successed
19777,3347,26-04-2021,Payment Successed
19778,14003,30-04-2024,Payment Successed
19779,6121,09-05-2022,Payment Successed
19780,22163,10-12-2020,Payment Successed
19781,85945,10-09-2020,Failed
19782,15761,25-08-2022,Payment Successed
19783,97551,15-02-2023,Payment Successed
19784,10335,27-05-2021,Failed
19785,98476,04-03-2020,Payment Successed
19786,60210,11-11-2021,Payment Successed
19787,87758,14-04-2022,Payment Successed
19788,1749,14-06-2020,Payment Successed
19789,50006,13-04-2022,Payment Successed
19790,12062,02-01-2021,Payment Successed
19791,45625,07-06-2021,Payment Successed
19792,7060,14-07-2021,Payment Successed
19793,90679,17-11-2020,Refunded
19794,45566,26-05-2023,Payment Successed
19795,80622,29-04-2020,Payment Successed
19796,6539,25-05-2020,Payment Successed
19797,27098,10-05-2024,Payment Successed
19798,92214,24-01-2022,Payment Successed
19799,51815,09-12-2021,Payment Successed
19800,33009,09-12-2022,Payment Successed
19801,35588,05-01-2023,Payment Successed
19802,18327,14-10-2022,Payment Successed
19803,90306,28-08-2020,Payment Successed
19804,40740,03-10-2021,Refunded
19805,77095,22-11-2020,Payment Successed
19806,7421,08-01-2023,Payment Successed
19807,45076,21-08-2021,Payment Successed
19808,63775,22-10-2023,Payment Successed
19809,33154,05-10-2024,Payment Successed
19810,6653,24-10-2020,Payment Successed
19811,90615,14-05-2020,Failed
19812,34566,17-04-2021,Payment Successed
19813,76331,10-12-2022,Payment Successed
19814,60500,03-01-2023,Payment Successed
19815,57963,03-01-2024,Payment Successed
19816,96994,08-07-2020,Payment Successed
19817,54155,27-12-2021,Payment Successed
19818,28025,04-05-2023,Payment Successed
19819,13341,10-11-2020,Payment Successed
19820,72658,16-11-2022,Refunded
19821,82663,06-07-2024,Payment Successed
19822,4840,03-08-2021,Payment Successed
19823,11027,13-12-2020,Payment Successed
19824,69504,13-08-2022,Payment Successed
19825,79011,24-10-2020,Refunded
19826,70072,06-08-2020,Payment Successed
19827,2511,10-03-2023,Payment Successed
19828,17449,01-02-2022,Payment Successed
19829,81931,03-10-2021,Payment Successed
19830,3874,16-04-2020,Payment Successed
19831,88633,13-11-2023,Payment Successed
19832,12877,20-11-2021,Payment Successed
19833,38219,04-08-2022,Refunded
19834,30958,04-01-2020,Payment Successed
19835,97396,04-06-2023,Payment Successed
19836,93236,05-10-2023,Payment Successed
19837,4511,25-12-2022,Payment Successed
19838,80712,16-03-2022,Payment Successed
19839,42168,21-09-2024,Payment Successed
19840,13347,12-08-2024,Payment Successed
19841,37448,16-10-2020,Payment Successed
19842,59103,12-02-2023,Payment Successed
19843,2667,11-07-2020,Payment Successed
19844,62478,03-11-2023,Payment Successed
19845,4363,20-11-2023,Refunded
19846,91229,09-10-2020,Payment Successed
19847,1211,04-12-2023,Payment Successed
19848,76477,22-09-2023,Payment Successed
19849,28001,28-08-2020,Payment Successed
19850,37406,04-09-2021,Payment Successed
19851,39496,02-07-2023,Payment Successed
19852,20864,27-06-2020,Payment Successed
19853,22736,26-05-2023,Payment Successed
19854,64756,09-12-2022,Payment Successed
19855,16187,24-03-2023,Payment Successed
19856,36888,13-05-2021,Payment Successed
19857,23957,02-02-2021,Payment Successed
19858,42740,28-05-2022,Failed
19859,69156,07-09-2024,Payment Successed
19860,35281,18-10-2024,Refunded
19861,33336,27-02-2021,Payment Successed
19862,7478,02-03-2022,Payment Successed
19863,76189,18-09-2021,Payment Successed
19864,4121,03-07-2022,Payment Successed
19865,7187,24-10-2020,Payment Successed
19866,10438,29-09-2024,Payment Successed
19867,96788,08-11-2020,Payment Successed
19868,60384,06-07-2024,Payment Successed
19869,82199,03-12-2023,Payment Successed
19870,45713,08-10-2023,Payment Successed
19871,83716,14-11-2023,Payment Successed
19872,96412,10-03-2023,Payment Successed
19873,57669,05-08-2024,Payment Successed
19874,29209,03-06-2021,Payment Successed
19875,61571,13-05-2020,Payment Successed
19876,65365,19-07-2021,Payment Successed
19877,18284,14-06-2020,Payment Successed
19878,85265,14-06-2023,Failed
19879,87368,11-05-2022,Payment Successed
19880,22225,09-05-2022,Payment Successed
19881,97244,30-03-2022,Payment Successed
19882,53004,24-03-2024,Payment Successed
19883,70768,29-11-2021,Payment Successed
19884,5840,02-05-2023,Payment Successed
19885,56008,26-10-2021,Payment Successed
19886,16970,13-07-2020,Refunded
19887,92057,16-04-2022,Payment Successed
19888,95256,25-08-2024,Payment Successed
19889,51111,18-02-2021,Payment Successed
19890,71636,05-12-2022,Refunded
19891,75934,04-09-2024,Payment Successed
19892,59796,15-06-2020,Payment Successed
19893,70227,26-09-2020,Payment Successed
19894,85845,06-08-2022,Payment Successed
19895,31976,07-06-2022,Payment Successed
19896,12946,01-10-2024,Payment Successed
19897,16306,15-04-2020,Payment Successed
19898,1692,07-02-2021,Payment Successed
19899,58028,31-03-2024,Payment Successed
19900,17711,01-06-2022,Payment Successed
19901,37198,04-08-2023,Payment Successed
19902,5369,13-05-2024,Payment Successed
19903,78727,19-06-2020,Payment Successed
19904,85833,13-04-2022,Refunded
19905,30325,08-08-2024,Payment Successed
19906,45074,06-01-2020,Payment Successed
19907,70583,06-04-2022,Payment Successed
19908,34368,03-06-2021,Payment Successed
19909,24982,05-11-2022,Payment Successed
19910,62970,26-01-2020,Payment Successed
19911,33937,29-09-2023,Payment Successed
19912,8498,29-02-2024,Payment Successed
19913,93757,26-11-2020,Payment Successed
19914,17708,25-06-2023,Payment Successed
19915,30951,16-03-2020,Payment Successed
19916,42382,24-01-2020,Payment Successed
19917,77055,16-09-2022,Payment Successed
19918,93447,22-02-2022,Refunded
19919,26046,05-04-2023,Payment Successed
19920,54896,06-11-2024,Payment Successed
19921,34799,12-07-2024,Payment Successed
19922,18014,09-07-2022,Payment Successed
19923,14992,12-11-2024,Payment Successed
19924,47027,29-10-2021,Payment Successed
19925,35302,08-03-2021,Payment Successed
19926,92344,27-11-2024,Payment Successed
19927,75101,04-05-2021,Payment Successed
19928,93229,24-07-2022,Refunded
19929,43464,05-05-2024,Payment Successed
19930,1366,21-09-2020,Payment Successed
19931,6771,15-02-2022,Payment Successed
19932,17126,08-10-2020,Payment Successed
19933,66954,25-03-2023,Payment Successed
19934,72809,14-02-2024,Payment Successed
19935,87489,29-09-2023,Payment Successed
19936,73829,05-03-2024,Payment Successed
19937,41318,21-05-2024,Payment Successed
19938,45648,19-03-2021,Payment Successed
19939,41565,15-12-2023,Payment Successed
19940,68943,15-05-2020,Payment Successed
19941,44992,19-09-2024,Payment Successed
19942,39728,13-06-2021,Payment Successed
19943,21134,13-06-2023,Payment Successed
19944,48799,30-04-2024,Payment Successed
19945,34897,05-03-2022,Payment Successed
19946,62288,19-02-2022,Payment Successed
19947,52100,30-03-2023,Payment Successed
19948,8556,08-09-2024,Payment Successed
19949,64695,29-07-2023,Payment Successed
19950,12453,19-06-2023,Payment Successed
19951,31188,09-04-2024,Payment Successed
19952,42372,24-09-2024,Payment Successed
19953,49082,20-07-2022,Payment Successed
19954,45048,14-08-2021,Payment Successed
19955,50052,20-10-2020,Payment Successed
19956,64167,18-09-2024,Payment Successed
19957,31337,12-01-2024,Payment Successed
19958,68602,05-03-2023,Payment Successed
19959,51350,21-04-2021,Payment Successed
19960,47123,07-03-2022,Payment Successed
19961,98878,14-11-2023,Payment Successed
19962,46150,18-01-2021,Payment Successed
19963,31097,10-06-2023,Payment Successed
19964,62852,15-05-2022,Payment Successed
19965,40062,02-12-2021,Payment Successed
19966,24494,04-08-2021,Payment Successed
19967,69288,06-10-2022,Payment Successed
19968,2233,20-10-2022,Payment Successed
19969,96939,06-02-2023,Payment Successed
19970,81545,31-08-2020,Payment Successed
19971,25728,20-11-2020,Payment Successed
19972,85268,14-05-2023,Payment Successed
19973,45039,22-04-2021,Payment Successed
19974,37464,28-11-2021,Payment Successed
19975,9078,27-08-2024,Payment Successed
19976,97999,25-08-2021,Payment Successed
19977,23004,18-08-2023,Payment Successed
19978,79737,14-03-2020,Payment Successed
19979,87394,18-03-2021,Payment Successed
19980,54993,28-04-2023,Payment Successed
19981,9738,16-02-2021,Payment Successed
19982,56290,27-09-2023,Payment Successed
19983,36262,22-03-2023,Refunded
19984,87117,03-04-2024,Refunded
19985,34597,06-07-2022,Payment Successed
19986,54763,23-03-2024,Payment Successed
19987,62255,14-04-2021,Payment Successed
19988,71546,04-07-2021,Payment Successed
19989,27816,01-01-2022,Payment Successed
19990,71120,30-08-2021,Payment Successed
19991,36444,12-08-2021,Payment Successed
19992,39504,11-05-2021,Payment Successed
19993,2651,04-03-2021,Payment Successed
19994,67113,21-10-2023,Payment Successed
19995,27667,26-05-2023,Payment Successed
19996,52410,23-05-2023,Payment Successed
19997,75692,05-06-2021,Refunded
19998,12382,01-02-2020,Payment Successed
19999,65370,02-02-2022,Payment Successed
20000,39722,24-11-2023,Payment Successed
20001,67043,14-08-2024,Failed
20002,14865,15-12-2021,Payment Successed
20003,21007,03-06-2021,Payment Successed
20004,88470,25-03-2021,Payment Successed
20005,76095,25-07-2021,Payment Successed
20006,13002,18-09-2022,Failed
20007,90696,31-03-2021,Payment Successed
20008,32509,17-12-2023,Payment Successed
20009,91963,09-09-2021,Payment Successed
20010,72693,28-12-2020,Refunded
20011,18480,01-11-2020,Payment Successed
20012,39297,12-08-2023,Payment Successed
20013,82000,11-09-2020,Payment Successed
20014,16482,05-01-2021,Payment Successed
20015,3118,08-11-2022,Payment Successed
20016,76218,23-03-2021,Payment Successed
20017,7785,22-01-2021,Refunded
20018,12671,25-03-2021,Payment Successed
20019,31992,10-07-2020,Payment Successed
20020,49704,18-09-2023,Payment Successed
20021,9215,17-07-2021,Payment Successed
20022,11487,14-07-2022,Payment Successed
20023,51576,15-03-2020,Payment Successed
20024,56856,07-08-2020,Payment Successed
20025,64983,21-11-2021,Payment Successed
20026,7541,13-07-2023,Payment Successed
20027,30382,11-02-2021,Payment Successed
20028,84189,21-10-2022,Payment Successed
20029,51688,05-04-2022,Payment Successed
20030,51409,07-08-2022,Payment Successed
20031,56156,07-08-2021,Payment Successed
20032,15131,18-02-2024,Payment Successed
20033,49658,16-02-2024,Payment Successed
20034,28290,19-11-2022,Payment Successed
20035,98411,21-12-2023,Payment Successed
20036,85715,22-12-2020,Payment Successed
20037,52504,17-09-2021,Payment Successed
20038,96443,23-06-2021,Payment Successed
20039,67566,12-04-2022,Payment Successed
20040,76513,02-08-2022,Payment Successed
20041,21214,16-12-2023,Payment Successed
20042,36732,14-11-2023,Payment Successed
20043,82054,25-01-2021,Refunded
20044,23658,13-07-2024,Payment Successed
20045,88734,31-03-2020,Payment Successed
20046,20097,07-01-2021,Payment Successed
20047,36443,07-01-2020,Payment Successed
20048,2353,17-09-2022,Payment Successed
20049,99555,09-01-2020,Payment Successed
20050,70916,05-03-2023,Payment Successed
20051,65663,05-11-2024,Payment Successed
20052,74985,20-08-2022,Payment Successed
20053,16832,11-02-2022,Payment Successed
20054,16552,16-10-2022,Payment Successed
20055,12192,17-05-2020,Payment Successed
20056,36417,05-03-2023,Payment Successed
20057,5947,20-02-2022,Payment Successed
20058,60680,06-08-2020,Payment Successed
20059,70001,14-07-2024,Payment Successed
20060,92504,06-10-2020,Payment Successed
20061,7398,11-05-2020,Payment Successed
20062,27478,10-04-2024,Failed
20063,53118,06-11-2020,Payment Successed
20064,3421,17-01-2021,Payment Successed
20065,58536,27-03-2023,Payment Successed
20066,88388,10-05-2024,Payment Successed
20067,26277,21-03-2020,Payment Successed
20068,52795,02-05-2020,Refunded
20069,14242,28-02-2021,Payment Successed
20070,97072,20-06-2022,Payment Successed
20071,71925,11-08-2024,Payment Successed
20072,45680,25-05-2020,Payment Successed
20073,80084,18-09-2024,Payment Successed
20074,41879,29-07-2021,Payment Successed
20075,12704,27-12-2022,Refunded
20076,49125,13-03-2021,Payment Successed
20077,86606,16-07-2024,Payment Successed
20078,28165,27-12-2022,Payment Successed
20079,32161,10-03-2021,Payment Successed
20080,38617,06-01-2024,Payment Successed
20081,97502,05-06-2022,Payment Successed
20082,41889,13-04-2022,Payment Successed
20083,89911,29-05-2024,Payment Successed
20084,73746,28-08-2023,Payment Successed
20085,89786,09-08-2020,Payment Successed
20086,21216,19-09-2020,Payment Successed
20087,76653,31-01-2023,Payment Successed
20088,50332,24-05-2022,Payment Successed
20089,92302,03-05-2024,Payment Successed
20090,51609,25-03-2020,Payment Successed
20091,69471,06-05-2021,Payment Successed
20092,29828,02-12-2020,Payment Successed
20093,19159,09-01-2020,Payment Successed
20094,43957,23-11-2021,Failed
20095,97070,14-03-2022,Payment Successed
20096,38022,12-05-2021,Payment Successed
20097,19687,25-06-2022,Payment Successed
20098,60779,28-01-2021,Failed
20099,93674,10-11-2023,Payment Successed
20100,61701,20-06-2023,Payment Successed
20101,23481,01-01-2022,Failed
20102,63045,27-08-2020,Payment Successed
20103,6492,09-11-2020,Payment Successed
20104,49686,03-03-2021,Refunded
20105,54336,26-02-2020,Payment Successed
20106,88137,24-06-2022,Payment Successed
20107,84378,12-10-2021,Refunded
20108,37987,06-03-2020,Payment Successed
20109,1291,05-11-2021,Failed
20110,59124,20-11-2024,Payment Successed
20111,36315,29-10-2020,Payment Successed
20112,78667,19-06-2021,Payment Successed
20113,94737,11-06-2023,Refunded
20114,88133,29-11-2024,Payment Successed
20115,37466,31-01-2020,Payment Successed
20116,28175,22-03-2021,Payment Successed
20117,13938,16-08-2023,Refunded
20118,42497,27-07-2021,Payment Successed
20119,51389,27-02-2023,Payment Successed
20120,84062,27-03-2021,Payment Successed
20121,55867,29-08-2021,Payment Successed
20122,75141,04-02-2021,Payment Successed
20123,46449,19-08-2020,Payment Successed
20124,26322,07-01-2021,Payment Successed
20125,56034,29-04-2020,Payment Successed
20126,18801,21-05-2024,Payment Successed
20127,91814,02-01-2021,Payment Successed
20128,79660,21-05-2022,Payment Successed
20129,68972,01-12-2020,Payment Successed
20130,31668,04-05-2023,Payment Successed
20131,97803,14-09-2021,Payment Successed
20132,85582,15-08-2022,Payment Successed
20133,19580,01-10-2023,Payment Successed
20134,24357,23-06-2021,Payment Successed
20135,56704,19-06-2021,Payment Successed
20136,85681,03-08-2023,Payment Successed
20137,5093,13-03-2022,Payment Successed
20138,56293,27-08-2022,Refunded
20139,20549,13-08-2021,Failed
20140,67398,31-12-2021,Payment Successed
20141,75562,24-10-2023,Payment Successed
20142,32816,04-04-2024,Payment Successed
20143,78270,15-12-2023,Payment Successed
20144,7027,25-12-2022,Payment Successed
20145,11774,03-07-2024,Payment Successed
20146,76836,20-02-2022,Payment Successed
20147,88662,05-11-2021,Payment Successed
20148,6105,21-12-2023,Payment Successed
20149,87180,01-06-2021,Payment Successed
20150,40028,27-02-2024,Payment Successed
20151,50197,10-03-2024,Payment Successed
20152,22510,21-04-2024,Payment Successed
20153,74356,05-02-2023,Payment Successed
20154,18404,14-05-2020,Failed
20155,86652,31-03-2022,Payment Successed
20156,42905,01-08-2021,Payment Successed
20157,66151,17-09-2021,Payment Successed
20158,16512,24-08-2021,Payment Successed
20159,36944,29-05-2022,Payment Successed
20160,15746,21-11-2024,Payment Successed
20161,53044,16-11-2023,Payment Successed
20162,50401,06-02-2021,Payment Successed
20163,22817,14-05-2023,Payment Successed
20164,87310,08-02-2021,Payment Successed
20165,55195,27-11-2022,Failed
20166,1369,24-02-2020,Payment Successed
20167,17881,21-04-2021,Payment Successed
20168,31935,16-04-2023,Payment Successed
20169,29522,19-12-2020,Payment Successed
20170,4059,15-09-2023,Payment Successed
20171,32253,02-11-2020,Payment Successed
20172,62060,08-08-2022,Payment Successed
20173,97220,03-10-2022,Payment Successed
20174,49080,23-05-2023,Payment Successed
20175,93510,01-02-2021,Payment Successed
20176,34321,12-05-2023,Payment Successed
20177,52154,24-10-2022,Payment Successed
20178,84681,10-02-2020,Payment Successed
20179,93718,03-07-2024,Payment Successed
20180,95244,04-03-2024,Payment Successed
20181,6491,24-08-2024,Refunded
20182,25564,21-05-2021,Payment Successed
20183,75961,01-11-2020,Payment Successed
20184,49932,27-11-2023,Payment Successed
20185,20075,21-10-2024,Payment Successed
20186,63852,27-09-2023,Payment Successed
20187,52608,25-06-2022,Failed
20188,38725,27-02-2021,Payment Successed
20189,25032,03-01-2020,Payment Successed
20190,7116,02-05-2024,Payment Successed
20191,33809,17-06-2022,Payment Successed
20192,33214,23-06-2024,Payment Successed
20193,66368,10-07-2023,Payment Successed
20194,10192,23-01-2020,Payment Successed
20195,70216,06-10-2024,Payment Successed
20196,55116,20-12-2023,Failed
20197,68454,08-05-2024,Refunded
20198,1012,23-01-2020,Payment Successed
20199,95242,12-12-2020,Payment Successed
20200,91031,10-12-2024,Payment Successed
20201,20705,24-10-2022,Payment Successed
20202,25465,12-09-2020,Payment Successed
20203,50275,19-11-2021,Payment Successed
20204,84424,17-03-2021,Payment Successed
20205,77148,15-12-2021,Payment Successed
20206,51624,30-04-2021,Payment Successed
20207,61178,18-09-2023,Payment Successed
20208,67173,27-03-2024,Payment Successed
20209,71897,07-11-2022,Payment Successed
20210,44778,11-10-2023,Payment Successed
20211,68696,03-04-2020,Payment Successed
20212,29860,04-01-2023,Payment Successed
20213,54454,15-12-2020,Payment Successed
20214,35066,24-04-2022,Payment Successed
20215,5860,28-08-2020,Payment Successed
20216,84706,06-06-2020,Payment Successed
20217,84242,15-08-2020,Refunded
20218,59212,24-02-2022,Payment Successed
20219,80026,30-07-2023,Payment Successed
20220,85927,24-07-2023,Payment Successed
20221,19709,21-11-2022,Payment Successed
20222,50797,08-07-2024,Payment Successed
20223,31154,08-07-2024,Payment Successed
20224,70712,06-08-2023,Payment Successed
20225,23364,28-02-2020,Payment Successed
20226,29837,02-11-2023,Payment Successed
20227,43852,09-12-2021,Payment Successed
20228,55462,22-11-2021,Payment Successed
20229,17387,16-09-2022,Payment Successed
20230,58426,24-09-2021,Payment Successed
20231,51676,29-06-2024,Payment Successed
20232,83477,15-01-2023,Payment Successed
20233,90866,01-04-2022,Payment Successed
20234,18451,02-06-2021,Payment Successed
20235,64876,27-06-2023,Payment Successed
20236,86588,11-09-2022,Payment Successed
20237,3125,06-06-2020,Payment Successed
20238,69645,06-06-2021,Payment Successed
20239,6836,21-01-2021,Payment Successed
20240,84854,23-10-2024,Payment Successed
20241,94463,25-02-2021,Payment Successed
20242,66744,17-01-2021,Payment Successed
20243,47032,07-09-2020,Payment Successed
20244,42052,01-11-2020,Payment Successed
20245,45695,30-12-2023,Payment Successed
20246,8335,07-04-2021,Payment Successed
20247,89568,20-03-2020,Payment Successed
20248,8360,01-03-2021,Payment Successed
20249,57254,22-11-2022,Payment Successed
20250,90578,31-12-2023,Payment Successed
20251,11176,10-07-2024,Payment Successed
20252,4882,03-07-2020,Payment Successed
20253,16378,01-03-2021,Payment Successed
20254,9189,14-12-2021,Payment Successed
20255,12165,15-03-2023,Payment Successed
20256,38186,31-07-2023,Payment Successed
20257,7646,21-09-2021,Payment Successed
20258,10652,07-07-2020,Payment Successed
20259,60043,24-04-2022,Payment Successed
20260,49593,29-08-2020,Payment Successed
20261,21829,23-06-2020,Refunded
20262,98723,28-04-2020,Payment Successed
20263,98795,28-08-2023,Payment Successed
20264,96000,06-05-2022,Refunded
20265,39169,17-01-2023,Payment Successed
20266,77854,14-01-2023,Payment Successed
20267,78865,30-12-2023,Payment Successed
20268,97122,05-05-2020,Payment Successed
20269,3391,18-09-2021,Payment Successed
20270,63735,02-01-2025,Payment Successed
20271,32901,17-10-2020,Payment Successed
20272,81073,18-07-2021,Payment Successed
20273,16263,08-11-2024,Payment Successed
20274,91173,22-10-2020,Payment Successed
20275,17343,05-04-2023,Failed
20276,25040,19-02-2022,Payment Successed
20277,24996,30-01-2024,Payment Successed
20278,72073,29-10-2023,Payment Successed
20279,70881,20-08-2020,Payment Successed
20280,36614,16-05-2023,Failed
20281,18506,06-03-2023,Payment Successed
20282,25303,19-08-2020,Payment Successed
20283,33473,28-07-2022,Failed
20284,44335,17-03-2021,Payment Successed
20285,44248,28-01-2022,Payment Successed
20286,37419,31-12-2020,Failed
20287,86704,14-04-2022,Payment Successed
20288,78520,13-04-2023,Payment Successed
20289,58903,08-10-2023,Payment Successed
20290,94016,02-11-2021,Payment Successed
20291,51475,07-08-2022,Payment Successed
20292,9204,13-07-2022,Payment Successed
20293,59473,28-03-2023,Payment Successed
20294,31519,03-12-2020,Payment Successed
20295,40139,16-10-2023,Payment Successed
20296,87810,12-10-2020,Payment Successed
20297,1752,27-03-2021,Failed
20298,64180,18-04-2020,Payment Successed
20299,7560,31-01-2020,Payment Successed
20300,47215,13-08-2024,Payment Successed
20301,26672,06-10-2024,Payment Successed
20302,23498,04-02-2024,Payment Successed
20303,86260,17-05-2021,Payment Successed
20304,20339,17-04-2023,Payment Successed
20305,81022,06-09-2023,Payment Successed
20306,93366,06-09-2021,Payment Successed
20307,12334,14-02-2022,Payment Successed
20308,62042,28-11-2020,Payment Successed
20309,34516,08-09-2021,Payment Successed
20310,38947,16-05-2022,Payment Successed
20311,23680,20-06-2022,Payment Successed
20312,57755,03-08-2021,Payment Successed
20313,44327,29-04-2024,Payment Successed
20314,52138,06-11-2024,Payment Successed
20315,26903,01-09-2022,Payment Successed
20316,47041,19-11-2023,Payment Successed
20317,87078,18-12-2024,Payment Successed
20318,46555,16-02-2022,Payment Successed
20319,8936,02-10-2022,Payment Successed
20320,34359,01-04-2021,Payment Successed
20321,50600,10-07-2024,Failed
20322,76860,22-07-2021,Payment Successed
20323,13108,06-05-2022,Payment Successed
20324,17571,14-03-2024,Payment Successed
20325,45646,06-02-2022,Payment Successed
20326,63683,22-05-2020,Payment Successed
20327,90037,28-06-2022,Payment Successed
20328,37105,22-08-2023,Failed
20329,41739,10-07-2022,Payment Successed
20330,42307,08-03-2024,Payment Successed
20331,32615,25-03-2023,Payment Successed
20332,4574,21-07-2024,Payment Successed
20333,6717,30-12-2021,Payment Successed
20334,1453,12-01-2020,Payment Successed
20335,40128,03-11-2022,Payment Successed
20336,14053,27-09-2021,Payment Successed
20337,17557,27-12-2020,Payment Successed
20338,33535,24-02-2023,Payment Successed
20339,17216,27-10-2023,Payment Successed
20340,39197,23-11-2022,Payment Successed
20341,15970,20-05-2021,Payment Successed
20342,80894,22-04-2024,Payment Successed
20343,14224,26-03-2022,Payment Successed
20344,71421,09-12-2024,Payment Successed
20345,89135,30-04-2024,Payment Successed
20346,19756,06-08-2023,Payment Successed
20347,89948,29-05-2021,Payment Successed
20348,93730,03-04-2022,Refunded
20349,40104,24-05-2022,Payment Successed
20350,83066,25-01-2024,Payment Successed
20351,62508,08-05-2024,Failed
20352,10464,10-07-2021,Payment Successed
20353,49733,17-01-2023,Payment Successed
20354,15681,05-10-2022,Payment Successed
20355,32645,12-06-2024,Payment Successed
20356,2791,10-12-2022,Refunded
20357,9177,03-05-2024,Payment Successed
20358,72993,12-01-2022,Refunded
20359,44757,13-03-2024,Payment Successed
20360,28799,16-09-2023,Payment Successed
20361,59262,07-05-2024,Payment Successed
20362,93273,05-04-2023,Payment Successed
20363,85832,16-09-2023,Refunded
20364,47870,31-12-2020,Failed
20365,43160,27-08-2023,Payment Successed
20366,74391,14-01-2022,Payment Successed
20367,57572,25-01-2024,Payment Successed
20368,31730,19-06-2023,Payment Successed
20369,28047,22-11-2021,Refunded
20370,75192,23-03-2022,Payment Successed
20371,46871,25-03-2024,Payment Successed
20372,67678,07-12-2021,Failed
20373,40512,14-09-2020,Payment Successed
20374,61038,31-12-2022,Payment Successed
20375,76135,20-07-2020,Payment Successed
20376,55167,02-01-2023,Payment Successed
20377,89643,13-04-2021,Payment Successed
20378,5351,22-01-2022,Payment Successed
20379,55534,25-02-2020,Payment Successed
20380,33784,25-04-2020,Payment Successed
20381,3913,22-08-2021,Payment Successed
20382,6061,12-02-2022,Payment Successed
20383,58302,05-10-2024,Payment Successed
20384,55216,22-07-2021,Payment Successed
20385,96423,29-05-2020,Failed
20386,16627,17-07-2024,Payment Successed
20387,29829,17-11-2022,Payment Successed
20388,31295,08-12-2021,Payment Successed
20389,48450,14-07-2023,Payment Successed
20390,32573,08-04-2022,Payment Successed
20391,93189,18-06-2022,Payment Successed
20392,65585,05-02-2024,Refunded
20393,12794,10-06-2024,Payment Successed
20394,97264,22-09-2021,Payment Successed
20395,40588,04-02-2023,Payment Successed
20396,29931,29-09-2023,Refunded
20397,41034,31-05-2021,Payment Successed
20398,37449,22-07-2022,Payment Successed
20399,53853,19-08-2024,Payment Successed
20400,7731,24-03-2020,Payment Successed
20401,84903,23-10-2020,Payment Successed
20402,73726,17-02-2021,Payment Successed
20403,75399,10-09-2024,Payment Successed
20404,57345,19-08-2020,Payment Successed
20405,90240,25-02-2021,Payment Successed
20406,86350,22-11-2023,Payment Successed
20407,39783,28-09-2024,Refunded
20408,17581,31-05-2021,Payment Successed
20409,4242,31-10-2023,Payment Successed
20410,54448,19-01-2021,Payment Successed
20411,45743,11-06-2020,Payment Successed
20412,76750,09-10-2020,Payment Successed
20413,12731,29-12-2021,Payment Successed
20414,40746,19-10-2021,Payment Successed
20415,90535,03-01-2024,Payment Successed
20416,40683,30-12-2023,Payment Successed
20417,21344,15-04-2023,Payment Successed
20418,92042,17-01-2020,Payment Successed
20419,80886,15-10-2023,Payment Successed
20420,82108,03-04-2023,Payment Successed
20421,9628,21-05-2024,Payment Successed
20422,24522,08-01-2023,Payment Successed
20423,91228,18-06-2021,Payment Successed
20424,44333,10-12-2020,Payment Successed
20425,24567,08-06-2020,Payment Successed
20426,10935,02-11-2023,Payment Successed
20427,97807,13-01-2023,Payment Successed
20428,90198,12-01-2021,Payment Successed
20429,88803,06-10-2024,Payment Successed
20430,15891,16-01-2023,Payment Successed
20431,14093,28-07-2020,Refunded
20432,28307,29-08-2022,Payment Successed
20433,78202,27-05-2021,Payment Successed
20434,92101,14-06-2024,Payment Successed
20435,66097,22-04-2021,Payment Successed
20436,35212,01-10-2022,Payment Successed
20437,70968,27-10-2021,Failed
20438,30542,19-06-2023,Payment Successed
20439,20581,06-10-2022,Payment Successed
20440,54556,02-04-2021,Payment Successed
20441,96321,02-02-2021,Payment Successed
20442,5536,26-12-2023,Payment Successed
20443,31442,28-03-2022,Refunded
20444,25263,04-01-2022,Payment Successed
20445,6258,23-04-2022,Payment Successed
20446,11691,09-03-2021,Payment Successed
20447,48140,13-08-2020,Payment Successed
20448,12668,15-05-2022,Payment Successed
20449,82365,06-05-2021,Payment Successed
20450,77997,13-06-2024,Payment Successed
20451,36842,07-01-2023,Payment Successed
20452,20694,19-08-2021,Payment Successed
20453,24033,30-05-2024,Payment Successed
20454,23390,10-04-2020,Payment Successed
20455,94879,03-03-2021,Payment Successed
20456,86437,13-06-2023,Payment Successed
20457,32003,09-07-2024,Payment Successed
20458,46926,28-03-2021,Payment Successed
20459,98249,14-02-2024,Payment Successed
20460,41578,06-09-2020,Payment Successed
20461,5982,27-07-2024,Payment Successed
20462,52456,12-10-2023,Payment Successed
20463,99373,02-12-2024,Payment Successed
20464,6670,09-09-2022,Payment Successed
20465,88688,21-05-2020,Payment Successed
20466,25782,07-04-2022,Payment Successed
20467,40258,24-01-2024,Payment Successed
20468,92316,29-11-2021,Refunded
20469,34341,17-01-2020,Failed
20470,70469,21-10-2021,Payment Successed
20471,57725,29-10-2021,Payment Successed
20472,77996,06-01-2020,Payment Successed
20473,81842,04-12-2024,Payment Successed
20474,22966,01-04-2023,Payment Successed
20475,94580,01-01-2021,Payment Successed
20476,54554,01-09-2024,Refunded
20477,46553,03-11-2022,Payment Successed
20478,68015,26-11-2020,Payment Successed
20479,84037,06-02-2023,Payment Successed
20480,86017,08-09-2023,Payment Successed
20481,16988,14-05-2020,Payment Successed
20482,52197,08-10-2022,Payment Successed
20483,26251,31-12-2021,Payment Successed
20484,6159,27-10-2024,Payment Successed
20485,23527,11-09-2023,Payment Successed
20486,87349,13-01-2022,Payment Successed
20487,45883,11-05-2021,Payment Successed
20488,46526,14-01-2021,Refunded
20489,15017,27-09-2023,Payment Successed
20490,19228,11-04-2023,Failed
20491,94902,01-10-2022,Payment Successed
20492,71070,27-04-2024,Failed
20493,85666,29-02-2020,Payment Successed
20494,22412,09-02-2024,Payment Successed
20495,47788,02-06-2024,Payment Successed
20496,98870,01-02-2023,Payment Successed
20497,58713,24-10-2024,Refunded
20498,14786,25-09-2023,Payment Successed
20499,60833,12-01-2020,Payment Successed
20500,42781,27-04-2024,Refunded
20501,92762,15-07-2021,Payment Successed
20502,96460,05-07-2021,Refunded
20503,18464,26-01-2020,Payment Successed
20504,77139,12-01-2022,Payment Successed
20505,26366,07-03-2023,Payment Successed
20506,80024,03-06-2023,Payment Successed
20507,34902,07-01-2023,Payment Successed
20508,78282,02-07-2024,Payment Successed
20509,79522,06-08-2024,Payment Successed
20510,83789,25-03-2022,Payment Successed
20511,16364,11-10-2023,Payment Successed
20512,88852,26-12-2024,Payment Successed
20513,47849,13-09-2023,Payment Successed
20514,91151,20-12-2022,Payment Successed
20515,93349,03-06-2023,Payment Successed
20516,80384,31-05-2022,Payment Successed
20517,86037,31-12-2023,Refunded
20518,88344,12-05-2020,Payment Successed
20519,98984,16-09-2024,Payment Successed
20520,10898,07-01-2022,Payment Successed
20521,30174,23-05-2021,Payment Successed
20522,11871,17-04-2021,Payment Successed
20523,21680,27-11-2020,Payment Successed
20524,73088,08-11-2020,Payment Successed
20525,3570,10-09-2022,Payment Successed
20526,11339,31-03-2022,Payment Successed
20527,33284,21-05-2022,Payment Successed
20528,11173,19-01-2021,Payment Successed
20529,46956,12-12-2023,Payment Successed
20530,52971,19-03-2021,Payment Successed
20531,19903,26-06-2024,Payment Successed
20532,67964,19-12-2021,Payment Successed
20533,66181,02-05-2020,Payment Successed
20534,34751,24-09-2023,Payment Successed
20535,41441,14-07-2024,Payment Successed
20536,91118,25-04-2023,Payment Successed
20537,53590,11-12-2024,Payment Successed
20538,12005,29-08-2022,Payment Successed
20539,56839,11-04-2023,Payment Successed
20540,15249,19-03-2020,Payment Successed
20541,35552,20-05-2022,Refunded
20542,48809,28-05-2021,Payment Successed
20543,42548,06-08-2023,Payment Successed
20544,69315,04-06-2024,Payment Successed
20545,26762,02-08-2021,Payment Successed
20546,27475,09-12-2021,Payment Successed
20547,41020,22-02-2020,Payment Successed
20548,41557,06-04-2024,Payment Successed
20549,74539,15-09-2023,Payment Successed
20550,77128,12-02-2022,Payment Successed
20551,86427,28-04-2024,Payment Successed
20552,82835,28-06-2020,Payment Successed
20553,96326,04-02-2023,Payment Successed
20554,55572,08-12-2023,Payment Successed
20555,47182,19-07-2024,Payment Successed
20556,61386,14-06-2023,Payment Successed
20557,42099,13-08-2021,Payment Successed
20558,18332,27-03-2022,Failed
20559,60318,13-09-2021,Payment Successed
20560,12157,29-02-2020,Payment Successed
20561,50317,20-02-2024,Payment Successed
20562,28443,28-09-2023,Payment Successed
20563,62727,08-12-2020,Payment Successed
20564,1332,16-06-2022,Payment Successed
20565,4003,19-02-2024,Payment Successed
20566,56486,15-12-2020,Payment Successed
20567,40521,14-07-2020,Payment Successed
20568,5816,21-02-2020,Refunded
20569,90707,21-03-2020,Payment Successed
20570,62081,12-11-2020,Payment Successed
20571,13253,30-10-2023,Payment Successed
20572,52216,08-04-2021,Payment Successed
20573,23966,27-09-2021,Payment Successed
20574,39550,22-06-2023,Payment Successed
20575,46605,24-03-2020,Payment Successed
20576,62493,07-12-2020,Payment Successed
20577,55765,29-03-2023,Payment Successed
20578,13889,16-03-2022,Payment Successed
20579,20997,23-05-2024,Payment Successed
20580,44630,17-11-2022,Payment Successed
20581,8977,09-11-2024,Payment Successed
20582,44548,26-09-2024,Refunded
20583,77232,29-12-2020,Failed
20584,56695,19-05-2022,Payment Successed
20585,66755,19-02-2020,Payment Successed
20586,30082,11-02-2023,Payment Successed
20587,9913,01-09-2022,Payment Successed
20588,11971,27-08-2023,Payment Successed
20589,88121,16-03-2024,Payment Successed
20590,71193,11-11-2022,Failed
20591,80040,29-05-2020,Payment Successed
20592,64084,20-09-2021,Payment Successed
20593,25600,22-06-2021,Payment Successed
20594,7640,21-11-2020,Payment Successed
20595,27873,19-04-2021,Payment Successed
20596,58363,27-08-2023,Payment Successed
20597,9758,27-07-2024,Payment Successed
20598,20303,14-11-2023,Refunded
20599,96247,14-03-2020,Payment Successed
20600,34953,26-03-2020,Payment Successed
20601,1511,09-04-2023,Payment Successed
20602,1317,09-08-2023,Payment Successed
20603,49506,28-09-2024,Payment Successed
20604,82226,27-02-2021,Payment Successed
20605,50250,30-12-2022,Payment Successed
20606,27610,19-02-2023,Payment Successed
20607,76396,31-03-2021,Payment Successed
20608,23616,05-12-2021,Payment Successed
20609,50195,07-12-2020,Payment Successed
20610,86264,26-07-2022,Payment Successed
20611,78713,25-03-2020,Refunded
20612,47640,10-05-2024,Payment Successed
20613,92895,14-09-2024,Payment Successed
20614,73055,27-08-2022,Payment Successed
20615,75705,11-11-2020,Payment Successed
20616,92708,10-09-2020,Payment Successed
20617,86833,01-07-2022,Payment Successed
20618,13685,19-06-2022,Payment Successed
20619,83460,17-08-2020,Payment Successed
20620,19284,24-04-2021,Payment Successed
20621,18005,07-09-2021,Payment Successed
20622,82322,17-09-2024,Payment Successed
20623,83436,04-01-2020,Payment Successed
20624,83470,05-01-2023,Payment Successed
20625,41142,09-08-2022,Payment Successed
20626,6375,27-11-2024,Payment Successed
20627,32600,23-06-2021,Payment Successed
20628,17877,19-11-2024,Payment Successed
20629,46717,28-05-2021,Payment Successed
20630,55578,31-12-2022,Payment Successed
20631,64154,20-12-2023,Payment Successed
20632,81819,13-08-2021,Payment Successed
20633,99919,23-03-2021,Payment Successed
20634,49030,21-06-2024,Payment Successed
20635,31511,28-09-2022,Payment Successed
20636,74308,14-10-2022,Payment Successed
20637,62073,01-10-2020,Payment Successed
20638,7262,22-09-2024,Refunded
20639,79674,25-07-2020,Refunded
20640,7014,30-11-2024,Payment Successed
20641,56654,07-10-2020,Payment Successed
20642,16842,22-09-2023,Payment Successed
20643,38722,04-11-2022,Payment Successed
20644,67633,09-11-2023,Refunded
20645,71785,26-05-2023,Refunded
20646,10400,05-08-2020,Payment Successed
20647,12941,12-04-2024,Failed
20648,37241,02-07-2024,Payment Successed
20649,64421,18-10-2020,Payment Successed
20650,35801,27-10-2020,Payment Successed
20651,52604,18-12-2020,Payment Successed
20652,27993,31-07-2024,Payment Successed
20653,53461,19-11-2022,Payment Successed
20654,60604,29-10-2024,Payment Successed
20655,66374,06-10-2024,Payment Successed
20656,29580,17-04-2023,Failed
20657,97951,09-04-2024,Payment Successed
20658,23828,01-11-2021,Payment Successed
20659,26819,12-11-2023,Payment Successed
20660,73564,14-03-2024,Payment Successed
20661,2173,02-03-2023,Payment Successed
20662,96746,29-05-2020,Payment Successed
20663,27568,08-12-2024,Payment Successed
20664,16618,16-05-2022,Payment Successed
20665,15788,08-09-2022,Payment Successed
20666,44483,29-12-2021,Payment Successed
20667,37837,29-01-2021,Payment Successed
20668,57736,19-05-2022,Failed
20669,80488,07-05-2024,Payment Successed
20670,23995,09-04-2021,Payment Successed
20671,17643,10-03-2022,Payment Successed
20672,83092,17-08-2024,Payment Successed
20673,6852,03-08-2020,Payment Successed
20674,98715,22-11-2023,Payment Successed
20675,46778,18-10-2022,Payment Successed
20676,53254,27-08-2023,Payment Successed
20677,93649,24-10-2021,Payment Successed
20678,34144,17-01-2023,Payment Successed
20679,80002,30-12-2024,Payment Successed
20680,45323,09-06-2024,Payment Successed
20681,26056,23-04-2020,Payment Successed
20682,94916,03-06-2024,Payment Successed
20683,40396,13-01-2023,Payment Successed
20684,31395,15-05-2020,Payment Successed
20685,52842,15-09-2024,Payment Successed
20686,70508,18-02-2022,Payment Successed
20687,32768,06-09-2020,Payment Successed
20688,80527,03-10-2023,Payment Successed
20689,14591,02-09-2020,Payment Successed
20690,28976,14-06-2021,Payment Successed
20691,20745,23-03-2020,Payment Successed
20692,62917,28-08-2021,Payment Successed
20693,57868,17-06-2024,Payment Successed
20694,18576,23-08-2022,Payment Successed
20695,65816,04-07-2022,Payment Successed
20696,82630,24-01-2022,Payment Successed
20697,96597,09-05-2021,Payment Successed
20698,53344,28-04-2020,Payment Successed
20699,4022,14-05-2021,Payment Successed
20700,28753,15-11-2020,Failed
20701,59775,08-02-2021,Payment Successed
20702,92085,05-03-2020,Payment Successed
20703,25899,20-05-2024,Payment Successed
20704,21631,05-11-2024,Payment Successed
20705,90273,03-09-2024,Payment Successed
20706,24723,17-12-2023,Payment Successed
20707,94543,12-05-2021,Payment Successed
20708,20662,15-07-2024,Failed
20709,85037,18-09-2023,Payment Successed
20710,81390,24-09-2021,Payment Successed
20711,89641,25-02-2022,Payment Successed
20712,65450,16-11-2021,Payment Successed
20713,66302,16-11-2023,Payment Successed
20714,46763,05-09-2021,Payment Successed
20715,14756,30-12-2022,Payment Successed
20716,90723,26-12-2024,Payment Successed
20717,19020,19-11-2020,Payment Successed
20718,47601,07-12-2024,Payment Successed
20719,63434,25-05-2023,Payment Successed
20720,70308,09-05-2024,Payment Successed
20721,79854,09-12-2023,Payment Successed
20722,32168,23-11-2023,Payment Successed
20723,24989,12-04-2023,Payment Successed
20724,85386,25-09-2021,Payment Successed
20725,35359,19-10-2024,Payment Successed
20726,31427,08-07-2022,Payment Successed
20727,58673,25-01-2024,Payment Successed
20728,72510,28-03-2020,Payment Successed
20729,32777,06-01-2021,Payment Successed
20730,13587,11-02-2024,Payment Successed
20731,90905,20-12-2024,Payment Successed
20732,31390,29-04-2023,Payment Successed
20733,92742,06-11-2021,Payment Successed
20734,70548,04-09-2021,Payment Successed
20735,1573,16-11-2020,Payment Successed
20736,44311,06-01-2022,Payment Successed
20737,99200,25-04-2022,Payment Successed
20738,16534,21-06-2020,Refunded
20739,65108,13-10-2020,Payment Successed
20740,23235,20-06-2020,Payment Successed
20741,81145,03-12-2023,Payment Successed
20742,81525,23-09-2020,Payment Successed
20743,41083,23-08-2023,Payment Successed
20744,54429,22-11-2022,Payment Successed
20745,63083,30-08-2023,Payment Successed
20746,26288,06-04-2024,Payment Successed
20747,84129,30-05-2023,Payment Successed
20748,24358,18-12-2024,Payment Successed
20749,35316,30-06-2023,Failed
20750,44932,09-04-2022,Payment Successed
20751,28069,21-01-2023,Payment Successed
20752,70896,04-09-2021,Payment Successed
20753,14429,26-07-2024,Payment Successed
20754,36232,04-06-2022,Payment Successed
20755,26028,01-10-2022,Payment Successed
20756,90539,17-07-2022,Payment Successed
20757,48938,06-07-2021,Payment Successed
20758,20669,26-02-2022,Payment Successed
20759,86191,01-09-2020,Payment Successed
20760,82986,09-05-2022,Refunded
20761,80777,24-03-2021,Payment Successed
20762,67115,27-05-2024,Payment Successed
20763,2482,29-08-2022,Payment Successed
20764,47174,08-10-2020,Refunded
20765,98549,26-04-2022,Payment Successed
20766,81734,19-05-2024,Payment Successed
20767,73078,17-08-2020,Refunded
20768,78171,13-12-2021,Payment Successed
20769,22191,25-07-2024,Payment Successed
20770,36531,14-05-2020,Payment Successed
20771,13269,01-11-2021,Payment Successed
20772,18273,12-08-2023,Payment Successed
20773,86394,01-02-2024,Payment Successed
20774,20080,23-09-2020,Failed
20775,64917,30-04-2024,Payment Successed
20776,50380,25-11-2021,Refunded
20777,40673,16-01-2023,Payment Successed
20778,18671,02-03-2022,Failed
20779,57277,16-03-2023,Payment Successed
20780,7190,03-03-2021,Payment Successed
20781,19124,23-08-2020,Payment Successed
20782,44745,05-07-2023,Payment Successed
20783,95262,07-01-2024,Payment Successed
20784,36487,04-06-2023,Payment Successed
20785,34414,04-02-2020,Payment Successed
20786,15922,12-04-2023,Payment Successed
20787,83428,10-04-2024,Payment Successed
20788,71476,04-07-2020,Payment Successed
20789,81025,21-03-2020,Payment Successed
20790,5285,10-08-2021,Payment Successed
20791,53698,29-05-2022,Payment Successed
20792,77399,18-12-2021,Payment Successed
20793,95367,02-09-2020,Payment Successed
20794,42243,23-11-2021,Payment Successed
20795,22115,06-01-2022,Payment Successed
20796,35859,12-10-2023,Payment Successed
20797,29127,07-11-2023,Payment Successed
20798,16896,22-07-2020,Refunded
20799,41567,15-07-2023,Payment Successed
20800,31645,27-01-2020,Payment Successed
20801,79843,22-07-2020,Payment Successed
20802,79987,02-09-2020,Payment Successed
20803,41225,02-03-2020,Payment Successed
20804,72433,04-03-2022,Payment Successed
20805,89901,15-05-2021,Payment Successed
20806,93020,04-07-2023,Payment Successed
20807,24794,31-01-2024,Payment Successed
20808,69702,13-08-2021,Payment Successed
20809,22645,27-04-2022,Payment Successed
20810,66589,17-10-2024,Payment Successed
20811,5068,06-10-2024,Payment Successed
20812,37609,22-12-2022,Payment Successed
20813,8866,28-06-2024,Payment Successed
20814,48784,30-12-2021,Payment Successed
20815,3708,26-06-2023,Payment Successed
20816,29072,02-04-2021,Payment Successed
20817,71946,03-11-2021,Payment Successed
20818,48388,09-04-2024,Payment Successed
20819,46216,17-12-2021,Payment Successed
20820,35562,01-11-2020,Payment Successed
20821,46643,19-12-2020,Payment Successed
20822,31312,10-01-2021,Payment Successed
20823,66699,02-04-2022,Payment Successed
20824,39606,09-04-2024,Payment Successed
20825,9363,28-11-2024,Payment Successed
20826,99460,15-06-2021,Payment Successed
20827,80538,19-04-2023,Payment Successed
20828,95444,22-02-2022,Payment Successed
20829,66242,30-12-2023,Payment Successed
20830,70637,14-12-2020,Refunded
20831,22410,17-07-2024,Failed
20832,78836,20-09-2022,Payment Successed
20833,54220,26-11-2023,Refunded
20834,59868,27-09-2023,Payment Successed
20835,37144,13-03-2022,Payment Successed
20836,6419,11-12-2022,Payment Successed
20837,61975,11-10-2022,Payment Successed
20838,34886,02-03-2020,Payment Successed
20839,71289,27-02-2022,Payment Successed
20840,16507,02-04-2020,Payment Successed
20841,22591,24-09-2023,Payment Successed
20842,84208,20-06-2020,Payment Successed
20843,35993,15-08-2023,Refunded
20844,48734,17-07-2021,Payment Successed
20845,67543,16-04-2022,Payment Successed
20846,69022,25-01-2021,Payment Successed
20847,46756,10-03-2023,Payment Successed
20848,1525,02-06-2020,Payment Successed
20849,81627,26-10-2024,Failed
20850,37884,13-12-2024,Refunded
20851,55823,08-11-2024,Payment Successed
20852,78788,14-05-2024,Payment Successed
20853,65327,27-11-2022,Payment Successed
20854,4049,25-09-2023,Payment Successed
20855,36348,31-01-2022,Payment Successed
20856,93765,10-09-2021,Payment Successed
20857,5347,03-06-2020,Refunded
20858,94309,04-12-2020,Payment Successed
20859,50724,31-12-2022,Payment Successed
20860,91741,07-05-2021,Payment Successed
20861,27039,11-08-2022,Payment Successed
20862,72643,02-03-2020,Payment Successed
20863,8996,20-12-2022,Payment Successed
20864,1975,21-04-2024,Payment Successed
20865,95554,19-11-2024,Payment Successed
20866,70366,21-02-2021,Payment Successed
20867,29289,18-07-2020,Payment Successed
20868,14792,11-06-2021,Payment Successed
20869,76930,05-07-2022,Payment Successed
20870,79953,10-08-2024,Payment Successed
20871,21393,23-02-2022,Payment Successed
20872,73610,28-12-2023,Payment Successed
20873,96912,07-02-2022,Refunded
20874,66216,18-10-2022,Payment Successed
20875,37186,15-11-2021,Payment Successed
20876,96935,11-04-2024,Failed
20877,40227,09-12-2024,Payment Successed
20878,43267,22-09-2022,Payment Successed
20879,21819,20-12-2022,Payment Successed
20880,89458,17-03-2020,Payment Successed
20881,85755,31-08-2023,Payment Successed
20882,94419,31-10-2020,Payment Successed
20883,47303,03-08-2024,Refunded
20884,61548,04-07-2022,Payment Successed
20885,29348,18-09-2024,Failed
20886,63636,26-05-2023,Payment Successed
20887,62894,23-09-2023,Payment Successed
20888,70844,08-07-2024,Payment Successed
20889,55530,10-04-2020,Payment Successed
20890,36984,26-09-2024,Refunded
20891,94063,06-12-2021,Payment Successed
20892,2135,28-07-2022,Refunded
20893,65189,14-10-2022,Failed
20894,49570,12-07-2023,Payment Successed
20895,41069,09-10-2021,Refunded
20896,69269,30-12-2021,Payment Successed
20897,7745,20-12-2020,Payment Successed
20898,34300,30-10-2022,Payment Successed
20899,73255,31-01-2023,Payment Successed
20900,16887,05-09-2022,Payment Successed
20901,70838,12-07-2023,Payment Successed
20902,73975,24-02-2021,Payment Successed
20903,50145,08-02-2020,Payment Successed
20904,29720,12-07-2021,Payment Successed
20905,59336,18-11-2020,Payment Successed
20906,86690,14-05-2021,Payment Successed
20907,41854,21-07-2022,Payment Successed
20908,40837,23-07-2023,Payment Successed
20909,31275,24-03-2024,Payment Successed
20910,28612,28-11-2023,Payment Successed
20911,84394,11-07-2021,Payment Successed
20912,65625,03-04-2023,Payment Successed
20913,83596,16-02-2024,Refunded
20914,7484,02-04-2022,Payment Successed
20915,79905,31-07-2022,Payment Successed
20916,81651,19-07-2024,Payment Successed
20917,32478,02-09-2021,Payment Successed
20918,44866,03-09-2024,Payment Successed
20919,12246,18-10-2023,Payment Successed
20920,86462,27-07-2020,Payment Successed
20921,46890,09-03-2023,Payment Successed
20922,54329,30-01-2024,Payment Successed
20923,70281,06-04-2020,Refunded
20924,24806,13-03-2021,Payment Successed
20925,12114,04-11-2023,Payment Successed
20926,60561,26-04-2024,Payment Successed
20927,96109,26-11-2024,Payment Successed
20928,32986,25-01-2021,Payment Successed
20929,47391,10-12-2022,Payment Successed
20930,10280,24-02-2021,Payment Successed
20931,81027,23-11-2021,Payment Successed
20932,2399,12-06-2020,Payment Successed
20933,62901,03-06-2021,Payment Successed
20934,61194,26-07-2021,Failed
20935,44435,25-10-2020,Payment Successed
20936,47299,08-02-2022,Payment Successed
20937,87799,17-03-2022,Payment Successed
20938,95656,12-10-2021,Failed
20939,76708,05-04-2021,Payment Successed
20940,78527,10-02-2020,Payment Successed
20941,5015,16-08-2021,Payment Successed
20942,11464,13-08-2021,Failed
20943,4567,30-01-2023,Payment Successed
20944,75645,13-05-2024,Refunded
20945,9886,27-09-2024,Payment Successed
20946,99277,22-03-2022,Payment Successed
20947,71503,30-03-2020,Payment Successed
20948,93587,28-08-2021,Payment Successed
20949,57579,04-08-2024,Payment Successed
20950,33838,19-09-2022,Payment Successed
20951,31857,05-07-2023,Payment Successed
20952,70770,18-10-2020,Payment Successed
20953,59440,17-03-2023,Payment Successed
20954,55338,26-05-2020,Payment Successed
20955,53455,31-01-2023,Payment Successed
20956,88713,12-07-2020,Payment Successed
20957,88828,04-02-2020,Payment Successed
20958,3301,28-07-2021,Payment Successed
20959,40323,12-01-2020,Payment Successed
20960,28332,14-06-2024,Payment Successed
20961,51792,14-01-2021,Payment Successed
20962,4214,25-01-2023,Payment Successed
20963,69406,23-04-2021,Payment Successed
20964,78937,08-01-2023,Payment Successed
20965,7924,29-04-2024,Payment Successed
20966,54032,29-11-2023,Payment Successed
20967,37772,26-04-2021,Payment Successed
20968,86367,10-06-2022,Payment Successed
20969,37822,07-08-2020,Payment Successed
20970,5147,19-12-2020,Payment Successed
20971,99894,03-09-2023,Payment Successed
20972,91555,17-07-2020,Payment Successed
20973,85839,04-03-2021,Payment Successed
20974,5284,15-01-2024,Failed
20975,41027,27-03-2020,Refunded
20976,87364,29-04-2021,Payment Successed
20977,50148,24-01-2023,Refunded
20978,15406,28-02-2023,Payment Successed
20979,72358,19-10-2023,Payment Successed
20980,5555,13-11-2020,Payment Successed
20981,56176,17-10-2024,Payment Successed
20982,17847,03-12-2020,Payment Successed
20983,7422,14-08-2020,Payment Successed
20984,20216,26-06-2020,Payment Successed
20985,61314,12-12-2020,Payment Successed
20986,9611,25-12-2022,Refunded
20987,51234,19-12-2024,Payment Successed
20988,83942,08-10-2020,Payment Successed
20989,23199,21-01-2023,Payment Successed
20990,64668,11-12-2024,Payment Successed
20991,80814,16-04-2020,Payment Successed
20992,18937,05-07-2024,Payment Successed
20993,80117,02-03-2022,Refunded
20994,15526,08-04-2023,Payment Successed
20995,95910,09-02-2023,Payment Successed
20996,98343,03-12-2023,Payment Successed
20997,84535,13-08-2023,Payment Successed
20998,65563,05-11-2022,Payment Successed
20999,92748,14-04-2024,Payment Successed
21000,30294,23-08-2021,Payment Successed
21001,46456,07-05-2020,Payment Successed
21002,53458,08-05-2024,Payment Successed
21003,99044,03-02-2020,Payment Successed
21004,6748,09-06-2023,Payment Successed
21005,28246,03-12-2024,Payment Successed
21006,7702,27-11-2020,Payment Successed
21007,31775,05-06-2021,Payment Successed
21008,83003,15-10-2020,Payment Successed
21009,7154,08-04-2023,Payment Successed
21010,5567,04-06-2024,Payment Successed
21011,47312,13-06-2023,Refunded
21012,91845,28-01-2024,Payment Successed
21013,45839,26-05-2020,Payment Successed
21014,60330,10-11-2020,Payment Successed
21015,21127,27-12-2021,Payment Successed
21016,38712,05-12-2021,Payment Successed
21017,62720,11-03-2023,Failed
21018,87715,12-12-2022,Payment Successed
21019,93614,19-10-2023,Payment Successed
21020,12353,23-12-2020,Failed
21021,98883,14-09-2022,Payment Successed
21022,79010,17-05-2021,Payment Successed
21023,79341,02-09-2021,Payment Successed
21024,57854,07-06-2023,Payment Successed
21025,49390,01-08-2024,Payment Successed
21026,15652,08-03-2024,Payment Successed
21027,56224,23-03-2021,Refunded
21028,43909,18-12-2023,Payment Successed
21029,37403,02-07-2022,Payment Successed
21030,39232,24-02-2023,Payment Successed
21031,55494,27-10-2021,Payment Successed
21032,59701,11-11-2020,Payment Successed
21033,64807,08-10-2021,Payment Successed
21034,90923,10-11-2022,Payment Successed
21035,39765,10-06-2021,Payment Successed
21036,55706,09-07-2024,Payment Successed
21037,94033,05-07-2022,Payment Successed
21038,75940,26-12-2020,Failed
21039,23557,21-01-2022,Payment Successed
21040,52067,27-02-2022,Payment Successed
21041,8201,30-01-2022,Payment Successed
21042,67917,12-03-2020,Payment Successed
21043,64647,30-01-2022,Payment Successed
21044,78024,10-04-2024,Payment Successed
21045,27400,06-04-2024,Failed
21046,89873,05-09-2024,Payment Successed
21047,31001,05-11-2024,Payment Successed
21048,62797,12-10-2024,Payment Successed
21049,78010,19-02-2022,Payment Successed
21050,41413,21-06-2023,Payment Successed
21051,14103,21-07-2023,Payment Successed
21052,66332,28-03-2023,Payment Successed
21053,5617,11-01-2022,Payment Successed
21054,51127,01-11-2023,Payment Successed
21055,32847,01-03-2021,Payment Successed
21056,76964,27-12-2022,Payment Successed
21057,70863,02-07-2022,Payment Successed
21058,53863,08-09-2020,Payment Successed
21059,11481,10-10-2023,Payment Successed
21060,89581,15-11-2023,Payment Successed
21061,64203,16-12-2021,Payment Successed
21062,48534,22-07-2024,Payment Successed
21063,51426,10-06-2023,Payment Successed
21064,94951,11-03-2020,Payment Successed
21065,30979,14-11-2021,Payment Successed
21066,8397,23-03-2020,Payment Successed
21067,66095,17-06-2023,Payment Successed
21068,49247,07-05-2024,Payment Successed
21069,21163,10-07-2024,Refunded
21070,38621,22-11-2022,Failed
21071,77875,17-11-2021,Payment Successed
21072,7845,04-03-2020,Payment Successed
21073,18540,08-07-2021,Payment Successed
21074,56840,21-05-2020,Payment Successed
21075,92201,04-04-2024,Payment Successed
21076,15509,28-10-2020,Payment Successed
21077,30898,05-05-2024,Payment Successed
21078,65894,14-04-2024,Payment Successed
21079,24065,31-08-2020,Payment Successed
21080,99760,18-03-2024,Payment Successed
21081,96159,28-05-2022,Failed
21082,7295,22-06-2022,Failed
21083,52694,09-03-2023,Payment Successed
21084,59852,17-06-2022,Payment Successed
21085,60997,29-05-2024,Payment Successed
21086,59394,09-11-2022,Payment Successed
21087,90519,05-04-2020,Payment Successed
21088,28497,18-06-2021,Payment Successed
21089,1073,20-05-2023,Payment Successed
21090,68428,08-08-2021,Payment Successed
21091,17243,10-07-2021,Payment Successed
21092,61286,31-10-2020,Refunded
21093,62830,23-08-2022,Payment Successed
21094,66478,14-04-2024,Payment Successed
21095,44030,15-05-2023,Payment Successed
21096,45297,06-10-2022,Payment Successed
21097,89903,04-08-2022,Payment Successed
21098,93885,20-10-2023,Payment Successed
21099,29053,07-08-2023,Payment Successed
21100,7644,16-07-2020,Payment Successed
21101,18610,02-04-2023,Payment Successed
21102,64755,13-11-2021,Payment Successed
21103,16068,17-06-2023,Payment Successed
21104,25959,31-07-2021,Payment Successed
21105,79216,21-10-2023,Payment Successed
21106,25464,09-10-2024,Payment Successed
21107,64771,13-10-2021,Payment Successed
21108,34706,24-12-2024,Payment Successed
21109,37149,27-07-2023,Payment Successed
21110,85139,21-05-2020,Payment Successed
21111,30395,16-06-2020,Payment Successed
21112,34226,16-09-2022,Payment Successed
21113,92702,16-06-2024,Payment Successed
21114,30868,22-09-2020,Payment Successed
21115,29116,18-04-2020,Payment Successed
21116,65683,06-09-2023,Payment Successed
21117,35546,23-02-2023,Payment Successed
21118,22997,20-01-2022,Refunded
21119,60636,28-02-2024,Payment Successed
21120,66359,26-06-2020,Refunded
21121,45588,26-09-2021,Payment Successed
21122,1535,25-04-2020,Payment Successed
21123,58691,17-06-2022,Payment Successed
21124,69283,03-02-2022,Payment Successed
21125,86486,20-05-2020,Payment Successed
21126,4703,16-08-2024,Payment Successed
21127,60676,30-12-2022,Payment Successed
21128,88687,03-03-2020,Payment Successed
21129,64627,25-04-2022,Payment Successed
21130,45401,10-09-2022,Payment Successed
21131,93956,05-12-2020,Payment Successed
21132,78748,21-02-2021,Payment Successed
21133,56720,15-06-2021,Payment Successed
21134,50560,30-12-2022,Payment Successed
21135,23260,14-05-2020,Payment Successed
21136,41973,21-11-2024,Payment Successed
21137,3280,14-02-2022,Payment Successed
21138,80078,11-02-2021,Payment Successed
21139,4157,13-08-2022,Payment Successed
21140,90287,02-04-2022,Payment Successed
21141,36125,05-11-2023,Payment Successed
21142,68876,01-06-2022,Payment Successed
21143,22624,19-12-2024,Payment Successed
21144,9876,15-07-2021,Payment Successed
21145,57112,18-01-2023,Payment Successed
21146,10132,22-06-2023,Payment Successed
21147,56747,17-07-2023,Payment Successed
21148,31130,27-02-2022,Payment Successed
21149,57621,25-05-2021,Payment Successed
21150,11733,30-03-2021,Refunded
21151,7627,13-05-2023,Failed
21152,87652,02-12-2023,Failed
21153,25274,25-03-2021,Payment Successed
21154,22259,20-07-2024,Payment Successed
21155,75292,12-11-2020,Payment Successed
21156,90602,14-05-2020,Refunded
21157,87612,02-08-2024,Failed
21158,86096,26-11-2021,Payment Successed
21159,34386,26-04-2022,Payment Successed
21160,55769,22-07-2023,Payment Successed
21161,24077,06-01-2020,Failed
21162,38551,04-03-2023,Payment Successed
21163,2009,14-06-2024,Payment Successed
21164,27764,26-07-2023,Payment Successed
21165,30967,31-03-2024,Payment Successed
21166,15832,05-10-2023,Payment Successed
21167,23631,14-05-2023,Payment Successed
21168,41590,19-03-2022,Payment Successed
21169,27216,12-04-2021,Payment Successed
21170,75853,11-10-2024,Failed
21171,62249,19-09-2024,Payment Successed
21172,94007,03-03-2021,Payment Successed
21173,3348,04-11-2022,Payment Successed
21174,88025,13-05-2024,Payment Successed
21175,61727,08-12-2021,Payment Successed
21176,83105,02-01-2022,Payment Successed
21177,5866,14-02-2020,Payment Successed
21178,97717,05-08-2022,Payment Successed
21179,69750,15-11-2021,Payment Successed
21180,26730,10-06-2021,Payment Successed
21181,25398,25-11-2021,Payment Successed
21182,17212,16-08-2023,Payment Successed
21183,91650,15-08-2024,Payment Successed
21184,69922,19-04-2020,Payment Successed
21185,57375,13-05-2021,Payment Successed
21186,51454,22-12-2021,Payment Successed
21187,12527,22-03-2020,Payment Successed
21188,11838,02-04-2022,Payment Successed
21189,4241,25-01-2020,Payment Successed
21190,25000,26-06-2021,Payment Successed
21191,45562,18-03-2023,Payment Successed
21192,34278,18-07-2020,Payment Successed
21193,4626,22-04-2022,Payment Successed
21194,66645,02-02-2024,Payment Successed
21195,48660,08-04-2021,Payment Successed
21196,76547,10-08-2021,Payment Successed
21197,61271,09-03-2020,Payment Successed
21198,68780,30-04-2023,Payment Successed
21199,45908,16-12-2024,Payment Successed
21200,18634,31-01-2024,Payment Successed
21201,68924,03-04-2022,Payment Successed
21202,7445,02-01-2025,Payment Successed
21203,5444,01-11-2023,Payment Successed
21204,4929,20-02-2020,Payment Successed
21205,95442,19-05-2022,Payment Successed
21206,76531,26-01-2023,Payment Successed
21207,48772,28-02-2024,Failed
21208,48603,09-01-2024,Payment Successed
21209,94997,22-09-2020,Payment Successed
21210,73427,12-09-2023,Payment Successed
21211,80387,22-02-2024,Payment Successed
21212,48820,25-05-2021,Payment Successed
21213,9789,26-11-2021,Payment Successed
21214,78428,02-07-2022,Refunded
21215,94040,20-08-2024,Payment Successed
21216,81874,11-03-2023,Payment Successed
21217,16058,20-01-2023,Payment Successed
21218,68419,12-10-2020,Payment Successed
21219,47020,07-06-2024,Payment Successed
21220,55273,28-02-2022,Payment Successed
21221,61044,27-01-2020,Payment Successed
21222,82583,10-04-2024,Payment Successed
21223,82549,22-04-2024,Payment Successed
21224,29035,16-12-2020,Payment Successed
21225,22282,16-05-2023,Payment Successed
21226,85133,09-02-2024,Payment Successed
21227,63502,29-06-2020,Payment Successed
21228,10708,04-08-2022,Payment Successed
21229,81526,17-03-2022,Payment Successed
21230,34006,22-04-2022,Payment Successed
21231,40366,05-06-2022,Payment Successed
21232,45347,07-01-2024,Refunded
21233,21943,07-03-2024,Payment Successed
21234,8402,29-04-2023,Payment Successed
21235,68459,28-02-2024,Payment Successed
21236,52398,16-01-2022,Payment Successed
21237,75738,22-06-2020,Payment Successed
21238,67277,22-09-2024,Payment Successed
21239,31913,14-02-2022,Payment Successed
21240,32849,22-09-2023,Payment Successed
21241,79437,13-05-2021,Payment Successed
21242,84783,07-12-2023,Payment Successed
21243,76788,01-11-2023,Failed
21244,54087,04-04-2023,Payment Successed
21245,89212,23-12-2022,Payment Successed
21246,1897,26-10-2023,Payment Successed
21247,14094,22-05-2023,Payment Successed
21248,53381,05-07-2023,Payment Successed
21249,13077,10-07-2020,Payment Successed
21250,1100,08-11-2022,Payment Successed
21251,35095,07-06-2022,Payment Successed
21252,86026,26-08-2024,Payment Successed
21253,93257,22-07-2022,Payment Successed
21254,78969,02-06-2022,Payment Successed
21255,33442,27-03-2020,Payment Successed
21256,29749,28-01-2022,Payment Successed
21257,65341,14-12-2021,Refunded
21258,96952,08-10-2024,Payment Successed
21259,77786,31-08-2024,Payment Successed
21260,36410,07-04-2023,Payment Successed
21261,29782,13-05-2023,Refunded
21262,43028,14-06-2021,Payment Successed
21263,38100,14-04-2023,Payment Successed
21264,2103,13-08-2022,Payment Successed
21265,58370,25-04-2020,Failed
21266,15401,03-01-2021,Payment Successed
21267,5193,29-08-2023,Payment Successed
21268,90918,06-06-2022,Refunded
21269,85320,06-05-2024,Payment Successed
21270,49300,11-11-2023,Payment Successed
21271,79673,24-12-2023,Failed
21272,31974,16-07-2020,Payment Successed
21273,15122,18-11-2020,Payment Successed
21274,36264,20-07-2020,Payment Successed
21275,27803,02-05-2022,Payment Successed
21276,25488,29-01-2023,Payment Successed
21277,37214,31-08-2024,Payment Successed
21278,16794,27-03-2022,Payment Successed
21279,11982,16-04-2024,Payment Successed
21280,61176,23-11-2023,Refunded
21281,65295,31-10-2021,Payment Successed
21282,64405,24-11-2021,Payment Successed
21283,45087,18-05-2023,Failed
21284,89219,16-02-2023,Payment Successed
21285,23308,07-10-2020,Payment Successed
21286,22784,27-11-2023,Payment Successed
21287,31836,17-11-2024,Payment Successed
21288,24235,13-03-2020,Payment Successed
21289,36215,27-09-2023,Payment Successed
21290,55363,17-03-2022,Payment Successed
21291,4186,19-02-2020,Refunded
21292,39463,30-09-2021,Payment Successed
21293,17327,08-06-2021,Payment Successed
21294,75822,03-03-2023,Payment Successed
21295,62622,04-02-2020,Payment Successed
21296,65891,06-11-2022,Payment Successed
21297,15157,28-12-2024,Payment Successed
21298,65232,18-02-2024,Payment Successed
21299,50545,15-06-2020,Payment Successed
21300,77437,19-12-2024,Payment Successed
21301,24114,20-08-2024,Payment Successed
21302,74618,19-10-2022,Payment Successed
21303,12239,29-11-2021,Payment Successed
21304,42675,22-10-2020,Payment Successed
21305,30318,23-04-2023,Payment Successed
21306,56936,26-09-2021,Payment Successed
21307,14413,26-03-2023,Payment Successed
21308,13449,27-10-2020,Payment Successed
21309,71910,25-02-2023,Refunded
21310,1603,31-08-2022,Payment Successed
21311,97238,05-01-2020,Payment Successed
21312,18550,09-08-2020,Payment Successed
21313,89969,10-02-2020,Payment Successed
21314,87497,08-02-2023,Payment Successed
21315,9520,29-07-2020,Payment Successed
21316,79372,05-11-2022,Payment Successed
21317,66035,03-07-2022,Payment Successed
21318,11139,14-03-2023,Payment Successed
21319,46867,13-06-2020,Payment Successed
21320,48633,04-05-2021,Payment Successed
21321,46145,26-03-2023,Payment Successed
21322,64529,24-12-2020,Payment Successed
21323,87495,24-06-2023,Payment Successed
21324,19643,12-05-2020,Payment Successed
21325,65546,10-02-2021,Payment Successed
21326,92793,05-07-2020,Payment Successed
21327,25315,22-07-2022,Payment Successed
21328,75739,16-02-2023,Payment Successed
21329,99135,27-06-2021,Payment Successed
21330,66878,15-03-2023,Refunded
21331,2063,17-05-2021,Payment Successed
21332,35966,17-09-2022,Payment Successed
21333,53665,30-01-2021,Payment Successed
21334,48901,04-01-2022,Payment Successed
21335,55209,10-09-2020,Payment Successed
21336,26883,11-08-2022,Payment Successed
21337,53915,06-04-2021,Payment Successed
21338,96794,13-06-2020,Payment Successed
21339,45741,01-06-2020,Payment Successed
21340,15427,10-06-2020,Payment Successed
21341,78719,11-10-2022,Payment Successed
21342,9042,13-09-2021,Payment Successed
21343,93370,14-10-2023,Payment Successed
21344,93741,27-02-2022,Payment Successed
21345,96922,26-07-2021,Payment Successed
21346,71825,17-01-2023,Payment Successed
21347,42766,28-06-2022,Payment Successed
21348,53757,18-02-2022,Payment Successed
21349,34458,27-03-2021,Payment Successed
21350,62290,01-11-2023,Payment Successed
21351,8998,10-08-2021,Payment Successed
21352,15439,06-07-2024,Payment Successed
21353,56562,22-10-2023,Payment Successed
21354,57060,24-07-2023,Payment Successed
21355,12857,15-03-2023,Payment Successed
21356,7700,12-08-2020,Payment Successed
21357,13527,13-10-2024,Payment Successed
21358,64065,11-12-2022,Payment Successed
21359,19894,04-12-2023,Payment Successed
21360,47308,29-08-2023,Payment Successed
21361,49320,04-02-2022,Payment Successed
21362,44414,15-02-2020,Payment Successed
21363,90996,12-03-2020,Payment Successed
21364,71322,11-10-2021,Refunded
21365,50265,01-05-2020,Payment Successed
21366,64803,10-11-2020,Refunded
21367,26197,28-08-2023,Payment Successed
21368,70624,24-01-2021,Payment Successed
21369,10720,28-08-2020,Payment Successed
21370,37800,21-03-2021,Payment Successed
21371,9648,23-01-2021,Payment Successed
21372,39759,30-06-2024,Refunded
21373,83813,24-04-2020,Payment Successed
21374,97378,27-12-2021,Payment Successed
21375,17316,21-03-2020,Payment Successed
21376,24655,30-07-2020,Payment Successed
21377,68102,08-07-2021,Payment Successed
21378,39277,28-02-2021,Payment Successed
21379,9669,18-07-2022,Payment Successed
21380,18460,23-02-2023,Payment Successed
21381,26710,15-01-2024,Payment Successed
21382,8355,20-04-2022,Refunded
21383,93812,21-08-2024,Payment Successed
21384,26212,25-04-2021,Payment Successed
21385,63371,25-01-2020,Failed
21386,44388,28-11-2023,Payment Successed
21387,79471,17-10-2021,Failed
21388,90830,21-10-2023,Payment Successed
21389,17187,10-09-2020,Payment Successed
21390,67968,23-11-2024,Payment Successed
21391,64367,03-03-2020,Payment Successed
21392,12925,12-07-2021,Payment Successed
21393,84446,21-09-2022,Payment Successed
21394,95217,19-08-2020,Payment Successed
21395,28228,19-09-2021,Payment Successed
21396,10684,29-05-2022,Payment Successed
21397,35849,22-10-2021,Payment Successed
21398,52162,06-01-2021,Payment Successed
21399,14751,21-03-2020,Payment Successed
21400,2833,25-05-2024,Refunded
21401,30301,27-04-2021,Payment Successed
21402,54873,09-07-2023,Payment Successed
21403,60781,11-06-2020,Payment Successed
21404,78343,28-11-2022,Payment Successed
21405,25056,14-01-2021,Payment Successed
21406,71853,23-10-2020,Payment Successed
21407,92157,27-04-2024,Payment Successed
21408,24938,23-04-2020,Payment Successed
21409,33302,22-03-2024,Payment Successed
21410,77671,02-04-2021,Payment Successed
21411,76811,26-07-2021,Payment Successed
21412,46986,14-10-2022,Failed
21413,44449,27-12-2022,Payment Successed
21414,47604,10-11-2024,Payment Successed
21415,19538,24-02-2020,Payment Successed
21416,85547,06-03-2023,Payment Successed
21417,32610,01-12-2020,Payment Successed
21418,70578,22-12-2021,Payment Successed
21419,69449,13-12-2021,Payment Successed
21420,13125,15-09-2023,Refunded
21421,20065,17-02-2024,Payment Successed
21422,53976,27-06-2020,Payment Successed
21423,58816,09-07-2021,Refunded
21424,74499,07-02-2024,Payment Successed
21425,90630,03-02-2023,Failed
21426,45593,19-05-2020,Payment Successed
21427,16533,28-05-2020,Refunded
21428,57969,26-08-2023,Payment Successed
21429,99179,12-08-2023,Payment Successed
21430,84237,12-02-2021,Payment Successed
21431,41285,20-12-2021,Payment Successed
21432,31499,21-10-2024,Payment Successed
21433,52592,05-07-2020,Payment Successed
21434,26232,15-12-2023,Failed
21435,40335,27-08-2023,Payment Successed
21436,47472,09-05-2024,Failed
21437,19950,18-01-2022,Failed
21438,16553,15-07-2022,Payment Successed
21439,94236,13-01-2020,Payment Successed
21440,26444,09-10-2020,Payment Successed
21441,87614,27-04-2020,Payment Successed
21442,19292,01-11-2022,Payment Successed
21443,23890,28-11-2023,Payment Successed
21444,71887,05-04-2020,Payment Successed
21445,84612,19-07-2024,Payment Successed
21446,83304,12-07-2020,Payment Successed
21447,58454,06-12-2023,Payment Successed
21448,59046,25-11-2022,Payment Successed
21449,2976,29-07-2020,Payment Successed
21450,65937,04-09-2023,Payment Successed
21451,40156,07-05-2024,Payment Successed
21452,77639,07-06-2023,Payment Successed
21453,34479,29-09-2024,Payment Successed
21454,18773,19-11-2020,Payment Successed
21455,83285,01-10-2024,Payment Successed
21456,6164,11-11-2022,Payment Successed
21457,94242,23-06-2020,Payment Successed
21458,78883,10-02-2020,Payment Successed
21459,73674,28-04-2024,Payment Successed
21460,93454,22-02-2020,Payment Successed
21461,14538,16-08-2021,Payment Successed
21462,62257,16-02-2022,Payment Successed
21463,15633,28-02-2023,Payment Successed
21464,59648,09-03-2022,Payment Successed
21465,14600,07-02-2024,Payment Successed
21466,26340,01-06-2020,Payment Successed
21467,65668,12-06-2020,Payment Successed
21468,8843,21-12-2020,Payment Successed
21469,55294,02-11-2022,Payment Successed
21470,8647,22-05-2020,Payment Successed
21471,4828,07-01-2023,Payment Successed
21472,9976,02-08-2022,Payment Successed
21473,63721,08-05-2024,Payment Successed
21474,5622,06-06-2022,Payment Successed
21475,35753,25-12-2020,Payment Successed
21476,30536,29-11-2021,Payment Successed
21477,85332,03-01-2023,Payment Successed
21478,84750,06-08-2022,Payment Successed
21479,30983,08-06-2022,Payment Successed
21480,57342,08-07-2024,Payment Successed
21481,17878,16-09-2021,Payment Successed
21482,69265,29-05-2023,Refunded
21483,4458,10-04-2024,Payment Successed
21484,84197,03-11-2021,Payment Successed
21485,59176,29-11-2023,Failed
21486,54482,14-10-2023,Payment Successed
21487,44272,20-11-2022,Payment Successed
21488,29866,16-11-2020,Payment Successed
21489,3147,16-10-2024,Refunded
21490,64004,11-07-2023,Payment Successed
21491,83720,27-04-2024,Payment Successed
21492,50787,03-06-2020,Payment Successed
21493,66012,18-11-2020,Payment Successed
21494,16247,26-03-2024,Payment Successed
21495,87723,29-12-2020,Failed
21496,70584,13-10-2023,Payment Successed
21497,61172,12-12-2021,Payment Successed
21498,19459,06-09-2022,Payment Successed
21499,60447,22-11-2021,Payment Successed
21500,74840,07-08-2024,Payment Successed
21501,86872,05-05-2024,Payment Successed
21502,33873,04-06-2023,Failed
21503,1640,15-09-2021,Payment Successed
21504,4560,28-12-2021,Payment Successed
21505,94808,25-06-2023,Payment Successed
21506,49169,22-06-2022,Payment Successed
21507,40066,08-06-2021,Payment Successed
21508,89935,31-12-2020,Payment Successed
21509,22459,04-05-2023,Payment Successed
21510,30730,31-05-2022,Payment Successed
21511,63373,11-06-2021,Payment Successed
21512,39500,14-07-2022,Payment Successed
21513,38360,19-09-2022,Payment Successed
21514,18613,08-02-2020,Payment Successed
21515,61222,06-11-2020,Failed
21516,1817,06-08-2022,Payment Successed
21517,36902,22-03-2023,Payment Successed
21518,65389,04-09-2022,Payment Successed
21519,8256,10-12-2023,Payment Successed
21520,12566,08-12-2021,Payment Successed
21521,85470,06-03-2020,Payment Successed
21522,55285,19-05-2020,Payment Successed
21523,3744,10-06-2024,Payment Successed
21524,98721,12-04-2024,Payment Successed
21525,32601,12-06-2023,Refunded
21526,56744,29-06-2024,Payment Successed
21527,23525,21-07-2023,Failed
21528,25235,16-06-2023,Payment Successed
21529,78153,05-02-2022,Payment Successed
21530,88510,24-08-2024,Payment Successed
21531,64036,29-01-2024,Payment Successed
21532,7962,05-08-2023,Payment Successed
21533,58462,10-01-2021,Payment Successed
21534,68223,08-07-2023,Payment Successed
21535,87702,27-07-2020,Refunded
21536,59723,19-04-2022,Payment Successed
21537,99649,16-01-2021,Payment Successed
21538,68414,18-08-2020,Payment Successed
21539,64723,27-06-2022,Payment Successed
21540,81744,28-01-2021,Payment Successed
21541,93912,30-03-2023,Payment Successed
21542,80135,26-07-2023,Payment Successed
21543,45652,08-02-2021,Payment Successed
21544,16383,17-11-2020,Payment Successed
21545,18106,03-02-2020,Refunded
21546,47212,25-05-2022,Payment Successed
21547,34694,02-10-2021,Payment Successed
21548,22211,20-09-2021,Payment Successed
21549,82906,10-03-2024,Payment Successed
21550,66595,14-08-2024,Payment Successed
21551,58041,04-08-2023,Payment Successed
21552,7648,01-01-2024,Payment Successed
21553,51889,17-01-2021,Refunded
21554,78238,21-08-2024,Payment Successed
21555,77313,06-12-2021,Payment Successed
21556,51123,04-04-2021,Payment Successed
21557,99674,06-11-2024,Refunded
21558,23742,02-04-2024,Payment Successed
21559,55993,27-05-2022,Payment Successed
21560,45069,08-04-2023,Payment Successed
21561,55378,07-10-2021,Payment Successed
21562,26513,26-08-2024,Refunded
21563,95809,25-05-2023,Payment Successed
21564,4788,30-06-2024,Payment Successed
21565,19168,25-05-2022,Payment Successed
21566,5920,29-04-2024,Payment Successed
21567,11807,11-12-2023,Payment Successed
21568,94796,05-12-2023,Payment Successed
21569,85776,06-08-2020,Refunded
21570,74755,31-12-2024,Payment Successed
21571,40362,23-09-2020,Payment Successed
21572,87774,28-09-2020,Payment Successed
21573,97719,30-08-2024,Payment Successed
21574,9129,30-01-2021,Payment Successed
21575,26250,22-06-2024,Payment Successed
21576,78470,10-06-2023,Payment Successed
21577,3549,26-08-2020,Payment Successed
21578,1547,20-05-2020,Payment Successed
21579,42979,19-03-2020,Payment Successed
21580,27555,25-12-2020,Payment Successed
21581,80883,20-05-2021,Payment Successed
21582,44622,24-05-2023,Refunded
21583,92175,22-07-2023,Payment Successed
21584,18659,10-10-2023,Payment Successed
21585,2549,03-11-2022,Payment Successed
21586,2360,23-05-2024,Payment Successed
21587,15104,04-03-2024,Payment Successed
21588,15587,26-02-2021,Payment Successed
21589,4931,26-07-2020,Payment Successed
21590,14705,21-01-2024,Payment Successed
21591,38202,01-08-2021,Payment Successed
21592,97562,28-12-2020,Payment Successed
21593,76313,18-06-2020,Payment Successed
21594,9889,28-08-2022,Failed
21595,65616,20-04-2021,Payment Successed
21596,32536,06-08-2021,Failed
21597,14610,14-06-2023,Payment Successed
21598,99536,29-03-2024,Payment Successed
21599,81579,30-07-2021,Payment Successed
21600,78231,17-07-2023,Payment Successed
21601,86730,16-09-2021,Payment Successed
21602,55723,23-08-2020,Payment Successed
21603,22587,02-08-2021,Payment Successed
21604,34295,27-09-2024,Payment Successed
21605,76738,25-06-2022,Payment Successed
21606,85893,22-11-2021,Payment Successed
21607,38957,30-07-2020,Payment Successed
21608,61328,13-10-2020,Payment Successed
21609,43377,28-05-2022,Payment Successed
21610,66159,18-10-2021,Payment Successed
21611,57625,25-03-2020,Payment Successed
21612,79974,15-08-2022,Payment Successed
21613,23703,17-09-2024,Refunded
21614,40478,25-08-2021,Payment Successed
21615,82841,22-07-2020,Failed
21616,26577,18-09-2021,Payment Successed
21617,56956,22-04-2024,Payment Successed
21618,80097,17-02-2023,Payment Successed
21619,34768,14-08-2022,Payment Successed
21620,59861,30-10-2020,Failed
21621,91763,16-12-2022,Payment Successed
21622,25688,23-05-2022,Payment Successed
21623,16753,19-04-2021,Payment Successed
21624,66664,30-08-2021,Payment Successed
21625,20943,24-11-2020,Payment Successed
21626,69566,05-05-2024,Payment Successed
21627,69163,17-02-2024,Payment Successed
21628,51842,12-05-2024,Refunded
21629,77921,22-03-2023,Payment Successed
21630,82534,22-11-2021,Payment Successed
21631,3607,30-06-2023,Payment Successed
21632,75062,01-10-2022,Payment Successed
21633,44727,14-12-2024,Refunded
21634,76370,20-09-2020,Payment Successed
21635,63106,19-11-2021,Payment Successed
21636,15545,25-05-2020,Payment Successed
21637,46109,15-08-2022,Payment Successed
21638,71681,16-03-2021,Refunded
21639,17014,24-11-2022,Payment Successed
21640,75647,13-08-2020,Payment Successed
21641,70518,03-09-2024,Refunded
21642,95311,25-03-2023,Refunded
21643,42031,03-05-2022,Payment Successed
21644,28163,12-12-2023,Payment Successed
21645,64632,03-05-2024,Refunded
21646,6158,19-07-2022,Payment Successed
21647,7010,06-04-2024,Payment Successed
21648,84683,28-04-2021,Payment Successed
21649,59972,13-09-2020,Payment Successed
21650,45850,17-07-2024,Payment Successed
21651,12849,01-10-2023,Payment Successed
21652,15882,27-12-2020,Payment Successed
21653,31843,25-10-2022,Payment Successed
21654,3949,25-01-2021,Payment Successed
21655,17044,28-07-2021,Payment Successed
21656,15270,13-03-2020,Payment Successed
21657,72200,02-12-2022,Payment Successed
21658,88147,07-01-2021,Payment Successed
21659,35431,14-05-2022,Payment Successed
21660,53452,14-08-2020,Payment Successed
21661,9799,05-12-2020,Payment Successed
21662,87395,14-10-2024,Payment Successed
21663,12602,13-04-2022,Payment Successed
21664,8733,16-11-2024,Payment Successed
21665,79012,18-02-2024,Payment Successed
21666,9826,09-02-2022,Payment Successed
21667,84814,06-04-2020,Payment Successed
21668,4868,23-09-2023,Payment Successed
21669,71377,25-05-2021,Payment Successed
21670,28303,22-04-2022,Payment Successed
21671,91857,01-01-2020,Payment Successed
21672,67182,15-01-2022,Payment Successed
21673,32744,14-07-2021,Payment Successed
21674,37312,29-12-2020,Payment Successed
21675,51615,03-01-2024,Payment Successed
21676,11088,31-01-2021,Payment Successed
21677,79819,14-02-2022,Payment Successed
21678,34818,18-05-2020,Payment Successed
21679,76231,04-01-2020,Payment Successed
21680,29188,18-06-2022,Refunded
21681,87267,24-02-2024,Payment Successed
21682,40620,07-04-2020,Payment Successed
21683,1820,25-11-2021,Refunded
21684,11567,13-11-2021,Payment Successed
21685,16603,23-01-2021,Payment Successed
21686,9489,05-12-2021,Payment Successed
21687,74174,07-05-2020,Payment Successed
21688,48498,11-08-2021,Payment Successed
21689,67441,08-02-2022,Failed
21690,88788,12-01-2020,Payment Successed
21691,87562,29-03-2024,Payment Successed
21692,39604,16-10-2020,Payment Successed
21693,14170,19-10-2022,Payment Successed
21694,11918,05-08-2024,Payment Successed
21695,18943,29-04-2022,Payment Successed
21696,19705,06-04-2024,Payment Successed
21697,98268,09-12-2022,Payment Successed
21698,74179,19-07-2021,Refunded
21699,44919,29-07-2023,Failed
21700,24425,03-04-2024,Refunded
21701,62567,17-11-2024,Payment Successed
21702,53953,10-09-2024,Payment Successed
21703,60252,27-10-2023,Payment Successed
21704,4957,08-08-2024,Refunded
21705,61818,26-06-2021,Payment Successed
21706,48091,20-12-2024,Payment Successed
21707,85995,12-04-2020,Payment Successed
21708,45166,18-09-2021,Payment Successed
21709,75361,15-05-2020,Failed
21710,70557,25-08-2020,Payment Successed
21711,53540,19-07-2023,Payment Successed
21712,79347,10-12-2021,Payment Successed
21713,86439,02-08-2021,Payment Successed
21714,4296,30-07-2022,Payment Successed
21715,38575,12-04-2021,Payment Successed
21716,64514,22-10-2020,Payment Successed
21717,4837,15-11-2023,Payment Successed
21718,23626,12-11-2021,Payment Successed
21719,42713,11-07-2021,Failed
21720,63886,14-12-2021,Payment Successed
21721,39851,28-03-2020,Payment Successed
21722,73735,29-06-2020,Payment Successed
21723,38056,06-11-2022,Payment Successed
21724,48517,06-10-2022,Failed
21725,50682,07-09-2022,Payment Successed
21726,75511,16-07-2020,Payment Successed
21727,21562,07-11-2024,Payment Successed
21728,22976,20-07-2024,Payment Successed
21729,7076,16-08-2021,Payment Successed
21730,77237,04-11-2022,Payment Successed
21731,27513,22-05-2024,Payment Successed
21732,90161,29-07-2022,Payment Successed
21733,90694,16-06-2022,Payment Successed
21734,33195,30-06-2020,Payment Successed
21735,26380,24-02-2022,Refunded
21736,91207,05-03-2020,Payment Successed
21737,67982,26-08-2022,Payment Successed
21738,58392,24-08-2024,Payment Successed
21739,9640,11-04-2024,Payment Successed
21740,2830,11-10-2024,Payment Successed
21741,91483,17-03-2021,Payment Successed
21742,83419,05-09-2023,Payment Successed
21743,25012,24-03-2020,Payment Successed
21744,26085,18-02-2024,Payment Successed
21745,62029,03-06-2022,Payment Successed
21746,45591,14-09-2022,Payment Successed
21747,17053,29-04-2024,Payment Successed
21748,55201,08-12-2023,Payment Successed
21749,35867,29-07-2024,Payment Successed
21750,36290,06-12-2021,Payment Successed
21751,66970,16-05-2023,Payment Successed
21752,57953,27-09-2022,Payment Successed
21753,61597,11-02-2023,Payment Successed
21754,20639,02-09-2020,Payment Successed
21755,69907,11-05-2021,Payment Successed
21756,44365,25-04-2024,Payment Successed
21757,24116,07-01-2024,Payment Successed
21758,27044,23-11-2023,Payment Successed
21759,94977,11-06-2024,Payment Successed
21760,17891,21-09-2022,Payment Successed
21761,21229,08-10-2023,Refunded
21762,44717,05-09-2022,Payment Successed
21763,23741,02-11-2024,Payment Successed
21764,26557,22-04-2024,Payment Successed
21765,32508,16-05-2022,Payment Successed
21766,11707,26-08-2022,Payment Successed
21767,41744,05-08-2021,Payment Successed
21768,78578,23-12-2022,Payment Successed
21769,40496,07-11-2024,Payment Successed
21770,19672,20-06-2021,Payment Successed
21771,22146,28-04-2024,Payment Successed
21772,90558,04-09-2020,Refunded
21773,79371,23-02-2023,Payment Successed
21774,51671,19-04-2024,Payment Successed
21775,53719,29-06-2020,Payment Successed
21776,25558,07-01-2020,Payment Successed
21777,67793,23-06-2021,Payment Successed
21778,5263,29-03-2021,Payment Successed
21779,89819,05-12-2024,Payment Successed
21780,56690,07-11-2024,Payment Successed
21781,43995,07-08-2020,Payment Successed
21782,59849,29-03-2023,Payment Successed
21783,89779,22-07-2023,Payment Successed
21784,54033,23-07-2020,Payment Successed
21785,39012,23-11-2023,Payment Successed
21786,53479,01-07-2021,Payment Successed
21787,86971,07-12-2022,Payment Successed
21788,37116,14-08-2024,Payment Successed
21789,69619,07-04-2021,Payment Successed
21790,11071,09-02-2024,Failed
21791,23595,23-06-2020,Payment Successed
21792,15931,08-02-2023,Payment Successed
21793,24877,04-12-2021,Payment Successed
21794,54413,01-10-2024,Payment Successed
21795,10387,28-09-2022,Payment Successed
21796,49458,24-10-2023,Payment Successed
21797,47838,09-08-2020,Refunded
21798,84594,20-10-2021,Refunded
21799,49573,03-12-2021,Payment Successed
21800,48115,01-02-2020,Payment Successed
21801,22026,30-12-2023,Payment Successed
21802,45426,29-05-2024,Payment Successed
21803,44451,14-11-2022,Refunded
21804,93935,09-12-2024,Payment Successed
21805,86339,09-02-2024,Payment Successed
21806,75083,17-12-2021,Payment Successed
21807,61413,07-12-2021,Payment Successed
21808,20758,17-09-2023,Payment Successed
21809,4323,14-11-2023,Payment Successed
21810,77161,20-01-2020,Payment Successed
21811,85285,27-03-2023,Payment Successed
21812,10967,25-05-2024,Refunded
21813,48694,19-04-2021,Payment Successed
21814,63154,27-11-2024,Refunded
21815,19977,03-09-2023,Payment Successed
21816,3550,05-12-2022,Payment Successed
21817,53509,17-06-2022,Payment Successed
21818,76223,07-09-2023,Payment Successed
21819,68608,30-12-2024,Refunded
21820,82820,12-10-2021,Refunded
21821,44374,22-02-2021,Payment Successed
21822,42572,02-01-2025,Payment Successed
21823,20024,09-05-2020,Payment Successed
21824,83519,01-06-2024,Payment Successed
21825,16226,06-05-2022,Payment Successed
21826,41414,04-06-2022,Payment Successed
21827,92817,02-12-2024,Payment Successed
21828,32678,14-05-2023,Payment Successed
21829,27383,01-10-2024,Payment Successed
21830,79912,06-10-2024,Payment Successed
21831,21474,25-11-2021,Payment Successed
21832,44276,26-11-2021,Payment Successed
21833,18774,08-08-2021,Payment Successed
21834,60510,11-02-2024,Payment Successed
21835,30281,15-02-2022,Refunded
21836,44035,14-07-2024,Payment Successed
21837,88306,05-05-2024,Payment Successed
21838,17034,18-11-2022,Payment Successed
21839,80708,12-07-2020,Payment Successed
21840,59023,15-02-2020,Payment Successed
21841,25371,09-10-2024,Failed
21842,79909,13-09-2022,Payment Successed
21843,39749,02-05-2024,Payment Successed
21844,81519,23-03-2021,Payment Successed
21845,69144,04-05-2021,Payment Successed
21846,47723,13-12-2021,Payment Successed
21847,96903,24-04-2022,Payment Successed
21848,9109,01-05-2023,Payment Successed
21849,38111,19-04-2024,Payment Successed
21850,73578,09-04-2022,Payment Successed
21851,80332,18-06-2023,Payment Successed
21852,30731,02-04-2020,Payment Successed
21853,86654,19-04-2021,Refunded
21854,49610,13-01-2022,Payment Successed
21855,90397,20-05-2021,Payment Successed
21856,41694,07-10-2024,Payment Successed
21857,24607,27-10-2022,Payment Successed
21858,25029,21-06-2022,Payment Successed
21859,50522,12-10-2020,Failed
21860,55259,13-01-2024,Payment Successed
21861,96189,08-07-2021,Payment Successed
21862,48407,08-12-2023,Payment Successed
21863,85924,08-03-2024,Refunded
21864,90206,12-01-2023,Payment Successed
21865,57757,03-07-2021,Failed
21866,17005,15-04-2020,Failed
21867,75854,08-12-2024,Payment Successed
21868,72009,19-03-2023,Payment Successed
21869,38904,18-05-2020,Payment Successed
21870,77753,11-11-2022,Payment Successed
21871,94343,07-05-2024,Payment Successed
21872,40010,03-06-2023,Payment Successed
21873,19820,26-06-2021,Payment Successed
21874,13229,11-08-2020,Payment Successed
21875,61944,12-04-2023,Payment Successed
21876,88214,09-05-2022,Payment Successed
21877,10079,15-12-2023,Payment Successed
21878,91939,09-03-2023,Payment Successed
21879,45313,02-08-2021,Payment Successed
21880,2971,27-01-2024,Payment Successed
21881,40836,23-03-2022,Payment Successed
21882,82870,09-05-2024,Payment Successed
21883,82912,30-11-2021,Payment Successed
21884,58736,30-01-2022,Payment Successed
21885,91926,22-10-2020,Payment Successed
21886,82116,22-07-2021,Payment Successed
21887,47375,12-03-2021,Payment Successed
21888,66531,29-11-2020,Payment Successed
21889,65660,03-12-2024,Payment Successed
21890,79326,27-09-2023,Payment Successed
21891,35606,30-07-2020,Payment Successed
21892,2098,30-09-2022,Payment Successed
21893,13226,22-03-2024,Payment Successed
21894,11827,24-04-2021,Payment Successed
21895,10007,03-11-2020,Payment Successed
21896,98297,01-11-2024,Payment Successed
21897,9639,16-09-2023,Payment Successed
21898,11427,25-11-2023,Payment Successed
21899,32542,20-02-2022,Failed
21900,37605,18-12-2020,Payment Successed
21901,60325,20-04-2020,Payment Successed
21902,43125,16-09-2023,Payment Successed
21903,24754,27-05-2022,Payment Successed
21904,73974,24-12-2023,Payment Successed
21905,77528,22-04-2021,Refunded
21906,51930,12-03-2022,Payment Successed
21907,92596,14-07-2023,Failed
21908,25654,12-10-2023,Refunded
21909,49476,05-12-2020,Payment Successed
21910,58461,03-07-2022,Payment Successed
21911,58794,28-03-2022,Payment Successed
21912,21161,18-03-2023,Payment Successed
21913,35204,16-11-2021,Payment Successed
21914,19251,16-07-2022,Payment Successed
21915,66149,22-08-2023,Payment Successed
21916,59580,17-03-2020,Payment Successed
21917,65275,09-12-2020,Payment Successed
21918,11657,12-09-2023,Payment Successed
21919,22840,15-04-2024,Payment Successed
21920,50658,19-10-2021,Payment Successed
21921,2314,01-10-2023,Payment Successed
21922,9666,24-01-2021,Failed
21923,97913,23-08-2021,Payment Successed
21924,27520,11-09-2021,Payment Successed
21925,99068,30-08-2024,Payment Successed
21926,81380,01-06-2022,Failed
21927,41828,15-04-2023,Payment Successed
21928,51509,06-12-2024,Payment Successed
21929,7494,28-09-2024,Payment Successed
21930,92997,16-04-2021,Payment Successed
21931,88463,27-06-2021,Payment Successed
21932,16337,23-08-2023,Refunded
21933,6225,23-01-2023,Refunded
21934,30017,17-09-2023,Payment Successed
21935,99350,14-07-2024,Failed
21936,90247,11-09-2020,Payment Successed
21937,68977,09-01-2021,Payment Successed
21938,36598,05-03-2024,Payment Successed
21939,89783,26-09-2022,Payment Successed
21940,21314,29-01-2021,Payment Successed
21941,39068,16-07-2023,Payment Successed
21942,53901,07-12-2024,Payment Successed
21943,4786,01-11-2020,Payment Successed
21944,96580,17-05-2020,Payment Successed
21945,54698,26-06-2022,Payment Successed
21946,6182,01-11-2023,Payment Successed
21947,32191,04-10-2021,Payment Successed
21948,8474,26-09-2022,Payment Successed
21949,90087,17-09-2023,Payment Successed
21950,39342,15-03-2020,Payment Successed
21951,70349,08-07-2022,Payment Successed
21952,37379,18-02-2024,Payment Successed
21953,73275,08-01-2024,Payment Successed
21954,99297,19-07-2022,Payment Successed
21955,82621,08-09-2022,Payment Successed
21956,59471,01-08-2024,Payment Successed
21957,62804,06-07-2020,Payment Successed
21958,60350,26-10-2022,Payment Successed
21959,96214,16-11-2021,Payment Successed
21960,29498,31-05-2023,Refunded
21961,51712,10-11-2020,Payment Successed
21962,90572,28-07-2022,Payment Successed
21963,62190,06-09-2022,Payment Successed
21964,25504,18-09-2024,Payment Successed
21965,95975,16-08-2023,Payment Successed
21966,67944,01-09-2020,Payment Successed
21967,8177,28-08-2024,Payment Successed
21968,73834,04-05-2020,Payment Successed
21969,94442,30-06-2023,Payment Successed
21970,78568,19-01-2024,Payment Successed
21971,98369,23-05-2023,Payment Successed
21972,61792,03-02-2022,Refunded
21973,28300,13-08-2023,Failed
21974,28532,24-08-2020,Payment Successed
21975,44100,02-06-2022,Payment Successed
21976,68342,08-03-2021,Refunded
21977,61475,26-10-2022,Failed
21978,20272,07-07-2020,Payment Successed
21979,66433,30-03-2022,Payment Successed
21980,43000,18-11-2021,Payment Successed
21981,42839,19-07-2021,Payment Successed
21982,31050,09-03-2024,Payment Successed
21983,63920,01-01-2025,Payment Successed
21984,62845,15-06-2023,Payment Successed
21985,38145,31-10-2020,Refunded
21986,15606,03-05-2021,Payment Successed
21987,85874,03-11-2022,Payment Successed
21988,68421,09-09-2021,Payment Successed
21989,21843,04-12-2022,Payment Successed
21990,96233,19-11-2021,Payment Successed
21991,14068,07-08-2022,Payment Successed
21992,15692,21-08-2021,Payment Successed
21993,71372,07-10-2020,Payment Successed
21994,74717,19-01-2021,Payment Successed
21995,26345,10-11-2023,Payment Successed
21996,90378,11-09-2024,Payment Successed
21997,84944,13-04-2021,Payment Successed
21998,94093,13-06-2022,Payment Successed
21999,74768,09-09-2022,Failed
22000,65152,13-12-2020,Payment Successed
