shipping_id,order_id,shipping_date,return_date,shipping_provider,delivery_status
1,49299,14-06-2024,,dhl,Delivered
2,76631,17-04-2020,,bluedart,Delivered
3,65101,15-01-2024,,dhl,Delivered
4,29563,20-02-2020,,usps,Delivered
5,86037,05-01-2024,,dhl,Delivered
6,33847,18-12-2020,,fedex,Delivered
7,96216,29-12-2021,,ups,Delivered
8,21050,06-03-2020,,bluedart,Delivered
9,76444,13-03-2021,,fedex,Delivered
10,30087,17-08-2020,,fedex,Delivered
11,42907,27-02-2020,,dhl,Delivered
12,77128,11-02-2022,,bluedart,Delivered
13,43005,02-12-2023,,bluedart,Delivered
14,9812,27-04-2020,,fedex,Delivered
15,38030,01-02-2023,,dhl,Delivered
16,23741,09-11-2024,,fedex,Delivered
17,84631,29-01-2022,,fedex,Delivered
18,81653,26-05-2024,,fedex,Shipped
19,22758,21-10-2023,,ups,Delivered
20,94586,17-03-2021,,ups,Delivered
21,10540,18-08-2021,,bluedart,Delivered
22,11922,09-02-2024,,fedex,Delivered
23,24452,01-04-2022,,fedex,Delivered
24,84394,18-07-2021,25-07-2021,dhl,Returned
25,88502,22-09-2024,,fedex,Delivered
26,40015,15-08-2021,,fedex,Delivered
27,70603,09-08-2020,07-09-2020,dhl,Returned
28,75569,25-07-2021,,fedex,Shipped
29,28968,29-01-2023,,fedex,Delivered
30,60580,14-09-2021,,bluedart,Shipped
31,39747,15-06-2023,,bluedart,Delivered
32,66902,26-08-2024,,bluedart,Delivered
33,13100,07-02-2020,,ups,Delivered
34,25364,25-04-2020,14-05-2020,fedex,Returned
35,31816,14-05-2022,,dhl,Cancelled
36,26967,01-09-2020,,bluedart,Delivered
37,19402,03-11-2022,,ups,In Transit
38,82231,22-10-2024,03-11-2024,bluedart,Returned
39,83706,13-06-2021,,fedex,Delivered
40,59784,16-02-2023,,dhl,Delivered
41,54022,06-08-2024,,dhl,Delivered
42,20490,01-04-2020,,dhl,Delivered
43,3163,19-07-2024,,usps,Delivered
44,51607,17-01-2024,,bluedart,In Transit
45,46962,03-10-2024,,bluedart,Shipped
46,3391,18-09-2021,,usps,Delivered
47,10411,10-10-2020,,fedex,Delivered
48,99197,26-01-2024,,fedex,Cancelled
49,70681,13-07-2021,,fedex,In Transit
50,76289,19-02-2021,,delhivery,Delivered
51,59187,24-09-2022,,dhl,Delivered
52,18368,12-01-2024,,dhl,Delivered
53,85122,19-10-2021,,dhl,Delivered
54,59370,08-11-2022,,ups,Delivered
55,25760,19-01-2024,04-02-2024,bluedart,Returned
56,55346,14-01-2021,,fedex,Delivered
57,75694,28-06-2020,,dhl,Delivered
58,57357,12-08-2021,,dhl,Delivered
59,18093,08-04-2024,,fedex,Cancelled
60,67315,14-09-2024,,bluedart,Delivered
61,52514,07-11-2023,,fedex,Delivered
62,65929,12-01-2023,,ups,Delivered
63,10965,29-04-2023,10-05-2023,fedex,Returned
64,67433,04-09-2022,,fedex,Delivered
65,79527,25-10-2023,,dhl,Delivered
66,88463,02-07-2021,,fedex,Shipped
67,13741,19-02-2023,,fedex,Delivered
68,9199,29-12-2021,,fedex,Delivered
69,35737,14-11-2024,,fedex,Delivered
70,5151,09-05-2021,,dhl,Delivered
71,36056,16-08-2021,,usps,Delivered
72,72762,28-01-2023,,fedex,Shipped
73,62617,05-02-2024,,fedex,Delivered
74,8678,01-07-2023,,dhl,Delivered
75,35282,25-04-2024,,fedex,Delivered
76,32353,09-10-2020,,delhivery,Delivered
77,3425,14-02-2021,,delhivery,Delivered
78,53197,14-11-2022,,fedex,Delivered
79,13074,17-04-2023,,bluedart,Delivered
80,79668,07-05-2024,,fedex,Delivered
81,78706,07-04-2024,,dhl,Delivered
82,11971,31-08-2023,,usps,Delivered
83,29763,06-11-2022,,ups,Delivered
84,54765,31-12-2021,,fedex,Delivered
85,98181,11-07-2023,,bluedart,Delivered
86,62735,16-05-2022,,fedex,Delivered
87,44310,25-10-2024,,fedex,Delivered
88,58086,12-09-2020,,bluedart,Cancelled
89,10841,08-08-2024,20-08-2024,bluedart,Returned
90,23527,17-09-2023,,fedex,Delivered
91,28491,07-07-2022,,ups,Delivered
92,85983,02-02-2020,,bluedart,Shipped
93,56808,11-07-2021,,fedex,Delivered
94,64943,23-03-2020,,bluedart,Delivered
95,72717,07-01-2023,,bluedart,Delivered
96,81620,18-01-2020,,dhl,Delivered
97,64813,18-04-2020,,dhl,Delivered
98,82410,26-10-2024,,dhl,Delivered
99,42241,06-05-2022,,fedex,Delivered
100,56957,20-01-2021,,dhl,Delivered
101,10898,09-01-2022,,fedex,Delivered
102,68481,04-11-2024,,fedex,Delivered
103,47635,07-10-2020,,dhl,Delivered
104,38751,30-08-2020,,bluedart,Delivered
105,88437,22-03-2022,,dhl,Delivered
106,55038,16-09-2024,,delhivery,Delivered
107,46756,16-03-2023,26-03-2023,dhl,Returned
108,60169,10-09-2023,,fedex,Shipped
109,33397,15-07-2020,,fedex,In Transit
110,87003,15-03-2024,,fedex,Delivered
111,28799,19-09-2023,,bluedart,Delivered
112,37954,17-02-2024,,fedex,Shipped
113,74744,14-03-2020,,bluedart,Delivered
114,66968,16-03-2021,,fedex,Delivered
115,63648,13-04-2020,,dhl,Delivered
116,27128,28-11-2021,,fedex,In Transit
117,85795,28-01-2023,,bluedart,Delivered
118,99649,21-01-2021,,fedex,Delivered
119,15806,21-05-2021,,dhl,Shipped
120,36466,16-01-2023,,dhl,Delivered
121,8039,18-08-2022,,fedex,Delivered
122,61674,11-05-2020,,fedex,Delivered
123,91494,18-09-2024,,fedex,Delivered
124,63878,15-01-2023,,usps,Delivered
125,26688,11-12-2024,10-01-2025,ups,Returned
126,92019,22-02-2022,,bluedart,Delivered
127,51285,08-01-2024,,dhl,In Transit
128,2572,10-02-2023,,delhivery,Delivered
129,61485,28-04-2020,,fedex,Delivered
130,10789,28-06-2020,,dhl,Delivered
131,17126,06-10-2020,,fedex,Cancelled
132,54108,06-09-2020,,bluedart,Delivered
133,91467,18-04-2020,,ups,Delivered
134,56659,16-01-2024,02-02-2024,fedex,Returned
135,27248,09-03-2023,,ups,Delivered
136,14779,02-02-2024,,fedex,Cancelled
137,87799,25-03-2022,,bluedart,In Transit
138,96233,26-11-2021,,fedex,Shipped
139,85577,14-11-2020,,fedex,Delivered
140,29917,15-11-2024,,dhl,Delivered
141,47634,01-01-2024,,fedex,Delivered
142,91958,13-07-2022,,fedex,Cancelled
143,18388,03-08-2022,,dhl,Delivered
144,25378,13-01-2020,,bluedart,Delivered
145,75684,11-08-2024,,fedex,Delivered
146,18918,19-08-2021,,fedex,Delivered
147,97932,09-10-2021,,fedex,Delivered
148,60085,15-07-2021,,usps,Delivered
149,85666,02-03-2020,,fedex,Delivered
150,7708,06-07-2023,,dhl,Shipped
151,74768,13-09-2022,,fedex,Delivered
152,89969,19-02-2020,,bluedart,In Transit
153,84694,13-04-2022,22-04-2022,bluedart,Returned
154,71444,10-11-2024,,fedex,Cancelled
155,86425,07-07-2020,01-08-2020,fedex,Returned
156,73175,24-12-2020,,dhl,In Transit
157,86606,21-07-2024,,bluedart,Delivered
158,30997,06-04-2020,,bluedart,Delivered
159,7190,04-03-2021,,fedex,Delivered
160,53863,13-09-2020,,fedex,Shipped
161,2110,07-12-2022,,dhl,Delivered
162,95124,01-02-2020,,dhl,Delivered
163,6432,13-11-2022,,fedex,Delivered
164,74013,12-05-2021,,fedex,In Transit
165,19156,18-01-2021,,fedex,Delivered
166,40882,08-09-2020,14-09-2020,fedex,Returned
167,28263,09-11-2021,,ups,Delivered
168,10439,26-07-2021,08-08-2021,bluedart,Returned
169,2143,24-04-2024,,fedex,Shipped
170,63491,17-06-2020,,fedex,Delivered
171,79415,19-03-2023,07-04-2023,dhl,Returned
172,47538,09-10-2024,,fedex,Delivered
173,93283,07-03-2021,,usps,Shipped
174,21314,06-02-2021,,fedex,Delivered
175,8132,04-12-2021,,delhivery,In Transit
176,67937,03-09-2023,,fedex,Delivered
177,68543,08-04-2022,,bluedart,Delivered
178,18659,12-10-2023,,dhl,Delivered
179,91643,12-02-2022,,fedex,Delivered
180,44815,09-05-2022,,fedex,Delivered
181,38076,20-08-2022,,usps,Delivered
182,16995,01-02-2022,,ups,Delivered
183,81806,21-01-2020,09-02-2020,bluedart,Returned
184,18445,12-05-2024,,fedex,Delivered
185,99198,09-08-2021,,dhl,Delivered
186,65807,29-01-2024,,fedex,In Transit
187,13399,29-07-2022,,dhl,Delivered
188,46657,09-07-2021,,bluedart,Delivered
189,40623,17-04-2024,,ups,Delivered
190,38316,14-05-2020,,bluedart,Delivered
191,10365,11-05-2023,,ups,Delivered
192,85790,24-03-2020,,fedex,Delivered
193,38992,13-06-2021,,fedex,Delivered
194,40811,13-10-2023,,delhivery,Delivered
195,97148,20-04-2023,,fedex,Delivered
196,37634,11-12-2022,,bluedart,Delivered
197,95126,25-09-2023,,ups,Delivered
198,6225,02-02-2023,,dhl,Delivered
199,29688,28-06-2020,,fedex,Cancelled
200,3050,05-10-2022,,ups,Delivered
201,39999,15-01-2022,,fedex,Shipped
202,11314,27-03-2020,,dhl,Delivered
203,87962,13-02-2024,,fedex,Delivered
204,78303,04-12-2020,,dhl,Delivered
205,98185,01-04-2023,,usps,Delivered
206,78581,23-02-2021,,fedex,Delivered
207,76852,14-03-2023,,usps,Delivered
208,12176,11-04-2022,,fedex,In Transit
209,96389,03-07-2024,31-07-2024,fedex,Returned
210,97436,08-11-2022,,ups,Delivered
211,90794,31-05-2020,,fedex,Delivered
212,3727,12-05-2022,,fedex,Delivered
213,17376,11-01-2020,,fedex,Delivered
214,50930,29-11-2020,,bluedart,Cancelled
215,74814,04-08-2022,,fedex,Delivered
216,11149,22-05-2020,,ups,Delivered
217,4850,19-03-2022,,bluedart,Delivered
218,12626,01-11-2022,,ups,In Transit
219,73832,29-12-2024,,dhl,Delivered
220,92024,10-08-2021,,fedex,Delivered
221,30622,14-12-2023,,dhl,In Transit
222,91723,17-01-2021,,ups,Shipped
223,39196,22-12-2024,,dhl,Delivered
224,98919,01-01-2021,,fedex,Delivered
225,7528,31-05-2020,,dhl,In Transit
226,39277,02-03-2021,,usps,Delivered
227,78161,16-01-2023,,fedex,Shipped
228,67139,31-07-2023,,fedex,Delivered
229,13531,12-12-2022,,fedex,Delivered
230,11118,16-01-2021,,ups,Delivered
231,44016,20-05-2020,,dhl,Delivered
232,30849,15-11-2024,,bluedart,Delivered
233,32644,16-12-2021,,ups,Shipped
234,87236,10-12-2024,,ups,Shipped
235,27350,15-01-2023,,delhivery,Delivered
236,20386,04-10-2022,23-10-2022,ups,Returned
237,22653,06-05-2021,13-05-2021,usps,Returned
238,50033,20-04-2021,,bluedart,Delivered
239,10003,02-07-2024,22-07-2024,bluedart,Returned
240,71968,25-07-2023,,dhl,Delivered
241,9834,18-08-2021,,fedex,Delivered
242,3832,24-10-2021,,bluedart,Delivered
243,80891,04-06-2020,,dhl,Cancelled
244,18942,20-06-2020,,ups,Shipped
245,85674,29-05-2023,,fedex,Shipped
246,42713,15-07-2021,,fedex,Delivered
247,30975,25-03-2021,,dhl,Delivered
248,88713,18-07-2020,,dhl,Cancelled
249,52226,24-05-2024,,dhl,Delivered
250,67395,01-06-2020,,ups,Delivered
251,85789,02-06-2022,07-06-2022,fedex,Returned
252,18874,18-04-2020,,dhl,Cancelled
253,83174,29-01-2023,,fedex,Delivered
254,26212,26-04-2021,,dhl,Delivered
255,84660,01-01-2024,,ups,Delivered
256,10311,11-11-2021,,dhl,Delivered
257,35711,21-08-2021,,ups,Delivered
258,40649,23-05-2024,,bluedart,Delivered
259,95876,02-04-2023,,fedex,Delivered
260,73536,24-02-2023,,fedex,Delivered
261,9386,17-08-2022,,fedex,Delivered
262,84837,04-10-2021,,dhl,Delivered
263,28501,06-10-2020,,usps,Delivered
264,73001,19-07-2023,,fedex,Delivered
265,95860,08-06-2024,,fedex,Cancelled
266,39152,20-09-2024,,usps,Delivered
267,62575,04-09-2020,20-09-2020,delhivery,Returned
268,21455,29-08-2023,,dhl,Delivered
269,91971,23-07-2021,,bluedart,Delivered
270,56422,05-09-2024,,fedex,Delivered
271,2374,20-04-2021,,fedex,Delivered
272,75207,19-01-2022,,ups,Shipped
273,67408,12-02-2024,,fedex,Delivered
274,1190,19-01-2022,,ups,Shipped
275,48862,31-10-2021,,delhivery,Delivered
276,25792,19-11-2022,,bluedart,Delivered
277,52432,06-09-2020,,delhivery,Cancelled
278,22273,28-10-2023,,fedex,In Transit
279,77236,03-12-2020,,usps,Delivered
280,68964,09-08-2020,,dhl,Delivered
281,22481,19-11-2024,,fedex,Delivered
282,44633,16-12-2021,,dhl,Delivered
283,25083,01-11-2023,,fedex,Delivered
284,46971,14-12-2023,,usps,Delivered
285,22436,09-08-2020,,bluedart,Delivered
286,5178,12-03-2024,,bluedart,Delivered
287,47023,10-08-2023,,bluedart,Delivered
288,7219,04-05-2022,,ups,Shipped
289,89705,14-01-2024,,fedex,Delivered
290,6597,09-12-2023,,fedex,Cancelled
291,30633,26-09-2021,,fedex,Shipped
292,59433,27-08-2024,,fedex,Delivered
293,63396,17-05-2024,,fedex,Delivered
294,95890,17-10-2020,,fedex,Delivered
295,82167,22-09-2022,,fedex,Delivered
296,71456,25-03-2023,,fedex,Delivered
297,50847,27-01-2020,,delhivery,Delivered
298,84011,30-12-2021,,ups,Delivered
299,84473,14-10-2022,,bluedart,Delivered
300,13478,14-06-2022,,bluedart,Delivered
301,23726,19-02-2024,,dhl,Delivered
302,34242,16-09-2024,,fedex,Delivered
303,55570,25-02-2020,,fedex,Delivered
304,42754,27-04-2021,,bluedart,Delivered
305,64123,10-08-2023,,fedex,Delivered
306,48737,26-10-2023,,dhl,Shipped
307,32373,06-08-2023,,bluedart,Delivered
308,46841,09-07-2022,,fedex,Delivered
309,52915,01-04-2021,,dhl,Delivered
310,61009,29-09-2022,,dhl,Delivered
311,9213,24-11-2023,,bluedart,Delivered
312,92215,17-12-2020,,dhl,Delivered
313,91544,05-03-2024,,fedex,Delivered
314,60464,11-10-2022,,fedex,Delivered
315,42078,27-09-2022,,usps,Delivered
316,10101,03-01-2023,,dhl,Delivered
317,93461,29-11-2024,,ups,Delivered
318,68272,24-02-2023,,dhl,Delivered
319,85688,06-07-2022,,fedex,Delivered
320,51524,02-09-2020,,delhivery,Cancelled
321,93782,13-01-2020,,fedex,Delivered
322,40363,07-04-2022,,fedex,Delivered
323,48890,03-10-2020,,delhivery,Delivered
324,71675,24-04-2024,,fedex,Shipped
325,43661,17-07-2022,,delhivery,Delivered
326,59538,04-05-2023,,dhl,Cancelled
327,34771,19-01-2023,,dhl,Delivered
328,52759,25-04-2020,,fedex,Delivered
329,62605,23-01-2024,,fedex,In Transit
330,45880,08-02-2023,,usps,Delivered
331,89252,13-09-2021,,dhl,Delivered
332,35310,21-12-2023,,fedex,Delivered
333,43332,23-07-2022,,fedex,In Transit
334,38547,25-07-2020,,fedex,Delivered
335,27822,04-06-2023,,ups,Shipped
336,89523,19-06-2021,,fedex,Delivered
337,29444,26-04-2024,,dhl,Delivered
338,34888,20-09-2021,,fedex,Delivered
339,28033,09-08-2023,,ups,Cancelled
340,26729,05-04-2023,,fedex,Delivered
341,73209,15-12-2020,,bluedart,Shipped
342,10219,23-08-2024,,dhl,In Transit
343,35314,30-08-2023,,bluedart,Delivered
344,44872,13-09-2021,,dhl,Delivered
345,38733,10-06-2023,,fedex,Delivered
346,48401,12-11-2020,,fedex,Delivered
347,39891,17-10-2024,,usps,Delivered
348,90018,13-08-2023,,dhl,Delivered
349,37908,02-04-2020,,dhl,Delivered
350,21829,30-06-2020,,dhl,Delivered
351,39001,13-10-2023,,fedex,Delivered
352,61931,21-08-2022,,dhl,Delivered
353,85821,29-07-2022,,dhl,Delivered
354,47989,08-03-2021,,fedex,Delivered
355,4824,07-09-2024,,fedex,Delivered
356,83951,23-05-2024,,dhl,Delivered
357,40499,10-03-2023,,dhl,Delivered
358,94772,18-03-2021,,fedex,Delivered
359,3087,07-11-2020,,bluedart,Shipped
360,47726,29-07-2023,,fedex,Cancelled
361,40378,01-03-2021,,dhl,Shipped
362,22259,25-07-2024,,bluedart,Delivered
363,77313,07-12-2021,,bluedart,Delivered
364,7798,26-02-2021,,bluedart,Delivered
365,38322,21-12-2022,,dhl,Delivered
366,10835,31-05-2023,06-06-2023,fedex,Returned
367,45173,27-10-2020,,fedex,Shipped
368,40048,21-09-2020,,bluedart,Delivered
369,51109,29-01-2020,,fedex,Delivered
370,78591,08-10-2021,14-10-2021,bluedart,Returned
371,66589,21-10-2024,,fedex,In Transit
372,56956,22-04-2024,,delhivery,Delivered
373,3888,26-08-2022,,bluedart,Delivered
374,53394,29-12-2023,,ups,Delivered
375,42889,11-06-2022,,fedex,Shipped
376,68576,05-05-2022,,fedex,Delivered
377,74925,26-07-2024,,fedex,Delivered
378,91202,08-06-2022,,fedex,Delivered
379,49271,10-10-2023,,dhl,Delivered
380,95871,31-01-2022,,bluedart,Delivered
381,20076,09-04-2022,,fedex,Delivered
382,88284,01-05-2024,,dhl,Delivered
383,82087,19-06-2024,,bluedart,Delivered
384,74017,02-06-2020,,ups,Delivered
385,88518,21-08-2021,,dhl,Delivered
386,39275,09-03-2022,,ups,Delivered
387,34718,20-07-2024,,fedex,Delivered
388,70258,05-07-2024,,fedex,Delivered
389,9444,09-10-2024,,fedex,Delivered
390,11967,04-10-2024,,fedex,Delivered
391,32849,29-09-2023,,ups,Delivered
392,97502,03-06-2022,,fedex,Delivered
393,84577,02-10-2024,,dhl,In Transit
394,6596,11-01-2024,,dhl,Delivered
395,84905,28-09-2023,,fedex,Cancelled
396,86569,26-09-2021,,fedex,Delivered
397,52157,18-03-2021,,dhl,In Transit
398,40238,12-07-2020,,delhivery,Delivered
399,92828,06-04-2024,,fedex,Delivered
400,97916,03-01-2025,,dhl,Delivered
401,66769,18-12-2023,,ups,Delivered
402,52423,15-01-2022,,bluedart,Delivered
403,35217,28-01-2023,,fedex,Delivered
404,76885,03-04-2023,18-04-2023,fedex,Returned
405,98472,17-06-2023,,fedex,Delivered
406,16108,22-10-2023,,ups,Delivered
407,58092,13-06-2022,,dhl,Delivered
408,48796,29-07-2024,,delhivery,In Transit
409,1910,19-02-2021,,dhl,Cancelled
410,27177,23-01-2024,,bluedart,Delivered
411,17521,21-01-2021,,fedex,Delivered
412,1276,25-07-2023,,fedex,Delivered
413,21667,21-11-2024,,fedex,Delivered
414,61574,27-01-2020,,fedex,Cancelled
415,65558,01-09-2024,,ups,Delivered
416,69860,23-04-2022,,dhl,Delivered
417,34246,01-05-2022,,fedex,Delivered
418,3594,07-09-2022,29-09-2022,delhivery,Returned
419,22212,10-01-2022,,fedex,Delivered
420,30130,13-12-2021,,ups,Delivered
421,48484,25-11-2024,,fedex,Delivered
422,66072,10-09-2021,,ups,Cancelled
423,20950,15-06-2020,,dhl,Delivered
424,3361,27-12-2020,21-01-2021,bluedart,Returned
425,79764,23-01-2023,,dhl,In Transit
426,33980,05-02-2020,,delhivery,Delivered
427,16932,18-03-2021,,bluedart,Delivered
428,28134,29-10-2022,,fedex,Delivered
429,60168,11-12-2023,,fedex,Delivered
430,88470,03-04-2021,,fedex,Delivered
431,96490,18-11-2023,,bluedart,Delivered
432,61917,02-07-2023,,fedex,Delivered
433,4825,21-06-2021,,delhivery,Delivered
434,56428,10-07-2022,,bluedart,Delivered
435,66772,03-03-2021,,fedex,Delivered
436,73803,19-02-2021,,fedex,Delivered
437,37657,01-03-2021,,fedex,Delivered
438,59511,12-03-2022,,ups,Delivered
439,12163,10-03-2022,20-03-2022,fedex,Returned
440,32135,28-09-2024,,fedex,Delivered
441,25345,03-01-2025,,fedex,Delivered
442,40221,09-10-2021,,fedex,Delivered
443,36033,11-06-2020,25-06-2020,dhl,Returned
444,41116,21-07-2023,05-08-2023,fedex,Returned
445,1489,29-04-2023,,ups,Delivered
446,35108,27-11-2021,,fedex,Cancelled
447,78388,17-07-2020,,fedex,Delivered
448,77648,13-06-2020,,fedex,Delivered
449,14101,11-06-2022,,fedex,Delivered
450,34545,26-09-2023,,fedex,Delivered
451,31357,23-05-2021,,bluedart,In Transit
452,52401,05-11-2022,,fedex,Delivered
453,33629,29-08-2024,,ups,Delivered
454,20003,15-05-2023,,fedex,Delivered
455,73570,18-12-2024,,fedex,In Transit
456,55957,31-01-2022,,ups,Delivered
457,1817,04-08-2022,,bluedart,Delivered
458,75625,17-12-2022,,usps,Delivered
459,62508,08-05-2024,,fedex,Delivered
460,93475,20-02-2024,,dhl,Delivered
461,81626,31-10-2023,,fedex,Delivered
462,89785,31-07-2022,,bluedart,Delivered
463,30980,13-03-2023,,fedex,Delivered
464,28106,29-12-2023,,dhl,Shipped
465,92898,15-09-2023,,fedex,Delivered
466,4764,19-12-2023,,delhivery,Delivered
467,96830,03-11-2021,,bluedart,In Transit
468,77996,09-01-2020,,ups,Delivered
469,14412,22-10-2021,,fedex,Delivered
470,91398,14-03-2024,,usps,Delivered
471,94269,15-09-2024,,dhl,Delivered
472,34737,19-09-2021,,ups,In Transit
473,76779,03-02-2022,,delhivery,Delivered
474,32374,17-02-2021,,fedex,Delivered
475,39267,14-03-2024,,delhivery,Delivered
476,55339,30-04-2020,,fedex,Delivered
477,73154,19-03-2023,,dhl,Delivered
478,43159,17-12-2022,,usps,Delivered
479,71134,17-02-2021,,dhl,Delivered
480,43912,15-01-2022,,fedex,Delivered
481,25504,17-09-2024,,fedex,Delivered
482,6508,27-09-2022,,fedex,Delivered
483,39889,18-09-2020,,fedex,In Transit
484,4703,21-08-2024,,bluedart,Delivered
485,2814,28-08-2021,,delhivery,Delivered
486,57477,18-01-2020,15-02-2020,ups,Returned
487,21648,03-07-2023,,dhl,Delivered
488,89134,17-03-2020,,fedex,Delivered
489,37186,21-11-2021,,dhl,Delivered
490,12145,08-10-2023,,usps,Delivered
491,11374,12-10-2020,,dhl,Delivered
492,22419,01-05-2024,,fedex,Delivered
493,40351,09-01-2024,,fedex,Delivered
494,81611,29-06-2020,,fedex,Delivered
495,32406,05-10-2021,,dhl,Delivered
496,80115,18-09-2024,,fedex,Delivered
497,50674,28-06-2023,,fedex,Delivered
498,91397,11-07-2021,,fedex,Delivered
499,20553,04-07-2022,,usps,Delivered
500,80883,20-05-2021,,bluedart,Delivered
501,85168,08-11-2024,,fedex,Delivered
502,1156,16-03-2020,,fedex,Delivered
503,2037,23-11-2022,,dhl,In Transit
504,17003,25-08-2022,,fedex,Delivered
505,97871,29-03-2022,,fedex,Delivered
506,18387,10-10-2020,,bluedart,Delivered
507,46476,04-01-2020,,bluedart,In Transit
508,27315,23-04-2023,,fedex,Delivered
509,52080,10-03-2022,,dhl,Delivered
510,22073,09-03-2022,,bluedart,Delivered
511,44256,15-10-2023,,ups,Delivered
512,59745,06-06-2020,,fedex,Delivered
513,7592,23-09-2021,,fedex,Delivered
514,79183,13-05-2024,,fedex,Shipped
515,45431,13-12-2021,,bluedart,Delivered
516,37421,17-03-2022,,fedex,Delivered
517,60442,04-02-2023,,fedex,Delivered
518,48798,14-07-2022,,bluedart,Shipped
519,43445,21-04-2024,,fedex,Delivered
520,47143,29-01-2023,,fedex,Delivered
521,83419,04-09-2023,,fedex,Delivered
522,88516,29-04-2023,,bluedart,Delivered
523,12489,31-08-2020,,bluedart,Delivered
524,80087,13-10-2021,,dhl,Delivered
525,11947,13-09-2021,,dhl,Delivered
526,28876,17-05-2020,,bluedart,Delivered
527,90232,02-08-2023,,fedex,Cancelled
528,52978,25-10-2020,,fedex,Delivered
529,53635,23-02-2024,,fedex,Delivered
530,42875,29-03-2022,,fedex,Delivered
531,30000,20-08-2020,,usps,Delivered
532,95528,09-07-2022,,fedex,Delivered
533,12524,22-04-2023,,dhl,Delivered
534,12865,14-11-2024,,dhl,Delivered
535,18956,04-02-2020,,ups,Delivered
536,21719,09-05-2022,,dhl,Delivered
537,84326,29-06-2021,,dhl,In Transit
538,33746,24-12-2023,,ups,Delivered
539,7267,02-08-2023,,fedex,Delivered
540,44695,22-04-2020,,fedex,Delivered
541,58340,18-06-2022,,dhl,Delivered
542,27224,03-08-2022,,ups,Delivered
543,81963,07-07-2022,,delhivery,Delivered
544,77732,19-02-2020,,fedex,Delivered
545,58936,12-09-2023,,fedex,Delivered
546,32041,19-01-2020,,delhivery,Delivered
547,53517,21-04-2022,,dhl,Delivered
548,56840,28-05-2020,,bluedart,Delivered
549,22409,18-08-2021,,fedex,In Transit
550,47854,01-05-2023,,fedex,Delivered
551,35007,11-10-2021,,fedex,Cancelled
552,51635,31-10-2023,,fedex,Delivered
553,54243,30-08-2022,,dhl,Delivered
554,11865,22-10-2023,,fedex,Delivered
555,71707,01-09-2024,,fedex,Delivered
556,45212,08-07-2023,,fedex,Shipped
557,88163,26-08-2024,,bluedart,Delivered
558,83185,13-05-2023,,ups,Shipped
559,35441,29-07-2023,,fedex,Delivered
560,66064,25-01-2023,,usps,Delivered
561,76992,16-12-2020,,usps,Shipped
562,75499,22-11-2021,,fedex,Delivered
563,77585,10-07-2022,,dhl,Cancelled
564,18493,01-09-2020,,usps,Shipped
565,68685,11-11-2020,,bluedart,Delivered
566,46431,17-10-2020,25-10-2020,usps,Returned
567,21516,13-01-2024,,bluedart,Delivered
568,56499,06-02-2023,,fedex,Delivered
569,8447,15-11-2020,13-12-2020,ups,Returned
570,26529,03-02-2023,,fedex,Delivered
571,32633,28-12-2020,,fedex,Delivered
572,79641,25-01-2023,,fedex,Delivered
573,1111,23-02-2021,,fedex,Delivered
574,32510,12-03-2024,,dhl,Delivered
575,75063,08-04-2023,,dhl,Delivered
576,83403,20-03-2021,,fedex,Delivered
577,87878,16-07-2021,,delhivery,Delivered
578,13178,13-10-2020,,dhl,Delivered
579,30983,16-06-2022,,ups,Delivered
580,92279,05-03-2021,,fedex,Delivered
581,48752,03-07-2023,,bluedart,Delivered
582,67189,17-12-2021,,fedex,Delivered
583,98209,08-12-2021,,usps,Delivered
584,52328,22-02-2021,,delhivery,Delivered
585,98137,12-09-2023,,bluedart,Delivered
586,4527,13-12-2020,,fedex,Delivered
587,70540,15-01-2022,,fedex,Delivered
588,29803,22-10-2020,,dhl,Delivered
589,75602,26-07-2020,,bluedart,Delivered
590,36576,24-04-2023,,ups,Delivered
591,23302,18-06-2024,,fedex,Delivered
592,52552,07-02-2022,,fedex,In Transit
593,40248,03-01-2023,,fedex,In Transit
594,33625,08-05-2023,,fedex,Delivered
595,1162,19-04-2022,,dhl,Delivered
596,84528,13-01-2024,,dhl,Delivered
597,19920,25-10-2021,,fedex,Delivered
598,96293,30-05-2020,,dhl,Cancelled
599,41828,21-04-2023,,fedex,Delivered
600,84608,19-12-2021,,fedex,Delivered
601,68496,10-03-2023,,dhl,Delivered
602,96612,26-02-2021,,fedex,Delivered
603,37203,24-05-2020,,fedex,Delivered
604,54482,21-10-2023,,fedex,Delivered
605,24039,04-06-2021,,fedex,Delivered
606,62782,01-05-2022,,fedex,In Transit
607,49725,06-12-2024,,fedex,Delivered
608,51236,15-09-2021,22-09-2021,fedex,Returned
609,53458,13-05-2024,,dhl,Delivered
610,44009,30-09-2024,,delhivery,Delivered
611,48543,22-08-2022,,fedex,Delivered
612,33039,29-07-2024,,fedex,Delivered
613,13423,25-10-2022,,usps,In Transit
614,79216,24-10-2023,,fedex,Delivered
615,99706,03-05-2021,,ups,Delivered
616,1301,17-01-2021,,dhl,Delivered
617,96452,04-05-2023,,usps,Shipped
618,27516,10-05-2021,,bluedart,Delivered
619,56246,24-04-2022,,fedex,In Transit
620,43739,01-11-2022,,fedex,Delivered
621,77869,29-01-2024,,fedex,Delivered
622,45549,11-03-2020,,ups,Shipped
623,93189,25-06-2022,,dhl,Shipped
624,80235,28-11-2021,,fedex,Delivered
625,18557,12-02-2024,,dhl,Delivered
626,96994,18-07-2020,,fedex,Delivered
627,17704,13-07-2021,,dhl,Delivered
628,54120,16-04-2020,,fedex,Delivered
629,49864,23-10-2022,,bluedart,Delivered
630,19289,29-05-2021,,fedex,Delivered
631,75727,26-02-2020,,fedex,Delivered
632,41827,09-01-2024,,fedex,Delivered
633,23668,02-05-2022,,usps,Delivered
634,77685,21-10-2024,,dhl,Shipped
635,38520,26-10-2022,,fedex,In Transit
636,77237,13-11-2022,,delhivery,Delivered
637,2956,01-08-2023,,ups,Delivered
638,71340,24-08-2024,,fedex,Delivered
639,82495,20-12-2022,,dhl,Delivered
640,63767,07-02-2021,,fedex,Delivered
641,34970,27-10-2021,,ups,Delivered
642,75110,24-08-2023,,fedex,Delivered
643,77707,05-05-2023,,dhl,Delivered
644,49829,03-03-2022,,fedex,Delivered
645,85889,30-05-2020,,dhl,Delivered
646,71480,12-04-2021,,fedex,Delivered
647,1559,26-01-2021,,fedex,Delivered
648,41088,21-11-2024,,fedex,Shipped
649,87138,16-03-2020,,fedex,Delivered
650,35513,24-06-2023,30-06-2023,dhl,Returned
651,23132,19-10-2021,,fedex,Delivered
652,84332,23-05-2023,28-05-2023,bluedart,Returned
653,1638,26-09-2020,,fedex,Delivered
654,17765,15-04-2021,,bluedart,Cancelled
655,46337,22-08-2020,,ups,Delivered
656,35407,17-11-2020,,fedex,Delivered
657,20526,17-06-2021,,ups,Delivered
658,14780,19-08-2023,,usps,Delivered
659,63988,06-11-2020,,ups,Delivered
660,97317,18-09-2024,,fedex,Shipped
661,26903,01-09-2022,,fedex,Delivered
662,48749,25-08-2024,,fedex,Delivered
663,98715,30-11-2023,,fedex,Delivered
664,16006,31-08-2024,,bluedart,Delivered
665,55859,19-09-2024,,delhivery,Delivered
666,75120,18-10-2021,,bluedart,Delivered
667,11388,14-09-2023,,bluedart,Delivered
668,30750,19-03-2022,,fedex,Shipped
669,45128,14-02-2020,,fedex,In Transit
670,40373,02-06-2023,,dhl,Delivered
671,33105,03-05-2020,,dhl,Delivered
672,64698,06-11-2021,,dhl,Delivered
673,71804,06-01-2020,,fedex,Delivered
674,19970,11-03-2021,,dhl,Delivered
675,19546,09-05-2020,,delhivery,Delivered
676,19132,29-10-2023,,fedex,Delivered
677,78150,18-10-2024,,fedex,Delivered
678,84042,08-12-2023,,fedex,Delivered
679,33243,31-10-2022,,dhl,Delivered
680,71357,12-11-2021,,fedex,Delivered
681,60278,02-01-2021,,dhl,Delivered
682,6909,25-02-2023,,dhl,Cancelled
683,50280,04-04-2024,,dhl,Delivered
684,11193,19-07-2024,,usps,Delivered
685,76305,06-10-2024,,dhl,Delivered
686,70536,24-03-2020,,dhl,Delivered
687,93038,04-01-2022,,delhivery,Delivered
688,93587,29-08-2021,,fedex,Delivered
689,78664,18-03-2023,,fedex,Cancelled
690,52404,21-11-2021,,fedex,Delivered
691,75192,28-03-2022,,dhl,Delivered
692,39197,22-11-2022,,bluedart,Delivered
693,15031,22-06-2020,,fedex,Delivered
694,68994,04-01-2024,,fedex,Delivered
695,86616,11-07-2022,,fedex,Delivered
696,49819,28-09-2022,,fedex,Delivered
697,84278,18-02-2020,,fedex,Delivered
698,54261,13-02-2024,,delhivery,Delivered
699,96655,12-03-2020,,bluedart,Shipped
700,25157,26-07-2024,,dhl,Delivered
701,92659,16-12-2024,,bluedart,Delivered
702,33060,29-04-2024,,dhl,Delivered
703,96699,21-06-2021,,fedex,Delivered
704,55143,18-05-2022,,fedex,Shipped
705,47490,14-09-2022,,dhl,In Transit
706,71946,09-11-2021,,bluedart,Delivered
707,97713,29-06-2021,,fedex,Shipped
708,18540,15-07-2021,10-08-2021,fedex,Returned
709,67733,13-12-2021,,fedex,Delivered
710,63843,06-09-2024,,dhl,Delivered
711,6744,13-10-2023,,dhl,Shipped
712,63227,05-02-2024,,ups,Delivered
713,29884,09-03-2020,,bluedart,Delivered
714,35698,30-07-2023,07-08-2023,delhivery,Returned
715,37940,02-04-2020,,bluedart,Delivered
716,85236,16-06-2021,,fedex,Delivered
717,69732,27-05-2021,,fedex,Shipped
718,57859,30-08-2021,,usps,Delivered
719,13396,21-12-2023,,dhl,Delivered
720,91041,25-10-2023,,dhl,Delivered
721,23679,16-10-2023,,fedex,Delivered
722,24816,17-11-2021,,fedex,Delivered
723,3864,07-04-2022,,bluedart,Delivered
724,20105,05-06-2024,,fedex,Delivered
725,1104,27-11-2020,,dhl,Delivered
726,4614,24-12-2021,,fedex,Delivered
727,92275,06-02-2022,,fedex,Delivered
728,48889,10-05-2021,,fedex,Delivered
729,38790,14-06-2021,,fedex,Delivered
730,26290,09-04-2023,,fedex,Delivered
731,96017,19-07-2023,02-08-2023,fedex,Returned
732,72582,27-09-2020,,fedex,Shipped
733,31395,20-05-2020,,fedex,Delivered
734,34686,15-06-2023,,bluedart,Delivered
735,89311,14-02-2021,,fedex,Shipped
736,81870,20-07-2022,,bluedart,Shipped
737,67905,18-01-2020,,fedex,Delivered
738,12296,13-08-2021,,ups,Delivered
739,81851,13-03-2021,,fedex,Delivered
740,47421,22-09-2022,,fedex,Delivered
741,54674,09-03-2020,15-03-2020,dhl,Returned
742,76414,25-12-2022,,fedex,Delivered
743,71540,23-04-2020,,fedex,Delivered
744,20565,29-05-2022,,fedex,Delivered
745,20240,02-10-2024,,ups,Cancelled
746,16894,06-10-2023,,fedex,Delivered
747,29673,17-04-2020,,ups,Delivered
748,59847,16-08-2020,31-08-2020,fedex,Returned
749,20346,29-12-2024,,ups,Delivered
750,23304,17-05-2020,,fedex,In Transit
751,35991,25-12-2024,,fedex,Delivered
752,65078,18-01-2023,,ups,Delivered
753,91757,10-02-2022,,fedex,In Transit
754,87466,04-02-2024,,fedex,Delivered
755,62256,10-09-2023,,usps,Shipped
756,36638,23-09-2020,,fedex,Delivered
757,53901,13-12-2024,,fedex,Delivered
758,28822,23-01-2021,,fedex,Delivered
759,77115,02-03-2020,,fedex,Delivered
760,43911,19-04-2021,,bluedart,Delivered
761,94152,05-02-2021,,fedex,Delivered
762,34631,10-01-2024,,dhl,Delivered
763,21658,02-11-2023,,ups,Delivered
764,64323,13-10-2024,,fedex,Delivered
765,39557,02-08-2023,24-08-2023,bluedart,Returned
766,49244,25-05-2023,,fedex,Shipped
767,84468,15-12-2023,,fedex,Delivered
768,63515,07-09-2024,,fedex,Delivered
769,88616,10-08-2022,,fedex,Delivered
770,80009,14-03-2020,,bluedart,Shipped
771,84143,24-03-2022,,fedex,Delivered
772,20612,03-07-2022,,fedex,Delivered
773,22708,24-09-2021,,fedex,Delivered
774,62106,31-03-2021,,delhivery,Delivered
775,29255,30-05-2020,,fedex,Delivered
776,67890,28-06-2024,26-07-2024,fedex,Returned
777,22942,18-11-2021,,fedex,Delivered
778,10531,21-05-2020,,fedex,Delivered
779,64166,13-05-2020,,dhl,Delivered
780,2353,21-09-2022,,bluedart,Delivered
781,91250,03-04-2021,,ups,In Transit
782,78838,23-01-2022,,bluedart,Delivered
783,41260,23-08-2023,,dhl,Delivered
784,57557,17-12-2021,,dhl,Cancelled
785,95051,13-08-2022,,fedex,Shipped
786,80520,25-06-2023,,fedex,Delivered
787,28025,07-05-2023,,fedex,Delivered
788,46812,20-09-2022,,dhl,Delivered
789,6256,27-08-2024,,dhl,Delivered
790,90830,26-10-2023,,dhl,Delivered
791,55997,12-04-2021,,fedex,Delivered
792,14940,27-11-2023,,delhivery,Delivered
793,10667,24-06-2020,,dhl,Delivered
794,24593,15-06-2020,,dhl,Delivered
795,93766,13-06-2020,,fedex,Delivered
796,59920,22-01-2023,,fedex,In Transit
797,21702,25-04-2022,04-05-2022,ups,Returned
798,36548,10-02-2022,,dhl,Cancelled
799,59104,16-07-2020,,bluedart,In Transit
800,61378,04-08-2021,,bluedart,Shipped
801,79644,27-06-2020,,fedex,Delivered
802,95037,28-03-2022,,fedex,Delivered
803,48183,10-10-2024,,fedex,Delivered
804,34900,02-06-2023,,fedex,Delivered
805,16429,23-02-2024,,usps,Delivered
806,41502,16-06-2020,,ups,Delivered
807,64330,10-12-2022,,dhl,Delivered
808,68108,06-12-2024,,dhl,Delivered
809,11400,25-03-2020,,fedex,Delivered
810,28288,21-01-2024,,fedex,Cancelled
811,81532,02-11-2024,,dhl,Delivered
812,45262,19-04-2020,,fedex,Delivered
813,70252,09-01-2023,,usps,Delivered
814,64899,29-11-2024,,fedex,Delivered
815,6733,26-10-2020,,dhl,Delivered
816,23644,22-03-2022,,usps,Delivered
817,33208,08-03-2024,,ups,Delivered
818,26915,12-08-2024,,dhl,Delivered
819,41595,30-04-2021,09-05-2021,bluedart,Returned
820,27725,11-09-2021,,ups,Delivered
821,30582,26-02-2023,,fedex,Shipped
822,26731,25-01-2024,,bluedart,Shipped
823,75929,07-12-2022,,fedex,Delivered
824,76084,16-08-2022,,fedex,Delivered
825,7143,18-03-2021,,fedex,Delivered
826,16798,25-07-2021,,fedex,Delivered
827,10592,06-06-2020,,fedex,Delivered
828,49932,30-11-2023,,fedex,Delivered
829,98948,05-11-2022,,bluedart,Delivered
830,56886,14-08-2023,,dhl,Delivered
831,22165,09-08-2022,06-09-2022,fedex,Returned
832,10684,30-05-2022,,dhl,Shipped
833,4111,25-12-2022,02-01-2023,fedex,Returned
834,58526,26-07-2021,,usps,Delivered
835,86346,13-10-2022,,fedex,Shipped
836,79733,12-04-2020,,dhl,Delivered
837,47621,04-05-2020,13-05-2020,delhivery,Returned
838,83352,08-12-2023,,fedex,Delivered
839,6884,08-08-2023,,dhl,Delivered
840,27659,04-10-2021,,dhl,Shipped
841,43247,14-05-2023,,ups,Delivered
842,14320,24-10-2021,,ups,Delivered
843,55057,10-02-2023,,dhl,In Transit
844,98374,03-02-2022,,ups,Delivered
845,81902,23-05-2023,,fedex,Delivered
846,55771,24-09-2020,,bluedart,Delivered
847,81540,07-01-2023,,usps,Delivered
848,21937,25-10-2022,,fedex,Shipped
849,42211,01-08-2021,,fedex,Delivered
850,31083,03-02-2024,,fedex,Delivered
851,9649,31-05-2022,,dhl,Delivered
852,66482,07-02-2023,,ups,Delivered
853,40779,04-09-2020,04-10-2020,bluedart,Returned
854,31852,04-03-2022,,fedex,Delivered
855,32242,17-04-2021,,fedex,Delivered
856,78178,19-08-2024,,fedex,Delivered
857,35329,12-06-2021,,dhl,In Transit
858,61394,15-11-2024,,dhl,Delivered
859,94314,30-11-2024,,usps,Shipped
860,20294,30-06-2024,,dhl,Shipped
861,41196,31-03-2021,,dhl,Delivered
862,65694,28-10-2020,,delhivery,Delivered
863,71138,06-03-2021,,fedex,Delivered
864,32729,29-01-2020,,delhivery,Shipped
865,41499,05-04-2024,,fedex,Shipped
866,86955,23-10-2020,,dhl,Delivered
867,75344,06-02-2022,,fedex,Delivered
868,37946,07-06-2023,,dhl,In Transit
869,6588,27-03-2024,,ups,Delivered
870,49226,22-09-2022,,fedex,Cancelled
871,87486,17-01-2020,,usps,Cancelled
872,39614,28-11-2020,,ups,Cancelled
873,62481,26-08-2021,,bluedart,Delivered
874,12636,05-08-2023,,ups,Delivered
875,11613,24-01-2021,,fedex,Delivered
876,95975,20-08-2023,,fedex,Delivered
877,22890,17-12-2021,,bluedart,Cancelled
878,85657,23-03-2020,,dhl,Delivered
879,90663,30-09-2021,,fedex,Delivered
880,83347,06-04-2021,,fedex,Delivered
881,65221,02-04-2020,,fedex,In Transit
882,19326,09-08-2020,,fedex,Delivered
883,13572,26-09-2020,05-10-2020,bluedart,Returned
884,19028,29-09-2022,,bluedart,In Transit
885,27417,07-05-2021,,dhl,Delivered
886,51432,07-03-2024,,bluedart,Cancelled
887,79695,19-12-2020,,bluedart,Delivered
888,90918,06-06-2022,,dhl,Delivered
889,66328,25-03-2021,,fedex,Delivered
890,20042,22-05-2022,,bluedart,Delivered
891,40216,10-12-2022,,fedex,Delivered
892,87810,13-10-2020,,fedex,Delivered
893,46124,09-05-2023,,fedex,Delivered
894,84737,02-02-2021,,dhl,Delivered
895,47444,01-06-2020,,fedex,Shipped
896,64422,29-12-2020,,fedex,Delivered
897,34286,26-12-2022,,ups,Shipped
898,20307,25-12-2023,,fedex,Delivered
899,26817,29-07-2022,,fedex,Cancelled
900,23509,31-12-2023,,usps,Shipped
901,41819,16-07-2020,,fedex,Delivered
902,50811,09-10-2023,,ups,Delivered
903,2976,06-08-2020,,fedex,Delivered
904,83493,29-10-2024,,fedex,Delivered
905,1073,22-05-2023,,ups,In Transit
906,7556,04-03-2022,29-03-2022,fedex,Returned
907,50190,04-04-2021,,fedex,In Transit
908,87670,24-09-2022,,fedex,Delivered
909,45917,21-11-2021,,dhl,Delivered
910,82000,16-09-2020,,delhivery,Delivered
911,72772,01-01-2022,,fedex,Shipped
912,29513,25-03-2023,,bluedart,Cancelled
913,42295,22-04-2023,,fedex,Delivered
914,7192,24-01-2021,,dhl,Delivered
915,1832,19-05-2022,,bluedart,Shipped
916,89936,24-07-2023,,bluedart,Delivered
917,48014,17-03-2024,,dhl,Shipped
918,26513,03-09-2024,,bluedart,Shipped
919,37014,01-11-2022,,bluedart,Delivered
920,34079,11-12-2022,,usps,Delivered
921,65488,01-04-2020,,dhl,In Transit
922,59070,15-02-2023,,fedex,Delivered
923,13664,30-09-2024,,fedex,Delivered
924,27490,10-03-2021,,fedex,Delivered
925,61486,10-07-2024,,dhl,Delivered
926,43674,05-02-2022,,dhl,Delivered
927,32231,05-06-2021,,dhl,Delivered
928,88108,12-01-2021,,fedex,In Transit
929,5132,30-08-2023,,fedex,In Transit
930,89411,08-02-2020,,fedex,Delivered
931,93578,16-02-2023,,ups,Delivered
932,53158,24-12-2020,,ups,Delivered
933,5617,14-01-2022,,fedex,Delivered
934,28618,31-07-2024,,fedex,Delivered
935,66149,24-08-2023,,fedex,Shipped
936,24219,04-07-2021,,fedex,Delivered
937,70348,27-08-2022,,dhl,Delivered
938,41841,05-09-2021,,bluedart,In Transit
939,94300,17-10-2023,,fedex,Delivered
940,15478,09-06-2020,21-06-2020,fedex,Returned
941,64201,15-03-2023,,fedex,Cancelled
942,34611,25-02-2020,,fedex,Delivered
943,92190,10-01-2024,,ups,Delivered
944,67694,28-12-2023,,fedex,Delivered
945,40521,19-07-2020,,ups,Delivered
946,87311,01-04-2024,,fedex,Delivered
947,4763,17-05-2024,,fedex,Delivered
948,46160,04-06-2020,,ups,Delivered
949,63102,27-08-2021,,bluedart,Shipped
950,95310,02-02-2021,,dhl,Shipped
951,27383,08-10-2024,,ups,Delivered
952,89006,14-05-2021,,fedex,Delivered
953,91930,14-07-2024,,fedex,Shipped
954,88010,13-10-2023,,dhl,Shipped
955,91422,13-03-2022,,dhl,Delivered
956,59023,15-02-2020,,fedex,Delivered
957,18566,30-09-2023,,delhivery,Delivered
958,54378,17-08-2023,,fedex,Delivered
959,90546,30-07-2022,,fedex,Delivered
960,11137,10-04-2021,,dhl,Delivered
961,74778,23-01-2024,,dhl,Delivered
962,81381,16-09-2021,,usps,Delivered
963,76794,31-05-2021,,dhl,Delivered
964,92516,16-07-2023,,usps,Delivered
965,48740,06-02-2023,,dhl,Delivered
966,53250,19-12-2022,24-12-2022,dhl,Returned
967,71822,22-09-2024,,fedex,In Transit
968,96298,26-08-2023,,fedex,Shipped
969,76783,17-11-2020,,bluedart,Delivered
970,20052,27-07-2021,,dhl,Delivered
971,78423,05-04-2021,,fedex,Delivered
972,95556,27-11-2021,,ups,Delivered
973,63432,02-12-2023,,bluedart,In Transit
974,83304,12-07-2020,,fedex,Delivered
975,13042,01-11-2022,,fedex,Delivered
976,7489,25-06-2022,,fedex,Delivered
977,79281,15-05-2020,,fedex,Delivered
978,54731,04-12-2020,,bluedart,Delivered
979,59477,17-03-2023,,bluedart,Delivered
980,35773,20-09-2024,10-10-2024,bluedart,Returned
981,12093,01-03-2022,,fedex,Delivered
982,67678,13-12-2021,,fedex,Delivered
983,92988,17-08-2021,,dhl,Delivered
984,48015,24-09-2020,,ups,Delivered
985,70011,09-09-2023,,bluedart,Delivered
986,86140,21-09-2022,,fedex,Delivered
987,42478,04-07-2024,,fedex,Shipped
988,55129,05-10-2024,,ups,Delivered
989,99230,08-07-2023,,usps,In Transit
990,30360,25-08-2024,,dhl,Delivered
991,56985,15-07-2024,,dhl,Delivered
992,37401,16-04-2021,,dhl,Delivered
993,61737,09-02-2021,,fedex,In Transit
994,55216,25-07-2021,,delhivery,Delivered
995,47891,25-06-2024,,usps,Delivered
996,32853,04-11-2022,,fedex,Delivered
997,57963,05-01-2024,,fedex,Shipped
998,22358,13-09-2023,21-09-2023,fedex,Returned
999,5540,20-06-2022,,ups,Delivered
1000,97364,05-11-2020,,dhl,Delivered
1001,57277,25-03-2023,,ups,Delivered
1002,52216,08-04-2021,,fedex,Delivered
1003,39073,20-05-2020,,fedex,Delivered
1004,8012,08-04-2022,,fedex,Cancelled
1005,81304,07-12-2023,,fedex,Shipped
1006,15127,16-11-2020,,ups,Delivered
1007,63948,16-02-2020,,usps,Delivered
1008,3958,13-04-2024,,dhl,Delivered
1009,25085,17-09-2021,,fedex,Delivered
1010,26943,30-10-2020,,fedex,In Transit
1011,72657,07-11-2024,,fedex,In Transit
1012,47405,07-08-2021,,bluedart,Delivered
1013,50722,21-12-2024,,ups,In Transit
1014,33767,21-12-2021,,dhl,Delivered
1015,66010,26-08-2023,,fedex,In Transit
1016,43351,06-08-2023,,bluedart,Delivered
1017,16733,13-07-2023,,fedex,Delivered
1018,2337,15-10-2023,,dhl,Delivered
1019,52280,28-01-2020,,fedex,Delivered
1020,38765,17-07-2024,22-07-2024,dhl,Returned
1021,37905,09-05-2022,,fedex,Delivered
1022,57240,23-03-2023,,bluedart,Delivered
1023,20708,11-07-2024,,dhl,Delivered
1024,74797,20-06-2020,,dhl,Delivered
1025,52613,07-04-2023,,fedex,Delivered
1026,54838,04-04-2024,,bluedart,Delivered
1027,78517,23-09-2020,18-10-2020,fedex,Returned
1028,53990,18-01-2020,,fedex,Shipped
1029,70561,24-04-2023,,fedex,Shipped
1030,90092,30-06-2024,,fedex,Delivered
1031,96050,26-07-2023,,fedex,Delivered
1032,96826,22-04-2022,,ups,Delivered
1033,89088,09-08-2020,,dhl,Delivered
1034,21215,27-01-2022,,fedex,Delivered
1035,71201,15-01-2020,,ups,Delivered
1036,31780,23-10-2020,,fedex,Delivered
1037,80366,24-08-2024,,fedex,Delivered
1038,35066,01-05-2022,,bluedart,Delivered
1039,31753,17-04-2021,,fedex,Cancelled
1040,93868,02-06-2022,,dhl,Delivered
1041,34373,26-03-2020,,dhl,Delivered
1042,68467,03-12-2021,,fedex,Delivered
1043,22749,19-01-2021,,ups,Delivered
1044,16850,04-06-2020,,fedex,Delivered
1045,48685,19-03-2022,,fedex,Delivered
1046,86146,13-10-2020,19-10-2020,fedex,Returned
1047,37697,14-04-2024,,dhl,Delivered
1048,4091,16-09-2020,,ups,Delivered
1049,56887,11-05-2024,,bluedart,Delivered
1050,73779,07-06-2024,,dhl,Delivered
1051,82719,17-11-2021,,dhl,In Transit
1052,69395,11-06-2023,22-06-2023,fedex,Returned
1053,53166,28-06-2023,,ups,Delivered
1054,22080,29-04-2024,,bluedart,Delivered
1055,90249,18-04-2021,02-05-2021,fedex,Returned
1056,81546,08-06-2021,26-06-2021,fedex,Returned
1057,22067,19-09-2022,,bluedart,Cancelled
1058,32594,13-03-2021,,fedex,Delivered
1059,50592,01-03-2024,,ups,Delivered
1060,12011,22-06-2023,,ups,Delivered
1061,42534,16-04-2023,,fedex,Delivered
1062,88821,06-08-2024,,usps,Delivered
1063,16212,21-05-2020,,bluedart,Delivered
1064,10282,18-02-2021,20-03-2021,fedex,Returned
1065,30494,28-10-2024,,bluedart,Delivered
1066,10218,12-09-2024,,fedex,Delivered
1067,53614,28-07-2021,,delhivery,Delivered
1068,59887,24-06-2024,,usps,Delivered
1069,26868,13-02-2020,,dhl,Delivered
1070,92771,15-08-2023,,fedex,Delivered
1071,14786,27-09-2023,,fedex,Delivered
1072,2653,31-03-2023,,fedex,Delivered
1073,50288,31-07-2020,,dhl,In Transit
1074,37125,29-04-2021,,ups,Delivered
1075,15744,24-04-2020,,bluedart,Delivered
1076,86868,20-11-2023,,ups,Delivered
1077,35225,04-10-2022,,fedex,Delivered
1078,53149,27-09-2021,,fedex,Delivered
1079,33952,10-10-2024,,bluedart,Delivered
1080,71594,28-02-2023,,ups,Delivered
1081,38324,28-05-2021,,usps,Delivered
1082,57669,13-08-2024,,bluedart,Delivered
1083,52908,30-03-2021,,dhl,Delivered
1084,58564,25-07-2022,30-07-2022,fedex,Returned
1085,92817,02-12-2024,,usps,In Transit
1086,55680,27-02-2020,,fedex,In Transit
1087,38405,12-04-2020,,ups,Delivered
1088,5182,20-02-2023,,dhl,Delivered
1089,7637,14-09-2021,,fedex,In Transit
1090,29577,12-06-2023,,dhl,Delivered
1091,23273,12-03-2024,,fedex,Delivered
1092,71710,16-12-2020,,fedex,Delivered
1093,34420,28-09-2021,,fedex,Delivered
1094,74519,29-09-2022,,fedex,Delivered
1095,67069,19-05-2021,,fedex,Delivered
1096,71177,19-10-2021,,fedex,Shipped
1097,5254,27-07-2023,,delhivery,In Transit
1098,58045,29-02-2020,,fedex,Delivered
1099,30528,20-03-2024,06-04-2024,usps,Returned
1100,37159,15-04-2020,,bluedart,Delivered
1101,34484,23-05-2022,,fedex,Delivered
1102,7451,15-07-2024,,fedex,Delivered
1103,51343,05-09-2020,,dhl,In Transit
1104,64690,27-05-2023,,ups,Delivered
1105,31649,05-09-2022,,dhl,Delivered
1106,87396,12-01-2024,,fedex,Delivered
1107,97937,13-05-2021,,fedex,Delivered
1108,7959,27-10-2022,,bluedart,Delivered
1109,77763,09-05-2022,,dhl,Delivered
1110,83607,12-09-2022,,usps,Delivered
1111,86704,20-04-2022,,fedex,Delivered
1112,15906,24-01-2024,,dhl,Delivered
1113,7748,12-06-2023,,usps,Delivered
1114,2200,17-06-2024,,dhl,Delivered
1115,14517,06-10-2022,,fedex,Shipped
1116,84271,03-10-2020,,dhl,Delivered
1117,77639,13-06-2023,,bluedart,Delivered
1118,60286,17-04-2024,,delhivery,Delivered
1119,73045,02-12-2022,,bluedart,Shipped
1120,32267,23-06-2024,,ups,Delivered
1121,8650,16-02-2021,,delhivery,Delivered
1122,27333,12-04-2021,,fedex,Delivered
1123,3180,12-01-2021,26-01-2021,fedex,Returned
1124,54228,15-09-2020,,fedex,In Transit
1125,6513,09-05-2022,,bluedart,Delivered
1126,5444,02-11-2023,,bluedart,Delivered
1127,21185,26-06-2021,,dhl,Delivered
1128,93665,29-11-2022,,fedex,Delivered
1129,53229,09-02-2020,,bluedart,Delivered
1130,66391,06-12-2020,,dhl,Shipped
1131,77095,20-11-2020,,bluedart,Delivered
1132,13177,21-08-2021,,fedex,Delivered
1133,25956,29-04-2022,,dhl,Delivered
1134,18112,21-09-2021,,fedex,Delivered
1135,29035,23-12-2020,,dhl,Delivered
1136,95879,31-10-2023,,dhl,Delivered
1137,17270,23-05-2020,,ups,Delivered
1138,2162,19-08-2023,,bluedart,Delivered
1139,27014,07-07-2020,,fedex,In Transit
1140,79683,02-03-2021,,bluedart,Delivered
1141,46922,14-05-2021,,bluedart,Delivered
1142,11646,04-09-2021,,dhl,Delivered
1143,64810,18-11-2021,,fedex,Delivered
1144,35552,22-05-2022,,ups,Delivered
1145,83595,10-08-2021,17-08-2021,ups,Returned
1146,18181,19-10-2020,12-11-2020,fedex,Returned
1147,31184,27-06-2021,,dhl,Delivered
1148,19432,06-08-2020,,ups,Delivered
1149,86952,31-08-2022,,fedex,Delivered
1150,43104,20-05-2024,,fedex,Delivered
1151,42465,28-04-2024,,fedex,Cancelled
1152,97498,28-06-2021,,ups,Delivered
1153,38486,13-03-2022,,fedex,Delivered
1154,4611,27-10-2020,,ups,In Transit
1155,7051,03-04-2024,,fedex,Delivered
1156,82448,12-12-2024,,ups,Delivered
1157,29414,28-06-2021,,dhl,Delivered
1158,97019,11-03-2021,,usps,Shipped
1159,60551,15-09-2020,,fedex,Delivered
1160,11811,26-08-2021,,delhivery,Delivered
1161,40402,06-03-2021,,fedex,Shipped
1162,81790,06-11-2022,,bluedart,Delivered
1163,10394,23-06-2024,,delhivery,In Transit
1164,74464,11-04-2020,,ups,Delivered
1165,97546,12-12-2022,,fedex,Delivered
1166,95277,27-10-2020,,usps,Delivered
1167,38396,03-07-2024,,fedex,Delivered
1168,48819,22-06-2023,,ups,Cancelled
1169,74170,05-12-2022,,bluedart,Delivered
1170,71825,24-01-2023,,dhl,Delivered
1171,61020,16-07-2023,,fedex,Delivered
1172,39554,06-05-2022,,delhivery,Delivered
1173,24715,22-11-2020,,ups,Delivered
1174,5339,27-09-2021,04-10-2021,fedex,Returned
1175,81924,16-07-2021,,dhl,Shipped
1176,32700,13-04-2020,,delhivery,Delivered
1177,99156,03-08-2020,,fedex,Delivered
1178,29472,05-12-2020,,dhl,Cancelled
1179,11114,03-06-2023,,dhl,Delivered
1180,57599,30-11-2024,,bluedart,Delivered
1181,65631,04-02-2021,,fedex,Delivered
1182,24210,04-07-2020,,dhl,Cancelled
1183,71660,12-02-2020,,dhl,Delivered
1184,96567,29-11-2020,,fedex,Cancelled
1185,86966,11-12-2020,,bluedart,Delivered
1186,63419,13-11-2020,,fedex,Shipped
1187,22068,11-08-2021,,fedex,Delivered
1188,35212,07-10-2022,04-11-2022,fedex,Returned
1189,25998,28-08-2022,,fedex,Delivered
1190,48706,02-03-2021,,ups,Delivered
1191,52721,11-08-2024,,fedex,Shipped
1192,95162,11-12-2022,,bluedart,Delivered
1193,82534,23-11-2021,,fedex,Cancelled
1194,26871,13-04-2021,,fedex,Delivered
1195,75133,28-04-2022,,ups,Delivered
1196,99999,27-02-2023,,delhivery,Delivered
1197,33120,03-08-2022,,fedex,Delivered
1198,78042,05-09-2020,,fedex,Delivered
1199,13062,19-04-2020,,dhl,Delivered
1200,24819,25-11-2022,,ups,Delivered
1201,73133,23-08-2020,,fedex,Delivered
1202,29257,26-01-2022,,fedex,Delivered
1203,49218,18-12-2020,,fedex,Delivered
1204,47698,14-11-2022,,ups,In Transit
1205,10921,04-07-2023,,fedex,Shipped
1206,80731,01-03-2020,,dhl,Delivered
1207,8546,01-10-2024,,fedex,Delivered
1208,51676,27-06-2024,,dhl,Delivered
1209,54470,06-12-2022,,ups,Delivered
1210,3935,05-07-2020,,bluedart,Delivered
1211,11059,03-10-2024,,fedex,Delivered
1212,17385,19-01-2023,,ups,Delivered
1213,65711,09-12-2023,,fedex,Delivered
1214,44476,19-05-2024,,fedex,Delivered
1215,80884,02-04-2024,,fedex,Delivered
1216,1652,27-03-2022,,fedex,Delivered
1217,71849,23-10-2021,,bluedart,Delivered
1218,19435,28-02-2020,,ups,Cancelled
1219,18001,16-12-2024,,bluedart,Delivered
1220,64228,13-07-2023,12-08-2023,ups,Returned
1221,79125,14-10-2022,,delhivery,Shipped
1222,87078,17-12-2024,,fedex,Delivered
1223,50284,13-12-2021,09-01-2022,fedex,Returned
1224,96645,13-05-2022,,fedex,Delivered
1225,20251,31-01-2023,,fedex,Shipped
1226,58064,05-04-2020,,usps,Delivered
1227,88513,13-07-2024,,ups,Delivered
1228,26035,10-03-2022,,fedex,Delivered
1229,38385,31-10-2022,,fedex,Delivered
1230,97012,25-12-2024,,fedex,Delivered
1231,43068,15-01-2023,,fedex,Delivered
1232,51350,19-04-2021,,usps,Delivered
1233,88186,22-11-2022,,bluedart,Delivered
1234,61332,03-06-2024,,bluedart,Delivered
1235,41613,28-08-2023,,fedex,Shipped
1236,86608,26-07-2022,,fedex,Delivered
1237,30347,02-01-2024,,fedex,Delivered
1238,55293,16-06-2022,,delhivery,Cancelled
1239,13441,15-05-2021,,bluedart,In Transit
1240,37230,26-05-2020,,dhl,Delivered
1241,76246,26-04-2020,,fedex,Delivered
1242,1090,22-09-2021,,ups,Delivered
1243,92238,23-11-2023,,fedex,Delivered
1244,41837,10-11-2022,,bluedart,Cancelled
1245,65576,02-02-2024,,fedex,Delivered
1246,61952,15-02-2020,29-02-2020,fedex,Returned
1247,62040,01-08-2020,18-08-2020,fedex,Returned
1248,16686,07-06-2022,,bluedart,Delivered
1249,86072,06-06-2020,,fedex,Shipped
1250,28753,18-11-2020,,dhl,Delivered
1251,77751,19-09-2022,,delhivery,Delivered
1252,86674,07-12-2022,,bluedart,Delivered
1253,14534,12-12-2021,,fedex,Shipped
1254,34829,06-03-2024,,dhl,Delivered
1255,7137,22-12-2021,,fedex,Delivered
1256,88887,21-03-2024,,fedex,In Transit
1257,59188,07-09-2020,,fedex,Shipped
1258,20361,19-10-2024,,dhl,Cancelled
1259,98518,08-02-2020,,dhl,Shipped
1260,84970,30-06-2023,,fedex,Delivered
1261,91740,30-04-2020,,fedex,Delivered
1262,12080,22-11-2021,,bluedart,In Transit
1263,87926,20-09-2023,,dhl,Delivered
1264,72991,16-09-2021,,bluedart,Delivered
1265,90777,29-10-2021,,dhl,Delivered
1266,12016,18-06-2022,,fedex,Delivered
1267,33466,29-12-2020,,fedex,Shipped
1268,68503,20-03-2023,,bluedart,Shipped
1269,20967,02-02-2020,,fedex,Delivered
1270,68128,05-11-2022,,fedex,Delivered
1271,92833,23-05-2020,,dhl,Delivered
1272,24482,09-10-2020,,dhl,Delivered
1273,87839,01-06-2022,,dhl,Shipped
1274,71547,22-09-2021,,dhl,In Transit
1275,39225,20-09-2023,,dhl,Delivered
1276,46588,05-02-2022,,fedex,Delivered
1277,73267,05-03-2020,,fedex,Delivered
1278,2019,27-01-2020,,ups,Delivered
1279,61178,21-09-2023,,fedex,Delivered
1280,61369,05-03-2020,,ups,Delivered
1281,4974,02-04-2024,,dhl,Shipped
1282,60198,17-08-2021,25-08-2021,fedex,Returned
1283,80314,23-03-2021,,dhl,Delivered
1284,85425,16-07-2024,,dhl,Delivered
1285,61093,11-02-2024,,dhl,In Transit
1286,79004,15-01-2020,,ups,In Transit
1287,91203,22-05-2022,,fedex,Delivered
1288,78274,15-10-2021,,ups,Delivered
1289,16959,02-03-2020,,fedex,Shipped
1290,42398,21-08-2020,,fedex,Delivered
1291,88919,18-03-2024,,dhl,Delivered
1292,59117,03-08-2021,,fedex,Cancelled
1293,96390,01-11-2023,,dhl,Delivered
1294,66030,26-04-2021,,fedex,Delivered
1295,53721,08-05-2021,,ups,Delivered
1296,25887,01-12-2021,,fedex,Delivered
1297,86243,11-09-2021,,fedex,Delivered
1298,7974,17-10-2022,,bluedart,Cancelled
1299,15746,23-11-2024,,delhivery,Delivered
1300,17800,30-08-2020,,fedex,Delivered
1301,51966,26-05-2024,,fedex,Delivered
1302,15434,20-10-2020,,ups,Delivered
1303,95859,21-11-2022,,fedex,Delivered
1304,64452,17-09-2023,,bluedart,Delivered
1305,33502,14-12-2024,,fedex,Delivered
1306,75783,14-02-2023,,ups,Delivered
1307,57656,04-08-2024,,dhl,Delivered
1308,61222,08-11-2020,,fedex,Delivered
1309,62264,28-09-2020,,fedex,Delivered
1310,25641,16-04-2021,,bluedart,Shipped
1311,79658,27-01-2020,,dhl,Delivered
1312,26995,23-10-2020,,bluedart,Delivered
1313,80712,22-03-2022,,delhivery,Shipped
1314,82661,22-04-2022,,delhivery,Delivered
1315,9970,02-10-2023,,bluedart,Delivered
1316,20780,04-05-2020,,fedex,Delivered
1317,5402,10-04-2021,03-05-2021,fedex,Returned
1318,96905,23-08-2020,,dhl,Delivered
1319,30571,13-09-2022,,fedex,Delivered
1320,23530,27-10-2023,,fedex,Delivered
1321,15788,06-09-2022,,fedex,Delivered
1322,62749,10-03-2022,,ups,Delivered
1323,72474,12-11-2021,,fedex,Delivered
1324,65638,02-06-2022,,dhl,Delivered
1325,28193,23-02-2020,,fedex,Delivered
1326,63624,23-07-2022,09-08-2022,bluedart,Returned
1327,54213,06-02-2022,,bluedart,Delivered
1328,93072,26-11-2022,,fedex,Shipped
1329,14246,31-01-2020,,fedex,Delivered
1330,95988,09-07-2022,,bluedart,Delivered
1331,81241,04-07-2021,,fedex,Delivered
1332,44260,07-02-2021,,ups,Shipped
1333,81393,24-08-2024,,fedex,Delivered
1334,3284,23-12-2024,,usps,Shipped
1335,66126,05-11-2020,,ups,Delivered
1336,19251,17-07-2022,,bluedart,Delivered
1337,93923,03-02-2021,,fedex,Delivered
1338,91130,23-07-2021,,dhl,Delivered
1339,6218,22-09-2022,,dhl,Shipped
1340,61625,21-03-2021,,bluedart,Delivered
1341,35898,06-11-2020,,dhl,Delivered
1342,57869,07-06-2022,,bluedart,Delivered
1343,45898,19-10-2021,,bluedart,Delivered
1344,18208,11-11-2020,,fedex,Delivered
1345,73719,17-12-2022,,bluedart,Shipped
1346,5001,03-06-2022,,dhl,Delivered
1347,62806,28-09-2023,,ups,Delivered
1348,22575,05-08-2023,,ups,Delivered
1349,81239,14-10-2020,01-11-2020,ups,Returned
1350,88427,01-08-2022,,delhivery,Delivered
1351,94809,24-07-2024,,fedex,Delivered
1352,32322,06-10-2022,,delhivery,Delivered
1353,10597,24-11-2020,,bluedart,Delivered
1354,15669,20-10-2021,,dhl,Shipped
1355,66446,11-05-2024,,fedex,Delivered
1356,30998,16-04-2021,,fedex,Shipped
1357,83210,21-03-2020,,dhl,Delivered
1358,94857,24-11-2022,,dhl,Delivered
1359,29548,24-12-2022,,fedex,Delivered
1360,3597,30-04-2024,,ups,Delivered
1361,10485,12-04-2021,,fedex,Delivered
1362,63937,18-12-2023,,fedex,Delivered
1363,8218,01-04-2022,,fedex,Delivered
1364,47472,16-05-2024,,ups,Delivered
1365,16113,12-02-2020,,fedex,Shipped
1366,29139,29-12-2020,,bluedart,Delivered
1367,68658,09-02-2023,,fedex,Shipped
1368,76381,19-10-2023,,delhivery,Cancelled
1369,23562,07-09-2024,,fedex,Delivered
1370,79880,10-12-2021,,dhl,Cancelled
1371,68149,18-10-2021,,fedex,Delivered
1372,97760,29-05-2021,,dhl,Delivered
1373,53266,29-06-2023,,fedex,In Transit
1374,49891,31-12-2024,,dhl,Delivered
1375,98119,20-07-2021,,fedex,Delivered
1376,70546,18-01-2021,,bluedart,Delivered
1377,3215,16-07-2020,,dhl,Delivered
1378,88279,24-08-2020,,fedex,Delivered
1379,18858,15-10-2024,,dhl,Shipped
1380,73554,29-12-2021,,dhl,Delivered
1381,74643,16-11-2020,,ups,Shipped
1382,33710,24-02-2023,,dhl,Delivered
1383,27478,18-04-2024,,fedex,Shipped
1384,44927,11-01-2024,,bluedart,Delivered
1385,28019,16-04-2020,,fedex,Delivered
1386,11895,08-09-2024,,fedex,Delivered
1387,98854,14-01-2020,,bluedart,Delivered
1388,53706,17-05-2022,,fedex,Delivered
1389,21380,03-10-2024,,fedex,In Transit
1390,86754,15-11-2020,,dhl,Delivered
1391,45884,19-04-2023,,fedex,Delivered
1392,66060,01-12-2023,,dhl,Delivered
1393,23084,12-06-2024,,fedex,Delivered
1394,16500,05-02-2024,,ups,Delivered
1395,22596,03-10-2022,,usps,Shipped
1396,98980,12-06-2020,,bluedart,Delivered
1397,4396,02-09-2020,,fedex,Cancelled
1398,45615,17-10-2022,,usps,Delivered
1399,25582,21-03-2020,,bluedart,Delivered
1400,23405,23-04-2022,,ups,Delivered
1401,92428,17-12-2023,,fedex,Delivered
1402,87132,19-08-2022,,fedex,In Transit
1403,48424,29-07-2024,,fedex,Delivered
1404,27733,15-03-2022,,usps,Delivered
1405,71331,25-09-2023,10-10-2023,dhl,Returned
1406,11741,24-04-2020,,usps,Delivered
1407,65369,14-07-2024,,bluedart,Delivered
1408,29409,19-09-2020,,dhl,Delivered
1409,77700,16-09-2024,29-09-2024,fedex,Returned
1410,86389,12-03-2024,,fedex,Delivered
1411,7039,09-01-2023,,ups,Delivered
1412,96619,09-09-2024,,bluedart,Delivered
1413,17183,03-01-2022,,ups,Delivered
1414,14336,18-05-2021,,fedex,Delivered
1415,12835,09-12-2024,,usps,Delivered
1416,75724,21-02-2020,17-03-2020,fedex,Returned
1417,13265,19-04-2022,,delhivery,Delivered
1418,33287,13-04-2022,,dhl,Shipped
1419,76487,01-10-2024,,fedex,Delivered
1420,46203,23-01-2022,,dhl,Delivered
1421,48250,26-05-2024,,ups,Delivered
1422,1033,23-11-2024,,dhl,Delivered
1423,63653,01-09-2021,,dhl,Delivered
1424,99703,29-03-2023,,fedex,Delivered
1425,70250,07-10-2023,,dhl,Delivered
1426,96107,06-06-2024,,fedex,Cancelled
1427,19513,05-05-2022,,dhl,Shipped
1428,59638,04-10-2023,,bluedart,Delivered
1429,57084,07-01-2022,,fedex,Shipped
1430,49925,24-11-2022,,ups,Cancelled
1431,56389,13-08-2024,,fedex,Delivered
1432,9884,26-11-2023,,fedex,Delivered
1433,29864,17-11-2024,,fedex,Delivered
1434,44401,29-05-2021,,dhl,Delivered
1435,34342,23-01-2024,,bluedart,Delivered
1436,80443,27-01-2022,,fedex,Delivered
1437,54413,09-10-2024,,bluedart,Delivered
1438,40725,15-11-2021,,fedex,Delivered
1439,80391,05-07-2021,,usps,Delivered
1440,68406,13-07-2021,,fedex,Delivered
1441,32168,02-12-2023,,dhl,Delivered
1442,84129,28-05-2023,,usps,Shipped
1443,88370,28-02-2020,,bluedart,Delivered
1444,76690,11-05-2023,,fedex,Delivered
1445,31350,09-09-2020,,fedex,Delivered
1446,1768,22-01-2021,31-01-2021,dhl,Returned
1447,85414,13-08-2024,,fedex,Delivered
1448,2435,11-11-2021,,ups,Delivered
1449,7233,20-12-2023,,dhl,Delivered
1450,17417,18-08-2020,,dhl,Delivered
1451,59851,26-10-2023,,usps,Delivered
1452,67281,19-11-2023,,fedex,In Transit
1453,83350,19-09-2020,,dhl,Delivered
1454,48784,04-01-2022,,dhl,Delivered
1455,64742,16-01-2020,,fedex,Shipped
1456,93491,13-04-2021,,fedex,Delivered
1457,81190,14-06-2023,,fedex,Delivered
1458,86615,23-08-2020,,fedex,Delivered
1459,15016,09-09-2020,,bluedart,Cancelled
1460,58599,25-01-2024,,dhl,Delivered
1461,10419,19-05-2024,,dhl,Delivered
1462,33216,07-09-2020,,dhl,Cancelled
1463,82500,26-04-2020,,delhivery,Delivered
1464,25330,26-10-2020,,fedex,Delivered
1465,52206,27-09-2023,,delhivery,Delivered
1466,88675,18-04-2024,,fedex,Delivered
1467,99239,20-08-2023,,fedex,Delivered
1468,69558,25-03-2023,,ups,Delivered
1469,15427,10-06-2020,,fedex,Delivered
1470,3273,25-07-2023,12-08-2023,dhl,Returned
1471,52932,01-06-2024,12-06-2024,fedex,Returned
1472,65737,30-03-2022,,fedex,Delivered
1473,42770,27-05-2022,,fedex,Delivered
1474,44902,02-12-2024,,fedex,Delivered
1475,74737,08-06-2024,,dhl,Shipped
1476,1921,16-10-2023,,dhl,In Transit
1477,98759,31-07-2021,,fedex,Delivered
1478,75870,05-03-2021,,ups,Shipped
1479,75642,26-02-2020,,fedex,Shipped
1480,71950,07-10-2021,,fedex,In Transit
1481,7336,02-09-2024,,fedex,Delivered
1482,47952,06-10-2020,,fedex,Shipped
1483,28627,17-02-2021,,bluedart,Delivered
1484,8241,20-11-2024,,fedex,Delivered
1485,26663,06-12-2020,,fedex,Delivered
1486,38598,14-05-2021,,fedex,Shipped
1487,78394,16-06-2022,,ups,Delivered
1488,9640,16-04-2024,,dhl,Shipped
1489,86505,01-03-2022,,fedex,Delivered
1490,52642,26-09-2020,,dhl,Delivered
1491,24189,13-06-2024,,fedex,Shipped
1492,82688,03-04-2022,,ups,Delivered
1493,19881,02-03-2020,,ups,Delivered
1494,38883,11-12-2021,,fedex,Delivered
1495,18817,28-02-2022,,fedex,Shipped
1496,53876,02-04-2020,,fedex,Delivered
1497,97221,14-06-2023,,bluedart,Delivered
1498,14091,19-01-2022,,usps,Delivered
1499,53692,22-03-2020,,bluedart,Delivered
1500,24467,04-05-2022,,usps,Shipped
1501,62845,21-06-2023,,fedex,Shipped
1502,51158,26-04-2023,,dhl,Delivered
1503,74533,24-12-2024,,bluedart,Delivered
1504,83121,18-02-2022,,fedex,Delivered
1505,35960,17-02-2024,,bluedart,Delivered
1506,51648,13-07-2020,,fedex,In Transit
1507,4906,04-07-2020,,fedex,Delivered
1508,96213,15-11-2024,,delhivery,Delivered
1509,59711,25-04-2023,,fedex,Shipped
1510,34120,01-06-2021,,dhl,Delivered
1511,50093,25-12-2021,08-01-2022,dhl,Returned
1512,10162,26-06-2023,,bluedart,Cancelled
1513,70482,07-04-2020,,dhl,Delivered
1514,77157,15-06-2024,,dhl,In Transit
1515,26637,09-11-2022,,ups,Delivered
1516,22102,14-08-2020,,fedex,Delivered
1517,57392,10-03-2023,,fedex,Delivered
1518,54125,28-03-2022,,ups,Delivered
1519,83745,24-08-2023,,dhl,Delivered
1520,16520,30-10-2021,,fedex,Cancelled
1521,11736,13-09-2024,,usps,Delivered
1522,19431,05-10-2021,,fedex,Shipped
1523,25668,23-02-2020,,dhl,Delivered
1524,60233,22-10-2024,,dhl,Delivered
1525,78836,21-09-2022,,fedex,Delivered
1526,93812,25-08-2024,,fedex,Delivered
1527,54283,07-03-2023,,ups,Delivered
1528,55520,28-12-2023,20-01-2024,fedex,Returned
1529,49067,25-01-2023,,ups,Delivered
1530,31241,18-02-2024,,dhl,Delivered
1531,85298,20-07-2021,,fedex,Shipped
1532,33071,12-04-2021,,bluedart,Cancelled
1533,69349,20-05-2024,,fedex,Delivered
1534,91846,03-12-2023,,bluedart,Delivered
1535,70188,28-06-2021,,fedex,Delivered
1536,25141,25-11-2020,,fedex,Delivered
1537,2698,15-08-2022,,dhl,Delivered
1538,58981,26-11-2021,,dhl,Delivered
1539,85114,06-04-2023,,fedex,Delivered
1540,75490,04-09-2021,,ups,Delivered
1541,24234,08-06-2021,,fedex,Cancelled
1542,35854,04-10-2022,,dhl,Delivered
1543,48718,25-11-2022,,usps,Delivered
1544,42109,14-03-2021,,fedex,Delivered
1545,68645,06-11-2020,,delhivery,Delivered
1546,39810,06-03-2024,02-04-2024,fedex,Returned
1547,97127,12-11-2021,,fedex,Delivered
1548,53487,09-10-2024,,fedex,Delivered
1549,4579,15-05-2021,,dhl,Delivered
1550,30224,09-03-2020,,ups,Delivered
1551,5120,07-10-2024,,dhl,Delivered
1552,97635,02-02-2022,,fedex,Delivered
1553,34799,15-07-2024,,fedex,Delivered
1554,14489,19-09-2021,,usps,Delivered
1555,5000,10-03-2024,,fedex,Delivered
1556,87967,27-03-2023,,usps,Delivered
1557,66237,13-12-2020,,dhl,Delivered
1558,15773,01-04-2021,,fedex,Delivered
1559,35221,19-04-2020,27-04-2020,dhl,Returned
1560,32534,20-11-2024,,fedex,Delivered
1561,27262,15-12-2022,,dhl,Delivered
1562,71709,05-08-2021,,ups,Delivered
1563,43688,16-06-2024,,fedex,Delivered
1564,92956,05-12-2024,,fedex,Shipped
1565,50756,10-12-2024,,dhl,Shipped
1566,50523,17-09-2023,,dhl,Delivered
1567,7866,18-03-2024,,usps,Delivered
1568,2825,04-08-2021,,fedex,Shipped
1569,15824,27-09-2024,,delhivery,Delivered
1570,86459,28-10-2021,,fedex,Delivered
1571,87753,27-04-2020,,fedex,Delivered
1572,20344,06-10-2022,,fedex,Delivered
1573,26831,28-07-2024,,usps,Shipped
1574,92962,24-02-2021,,fedex,Shipped
1575,94890,11-01-2021,,fedex,Delivered
1576,2995,06-07-2022,,fedex,Delivered
1577,14305,23-10-2023,,dhl,Delivered
1578,40868,05-11-2023,,bluedart,Delivered
1579,14495,01-04-2022,,bluedart,Delivered
1580,1473,14-08-2024,,fedex,Delivered
1581,67083,16-04-2021,,ups,Delivered
1582,97102,22-12-2020,,fedex,Delivered
1583,34708,05-06-2024,13-06-2024,bluedart,Returned
1584,54982,17-06-2022,,fedex,Delivered
1585,40065,02-06-2023,,ups,Shipped
1586,73479,28-09-2023,,fedex,Delivered
1587,37157,24-04-2020,,bluedart,Delivered
1588,44157,23-08-2022,,fedex,Delivered
1589,67849,18-06-2021,,delhivery,Delivered
1590,59632,27-07-2023,,ups,Delivered
1591,3070,28-12-2024,,fedex,Delivered
1592,87776,03-06-2020,,fedex,Delivered
1593,3389,05-07-2021,,fedex,Delivered
1594,57148,18-09-2023,,fedex,Shipped
1595,59876,09-10-2021,,fedex,Delivered
1596,68833,01-08-2022,,ups,Delivered
1597,48614,18-05-2021,,dhl,Delivered
1598,20841,19-03-2020,,ups,Delivered
1599,87604,07-09-2023,,bluedart,In Transit
1600,76527,20-12-2020,,fedex,Delivered
1601,10141,08-01-2021,,dhl,Delivered
1602,60566,18-10-2024,,fedex,Delivered
1603,9245,04-02-2021,,dhl,Delivered
1604,29348,24-09-2024,,dhl,Delivered
1605,68943,19-05-2020,,fedex,Delivered
1606,87606,01-01-2022,,bluedart,Delivered
1607,7303,21-10-2022,,bluedart,Delivered
1608,93031,01-08-2021,,usps,Delivered
1609,15509,06-11-2020,,fedex,Shipped
1610,20301,15-02-2023,25-02-2023,fedex,Returned
1611,54575,23-09-2023,,dhl,Delivered
1612,26477,04-04-2022,,fedex,Delivered
1613,40210,26-04-2020,,dhl,Delivered
1614,27682,31-10-2024,,usps,Delivered
1615,3871,04-01-2022,,ups,Delivered
1616,71910,05-03-2023,,fedex,Delivered
1617,6249,23-10-2020,,fedex,Delivered
1618,7493,17-02-2023,,dhl,Delivered
1619,53633,20-09-2022,,ups,Delivered
1620,42823,28-12-2024,,bluedart,Delivered
1621,60092,21-11-2022,,fedex,Delivered
1622,69706,05-09-2020,,fedex,Delivered
1623,41863,04-11-2023,18-11-2023,dhl,Returned
1624,14070,11-03-2020,,ups,In Transit
1625,4287,02-11-2021,,ups,Delivered
1626,20322,04-11-2020,,fedex,Delivered
1627,8266,23-03-2021,,dhl,Delivered
1628,56459,19-04-2020,,ups,Delivered
1629,80692,09-06-2022,,fedex,Delivered
1630,42269,15-11-2023,,bluedart,Delivered
1631,25147,27-02-2020,,delhivery,Cancelled
1632,85391,29-10-2020,,delhivery,Delivered
1633,73078,23-08-2020,,dhl,Delivered
1634,27142,25-08-2021,,ups,Delivered
1635,14745,08-08-2020,,dhl,Delivered
1636,76934,10-06-2020,,usps,Delivered
1637,36851,16-08-2024,,dhl,Delivered
1638,18605,13-02-2024,,bluedart,Delivered
1639,20770,25-10-2024,,ups,Delivered
1640,63529,03-01-2024,,fedex,Cancelled
1641,45755,18-07-2023,,ups,In Transit
1642,12184,08-03-2023,29-03-2023,dhl,Returned
1643,23941,06-08-2023,,fedex,Delivered
1644,62435,09-10-2023,,delhivery,Delivered
1645,36553,21-05-2023,,ups,Delivered
1646,8273,27-06-2023,,fedex,Delivered
1647,47912,19-04-2020,,fedex,Delivered
1648,95446,27-12-2022,,dhl,Delivered
1649,3420,12-01-2022,,fedex,Delivered
1650,98863,27-04-2024,,usps,Shipped
1651,83969,01-08-2020,,dhl,Delivered
1652,67479,17-06-2023,,dhl,Shipped
1653,96570,06-05-2021,14-05-2021,bluedart,Returned
1654,36275,18-11-2020,,bluedart,Delivered
1655,87636,14-06-2023,,bluedart,Delivered
1656,18404,16-05-2020,,dhl,Delivered
1657,51014,18-06-2024,,fedex,Shipped
1658,44172,12-08-2022,,ups,Delivered
1659,8331,22-11-2022,,fedex,In Transit
1660,19926,11-07-2022,,usps,Delivered
1661,74763,19-05-2023,,fedex,Delivered
1662,84654,23-02-2024,,delhivery,Shipped
1663,31415,16-04-2020,,fedex,In Transit
1664,66760,14-04-2022,,dhl,Delivered
1665,78692,21-10-2020,,fedex,Delivered
1666,97996,04-03-2024,,fedex,Delivered
1667,79323,15-01-2021,,fedex,Shipped
1668,40358,23-07-2023,,fedex,Shipped
1669,24424,19-04-2020,,delhivery,Delivered
1670,25710,14-07-2021,,fedex,Delivered
1671,54684,01-12-2020,,fedex,Cancelled
1672,79861,16-12-2022,,fedex,Delivered
1673,32101,22-12-2024,,fedex,Delivered
1674,64878,11-02-2021,,delhivery,Delivered
1675,98836,29-09-2024,,ups,Shipped
1676,69452,08-07-2021,,ups,Delivered
1677,75873,22-05-2022,,dhl,Shipped
1678,73918,23-11-2022,,usps,Delivered
1679,36196,18-11-2021,,dhl,Shipped
1680,39755,08-03-2024,,ups,Shipped
1681,86882,27-02-2023,,ups,Delivered
1682,89998,14-12-2024,,ups,Shipped
1683,11026,22-04-2023,,fedex,Delivered
1684,82166,28-04-2021,,dhl,Shipped
1685,4023,11-07-2023,,fedex,Delivered
1686,61468,16-06-2023,12-07-2023,bluedart,Returned
1687,13031,17-08-2020,10-09-2020,bluedart,Returned
1688,21397,22-11-2022,,bluedart,Delivered
1689,49717,05-05-2020,,delhivery,Delivered
1690,79783,01-12-2022,,fedex,Delivered
1691,68740,26-07-2020,21-08-2020,fedex,Returned
1692,18774,08-08-2021,,ups,Delivered
1693,31130,03-03-2022,,delhivery,Delivered
1694,99006,21-04-2022,,fedex,Delivered
1695,56739,16-04-2024,,bluedart,Delivered
1696,46040,13-11-2022,28-11-2022,delhivery,Returned
1697,31258,12-01-2020,,usps,Delivered
1698,14029,25-05-2024,,fedex,Delivered
1699,80180,23-11-2024,,fedex,Shipped
1700,51426,14-06-2023,,dhl,Shipped
1701,25856,23-09-2022,,dhl,Shipped
1702,89707,08-07-2021,24-07-2021,dhl,Returned
1703,94620,17-10-2022,,fedex,Delivered
1704,3107,15-06-2023,,ups,Delivered
1705,45741,03-06-2020,,dhl,Delivered
1706,94861,15-06-2021,,fedex,Delivered
1707,9688,06-06-2023,,fedex,Delivered
1708,49412,22-11-2020,,dhl,Shipped
1709,86134,26-08-2024,,bluedart,Delivered
1710,26660,06-11-2023,14-11-2023,fedex,Returned
1711,98983,27-09-2020,,usps,Delivered
1712,37605,23-12-2020,,ups,Delivered
1713,30090,23-05-2020,,bluedart,Delivered
1714,38856,27-10-2024,,delhivery,Delivered
1715,25899,22-05-2024,14-06-2024,fedex,Returned
1716,57698,10-05-2022,,bluedart,Delivered
1717,91382,29-09-2021,,bluedart,Shipped
1718,45416,17-06-2022,,fedex,Delivered
1719,51961,29-07-2020,,usps,Delivered
1720,11404,10-06-2023,,bluedart,Shipped
1721,97712,26-10-2022,,ups,Delivered
1722,30333,26-08-2022,,ups,Delivered
1723,52543,02-08-2024,,ups,Delivered
1724,45608,13-08-2023,,fedex,Delivered
1725,66973,20-04-2021,,fedex,Delivered
1726,43473,21-02-2024,,fedex,Delivered
1727,25917,19-02-2024,,dhl,Delivered
1728,89275,19-12-2021,,fedex,Delivered
1729,94598,03-11-2023,21-11-2023,ups,Returned
1730,20393,05-06-2022,,fedex,Shipped
1731,13513,27-06-2021,,fedex,Delivered
1732,59181,26-02-2021,,dhl,Shipped
1733,47953,26-02-2022,,fedex,Delivered
1734,31562,03-05-2022,,fedex,Delivered
1735,56493,09-01-2021,,delhivery,Delivered
1736,36920,01-12-2020,,delhivery,Shipped
1737,35300,17-07-2020,,fedex,Delivered
1738,76393,31-03-2022,,dhl,Shipped
1739,6573,03-03-2023,,ups,Delivered
1740,38266,28-08-2020,,usps,Delivered
1741,85517,18-04-2021,,bluedart,Shipped
1742,75412,23-01-2024,,dhl,Delivered
1743,33812,04-01-2021,,bluedart,In Transit
1744,36212,18-04-2021,,delhivery,Shipped
1745,96247,17-03-2020,,fedex,Delivered
1746,90474,05-04-2023,,fedex,Delivered
1747,30105,18-10-2023,,fedex,Delivered
1748,16606,15-09-2024,,dhl,Delivered
1749,95910,10-02-2023,,fedex,Delivered
1750,77050,23-05-2021,,dhl,Delivered
1751,66488,20-12-2022,,fedex,Delivered
1752,63777,28-11-2023,,bluedart,Delivered
1753,11992,24-05-2024,,bluedart,Delivered
1754,25846,27-10-2024,,fedex,Delivered
1755,31376,11-02-2022,,fedex,Delivered
1756,83279,11-04-2020,,delhivery,Delivered
1757,14973,03-03-2020,,dhl,Delivered
1758,6879,08-03-2024,,ups,Delivered
1759,65999,27-09-2020,,fedex,Delivered
1760,95702,13-03-2023,,dhl,Delivered
1761,12687,05-01-2022,23-01-2022,bluedart,Returned
1762,87710,19-01-2022,,fedex,Shipped
1763,21324,03-01-2021,,dhl,Shipped
1764,37958,08-06-2020,,fedex,Delivered
1765,63583,04-08-2024,,fedex,Delivered
1766,38150,02-03-2024,,dhl,In Transit
1767,40323,15-01-2020,,fedex,Delivered
1768,36222,16-03-2022,,dhl,Delivered
1769,85277,11-11-2022,,fedex,Delivered
1770,33378,07-06-2020,,fedex,Delivered
1771,29569,16-02-2021,,ups,Delivered
1772,29454,13-04-2021,,dhl,Delivered
1773,70903,02-06-2021,,dhl,Delivered
1774,15761,31-08-2022,,dhl,Delivered
1775,61328,16-10-2020,,bluedart,Delivered
1776,56671,22-12-2020,,fedex,Delivered
1777,43657,18-04-2022,,bluedart,Delivered
1778,31081,30-09-2021,,bluedart,Delivered
1779,6121,13-05-2022,,ups,Delivered
1780,89212,01-01-2023,,fedex,Delivered
1781,32420,03-01-2023,,fedex,Delivered
1782,45379,29-07-2022,,dhl,Delivered
1783,87822,08-03-2021,,fedex,Shipped
1784,70739,30-04-2021,,delhivery,Delivered
1785,73456,31-12-2022,,bluedart,Delivered
1786,43909,16-12-2023,,ups,Delivered
1787,19197,04-11-2021,,bluedart,Delivered
1788,26980,05-01-2023,,delhivery,Delivered
1789,33673,26-08-2022,,fedex,Delivered
1790,94287,01-12-2024,,fedex,Delivered
1791,21662,31-01-2024,,fedex,Delivered
1792,1093,30-03-2024,,bluedart,Delivered
1793,44075,20-04-2020,,bluedart,Delivered
1794,79222,14-11-2021,,fedex,Delivered
1795,69786,16-10-2023,,bluedart,Delivered
1796,21602,10-10-2021,,dhl,Delivered
1797,73631,02-04-2023,,fedex,Delivered
1798,55959,17-06-2023,,dhl,Delivered
1799,21812,31-01-2020,,fedex,Delivered
1800,60626,12-04-2024,,fedex,Delivered
1801,57408,22-01-2020,,dhl,Delivered
1802,52997,12-04-2022,,ups,Delivered
1803,13556,10-08-2022,,fedex,Delivered
1804,82293,13-04-2023,,bluedart,Delivered
1805,74237,10-05-2022,,fedex,Delivered
1806,93069,18-07-2020,,fedex,Delivered
1807,80783,03-05-2023,,fedex,Shipped
1808,23730,02-02-2021,,fedex,Delivered
1809,14771,30-08-2023,,dhl,Delivered
1810,81221,03-04-2021,,dhl,In Transit
1811,80742,18-11-2024,,fedex,Delivered
1812,63004,23-11-2020,,fedex,Delivered
1813,60046,07-05-2023,,fedex,In Transit
1814,7978,26-10-2021,,fedex,Delivered
1815,58004,31-01-2024,,fedex,Delivered
1816,74034,29-04-2022,,fedex,Cancelled
1817,44351,27-01-2022,,fedex,Delivered
1818,33179,23-11-2021,,bluedart,Delivered
1819,12880,24-01-2021,,fedex,Shipped
1820,42851,14-12-2021,,bluedart,Delivered
1821,42051,25-09-2022,,dhl,Delivered
1822,92633,23-07-2022,,fedex,Delivered
1823,98805,18-09-2024,,fedex,Delivered
1824,12070,04-09-2020,,usps,Delivered
1825,8661,02-10-2020,,fedex,Delivered
1826,3381,24-12-2021,,ups,Delivered
1827,3667,21-11-2020,,bluedart,In Transit
1828,20481,17-04-2021,,bluedart,Delivered
1829,47363,23-10-2023,,fedex,Delivered
1830,95317,22-11-2024,,fedex,Shipped
1831,16581,08-07-2023,,fedex,Delivered
1832,44440,06-12-2024,,fedex,Delivered
1833,11336,21-06-2021,,fedex,Delivered
1834,70637,20-12-2020,,fedex,Delivered
1835,24430,29-01-2021,,ups,Shipped
1836,48879,22-02-2020,,bluedart,In Transit
1837,1949,24-04-2023,,bluedart,Delivered
1838,92155,07-01-2022,,usps,Delivered
1839,17891,30-09-2022,,ups,Delivered
1840,96616,11-06-2024,,fedex,Delivered
1841,47312,14-06-2023,,fedex,Shipped
1842,81324,22-01-2020,,dhl,In Transit
1843,44458,05-12-2020,,fedex,Delivered
1844,59191,07-03-2023,,ups,Delivered
1845,1211,05-12-2023,,bluedart,Delivered
1846,92083,17-11-2022,,fedex,Delivered
1847,83197,31-05-2022,,bluedart,In Transit
1848,17217,09-04-2020,,fedex,Delivered
1849,65082,16-08-2023,,fedex,Delivered
1850,83006,05-08-2021,,fedex,Shipped
1851,51959,25-12-2021,,fedex,Delivered
1852,93819,01-01-2022,,fedex,Delivered
1853,23962,05-09-2024,,bluedart,Delivered
1854,56303,12-04-2024,17-04-2024,fedex,Returned
1855,67688,16-01-2021,,ups,Delivered
1856,96788,11-11-2020,,bluedart,Shipped
1857,9063,19-05-2023,,fedex,Delivered
1858,74932,17-10-2020,,bluedart,Delivered
1859,47972,08-01-2023,,bluedart,Delivered
1860,3222,09-08-2022,,usps,Cancelled
1861,54885,06-04-2024,,dhl,Delivered
1862,79423,20-08-2024,,ups,Delivered
1863,10989,24-02-2021,,bluedart,Delivered
1864,37942,27-01-2023,,dhl,Delivered
1865,60246,13-02-2022,,fedex,Delivered
1866,14414,22-01-2020,,fedex,Delivered
1867,28069,29-01-2023,,dhl,Delivered
1868,10007,09-11-2020,,fedex,Delivered
1869,87938,13-08-2020,,dhl,Delivered
1870,23122,27-12-2024,,fedex,Delivered
1871,92075,03-11-2021,,fedex,Delivered
1872,4003,25-02-2024,,ups,Delivered
1873,31782,08-09-2020,,fedex,In Transit
1874,95770,13-11-2022,,bluedart,Delivered
1875,62303,25-06-2022,,fedex,Cancelled
1876,56304,10-08-2020,06-09-2020,dhl,Returned
1877,19389,25-06-2024,,dhl,Delivered
1878,70963,18-08-2020,,dhl,Delivered
1879,92265,17-08-2020,,usps,Shipped
1880,35175,19-09-2022,,ups,Cancelled
1881,87335,17-11-2023,,dhl,Delivered
1882,57099,19-07-2023,,fedex,Delivered
1883,28686,23-08-2023,,dhl,Delivered
1884,52364,17-05-2024,,fedex,Shipped
1885,57645,07-12-2023,,fedex,Delivered
1886,23547,30-01-2020,,dhl,In Transit
1887,11180,02-04-2024,,fedex,Delivered
1888,50414,14-10-2020,,fedex,Delivered
1889,40142,29-04-2020,09-05-2020,delhivery,Returned
1890,28502,26-03-2023,,fedex,Delivered
1891,21902,26-12-2022,,fedex,Delivered
1892,8753,06-12-2021,31-12-2021,bluedart,Returned
1893,24221,16-01-2021,,dhl,Delivered
1894,36784,15-10-2024,20-10-2024,fedex,Returned
1895,96225,09-08-2023,,bluedart,Cancelled
1896,62313,12-09-2022,,fedex,Delivered
1897,82811,31-12-2024,,bluedart,Delivered
1898,73975,05-03-2021,,usps,Delivered
1899,91751,27-01-2021,,fedex,Shipped
1900,35763,30-08-2024,,dhl,Delivered
1901,32713,04-09-2024,,fedex,Delivered
1902,78491,07-01-2024,,delhivery,Delivered
1903,43015,18-05-2023,,ups,Delivered
1904,99898,13-11-2022,,fedex,Delivered
1905,13269,02-11-2021,,bluedart,Delivered
1906,29517,30-03-2024,18-04-2024,fedex,Returned
1907,60793,07-10-2023,,bluedart,Shipped
1908,43854,17-11-2023,,fedex,Delivered
1909,89622,29-11-2020,,fedex,Delivered
1910,71015,19-04-2023,,bluedart,Delivered
1911,24183,01-04-2022,,dhl,Delivered
1912,42256,13-12-2022,,fedex,Delivered
1913,72404,11-09-2022,,bluedart,In Transit
1914,55077,04-03-2020,,usps,Cancelled
1915,60618,28-07-2023,,fedex,Delivered
1916,65458,12-06-2023,,fedex,Delivered
1917,11228,14-03-2021,,dhl,Delivered
1918,41897,25-11-2023,,fedex,Delivered
1919,99698,10-03-2021,,usps,Delivered
1920,61906,24-03-2024,,fedex,Delivered
1921,48342,15-10-2022,27-10-2022,bluedart,Returned
1922,16325,12-11-2023,,dhl,Delivered
1923,93876,26-12-2022,,fedex,Delivered
1924,4836,14-10-2020,,fedex,Delivered
1925,26928,18-10-2020,,ups,Delivered
1926,11189,14-12-2024,,fedex,Delivered
1927,32976,30-08-2022,,ups,Delivered
1928,48287,26-11-2022,,fedex,Shipped
1929,1071,19-03-2022,,fedex,Delivered
1930,52060,13-12-2021,,ups,Cancelled
1931,93831,17-08-2020,,fedex,Delivered
1932,80593,20-10-2023,,bluedart,Delivered
1933,88648,01-01-2025,,fedex,Cancelled
1934,81710,01-12-2023,,dhl,Shipped
1935,94703,10-06-2022,,fedex,Delivered
1936,15157,31-12-2024,,fedex,Delivered
1937,89937,19-05-2022,,dhl,Delivered
1938,57802,23-09-2023,,dhl,Delivered
1939,66454,12-11-2022,,usps,Delivered
1940,48077,19-10-2022,,usps,Delivered
1941,78176,09-07-2023,,fedex,Delivered
1942,28472,03-04-2024,,fedex,Shipped
1943,51021,29-10-2021,,ups,Delivered
1944,85067,11-02-2023,,ups,Delivered
1945,11689,16-07-2022,,fedex,Shipped
1946,88720,25-02-2023,,fedex,Cancelled
1947,74469,18-06-2023,,dhl,Delivered
1948,38222,10-09-2020,,bluedart,Cancelled
1949,15876,16-08-2020,,usps,Delivered
1950,78601,21-01-2022,,bluedart,Delivered
1951,50422,14-09-2023,,fedex,Delivered
1952,22343,25-05-2023,,bluedart,Shipped
1953,77752,28-08-2022,,ups,Delivered
1954,90930,21-07-2023,,ups,Delivered
1955,32492,09-07-2022,,dhl,Delivered
1956,40202,06-05-2023,,fedex,Delivered
1957,79219,08-05-2024,,bluedart,Delivered
1958,55147,02-09-2020,,fedex,Delivered
1959,16655,15-05-2020,,delhivery,Delivered
1960,17361,10-04-2020,,delhivery,In Transit
1961,20356,11-02-2021,22-02-2021,bluedart,Returned
1962,97496,23-10-2022,,dhl,Delivered
1963,56210,08-12-2020,,bluedart,Delivered
1964,88155,31-03-2021,,bluedart,Delivered
1965,95444,28-02-2022,,dhl,Delivered
1966,20654,07-01-2021,,bluedart,Delivered
1967,50099,19-03-2023,,fedex,Delivered
1968,76398,19-01-2022,,fedex,Shipped
1969,10903,29-05-2024,,dhl,Delivered
1970,63863,06-06-2020,,dhl,Delivered
1971,61797,29-12-2021,,fedex,Delivered
1972,50292,03-10-2020,,fedex,Shipped
1973,72350,17-05-2024,,fedex,Delivered
1974,88321,25-10-2023,,fedex,Delivered
1975,21753,24-03-2024,,usps,Delivered
1976,79003,11-08-2024,,ups,Delivered
1977,63928,15-07-2023,,ups,Delivered
1978,98358,31-10-2020,,fedex,Delivered
1979,92830,15-01-2020,,fedex,Delivered
1980,74482,25-04-2023,,usps,Delivered
1981,20304,04-12-2023,,fedex,Shipped
1982,11171,26-10-2023,,bluedart,Delivered
1983,17294,19-02-2020,,fedex,Delivered
1984,92123,28-07-2020,,dhl,Delivered
1985,39799,01-06-2024,,fedex,Shipped
1986,48899,11-03-2024,,fedex,Delivered
1987,7763,29-12-2020,,fedex,Delivered
1988,67747,18-03-2021,,fedex,Shipped
1989,5068,13-10-2024,,ups,Delivered
1990,6165,25-10-2020,,dhl,Delivered
1991,12056,11-03-2020,,bluedart,Delivered
1992,38887,30-01-2022,,fedex,Delivered
1993,94121,04-03-2023,,usps,Delivered
1994,42024,21-12-2024,,fedex,Delivered
1995,44888,15-02-2020,,bluedart,Delivered
1996,44507,15-03-2022,,fedex,Shipped
1997,66393,06-10-2024,,fedex,Delivered
1998,88852,24-12-2024,,dhl,Delivered
1999,30812,09-12-2020,,fedex,Delivered
2000,21289,17-10-2024,,fedex,Delivered
2001,3242,17-11-2023,,bluedart,In Transit
2002,96870,21-11-2023,,fedex,In Transit
2003,1642,22-10-2021,,usps,Shipped
2004,85186,15-02-2022,,dhl,Delivered
2005,93294,05-08-2020,29-08-2020,bluedart,Returned
2006,10140,02-06-2023,,bluedart,Delivered
2007,86699,20-08-2020,06-09-2020,delhivery,Returned
2008,68330,24-09-2022,,bluedart,Delivered
2009,96271,07-05-2023,,bluedart,Delivered
2010,81075,27-01-2022,,fedex,Delivered
2011,79518,22-08-2024,,bluedart,Delivered
2012,97700,10-12-2024,,fedex,Delivered
2013,15483,10-05-2020,,dhl,Delivered
2014,91923,12-10-2022,,fedex,Cancelled
2015,99179,13-08-2023,,bluedart,Delivered
2016,70320,14-10-2020,,usps,Delivered
2017,8762,26-07-2022,,fedex,Delivered
2018,26519,21-01-2024,,fedex,Delivered
2019,74408,07-01-2024,,fedex,Delivered
2020,98817,01-11-2021,,usps,Delivered
2021,22351,20-02-2024,,usps,Cancelled
2022,75618,10-12-2021,,fedex,Delivered
2023,92034,30-06-2020,,ups,Delivered
2024,14822,10-11-2020,,ups,Delivered
2025,90531,21-11-2020,,fedex,Delivered
2026,12415,06-11-2020,,ups,Delivered
2027,60022,27-04-2022,,dhl,Delivered
2028,77407,17-05-2021,,usps,Delivered
2029,68765,26-09-2020,17-10-2020,fedex,Returned
2030,27305,26-01-2022,,ups,Delivered
2031,71911,13-06-2024,,ups,Delivered
2032,3621,02-10-2020,,fedex,In Transit
2033,77148,20-12-2021,,fedex,Delivered
2034,87445,28-08-2022,,ups,Delivered
2035,78682,19-10-2024,,fedex,Delivered
2036,48246,25-07-2021,,fedex,Shipped
2037,53989,27-08-2024,,bluedart,Delivered
2038,13970,01-11-2022,,dhl,Delivered
2039,86118,28-03-2021,,bluedart,Delivered
2040,60151,21-08-2022,,bluedart,Delivered
2041,56156,15-08-2021,,fedex,Delivered
2042,41324,12-02-2022,,usps,Cancelled
2043,86091,03-06-2023,,bluedart,Delivered
2044,60393,01-09-2023,,bluedart,Delivered
2045,52388,17-11-2024,30-11-2024,fedex,Returned
2046,42846,24-01-2021,,fedex,Delivered
2047,56576,12-10-2022,,fedex,Delivered
2048,29633,02-10-2024,,bluedart,Delivered
2049,92746,16-11-2024,,ups,Shipped
2050,31110,28-05-2020,,fedex,Shipped
2051,34509,29-05-2020,,fedex,Cancelled
2052,23079,28-01-2020,,fedex,Delivered
2053,34380,14-09-2020,,bluedart,Delivered
2054,96383,05-12-2022,,fedex,Delivered
2055,70445,09-05-2020,,fedex,Delivered
2056,60893,29-07-2021,,bluedart,Shipped
2057,72339,05-08-2020,,bluedart,Delivered
2058,2587,06-09-2024,,ups,Delivered
2059,75784,03-01-2023,,bluedart,Delivered
2060,37319,18-10-2022,,dhl,Delivered
2061,16000,31-12-2023,,fedex,Delivered
2062,29358,19-11-2023,,dhl,Cancelled
2063,56785,01-05-2020,,fedex,Delivered
2064,81493,15-08-2021,,ups,Delivered
2065,74394,24-07-2022,,fedex,Delivered
2066,95704,09-05-2021,,fedex,Shipped
2067,62597,15-04-2020,,fedex,In Transit
2068,96676,15-05-2024,,fedex,Delivered
2069,35449,10-08-2022,,fedex,Delivered
2070,34210,20-05-2023,,fedex,Shipped
2071,24934,04-07-2024,17-07-2024,dhl,Returned
2072,14708,31-05-2021,,fedex,Delivered
2073,73547,21-06-2020,,delhivery,Delivered
2074,27884,21-04-2024,,fedex,Delivered
2075,8736,26-09-2022,,fedex,Delivered
2076,20333,13-10-2022,,usps,Delivered
2077,23692,25-08-2021,,delhivery,Delivered
2078,90602,21-05-2020,,bluedart,Delivered
2079,16530,27-04-2020,,ups,Delivered
2080,23993,15-11-2021,,dhl,Delivered
2081,50401,14-02-2021,,fedex,Delivered
2082,42584,20-03-2021,,bluedart,Delivered
2083,67754,20-04-2020,,usps,Shipped
2084,62784,31-12-2020,,fedex,Delivered
2085,84454,26-08-2020,,fedex,Delivered
2086,46263,15-07-2024,,fedex,Delivered
2087,64999,16-12-2024,,delhivery,Delivered
2088,27140,06-01-2022,,fedex,Delivered
2089,94933,07-08-2022,,dhl,Delivered
2090,19764,12-11-2020,,fedex,Delivered
2091,22939,29-01-2023,,dhl,In Transit
2092,88796,15-01-2024,,bluedart,Delivered
2093,48000,14-06-2022,,ups,Shipped
2094,52911,23-07-2024,,bluedart,Delivered
2095,56457,13-01-2020,,fedex,Delivered
2096,20050,24-02-2021,,fedex,Delivered
2097,74555,21-12-2021,,fedex,Delivered
2098,33180,27-05-2020,,fedex,Delivered
2099,81777,28-10-2024,,dhl,Shipped
2100,76293,11-12-2022,,dhl,Shipped
2101,29573,24-04-2021,,fedex,Shipped
2102,7872,25-05-2024,,fedex,Shipped
2103,54221,17-11-2021,,fedex,Delivered
2104,66226,23-09-2024,,fedex,Delivered
2105,91710,18-11-2022,,dhl,Delivered
2106,90013,27-06-2021,,fedex,Delivered
2107,50418,02-01-2022,,dhl,Delivered
2108,30098,23-06-2021,,dhl,Delivered
2109,99924,07-10-2020,,delhivery,Delivered
2110,34182,15-06-2022,,delhivery,Shipped
2111,70435,04-06-2020,,fedex,Shipped
2112,2631,18-05-2023,,fedex,Delivered
2113,13700,20-08-2022,,dhl,Shipped
2114,7425,02-09-2021,,fedex,Delivered
2115,92795,04-05-2024,,dhl,Delivered
2116,54847,28-05-2023,,fedex,Delivered
2117,58292,07-11-2020,,fedex,Delivered
2118,91178,01-03-2022,,bluedart,Delivered
2119,23480,24-10-2022,,delhivery,Delivered
2120,74306,25-06-2020,,fedex,Delivered
2121,80358,21-02-2023,,delhivery,Delivered
2122,5374,08-10-2021,,dhl,Delivered
2123,28344,12-01-2020,,fedex,Delivered
2124,63044,06-12-2022,,fedex,Delivered
2125,29924,05-07-2023,,fedex,Delivered
2126,11920,13-12-2024,,fedex,Delivered
2127,88858,22-11-2024,,dhl,Delivered
2128,83858,18-03-2022,,fedex,In Transit
2129,97387,15-09-2022,,usps,Delivered
2130,77018,02-05-2021,,ups,Delivered
2131,27099,21-10-2021,,fedex,Delivered
2132,37242,28-07-2022,,delhivery,Cancelled
2133,54532,25-09-2022,,fedex,Delivered
2134,63960,05-09-2021,30-09-2021,bluedart,Returned
2135,35166,14-07-2023,,ups,Shipped
2136,9064,22-08-2024,,ups,Delivered
2137,55269,03-02-2021,,fedex,Delivered
2138,99681,17-04-2024,,fedex,Delivered
2139,5795,10-06-2024,,bluedart,Delivered
2140,52935,24-06-2022,,ups,Shipped
2141,30771,11-10-2023,,ups,Shipped
2142,87385,24-11-2022,,dhl,Delivered
2143,54555,03-06-2023,,fedex,In Transit
2144,68258,25-06-2020,,dhl,Delivered
2145,65597,31-03-2024,,fedex,Delivered
2146,16241,02-10-2023,,bluedart,Delivered
2147,22163,13-12-2020,,bluedart,Shipped
2148,54721,11-06-2020,,dhl,Delivered
2149,87579,26-12-2023,,bluedart,Delivered
2150,12916,25-01-2021,,fedex,Shipped
2151,41159,24-02-2024,,delhivery,Delivered
2152,9225,01-03-2021,,dhl,Delivered
2153,42073,11-12-2023,,delhivery,Delivered
2154,20572,08-07-2021,,bluedart,Delivered
2155,23821,30-11-2024,,fedex,Delivered
2156,7421,15-01-2023,,usps,Delivered
2157,45625,15-06-2021,,fedex,Delivered
2158,24291,24-06-2022,,fedex,Cancelled
2159,97911,01-09-2022,,fedex,Delivered
2160,86904,11-09-2020,,fedex,Delivered
2161,98489,09-05-2023,,dhl,In Transit
2162,17442,29-03-2020,,ups,Cancelled
2163,80827,31-01-2023,,dhl,Delivered
2164,77670,24-02-2024,,usps,Delivered
2165,33007,30-09-2023,,ups,Delivered
2166,75044,30-09-2022,16-10-2022,delhivery,Returned
2167,31988,20-01-2022,,fedex,Delivered
2168,95169,10-03-2021,,bluedart,Delivered
2169,45530,03-06-2022,13-06-2022,bluedart,Returned
2170,66593,14-08-2021,,ups,Delivered
2171,63649,26-05-2020,,dhl,Delivered
2172,76356,21-12-2023,,fedex,Delivered
2173,30257,06-06-2020,,delhivery,Delivered
2174,22868,01-11-2024,,fedex,Delivered
2175,26594,21-07-2021,,fedex,Delivered
2176,29629,01-07-2021,,delhivery,Delivered
2177,33801,12-05-2023,,fedex,In Transit
2178,92288,09-02-2023,,fedex,Delivered
2179,55953,30-07-2022,,delhivery,Delivered
2180,11915,05-08-2020,,fedex,Shipped
2181,17837,15-10-2024,,dhl,Delivered
2182,78936,07-10-2022,,fedex,Delivered
2183,37664,29-02-2020,,dhl,Delivered
2184,65307,28-12-2024,,dhl,Delivered
2185,66361,21-12-2023,13-01-2024,fedex,Returned
2186,39604,14-10-2020,,dhl,Delivered
2187,17936,19-07-2021,,fedex,Delivered
2188,5555,16-11-2020,,delhivery,Delivered
2189,9773,26-07-2021,,fedex,Delivered
2190,93944,19-07-2024,,dhl,Delivered
2191,36687,31-01-2020,,fedex,Delivered
2192,36331,23-05-2020,,fedex,Delivered
2193,92317,31-03-2024,,fedex,Delivered
2194,79201,24-02-2020,,fedex,Delivered
2195,40388,23-10-2023,,dhl,Delivered
2196,51903,07-04-2021,,fedex,Delivered
2197,16876,09-11-2020,,dhl,Delivered
2198,48815,25-12-2020,,bluedart,Delivered
2199,52024,09-02-2020,,fedex,Delivered
2200,58741,26-01-2023,,usps,Delivered
2201,41396,30-08-2022,,fedex,Delivered
2202,50055,04-09-2023,,fedex,Delivered
2203,29702,23-04-2023,,dhl,Delivered
2204,12152,15-05-2024,,ups,Delivered
2205,7445,08-01-2025,14-01-2025,delhivery,Returned
2206,21898,21-01-2022,,dhl,Delivered
2207,64932,22-12-2024,,dhl,Delivered
2208,5441,01-05-2024,,ups,Delivered
2209,72754,07-08-2024,,dhl,Delivered
2210,72952,19-05-2020,,fedex,Delivered
2211,82091,16-04-2024,,dhl,Delivered
2212,69516,08-09-2022,,ups,Delivered
2213,80344,02-11-2022,,fedex,Shipped
2214,78348,01-04-2020,,bluedart,Delivered
2215,35021,29-09-2020,,dhl,Delivered
2216,86727,28-02-2024,,fedex,Delivered
2217,66203,28-02-2024,,fedex,Delivered
2218,9273,05-07-2021,,fedex,Delivered
2219,29959,23-11-2022,,bluedart,Delivered
2220,93157,19-02-2023,24-02-2023,dhl,Returned
2221,45446,08-05-2021,,usps,Shipped
2222,82538,11-10-2020,,fedex,Delivered
2223,22505,27-02-2022,,dhl,Cancelled
2224,22289,24-05-2022,,dhl,In Transit
2225,54864,13-02-2020,23-02-2020,bluedart,Returned
2226,11757,01-10-2023,,dhl,Shipped
2227,95850,24-04-2020,,fedex,Delivered
2228,21975,04-03-2024,,fedex,Delivered
2229,29461,17-06-2022,,fedex,Shipped
2230,31211,20-04-2022,,bluedart,Delivered
2231,38200,27-02-2024,,fedex,Cancelled
2232,21112,29-11-2022,,dhl,Delivered
2233,1290,15-08-2020,,dhl,Delivered
2234,18103,19-09-2023,,fedex,Delivered
2235,91047,23-01-2022,,usps,Cancelled
2236,59523,01-02-2021,,bluedart,Delivered
2237,73106,29-07-2021,,dhl,Delivered
2238,19928,02-01-2021,,dhl,Delivered
2239,84967,06-11-2024,,fedex,Delivered
2240,43111,22-08-2023,,fedex,Shipped
2241,96356,18-04-2022,,fedex,Delivered
2242,35321,28-11-2022,,bluedart,Delivered
2243,12211,22-07-2020,,fedex,Delivered
2244,27953,08-08-2022,,fedex,Delivered
2245,40169,13-04-2021,,fedex,Delivered
2246,93657,08-11-2020,,fedex,Delivered
2247,64736,23-02-2024,,bluedart,Delivered
2248,33766,26-12-2024,,fedex,Delivered
2249,46436,14-09-2020,08-10-2020,fedex,Returned
2250,58999,02-03-2024,,bluedart,Delivered
2251,79350,23-08-2020,,bluedart,Delivered
2252,60579,01-05-2020,,fedex,Delivered
2253,53860,04-10-2021,,usps,Delivered
2254,80039,23-02-2022,,dhl,Delivered
2255,82841,23-07-2020,,fedex,Delivered
2256,8542,09-09-2021,,bluedart,Delivered
2257,88510,31-08-2024,,delhivery,Shipped
2258,99180,23-11-2020,,delhivery,Delivered
2259,68787,28-09-2021,,dhl,Delivered
2260,60937,03-11-2020,,dhl,Delivered
2261,45030,04-04-2021,,fedex,Delivered
2262,98503,07-11-2020,,fedex,Delivered
2263,89967,17-05-2020,,fedex,Shipped
2264,62830,26-08-2022,,fedex,Delivered
2265,66744,25-01-2021,,dhl,Delivered
2266,53546,21-10-2020,,dhl,Delivered
2267,79225,03-04-2021,,bluedart,Delivered
2268,93314,23-09-2022,,bluedart,Delivered
2269,85594,03-01-2022,19-01-2022,dhl,Returned
2270,45664,17-03-2024,,dhl,Delivered
2271,52703,06-08-2022,,dhl,Delivered
2272,43239,08-04-2024,,fedex,Delivered
2273,38176,25-01-2021,,dhl,Delivered
2274,78083,17-01-2024,,ups,Delivered
2275,61293,11-06-2020,,fedex,Delivered
2276,75934,12-09-2024,,ups,In Transit
2277,10816,09-08-2020,,fedex,Delivered
2278,11898,31-10-2020,,fedex,Delivered
2279,57221,21-01-2021,,dhl,Delivered
2280,25040,24-02-2022,,fedex,Delivered
2281,64343,30-05-2022,,fedex,Delivered
2282,42373,12-10-2023,,bluedart,Delivered
2283,33017,24-02-2020,,delhivery,Delivered
2284,86631,28-07-2023,,bluedart,Delivered
2285,60806,05-11-2022,,fedex,Delivered
2286,91151,23-12-2022,,usps,Delivered
2287,94504,19-02-2024,,ups,Delivered
2288,90692,08-10-2023,,dhl,Delivered
2289,59010,04-04-2022,,fedex,Delivered
2290,54510,23-09-2020,,fedex,Delivered
2291,58481,14-10-2020,,fedex,Delivered
2292,74641,27-07-2023,,bluedart,In Transit
2293,33163,21-05-2020,,ups,Delivered
2294,54082,08-07-2024,,fedex,Delivered
2295,57276,27-07-2022,,dhl,Delivered
2296,57720,08-05-2021,,dhl,Delivered
2297,59540,30-07-2021,,fedex,Shipped
2298,47116,09-07-2023,,usps,Delivered
2299,69623,15-02-2021,,fedex,Delivered
2300,39060,17-01-2020,,bluedart,Delivered
2301,41123,29-03-2024,,bluedart,Delivered
2302,12473,03-06-2021,,fedex,Delivered
2303,96583,04-06-2023,,ups,Shipped
2304,39997,31-12-2024,,delhivery,Delivered
2305,34792,04-07-2022,,usps,Cancelled
2306,63154,03-12-2024,,fedex,Delivered
2307,55753,26-06-2023,,dhl,Delivered
2308,65648,06-10-2024,,fedex,Delivered
2309,51837,24-09-2023,,fedex,Delivered
2310,54073,16-10-2024,,bluedart,Delivered
2311,37193,05-11-2020,,bluedart,Delivered
2312,53662,06-03-2020,,bluedart,In Transit
2313,51706,24-11-2023,,bluedart,Delivered
2314,95494,06-12-2023,,fedex,Delivered
2315,99501,29-02-2024,,ups,Delivered
2316,36353,03-06-2022,,dhl,Delivered
2317,99269,27-09-2020,,dhl,Delivered
2318,69100,10-06-2024,,dhl,Delivered
2319,26146,20-05-2022,,fedex,Delivered
2320,65924,27-02-2024,,fedex,Delivered
2321,64191,02-07-2021,,fedex,Delivered
2322,64472,26-06-2021,,bluedart,Shipped
2323,62886,14-02-2020,,fedex,Delivered
2324,76028,13-12-2020,,usps,Delivered
2325,36116,08-02-2021,,usps,Delivered
2326,15907,26-12-2021,,ups,Delivered
2327,14875,30-11-2022,,fedex,Delivered
2328,64829,15-07-2024,,bluedart,Delivered
2329,29408,30-05-2021,,dhl,In Transit
2330,48939,01-03-2022,,dhl,Delivered
2331,27220,28-02-2020,,fedex,Delivered
2332,92423,27-04-2022,,bluedart,Shipped
2333,84700,20-04-2024,,bluedart,Shipped
2334,68104,21-11-2024,,dhl,In Transit
2335,23525,25-07-2023,,dhl,Cancelled
2336,66403,09-02-2020,,dhl,In Transit
2337,54435,30-01-2024,,usps,Delivered
2338,74942,12-10-2021,,fedex,Cancelled
2339,93566,07-02-2022,,ups,Delivered
2340,62946,01-02-2024,,fedex,Delivered
2341,98369,28-05-2023,,bluedart,Delivered
2342,12223,12-05-2020,,fedex,Delivered
2343,88229,08-12-2022,,bluedart,Delivered
2344,10310,30-05-2021,,bluedart,Delivered
2345,32198,21-01-2020,,fedex,In Transit
2346,4004,06-11-2021,,delhivery,Shipped
2347,3027,23-02-2024,,dhl,Delivered
2348,44599,29-07-2023,,delhivery,Delivered
2349,69979,06-03-2023,,fedex,Delivered
2350,36245,17-01-2023,,dhl,Delivered
2351,49236,05-12-2022,,dhl,Shipped
2352,21523,21-04-2024,,dhl,Delivered
2353,32768,10-09-2020,,bluedart,Delivered
2354,59002,13-11-2024,,bluedart,Shipped
2355,3265,18-01-2022,,usps,Cancelled
2356,14015,08-11-2023,,fedex,Delivered
2357,78937,12-01-2023,,fedex,Shipped
2358,31975,01-02-2020,,dhl,Delivered
2359,34462,27-05-2020,,dhl,Delivered
2360,81581,13-09-2024,,ups,Shipped
2361,70896,11-09-2021,,fedex,Delivered
2362,91004,18-02-2020,,fedex,Delivered
2363,42351,19-12-2020,,fedex,Shipped
2364,84646,07-11-2022,,fedex,Delivered
2365,4361,28-08-2024,,fedex,In Transit
2366,10335,31-05-2021,,dhl,Delivered
2367,67652,25-03-2020,19-04-2020,bluedart,Returned
2368,83635,06-03-2021,24-03-2021,ups,Returned
2369,5635,25-12-2024,,dhl,Delivered
2370,57953,25-09-2022,,fedex,Delivered
2371,55277,11-04-2022,,fedex,Delivered
2372,56182,19-11-2022,,bluedart,Delivered
2373,85930,23-02-2021,,fedex,Shipped
2374,78292,25-07-2023,,bluedart,Delivered
2375,75305,14-09-2022,,fedex,Shipped
2376,98155,06-02-2020,,fedex,Delivered
2377,67025,06-04-2022,,ups,Delivered
2378,16323,26-06-2024,,bluedart,Delivered
2379,56259,03-03-2022,,fedex,Delivered
2380,4310,25-01-2024,,fedex,Delivered
2381,38313,26-02-2021,,fedex,Delivered
2382,13808,31-03-2022,,bluedart,Delivered
2383,10791,23-04-2024,,fedex,Delivered
2384,49188,26-08-2021,,fedex,Delivered
2385,41607,16-05-2021,,fedex,Delivered
2386,3226,21-05-2023,,fedex,Delivered
2387,61560,20-02-2020,,fedex,Delivered
2388,95964,14-09-2023,,fedex,Delivered
2389,76065,27-08-2020,,fedex,Delivered
2390,89618,19-07-2021,,fedex,Delivered
2391,23703,25-09-2024,,fedex,In Transit
2392,87721,03-10-2024,,fedex,Delivered
2393,63687,30-04-2020,,dhl,Delivered
2394,7949,28-03-2022,,ups,Shipped
2395,29599,18-03-2021,,fedex,Delivered
2396,74507,22-05-2021,,fedex,Delivered
2397,15139,29-11-2024,,fedex,Delivered
2398,10860,18-11-2021,,usps,Delivered
2399,31881,23-02-2021,23-03-2021,dhl,Returned
2400,63134,17-03-2023,,bluedart,Delivered
2401,41843,07-04-2022,,delhivery,Cancelled
2402,86879,21-07-2022,15-08-2022,delhivery,Returned
2403,11333,27-04-2024,,fedex,Shipped
2404,87931,18-10-2020,,fedex,Shipped
2405,93216,18-04-2021,,fedex,Delivered
2406,92339,26-10-2020,,bluedart,Delivered
2407,67234,01-10-2024,,fedex,Delivered
2408,75081,05-03-2023,,dhl,Delivered
2409,65555,08-07-2022,,dhl,Delivered
2410,43975,11-08-2023,,ups,Delivered
2411,84008,18-04-2023,,fedex,In Transit
2412,39331,24-10-2020,,fedex,Cancelled
2413,80179,22-07-2020,15-08-2020,fedex,Returned
2414,6051,01-01-2025,,bluedart,In Transit
2415,84142,09-05-2024,,dhl,Shipped
2416,56456,19-06-2022,,fedex,Cancelled
2417,67556,09-01-2023,,dhl,Delivered
2418,33096,14-12-2020,,bluedart,Delivered
2419,56305,13-02-2024,,bluedart,Delivered
2420,53479,04-07-2021,,fedex,Delivered
2421,66949,09-08-2021,,delhivery,Delivered
2422,50996,25-09-2024,,fedex,Delivered
2423,61850,11-01-2020,,ups,Delivered
2424,91150,05-11-2021,,dhl,Delivered
2425,63037,07-06-2024,,fedex,Delivered
2426,39023,27-10-2020,,fedex,Delivered
2427,24190,16-11-2020,,fedex,Delivered
2428,60023,21-08-2022,,fedex,Delivered
2429,17402,15-03-2022,,fedex,Delivered
2430,27885,31-07-2023,,bluedart,Delivered
2431,6211,21-01-2021,,fedex,Delivered
2432,42856,18-12-2023,,fedex,Cancelled
2433,70797,26-01-2021,,bluedart,Delivered
2434,41514,08-07-2023,,fedex,Delivered
2435,33592,07-06-2023,,fedex,Delivered
2436,48474,15-05-2022,,fedex,Shipped
2437,30046,25-05-2021,,fedex,In Transit
2438,51581,20-11-2024,,ups,Delivered
2439,53069,11-09-2024,,fedex,Delivered
2440,64713,04-02-2024,,fedex,Delivered
2441,8179,15-03-2022,,fedex,Shipped
2442,51995,29-03-2023,24-04-2023,ups,Returned
2443,77465,27-09-2022,14-10-2022,fedex,Returned
2444,55773,01-08-2022,,fedex,Delivered
2445,95109,29-02-2024,,dhl,Delivered
2446,59470,15-04-2020,07-05-2020,delhivery,Returned
2447,40052,17-10-2024,,fedex,Delivered
2448,35227,01-12-2024,,dhl,Shipped
2449,55854,26-08-2020,,dhl,Delivered
2450,27229,01-03-2022,,bluedart,Delivered
2451,17571,22-03-2024,,fedex,Delivered
2452,5495,19-05-2023,,fedex,Delivered
2453,83297,22-01-2020,,fedex,Delivered
2454,89764,25-01-2020,,bluedart,Shipped
2455,41101,05-03-2021,,fedex,Delivered
2456,6885,31-12-2020,,fedex,Delivered
2457,12014,30-03-2021,,fedex,Delivered
2458,11447,12-08-2021,,dhl,Delivered
2459,74913,20-09-2021,,ups,Delivered
2460,21079,20-01-2022,,ups,Cancelled
2461,36896,22-03-2023,,fedex,Shipped
2462,9749,22-11-2021,,usps,Delivered
2463,81349,19-12-2021,,ups,Delivered
2464,83105,09-01-2022,,fedex,Delivered
2465,37122,23-12-2024,,ups,Delivered
2466,80851,16-04-2021,,ups,Delivered
2467,90520,04-12-2023,,bluedart,Delivered
2468,46523,29-04-2020,,dhl,Delivered
2469,52287,17-01-2024,,fedex,Delivered
2470,6043,27-09-2021,,delhivery,Delivered
2471,76114,30-07-2020,,fedex,Delivered
2472,6821,15-07-2024,,fedex,Delivered
2473,2136,03-09-2024,,fedex,In Transit
2474,73159,06-11-2024,,bluedart,Delivered
2475,74229,22-05-2023,,bluedart,Delivered
2476,18337,15-06-2023,,usps,In Transit
2477,72916,31-10-2020,,dhl,Shipped
2478,66984,30-09-2020,,ups,In Transit
2479,50116,16-10-2022,,ups,Delivered
2480,74515,17-03-2022,,delhivery,Delivered
2481,37432,12-05-2022,,fedex,Delivered
2482,34980,23-08-2024,,ups,Delivered
2483,74418,18-08-2020,,fedex,Delivered
2484,70946,15-04-2022,,fedex,Delivered
2485,30295,26-08-2024,,fedex,Delivered
2486,54541,23-07-2023,,fedex,Delivered
2487,63686,21-10-2020,,dhl,Delivered
2488,62344,05-11-2023,,bluedart,Cancelled
2489,31907,11-08-2022,,fedex,Delivered
2490,14204,10-05-2021,,fedex,Delivered
2491,33700,22-05-2024,,fedex,Shipped
2492,20575,30-08-2024,,ups,Delivered
2493,11737,25-09-2022,,fedex,Delivered
2494,1835,15-10-2024,,fedex,Delivered
2495,91578,06-06-2023,,delhivery,Delivered
2496,2121,10-10-2022,,fedex,Delivered
2497,61689,26-08-2020,,dhl,Delivered
2498,95573,12-12-2023,,dhl,Shipped
2499,2267,22-08-2022,,fedex,Delivered
2500,18564,28-06-2020,,dhl,Delivered
2501,59935,18-11-2021,,fedex,Delivered
2502,26369,09-11-2020,,fedex,Delivered
2503,44491,28-03-2022,15-04-2022,fedex,Returned
2504,57971,02-10-2023,,fedex,Delivered
2505,83593,20-02-2020,07-03-2020,dhl,Returned
2506,63007,31-12-2022,,fedex,Delivered
2507,55572,15-12-2023,,bluedart,Shipped
2508,69513,15-11-2020,,dhl,Delivered
2509,49623,26-07-2022,,dhl,Delivered
2510,31087,08-04-2020,,fedex,Delivered
2511,60043,25-04-2022,,bluedart,Delivered
2512,84392,07-03-2024,,fedex,Delivered
2513,9388,19-04-2022,,fedex,Shipped
2514,98343,07-12-2023,,fedex,Delivered
2515,41600,13-08-2021,,fedex,Delivered
2516,43763,20-07-2023,,usps,Delivered
2517,44189,17-11-2022,,dhl,Delivered
2518,97165,19-05-2024,,ups,In Transit
2519,78614,14-11-2020,,dhl,Delivered
2520,65303,10-02-2024,,fedex,Delivered
2521,78745,15-05-2024,,fedex,Delivered
2522,98078,29-06-2020,,fedex,In Transit
2523,62727,11-12-2020,,dhl,Delivered
2524,52755,05-10-2023,,bluedart,Delivered
2525,36695,05-03-2023,,fedex,Delivered
2526,28285,25-10-2020,,fedex,Delivered
2527,59888,27-04-2023,,fedex,Delivered
2528,26969,19-10-2020,,fedex,In Transit
2529,77578,24-11-2024,,bluedart,Delivered
2530,72629,21-06-2024,,bluedart,Shipped
2531,50118,10-11-2020,,bluedart,Delivered
2532,74639,30-01-2023,,ups,Delivered
2533,64627,01-05-2022,,bluedart,Delivered
2534,3658,05-03-2022,,ups,Delivered
2535,20221,04-11-2023,,bluedart,Delivered
2536,45527,15-07-2024,,delhivery,Delivered
2537,7029,03-08-2021,,dhl,Shipped
2538,36574,20-06-2023,,ups,Delivered
2539,56514,05-01-2024,,fedex,Delivered
2540,94561,07-05-2024,,bluedart,Delivered
2541,74185,09-01-2021,,fedex,Delivered
2542,55221,11-03-2024,,fedex,Shipped
2543,94249,28-03-2024,24-04-2024,dhl,Returned
2544,74719,02-03-2023,,dhl,In Transit
2545,22750,05-07-2024,,bluedart,Shipped
2546,59629,18-11-2024,,fedex,Delivered
2547,51001,06-10-2022,,fedex,Delivered
2548,49402,05-05-2021,,usps,Delivered
2549,17343,09-04-2023,,ups,Delivered
2550,39657,30-07-2022,,bluedart,Delivered
2551,19845,21-09-2021,,dhl,Delivered
2552,1286,20-11-2022,,dhl,Delivered
2553,68729,22-09-2023,,fedex,Delivered
2554,89467,01-07-2021,,ups,Delivered
2555,32807,08-04-2020,,fedex,Delivered
2556,82644,23-09-2022,,dhl,Delivered
2557,53005,24-08-2022,,dhl,Delivered
2558,41940,03-04-2023,,fedex,Shipped
2559,23364,08-03-2020,,fedex,Delivered
2560,7951,15-06-2020,,fedex,Delivered
2561,88553,12-11-2023,,fedex,Delivered
2562,29510,28-07-2024,,fedex,Delivered
2563,18004,22-01-2023,,bluedart,Shipped
2564,9959,10-01-2021,02-02-2021,usps,Returned
2565,98617,19-06-2020,,delhivery,Delivered
2566,10508,09-09-2024,,dhl,Delivered
2567,81180,22-09-2022,,bluedart,Delivered
2568,47658,19-04-2022,,fedex,Delivered
2569,9619,07-12-2023,,dhl,Delivered
2570,18253,02-04-2024,,bluedart,Delivered
2571,45347,15-01-2024,,dhl,In Transit
2572,44308,18-07-2023,,dhl,Delivered
2573,51466,19-08-2021,05-09-2021,fedex,Returned
2574,25080,28-05-2021,,fedex,Delivered
2575,10442,17-08-2020,,bluedart,Delivered
2576,23388,19-07-2023,,dhl,Delivered
2577,21127,04-01-2022,,dhl,Delivered
2578,76750,08-10-2020,,fedex,Delivered
2579,39599,24-08-2020,,fedex,Delivered
2580,4466,20-09-2022,,fedex,Delivered
2581,32619,28-07-2022,,fedex,Delivered
2582,56868,28-07-2023,,bluedart,Delivered
2583,98259,02-08-2020,,ups,Delivered
2584,67983,01-09-2023,,dhl,In Transit
2585,75237,08-01-2022,,fedex,Delivered
2586,30563,29-10-2024,,fedex,Shipped
2587,67352,29-03-2020,,fedex,Delivered
2588,7629,06-07-2020,,fedex,Cancelled
2589,64727,05-05-2024,,fedex,In Transit
2590,86495,12-11-2022,,ups,In Transit
2591,30293,13-10-2023,,dhl,In Transit
2592,48347,02-09-2024,,dhl,Delivered
2593,57017,23-07-2020,,fedex,Shipped
2594,43679,23-06-2020,,delhivery,Delivered
2595,72926,22-04-2022,,fedex,Delivered
2596,68014,31-10-2022,16-11-2022,fedex,Returned
2597,95824,22-10-2020,,ups,Shipped
2598,24713,15-12-2023,,dhl,Delivered
2599,79669,08-11-2022,,dhl,Delivered
2600,27829,06-11-2024,06-12-2024,fedex,Returned
2601,7125,08-05-2021,,fedex,Delivered
2602,37116,15-08-2024,,fedex,Cancelled
2603,89290,04-01-2022,,bluedart,Delivered
2604,73181,29-11-2021,,fedex,Cancelled
2605,61177,03-08-2020,,fedex,Delivered
2606,55490,22-07-2020,,fedex,In Transit
2607,69963,12-01-2021,,bluedart,Delivered
2608,59051,02-02-2024,,fedex,Delivered
2609,47041,26-11-2023,,usps,Delivered
2610,14903,12-12-2021,,ups,Delivered
2611,32653,28-11-2023,,fedex,Delivered
2612,1994,10-11-2021,,fedex,In Transit
2613,47924,04-05-2023,,dhl,Cancelled
2614,75718,07-04-2020,,dhl,Delivered
2615,58166,17-12-2021,,fedex,Cancelled
2616,23801,29-07-2023,,bluedart,Cancelled
2617,2570,01-02-2020,,fedex,Shipped
2618,99881,20-05-2022,,dhl,Delivered
2619,78399,04-09-2020,,fedex,Delivered
2620,67115,25-05-2024,,dhl,Cancelled
2621,95706,23-07-2023,,dhl,Delivered
2622,4758,09-05-2020,,bluedart,Delivered
2623,90801,05-12-2021,,fedex,Cancelled
2624,5694,19-12-2024,,fedex,Delivered
2625,53144,21-06-2020,,ups,Delivered
2626,23148,04-08-2024,,dhl,Delivered
2627,31804,14-08-2024,08-09-2024,fedex,Returned
2628,60946,18-11-2020,,bluedart,Delivered
2629,41357,26-05-2021,,fedex,Delivered
2630,99687,06-04-2023,,fedex,Delivered
2631,81735,01-11-2023,,bluedart,Delivered
2632,44332,09-09-2023,,usps,Delivered
2633,63145,26-10-2021,25-11-2021,fedex,Returned
2634,1475,19-10-2023,,bluedart,In Transit
2635,4475,30-03-2021,,bluedart,Delivered
2636,92689,24-01-2024,,fedex,Delivered
2637,37720,10-03-2023,25-03-2023,fedex,Returned
2638,99793,24-08-2023,,fedex,Delivered
2639,33632,25-02-2024,,fedex,Delivered
2640,19807,19-11-2021,,dhl,Delivered
2641,81083,25-06-2024,,fedex,Shipped
2642,90143,01-10-2022,,delhivery,Delivered
2643,68410,02-02-2023,,bluedart,Delivered
2644,14896,01-04-2024,,fedex,Delivered
2645,85948,12-03-2024,,fedex,Delivered
2646,86257,18-06-2021,,dhl,Cancelled
2647,1044,05-07-2023,,bluedart,Delivered
2648,71274,05-04-2021,,dhl,In Transit
2649,20125,03-04-2023,,dhl,Delivered
2650,65700,18-07-2021,,fedex,Delivered
2651,47781,21-12-2023,,bluedart,Delivered
2652,4340,12-04-2021,,fedex,Delivered
2653,38057,18-04-2021,,fedex,Delivered
2654,85157,02-08-2020,,bluedart,Delivered
2655,1999,24-09-2023,,ups,Delivered
2656,32847,11-03-2021,,fedex,In Transit
2657,4436,07-01-2021,,dhl,Delivered
2658,92216,09-10-2024,,usps,Shipped
2659,24029,23-02-2024,,fedex,Delivered
2660,31952,01-04-2021,,dhl,Shipped
2661,63588,24-06-2023,,fedex,Delivered
2662,43078,14-09-2020,,usps,Delivered
2663,26970,16-08-2024,15-09-2024,dhl,Returned
2664,68271,16-10-2021,,usps,Delivered
2665,48495,21-06-2024,,dhl,Delivered
2666,36359,27-08-2024,,dhl,Delivered
2667,8312,07-04-2021,,bluedart,Delivered
2668,12254,09-05-2023,,fedex,Delivered
2669,79478,09-03-2022,,dhl,Delivered
2670,63886,15-12-2021,,fedex,Delivered
2671,76669,28-08-2020,,dhl,Delivered
2672,87506,16-06-2022,,fedex,Delivered
2673,56914,28-08-2024,,dhl,Delivered
2674,24228,06-05-2022,,fedex,Delivered
2675,3415,18-05-2022,,ups,Delivered
2676,88424,14-12-2020,,ups,Delivered
2677,65512,31-08-2024,,fedex,Delivered
2678,87612,02-08-2024,,dhl,Delivered
2679,1628,17-09-2024,,fedex,Cancelled
2680,7326,31-05-2024,,delhivery,Delivered
2681,28235,03-12-2023,,bluedart,Delivered
2682,6528,21-08-2024,,bluedart,Delivered
2683,49622,22-09-2023,,bluedart,Delivered
2684,8706,31-07-2020,10-08-2020,fedex,Returned
2685,21058,04-09-2022,,usps,Delivered
2686,96893,23-08-2023,,fedex,Shipped
2687,35583,23-04-2020,,fedex,Delivered
2688,28605,27-07-2021,,fedex,Delivered
2689,66012,27-11-2020,,fedex,Delivered
2690,39947,02-02-2021,,dhl,Cancelled
2691,42423,17-04-2024,,dhl,Delivered
2692,94009,05-06-2024,,fedex,Delivered
2693,53968,27-10-2024,,bluedart,Cancelled
2694,73646,01-08-2020,,delhivery,Delivered
2695,1255,05-01-2023,,dhl,Delivered
2696,5536,28-12-2023,,usps,Delivered
2697,45632,18-07-2024,,usps,Delivered
2698,30385,06-03-2023,,fedex,Delivered
2699,58870,21-11-2024,,fedex,Delivered
2700,83129,10-11-2022,,fedex,Delivered
2701,55833,22-02-2021,,dhl,Delivered
2702,71782,10-09-2024,,dhl,Delivered
2703,43086,31-05-2022,,fedex,Delivered
2704,92410,13-09-2023,,bluedart,Delivered
2705,31836,17-11-2024,,fedex,Shipped
2706,53516,11-12-2024,,usps,Shipped
2707,54135,29-07-2022,,fedex,Delivered
2708,12273,07-10-2022,,fedex,Delivered
2709,98968,28-11-2023,,delhivery,Shipped
2710,56465,06-07-2022,,usps,Delivered
2711,47454,11-03-2023,,fedex,Shipped
2712,43163,21-09-2020,,fedex,Delivered
2713,54553,23-07-2024,,ups,Delivered
2714,72214,11-08-2024,,bluedart,Delivered
2715,53797,09-07-2020,31-07-2020,fedex,Returned
2716,8687,13-04-2021,,delhivery,In Transit
2717,41647,14-12-2022,,fedex,Delivered
2718,56079,29-05-2020,,fedex,Delivered
2719,37049,20-06-2020,,dhl,Delivered
2720,85759,03-07-2024,,fedex,Delivered
2721,73448,06-01-2022,,delhivery,Delivered
2722,51090,11-06-2023,,usps,Delivered
2723,25696,25-05-2022,,ups,Delivered
2724,45567,14-07-2024,,dhl,Delivered
2725,43642,05-10-2020,,ups,Delivered
2726,8924,22-11-2021,,ups,Delivered
2727,50105,13-05-2020,,fedex,Cancelled
2728,66170,17-07-2023,,fedex,Shipped
2729,89738,06-09-2023,,dhl,Delivered
2730,11462,25-12-2021,,fedex,Delivered
2731,29923,19-06-2021,,fedex,Cancelled
2732,1451,24-01-2023,,dhl,Delivered
2733,31404,06-10-2022,,fedex,Delivered
2734,21748,30-01-2022,,bluedart,Delivered
2735,22711,01-12-2024,,dhl,Delivered
2736,30957,21-10-2020,,bluedart,Delivered
2737,69799,20-10-2020,,bluedart,Delivered
2738,93809,12-02-2023,,fedex,Delivered
2739,39319,17-07-2022,11-08-2022,delhivery,Returned
2740,59124,25-11-2024,,fedex,Delivered
2741,33260,23-10-2024,,fedex,Delivered
2742,69856,01-07-2020,,bluedart,Delivered
2743,59283,10-10-2023,,fedex,Shipped
2744,19012,10-10-2023,,bluedart,Delivered
2745,24513,28-04-2022,,fedex,In Transit
2746,2897,11-07-2022,,ups,Delivered
2747,63774,27-12-2020,25-01-2021,dhl,Returned
2748,70275,15-03-2021,,fedex,Delivered
2749,13950,21-09-2024,,fedex,Delivered
2750,86941,27-03-2023,,fedex,Delivered
2751,51381,22-02-2023,,bluedart,Delivered
2752,94345,22-10-2020,,usps,Delivered
2753,23235,23-06-2020,,fedex,Delivered
2754,63684,06-06-2022,,fedex,Delivered
2755,62039,10-10-2024,,ups,Delivered
2756,50593,26-04-2021,,dhl,Delivered
2757,93341,15-03-2021,,bluedart,Delivered
2758,50836,01-07-2020,,dhl,Delivered
2759,71549,27-03-2021,,fedex,Delivered
2760,5517,09-06-2022,,fedex,Delivered
2761,50530,17-01-2021,31-01-2021,fedex,Returned
2762,68257,03-09-2021,,delhivery,Delivered
2763,66152,03-04-2023,,usps,Delivered
2764,81933,30-05-2023,,dhl,In Transit
2765,18580,17-01-2020,,fedex,Delivered
2766,13947,05-09-2020,,delhivery,Delivered
2767,8498,04-03-2024,,fedex,Shipped
2768,19737,04-06-2020,,ups,Cancelled
2769,51252,08-09-2020,,fedex,Shipped
2770,30919,06-01-2021,14-01-2021,fedex,Returned
2771,51686,11-07-2021,,bluedart,Shipped
2772,88952,24-05-2022,,bluedart,Delivered
2773,56910,17-05-2023,,usps,Delivered
2774,67490,04-03-2024,,dhl,Delivered
2775,3146,27-06-2021,,delhivery,Cancelled
2776,91498,22-12-2023,,bluedart,Delivered
2777,54026,04-12-2022,,bluedart,Delivered
2778,28962,16-07-2022,,fedex,Delivered
2779,74963,28-10-2023,,fedex,Delivered
2780,53676,27-08-2024,,fedex,Delivered
2781,37342,04-08-2022,,dhl,Shipped
2782,31967,31-07-2021,,dhl,Delivered
2783,60392,31-05-2023,,dhl,Delivered
2784,95936,24-01-2023,,bluedart,Delivered
2785,19294,04-05-2024,,fedex,Delivered
2786,26357,19-05-2020,,bluedart,Delivered
2787,94820,20-03-2021,,bluedart,Delivered
2788,71769,03-03-2022,,dhl,Delivered
2789,32066,12-10-2023,,bluedart,Delivered
2790,40902,30-01-2021,,bluedart,Delivered
2791,65672,06-12-2023,,bluedart,Delivered
2792,51910,24-08-2024,,fedex,Delivered
2793,74684,03-05-2024,,dhl,Delivered
2794,36092,30-03-2021,,ups,Delivered
2795,79069,04-03-2024,,fedex,Delivered
2796,43158,12-06-2023,,dhl,Delivered
2797,95367,10-09-2020,,fedex,Delivered
2798,17212,21-08-2023,,fedex,Delivered
2799,47059,28-02-2020,,fedex,Delivered
2800,49825,24-04-2020,,bluedart,Cancelled
2801,37448,22-10-2020,,ups,Delivered
2802,56087,24-09-2022,,fedex,Delivered
2803,92596,16-07-2023,,delhivery,Delivered
2804,17384,20-05-2020,,fedex,Delivered
2805,67053,15-01-2020,,dhl,Delivered
2806,4096,06-03-2022,,fedex,Delivered
2807,88989,23-06-2024,,fedex,Delivered
2808,19818,25-09-2023,,ups,Delivered
2809,33377,03-06-2023,,bluedart,Delivered
2810,44691,03-12-2023,,dhl,Delivered
2811,76658,22-06-2022,,ups,Cancelled
2812,57712,07-10-2023,,fedex,Cancelled
2813,79509,18-08-2020,,bluedart,Delivered
2814,30421,17-11-2023,,fedex,Delivered
2815,14821,04-11-2021,,fedex,Delivered
2816,39264,11-04-2020,,fedex,Delivered
2817,31059,01-02-2023,,fedex,Delivered
2818,43583,22-11-2024,,usps,Delivered
2819,82133,19-09-2022,,dhl,Delivered
2820,15756,07-01-2021,,fedex,Shipped
2821,31733,23-06-2020,,bluedart,Delivered
2822,87021,30-03-2024,,fedex,Shipped
2823,85838,09-07-2023,,fedex,Delivered
2824,26329,08-07-2020,,usps,Delivered
2825,19350,09-05-2024,,dhl,Delivered
2826,40104,31-05-2022,,ups,Delivered
2827,20736,31-05-2020,,fedex,Delivered
2828,26249,10-09-2023,,fedex,Delivered
2829,40774,24-12-2020,,ups,Delivered
2830,90533,29-05-2022,,ups,Delivered
2831,46215,15-03-2021,20-03-2021,bluedart,Returned
2832,77520,04-05-2024,,fedex,Delivered
2833,68291,25-11-2024,,fedex,Shipped
2834,93445,08-06-2024,,fedex,Delivered
2835,7385,19-05-2021,,fedex,Delivered
2836,88863,18-09-2023,,fedex,Shipped
2837,49300,13-11-2023,,bluedart,Delivered
2838,56690,15-11-2024,,fedex,Delivered
2839,34113,28-08-2020,,fedex,Shipped
2840,52454,02-09-2021,22-09-2021,fedex,Returned
2841,76251,22-10-2022,,usps,Delivered
2842,1529,08-05-2023,,ups,Delivered
2843,35171,22-10-2020,,dhl,Delivered
2844,90723,02-01-2025,,fedex,Delivered
2845,23310,23-06-2021,,bluedart,Delivered
2846,20528,29-02-2020,26-03-2020,fedex,Returned
2847,26266,27-10-2022,,dhl,Delivered
2848,80251,10-10-2022,,delhivery,Delivered
2849,4049,29-09-2023,,fedex,Delivered
2850,52237,06-10-2022,,ups,Shipped
2851,54916,24-05-2021,,bluedart,In Transit
2852,52299,09-10-2020,,fedex,Delivered
2853,37409,11-12-2020,,fedex,Delivered
2854,28927,03-02-2020,,dhl,Shipped
2855,20843,01-09-2024,,fedex,Delivered
2856,73128,04-03-2020,,fedex,Shipped
2857,43494,19-01-2023,,ups,Delivered
2858,49910,27-09-2023,,bluedart,In Transit
2859,17006,14-10-2023,,dhl,In Transit
2860,72674,02-01-2025,,fedex,Delivered
2861,95156,24-11-2024,,ups,In Transit
2862,97283,26-07-2024,,bluedart,Delivered
2863,65213,13-02-2020,,fedex,Delivered
2864,71294,13-03-2022,,fedex,Delivered
2865,25485,09-04-2021,,dhl,Delivered
2866,90180,29-04-2020,,dhl,Delivered
2867,41254,26-07-2020,,dhl,Shipped
2868,13845,21-11-2021,,fedex,Shipped
2869,43813,25-11-2022,,dhl,Delivered
2870,19482,18-07-2022,,fedex,Cancelled
2871,49234,16-04-2021,,dhl,Delivered
2872,36160,26-04-2020,,fedex,Shipped
2873,29652,15-09-2021,,fedex,Delivered
2874,65199,28-02-2024,,fedex,Delivered
2875,55486,13-10-2022,,fedex,Delivered
2876,4577,22-05-2022,,fedex,Delivered
2877,81860,16-05-2022,,ups,Delivered
2878,51577,19-08-2024,,dhl,Delivered
2879,11337,14-02-2023,,fedex,Delivered
2880,96251,05-05-2023,,ups,Shipped
2881,30968,18-07-2020,,fedex,Delivered
2882,81632,24-01-2020,,usps,Delivered
2883,14503,24-03-2020,,fedex,Delivered
2884,97618,01-07-2024,,fedex,Delivered
2885,98146,07-03-2020,,bluedart,Delivered
2886,27807,09-06-2022,,fedex,Delivered
2887,15980,22-04-2020,,bluedart,Delivered
2888,82565,03-11-2021,,fedex,Delivered
2889,84225,02-01-2025,,bluedart,Delivered
2890,20434,23-04-2023,,fedex,Delivered
2891,5623,16-05-2020,,bluedart,Delivered
2892,22718,14-10-2022,,bluedart,Delivered
2893,16775,11-02-2024,,ups,Delivered
2894,46054,11-12-2022,,fedex,Delivered
2895,57441,16-12-2020,,bluedart,Delivered
2896,65345,02-06-2022,,ups,Delivered
2897,65412,15-10-2023,10-11-2023,fedex,Returned
2898,16754,02-02-2023,,ups,Delivered
2899,96596,14-08-2022,,fedex,Delivered
2900,23612,06-10-2020,,bluedart,Cancelled
2901,68042,26-06-2023,,ups,Delivered
2902,64998,04-01-2022,,fedex,Delivered
2903,62656,24-02-2024,,fedex,Delivered
2904,58169,20-10-2024,,bluedart,Shipped
2905,75675,28-09-2023,,ups,Shipped
2906,13418,25-11-2022,,dhl,Delivered
2907,10776,07-02-2021,,dhl,Cancelled
2908,37684,03-10-2023,,bluedart,Delivered
2909,81681,07-11-2020,,fedex,Delivered
2910,97198,25-11-2023,,ups,Delivered
2911,71416,18-10-2020,,ups,Shipped
2912,91301,15-10-2020,,dhl,Delivered
2913,15406,28-02-2023,,bluedart,Delivered
2914,62863,08-06-2022,,fedex,Delivered
2915,59014,21-12-2023,,fedex,Delivered
2916,97417,11-11-2022,,dhl,Shipped
2917,12855,14-07-2023,06-08-2023,dhl,Returned
2918,74004,07-10-2020,,ups,Delivered
2919,19568,06-06-2022,,fedex,Cancelled
2920,39499,14-12-2021,,fedex,Delivered
2921,42679,25-07-2022,,ups,Delivered
2922,85465,21-09-2021,,fedex,Delivered
2923,88718,23-03-2021,,dhl,Delivered
2924,22220,11-07-2024,,bluedart,Cancelled
2925,71516,11-12-2024,,fedex,Delivered
2926,66327,10-04-2020,,fedex,Delivered
2927,51889,27-01-2021,,dhl,Shipped
2928,64953,08-12-2022,,dhl,Delivered
2929,21007,03-06-2021,,fedex,Delivered
2930,24970,28-12-2021,,ups,Delivered
2931,79684,23-12-2020,,bluedart,Cancelled
2932,82074,24-05-2021,,fedex,In Transit
2933,13328,30-01-2020,,fedex,Delivered
2934,12137,12-08-2023,,fedex,Shipped
2935,38249,24-01-2021,,fedex,Cancelled
2936,92200,20-10-2020,,dhl,Delivered
2937,40305,18-07-2022,,fedex,Delivered
2938,78455,05-09-2024,,delhivery,Delivered
2939,55233,03-11-2020,,delhivery,Delivered
2940,7855,14-09-2024,,bluedart,Delivered
2941,11218,10-02-2020,,fedex,Delivered
2942,68090,27-11-2023,,dhl,Delivered
2943,78141,06-12-2022,,fedex,Delivered
2944,34145,20-06-2021,,usps,Delivered
2945,88752,02-11-2022,,fedex,Delivered
2946,88529,12-10-2021,,dhl,Cancelled
2947,18419,11-09-2021,,fedex,Delivered
2948,22984,29-12-2023,,bluedart,Delivered
2949,46820,11-01-2024,,dhl,Delivered
2950,88127,15-05-2023,,fedex,Delivered
2951,80537,11-07-2022,,dhl,Delivered
2952,72211,18-12-2023,,ups,Delivered
2953,5576,22-04-2022,,fedex,Cancelled
2954,18239,28-03-2021,04-04-2021,bluedart,Returned
2955,90498,16-07-2023,,fedex,Delivered
2956,39523,23-05-2023,,fedex,Delivered
2957,4203,14-08-2022,,usps,Delivered
2958,2856,06-05-2020,,fedex,Delivered
2959,37829,21-09-2022,,dhl,Delivered
2960,63659,10-08-2024,30-08-2024,fedex,Returned
2961,29441,30-03-2023,,usps,Delivered
2962,44548,03-10-2024,,dhl,Delivered
2963,7521,05-02-2021,,dhl,Shipped
2964,16205,31-10-2021,,usps,Delivered
2965,10522,05-02-2023,,ups,Delivered
2966,65033,03-11-2023,18-11-2023,dhl,Returned
2967,89408,15-02-2024,,usps,Delivered
2968,16835,20-11-2021,,ups,Delivered
2969,46594,19-06-2024,,fedex,Delivered
2970,56365,16-04-2020,,bluedart,Delivered
2971,82279,16-06-2023,02-07-2023,fedex,Returned
2972,79829,12-01-2021,,fedex,Delivered
2973,37377,28-02-2021,,dhl,Cancelled
2974,73805,27-01-2023,,bluedart,Delivered
2975,57767,22-12-2024,,fedex,Delivered
2976,35098,23-03-2024,,bluedart,In Transit
2977,25209,24-01-2024,,dhl,Delivered
2978,59437,12-10-2022,25-10-2022,dhl,Returned
2979,38345,22-09-2021,,bluedart,Delivered
2980,55889,08-06-2024,17-06-2024,bluedart,Returned
2981,53415,07-04-2022,03-05-2022,ups,Returned
2982,4480,02-12-2022,,fedex,Shipped
2983,2747,18-08-2022,,ups,Delivered
2984,61325,05-05-2021,,dhl,Delivered
2985,17527,02-08-2022,,fedex,Cancelled
2986,65798,13-07-2021,,bluedart,Delivered
2987,92446,06-05-2023,18-05-2023,dhl,Returned
2988,30468,05-07-2021,,fedex,Delivered
2989,22426,20-08-2020,,dhl,Delivered
2990,63984,24-07-2021,16-08-2021,delhivery,Returned
2991,5198,06-03-2024,,fedex,Cancelled
2992,61660,01-01-2023,,fedex,In Transit
2993,32275,29-09-2022,,usps,Delivered
2994,86354,19-05-2021,,usps,Delivered
2995,29973,02-05-2020,,bluedart,Delivered
2996,47386,06-05-2023,,ups,Delivered
2997,22607,21-11-2020,,fedex,Delivered
2998,15390,28-04-2021,,fedex,Delivered
2999,44800,23-06-2020,,dhl,Delivered
3000,99492,15-05-2022,,fedex,Shipped
3001,53675,08-12-2024,,usps,Delivered
3002,45255,14-06-2022,,fedex,Delivered
3003,85179,24-05-2023,,ups,Shipped
3004,86867,21-12-2020,,usps,Shipped
3005,14985,22-05-2022,,usps,Shipped
3006,23328,23-12-2022,,usps,Delivered
3007,79340,18-09-2022,,dhl,Delivered
3008,94266,01-05-2022,25-05-2022,fedex,Returned
3009,9621,18-06-2024,,fedex,Delivered
3010,21484,23-09-2020,,dhl,Delivered
3011,82530,25-12-2020,,dhl,Shipped
3012,37304,17-06-2021,,fedex,Shipped
3013,30585,07-07-2021,,bluedart,Delivered
3014,45602,06-01-2022,,dhl,Delivered
3015,1011,09-02-2020,,dhl,Delivered
3016,20570,12-01-2020,,bluedart,Delivered
3017,65301,15-08-2023,,fedex,Shipped
3018,21946,28-02-2023,,dhl,Delivered
3019,55837,10-11-2023,,fedex,Cancelled
3020,43236,11-10-2024,,bluedart,Delivered
3021,41974,21-09-2020,,delhivery,Delivered
3022,17761,19-07-2023,30-07-2023,ups,Returned
3023,77671,06-04-2021,,usps,Delivered
3024,23841,04-10-2023,,ups,Cancelled
3025,25564,26-05-2021,,dhl,Delivered
3026,46106,08-06-2024,,bluedart,Delivered
3027,94321,09-02-2023,,fedex,Delivered
3028,88342,09-11-2024,06-12-2024,delhivery,Returned
3029,5916,30-12-2022,,fedex,Delivered
3030,49062,03-03-2024,,dhl,Delivered
3031,19581,18-09-2022,,dhl,Delivered
3032,26393,27-08-2021,,usps,Delivered
3033,47483,25-07-2020,,delhivery,Delivered
3034,96597,15-05-2021,,fedex,Delivered
3035,4181,16-09-2020,,fedex,Cancelled
3036,47219,22-01-2024,,ups,Shipped
3037,35504,22-10-2023,,fedex,Delivered
3038,50356,22-03-2023,,usps,Delivered
3039,3091,15-06-2021,,fedex,Delivered
3040,40366,11-06-2022,,dhl,Delivered
3041,96058,19-10-2020,,fedex,In Transit
3042,33695,05-06-2021,,fedex,Delivered
3043,28979,29-08-2021,,fedex,Cancelled
3044,11558,09-08-2022,,dhl,Delivered
3045,41713,07-10-2024,,dhl,Delivered
3046,52561,27-12-2021,,dhl,Delivered
3047,41776,20-08-2020,,fedex,Delivered
3048,47822,31-03-2024,,fedex,Delivered
3049,60038,29-01-2021,,fedex,Delivered
3050,73913,13-03-2023,,bluedart,Delivered
3051,86026,28-08-2024,,usps,Delivered
3052,56217,28-02-2022,,bluedart,Delivered
3053,10247,30-05-2020,,dhl,Delivered
3054,12396,23-07-2022,,dhl,Delivered
3055,26025,17-04-2021,,fedex,Delivered
3056,99915,04-10-2024,,fedex,Delivered
3057,57615,26-07-2021,,fedex,Delivered
3058,73810,30-09-2020,,fedex,Delivered
3059,52961,04-07-2023,,ups,Delivered
3060,53590,17-12-2024,,fedex,Delivered
3061,97538,16-05-2022,,delhivery,Delivered
3062,85355,16-12-2024,,fedex,Delivered
3063,94304,07-11-2023,,ups,Delivered
3064,84835,21-10-2020,,fedex,Delivered
3065,54290,05-05-2020,,bluedart,Delivered
3066,94028,18-02-2021,08-03-2021,dhl,Returned
3067,8781,20-07-2022,,bluedart,Delivered
3068,12944,04-04-2023,12-04-2023,bluedart,Returned
3069,5471,12-07-2023,,fedex,Delivered
3070,34267,24-01-2024,,fedex,Delivered
3071,20329,06-12-2022,,dhl,Delivered
3072,7246,16-02-2020,,usps,Shipped
3073,34614,21-06-2024,,bluedart,Delivered
3074,48450,20-07-2023,,dhl,Delivered
3075,75100,26-10-2021,,dhl,Delivered
3076,63168,30-12-2021,,delhivery,Cancelled
3077,84449,22-08-2022,,ups,Delivered
3078,86283,24-02-2022,,dhl,Cancelled
3079,50995,20-07-2021,,fedex,Delivered
3080,71601,12-10-2020,,usps,Delivered
3081,69078,02-05-2021,,fedex,Cancelled
3082,60680,13-08-2020,,fedex,Delivered
3083,70149,26-10-2024,,delhivery,Shipped
3084,54775,12-04-2020,,usps,Delivered
3085,26589,01-12-2024,,fedex,Delivered
3086,42719,30-12-2020,,fedex,Delivered
3087,88771,26-03-2021,,fedex,Delivered
3088,44341,25-02-2024,,delhivery,Cancelled
3089,42978,20-05-2023,,dhl,Delivered
3090,50881,02-09-2023,,fedex,Shipped
3091,13226,27-03-2024,,ups,Delivered
3092,90558,06-09-2020,,fedex,Delivered
3093,2299,29-11-2020,,ups,Delivered
3094,82548,18-02-2021,,fedex,Delivered
3095,91629,17-07-2022,,fedex,Delivered
3096,31234,29-06-2024,,fedex,Delivered
3097,48362,31-01-2024,,fedex,Shipped
3098,16618,25-05-2022,,delhivery,Delivered
3099,17020,22-01-2022,,fedex,Delivered
3100,1279,11-12-2024,,usps,Delivered
3101,83702,03-08-2020,,dhl,Shipped
3102,21565,06-04-2021,,fedex,Delivered
3103,9877,03-12-2023,,fedex,Delivered
3104,14554,28-07-2023,,fedex,Delivered
3105,66466,29-06-2024,,fedex,Shipped
3106,23513,05-11-2024,,delhivery,Delivered
3107,20883,29-08-2023,,fedex,Delivered
3108,37429,12-03-2022,,fedex,Delivered
3109,17109,26-08-2022,,fedex,Delivered
3110,35662,03-04-2020,,fedex,Delivered
3111,60459,15-04-2022,,fedex,Shipped
3112,60834,03-12-2022,,ups,Delivered
3113,93911,26-12-2024,,fedex,Delivered
3114,20367,26-11-2021,,bluedart,Delivered
3115,28158,09-09-2020,,fedex,Delivered
3116,31156,10-06-2022,,dhl,Delivered
3117,68634,17-03-2024,,fedex,Delivered
3118,31909,28-09-2020,,delhivery,Delivered
3119,80877,13-02-2023,,dhl,Delivered
3120,85913,10-09-2020,,fedex,Delivered
3121,79769,13-07-2024,,ups,Delivered
3122,91251,29-06-2020,,bluedart,Cancelled
3123,49656,27-04-2021,,usps,Delivered
3124,26302,01-10-2021,,fedex,Delivered
3125,34482,12-09-2021,,bluedart,Delivered
3126,43353,12-12-2022,29-12-2022,dhl,Returned
3127,16552,18-10-2022,,bluedart,Delivered
3128,76612,28-09-2024,23-10-2024,fedex,Returned
3129,52740,12-10-2024,,usps,Delivered
3130,13422,28-05-2021,,fedex,Delivered
3131,21083,25-10-2024,,dhl,Delivered
3132,17248,25-07-2020,,delhivery,Delivered
3133,61411,06-06-2021,,delhivery,Delivered
3134,79619,07-11-2022,,fedex,Delivered
3135,23035,04-09-2021,,dhl,Shipped
3136,11190,22-08-2020,,dhl,Delivered
3137,92118,23-06-2021,,ups,Cancelled
3138,56474,22-04-2024,,fedex,Delivered
3139,36765,08-09-2023,,bluedart,Delivered
3140,96381,10-09-2020,,fedex,Delivered
3141,1275,16-05-2024,,bluedart,Cancelled
3142,49121,29-11-2023,,fedex,Delivered
3143,96484,01-11-2020,,dhl,Delivered
3144,86949,05-04-2020,,fedex,Delivered
3145,67296,21-04-2020,,bluedart,Delivered
3146,33433,04-08-2021,,fedex,Delivered
3147,85755,04-09-2023,03-10-2023,fedex,Returned
3148,70745,26-12-2023,,fedex,Delivered
3149,36079,15-07-2021,,dhl,Delivered
3150,9948,16-02-2021,,dhl,Delivered
3151,24177,13-11-2020,,fedex,Delivered
3152,52044,25-04-2020,,dhl,Delivered
3153,90385,29-01-2021,,fedex,Cancelled
3154,34169,18-06-2020,,fedex,Cancelled
3155,57101,18-11-2022,,fedex,Delivered
3156,29332,08-01-2024,,fedex,Delivered
3157,93443,07-03-2023,,ups,Delivered
3158,29878,18-04-2020,,fedex,Shipped
3159,96053,02-08-2023,,fedex,Delivered
3160,33873,06-06-2023,,ups,Delivered
3161,13678,01-02-2020,,bluedart,In Transit
3162,1297,31-05-2023,,bluedart,Delivered
3163,58213,19-01-2022,,bluedart,Delivered
3164,93625,06-02-2021,,delhivery,Delivered
3165,40696,13-07-2024,,fedex,Delivered
3166,53213,16-04-2024,,fedex,Delivered
3167,5075,14-03-2022,23-03-2022,delhivery,Returned
3168,54941,07-07-2024,,ups,Delivered
3169,66824,16-09-2020,,dhl,Delivered
3170,24006,30-08-2023,,fedex,Delivered
3171,93145,25-11-2024,,bluedart,Delivered
3172,92255,18-06-2024,,fedex,In Transit
3173,15251,04-05-2020,,fedex,Delivered
3174,20619,20-04-2022,,ups,Delivered
3175,41288,27-11-2023,,dhl,Delivered
3176,69885,25-11-2022,,fedex,Delivered
3177,30187,07-05-2021,,ups,Delivered
3178,28856,26-03-2024,,fedex,Delivered
3179,6139,08-04-2024,,fedex,Delivered
3180,32125,03-05-2024,,dhl,Delivered
3181,84851,06-04-2024,13-04-2024,dhl,Returned
3182,58194,10-03-2024,,dhl,Delivered
3183,95762,09-02-2023,,ups,Delivered
3184,34492,27-04-2024,,dhl,Delivered
3185,84071,20-09-2023,,dhl,Delivered
3186,3135,09-03-2022,,fedex,Delivered
3187,39797,11-07-2021,23-07-2021,dhl,Returned
3188,44088,29-09-2021,12-10-2021,fedex,Returned
3189,7145,11-09-2021,18-09-2021,delhivery,Returned
3190,91805,24-03-2024,,dhl,Delivered
3191,19825,14-05-2020,,dhl,Delivered
3192,62448,10-05-2022,,fedex,Delivered
3193,2641,26-03-2021,,usps,Delivered
3194,19292,09-11-2022,,ups,Delivered
3195,85309,08-03-2022,,fedex,Delivered
3196,85998,21-10-2020,,fedex,Delivered
3197,24047,21-07-2023,,dhl,Delivered
3198,13510,18-10-2023,,usps,Delivered
3199,72213,14-10-2021,,fedex,Delivered
3200,61193,05-01-2024,,usps,Delivered
3201,20150,03-02-2024,,fedex,Delivered
3202,2616,23-04-2022,,fedex,Delivered
3203,38274,17-09-2021,,dhl,Delivered
3204,61241,14-06-2020,,fedex,Delivered
3205,6333,17-07-2024,,usps,Delivered
3206,75351,12-05-2020,,bluedart,Delivered
3207,43079,29-08-2024,,ups,Delivered
3208,20340,17-02-2023,,dhl,Delivered
3209,17548,16-08-2021,,bluedart,Shipped
3210,94151,04-11-2024,,bluedart,Delivered
3211,50531,29-05-2022,,ups,Delivered
3212,34143,14-03-2021,,fedex,Delivered
3213,2562,16-12-2021,,delhivery,Delivered
3214,1270,27-01-2022,,ups,Delivered
3215,32631,18-11-2020,,dhl,Delivered
3216,88985,29-01-2022,,fedex,Delivered
3217,16603,24-01-2021,,dhl,Delivered
3218,28266,11-02-2023,,fedex,Shipped
3219,4247,13-10-2022,,fedex,Delivered
3220,22631,19-10-2022,,fedex,Cancelled
3221,90485,21-09-2020,,fedex,Delivered
3222,6872,09-05-2020,,fedex,Cancelled
3223,40362,28-09-2020,12-10-2020,fedex,Returned
3224,68618,02-04-2020,,fedex,Delivered
3225,35016,27-12-2021,,usps,Delivered
3226,74179,18-07-2021,,fedex,Cancelled
3227,33197,28-05-2023,,fedex,Delivered
3228,82399,27-09-2020,,usps,In Transit
3229,74815,23-03-2021,,fedex,Delivered
3230,56358,07-12-2020,,dhl,Delivered
3231,42207,06-01-2023,,usps,Delivered
3232,64723,04-07-2022,,dhl,Delivered
3233,45555,29-02-2020,,usps,Delivered
3234,88772,26-10-2023,,fedex,Delivered
3235,49309,24-05-2022,,fedex,In Transit
3236,73194,28-07-2023,,fedex,Delivered
3237,96252,16-02-2024,,fedex,Delivered
3238,6482,20-01-2021,,fedex,Delivered
3239,30871,31-07-2024,,fedex,Delivered
3240,10891,20-11-2022,,dhl,Delivered
3241,64363,04-11-2023,,ups,Delivered
3242,60524,10-06-2020,,dhl,Delivered
3243,93222,12-10-2021,19-10-2021,ups,Returned
3244,58759,01-06-2020,,fedex,Delivered
3245,38876,19-01-2020,,ups,Delivered
3246,92205,28-02-2020,,fedex,Shipped
3247,26830,12-05-2024,,dhl,Delivered
3248,10483,01-10-2021,,fedex,Delivered
3249,4465,14-06-2020,03-07-2020,fedex,Returned
3250,44192,14-05-2020,,usps,Delivered
3251,76865,23-11-2022,29-11-2022,bluedart,Returned
3252,19896,25-09-2020,,fedex,Delivered
3253,13252,28-08-2023,,bluedart,Delivered
3254,96176,19-04-2020,,usps,Delivered
3255,48843,22-10-2020,,usps,Shipped
3256,52509,26-11-2023,,fedex,Delivered
3257,53803,25-08-2024,,dhl,Delivered
3258,37861,04-07-2022,,ups,Delivered
3259,29988,13-08-2021,,bluedart,Delivered
3260,84731,14-07-2024,,fedex,Delivered
3261,28443,05-10-2023,,fedex,Delivered
3262,80732,23-12-2021,22-01-2022,usps,Returned
3263,22591,26-09-2023,,fedex,Delivered
3264,84948,24-07-2024,,ups,Delivered
3265,54088,04-05-2021,,fedex,Shipped
3266,32460,11-11-2022,,ups,Delivered
3267,46958,09-06-2022,,fedex,Delivered
3268,93203,09-07-2023,,fedex,Delivered
3269,50966,17-03-2021,,ups,Delivered
3270,65919,31-07-2021,,fedex,Delivered
3271,17817,15-08-2021,,dhl,Delivered
3272,34735,09-03-2021,,dhl,Delivered
3273,85597,06-09-2022,29-09-2022,bluedart,Returned
3274,77182,19-09-2020,,fedex,Delivered
3275,41572,14-09-2023,,bluedart,Delivered
3276,38024,15-10-2024,,fedex,In Transit
3277,27144,28-03-2020,,fedex,Delivered
3278,38065,21-10-2021,,ups,Shipped
3279,77269,18-09-2024,,dhl,Delivered
3280,97647,13-07-2023,,fedex,Delivered
3281,90691,06-04-2022,,fedex,Delivered
3282,27236,30-01-2021,,fedex,Shipped
3283,55916,14-09-2021,,fedex,Delivered
3284,58718,16-06-2021,,bluedart,Delivered
3285,70575,26-04-2020,,fedex,Delivered
3286,55893,04-07-2022,,dhl,Delivered
3287,22483,27-01-2022,,dhl,Delivered
3288,25328,28-04-2024,,fedex,Delivered
3289,89638,31-12-2023,,ups,Delivered
3290,95223,11-05-2024,,fedex,Delivered
3291,16002,22-11-2022,,ups,Delivered
3292,19254,25-08-2023,,fedex,Delivered
3293,82007,09-12-2023,28-12-2023,fedex,Returned
3294,9928,15-10-2021,,dhl,Delivered
3295,95313,14-10-2023,,fedex,Delivered
3296,6990,11-06-2021,,fedex,Delivered
3297,97233,09-07-2024,,dhl,Delivered
3298,44607,11-02-2021,,dhl,Delivered
3299,68112,12-05-2021,,fedex,Delivered
3300,79812,22-07-2020,,fedex,Delivered
3301,3993,12-06-2023,,bluedart,Shipped
3302,42726,20-06-2024,,fedex,Delivered
3303,19127,22-01-2023,,fedex,Delivered
3304,84498,09-09-2022,,usps,Delivered
3305,66818,10-07-2021,,dhl,Delivered
3306,10294,03-08-2022,,bluedart,Shipped
3307,68223,13-07-2023,,bluedart,Delivered
3308,79624,06-11-2021,,bluedart,Delivered
3309,13772,19-02-2020,,fedex,Delivered
3310,69012,19-01-2021,,bluedart,Delivered
3311,21687,30-12-2023,,fedex,Delivered
3312,24617,24-01-2022,,fedex,Delivered
3313,9679,17-10-2021,,dhl,Delivered
3314,71890,30-07-2022,,dhl,Delivered
3315,44248,03-02-2022,,bluedart,Delivered
3316,33174,25-03-2020,,bluedart,Delivered
3317,14596,27-06-2022,,dhl,Delivered
3318,77483,13-12-2020,,fedex,Delivered
3319,94111,10-07-2023,,bluedart,Delivered
3320,87559,05-12-2022,,delhivery,Delivered
3321,62361,27-07-2024,,bluedart,Delivered
3322,36990,12-10-2023,,fedex,Shipped
3323,39280,25-01-2024,,fedex,Delivered
3324,20926,30-09-2022,30-10-2022,usps,Returned
3325,48454,13-07-2024,,fedex,Delivered
3326,41094,10-02-2020,,fedex,Delivered
3327,59263,23-10-2020,,fedex,Delivered
3328,11735,29-05-2021,,fedex,Delivered
3329,94706,03-07-2024,,fedex,Delivered
3330,56232,13-01-2021,,fedex,Delivered
3331,87215,03-11-2022,,dhl,Delivered
3332,99732,12-01-2021,,fedex,Delivered
3333,47870,02-01-2021,,fedex,Delivered
3334,60475,12-03-2024,,bluedart,Delivered
3335,37339,17-08-2022,,dhl,Delivered
3336,21087,07-03-2023,,dhl,Delivered
3337,66550,31-08-2022,,ups,Delivered
3338,52668,11-09-2022,,fedex,Shipped
3339,70922,16-06-2024,,dhl,Delivered
3340,52332,25-12-2021,,bluedart,Delivered
3341,88257,15-04-2024,,fedex,Delivered
3342,71962,21-03-2022,,fedex,Delivered
3343,29341,19-05-2022,,fedex,Shipped
3344,62415,01-01-2021,,usps,Delivered
3345,17387,19-09-2022,,bluedart,Delivered
3346,61621,10-11-2024,,ups,Shipped
3347,71612,12-04-2020,,bluedart,Delivered
3348,46239,14-07-2022,,ups,Cancelled
3349,95031,14-05-2021,,ups,Delivered
3350,32882,04-04-2022,,dhl,Delivered
3351,73422,06-02-2024,,fedex,Delivered
3352,62400,05-09-2023,,fedex,Delivered
3353,87421,23-12-2024,,fedex,In Transit
3354,80818,16-02-2022,,ups,Delivered
3355,42092,06-02-2021,,bluedart,Delivered
3356,91992,24-06-2022,,fedex,Delivered
3357,91695,15-05-2021,,fedex,Delivered
3358,23557,25-01-2022,,ups,Delivered
3359,91860,08-03-2020,,delhivery,Delivered
3360,93126,17-11-2021,,usps,Delivered
3361,65495,15-11-2023,,dhl,Delivered
3362,37768,27-08-2022,,bluedart,Delivered
3363,30764,14-09-2023,,bluedart,Delivered
3364,97752,16-01-2021,,dhl,Shipped
3365,8396,03-05-2023,,dhl,Delivered
3366,24258,07-06-2023,,ups,Delivered
3367,8189,24-03-2021,,ups,Delivered
3368,14809,23-08-2020,,fedex,In Transit
3369,27830,27-08-2022,,bluedart,Delivered
3370,50421,25-05-2020,,fedex,Delivered
3371,14464,14-07-2022,,fedex,Delivered
3372,18308,23-02-2024,,fedex,In Transit
3373,5280,06-02-2021,,dhl,Delivered
3374,40120,30-03-2024,,fedex,Delivered
3375,8982,01-03-2024,,fedex,Delivered
3376,46928,11-08-2022,,fedex,Delivered
3377,40932,13-06-2021,,fedex,Delivered
3378,43320,17-03-2024,08-04-2024,usps,Returned
3379,31305,11-09-2021,,usps,Delivered
3380,62378,06-02-2022,,fedex,Delivered
3381,20974,25-07-2022,,dhl,Delivered
3382,77436,07-10-2023,,dhl,Delivered
3383,10102,27-12-2023,,dhl,Cancelled
3384,17895,18-06-2021,,dhl,Delivered
3385,42110,12-10-2021,,ups,Delivered
3386,3142,24-10-2023,,fedex,Delivered
3387,77545,21-06-2024,,bluedart,Delivered
3388,41860,03-11-2024,,dhl,Delivered
3389,39188,13-05-2024,,fedex,Shipped
3390,6916,26-10-2023,,usps,Delivered
3391,10528,30-10-2023,,usps,Shipped
3392,1007,09-06-2020,,fedex,Delivered
3393,29714,31-08-2022,,dhl,Shipped
3394,82374,25-10-2022,,fedex,Delivered
3395,97634,30-09-2023,,fedex,Shipped
3396,65175,26-05-2023,,dhl,Delivered
3397,51950,16-06-2020,,fedex,Delivered
3398,23236,22-04-2023,,ups,Delivered
3399,46189,01-06-2022,,usps,Delivered
3400,62160,05-11-2024,,fedex,Delivered
3401,61629,31-08-2021,18-09-2021,fedex,Returned
3402,77351,19-03-2023,,ups,In Transit
3403,10884,16-09-2021,,fedex,Delivered
3404,89011,21-09-2020,,fedex,Delivered
3405,82781,31-05-2022,,dhl,Delivered
3406,98288,03-12-2021,,fedex,Delivered
3407,27976,18-08-2024,,ups,Delivered
3408,28875,20-01-2022,,fedex,Delivered
3409,92105,09-12-2022,,fedex,Delivered
3410,38025,26-01-2024,,dhl,Delivered
3411,63222,07-06-2023,,ups,Delivered
3412,92126,10-06-2021,30-06-2021,dhl,Returned
3413,76332,13-07-2023,,fedex,Delivered
3414,12317,28-04-2024,,delhivery,Delivered
3415,99671,13-04-2024,,fedex,Delivered
3416,58124,15-10-2024,,bluedart,Delivered
3417,55020,23-05-2023,,ups,Cancelled
3418,69699,03-09-2022,,bluedart,Delivered
3419,53625,19-11-2024,,dhl,Delivered
3420,49556,18-10-2021,,dhl,Delivered
3421,96580,19-05-2020,,delhivery,In Transit
3422,38096,23-04-2021,,fedex,Delivered
3423,59216,23-03-2020,,fedex,Delivered
3424,86690,17-05-2021,,usps,Shipped
3425,75794,19-06-2021,,fedex,Delivered
3426,85842,08-08-2024,,dhl,Delivered
3427,91965,26-12-2022,,fedex,Delivered
3428,48022,03-03-2021,,dhl,Delivered
3429,87869,19-11-2024,,fedex,Delivered
3430,26709,26-12-2020,,fedex,Delivered
3431,37329,22-08-2024,,fedex,Delivered
3432,24761,15-03-2023,,fedex,Delivered
3433,6801,12-10-2022,,fedex,Delivered
3434,20925,12-12-2024,,dhl,Delivered
3435,78212,17-11-2021,,fedex,Delivered
3436,21944,04-01-2023,,bluedart,Delivered
3437,6746,30-07-2020,,bluedart,Cancelled
3438,7995,16-12-2023,,fedex,Delivered
3439,73392,05-01-2021,,delhivery,Shipped
3440,14108,22-08-2022,,dhl,Delivered
3441,38986,13-08-2020,,dhl,Delivered
3442,81981,22-01-2022,,fedex,Delivered
3443,4078,27-05-2022,,fedex,Delivered
3444,20415,24-10-2020,,fedex,Delivered
3445,70898,17-04-2023,,fedex,Delivered
3446,47801,15-01-2020,,usps,Delivered
3447,17764,18-05-2021,,fedex,Delivered
3448,45749,18-06-2020,,bluedart,Cancelled
3449,65624,20-03-2020,,fedex,Delivered
3450,69566,04-05-2024,,fedex,Delivered
3451,66607,06-08-2020,,ups,Delivered
3452,33633,23-10-2021,,fedex,Delivered
3453,89960,01-05-2021,22-05-2021,dhl,Returned
3454,69194,06-04-2020,,dhl,Shipped
3455,13635,19-08-2020,,fedex,Delivered
3456,93983,25-06-2021,,dhl,Delivered
3457,27883,30-01-2024,,delhivery,Delivered
3458,21885,12-03-2023,,dhl,Delivered
3459,62587,12-02-2020,,fedex,Delivered
3460,58752,15-01-2022,,fedex,In Transit
3461,44747,09-02-2022,,fedex,Delivered
3462,38746,13-04-2022,,bluedart,Delivered
3463,91344,12-08-2023,,fedex,Delivered
3464,5164,19-04-2022,03-05-2022,fedex,Returned
3465,47829,14-08-2023,04-09-2023,dhl,Returned
3466,87676,04-05-2021,,dhl,Delivered
3467,90066,21-06-2020,,fedex,Shipped
3468,16718,22-07-2020,,fedex,Delivered
3469,32302,07-01-2021,,fedex,Delivered
3470,4935,07-12-2023,,delhivery,Delivered
3471,68419,16-10-2020,,dhl,Cancelled
3472,44622,27-05-2023,,bluedart,Delivered
3473,27422,30-08-2020,,dhl,Delivered
3474,75188,10-11-2022,,bluedart,Shipped
3475,18273,13-08-2023,,fedex,In Transit
3476,2548,26-10-2021,,dhl,Delivered
3477,67549,02-04-2021,,fedex,Delivered
3478,62140,13-05-2021,,fedex,Delivered
3479,96006,27-09-2020,,bluedart,Delivered
3480,59518,02-05-2023,,dhl,Delivered
3481,60505,22-09-2021,,dhl,Delivered
3482,60376,12-10-2024,,ups,Delivered
3483,84434,14-09-2022,,dhl,Delivered
3484,77778,09-03-2021,,dhl,Delivered
3485,64802,20-07-2023,,ups,Delivered
3486,75874,08-07-2022,02-08-2022,dhl,Returned
3487,39155,11-07-2020,,fedex,Delivered
3488,29537,05-11-2021,,fedex,Delivered
3489,21978,09-04-2021,23-04-2021,fedex,Returned
3490,41655,02-05-2024,,ups,Delivered
3491,93036,15-09-2022,,bluedart,In Transit
3492,91046,26-10-2021,,dhl,Delivered
3493,43636,06-10-2022,,usps,Delivered
3494,88958,18-02-2020,,fedex,Shipped
3495,43109,16-07-2020,,fedex,Delivered
3496,26408,03-04-2022,,delhivery,Delivered
3497,17771,03-09-2021,,dhl,Cancelled
3498,60707,26-04-2021,,fedex,Delivered
3499,56703,27-12-2023,,ups,Delivered
3500,58662,25-04-2024,,bluedart,Delivered
3501,93655,30-01-2022,,bluedart,Cancelled
3502,30695,09-08-2023,,fedex,Delivered
3503,47547,04-09-2024,,fedex,Delivered
3504,80964,09-09-2023,16-09-2023,bluedart,Returned
3505,86503,05-09-2024,,bluedart,Delivered
3506,6956,31-10-2023,,ups,In Transit
3507,85232,31-07-2024,,fedex,Shipped
3508,28077,02-03-2021,,dhl,Delivered
3509,38613,08-12-2023,,fedex,Shipped
3510,3945,05-08-2024,,ups,Delivered
3511,80113,11-09-2022,,fedex,Delivered
3512,66964,03-09-2023,,dhl,Delivered
3513,45142,05-09-2024,,dhl,Delivered
3514,43879,09-09-2020,,fedex,Delivered
3515,6492,13-11-2020,,ups,Cancelled
3516,88100,30-06-2021,,fedex,Delivered
3517,55194,17-07-2023,,usps,Delivered
3518,13563,28-09-2023,,fedex,Delivered
3519,82632,28-10-2023,,dhl,Delivered
3520,85024,14-06-2021,,delhivery,Delivered
3521,99505,29-06-2020,,bluedart,Cancelled
3522,31058,20-12-2021,,fedex,Delivered
3523,50607,05-04-2021,,fedex,Delivered
3524,76233,30-08-2020,,fedex,Delivered
3525,18758,15-12-2022,,dhl,Shipped
3526,35722,21-01-2024,,fedex,Delivered
3527,11944,08-04-2021,,bluedart,Delivered
3528,44387,20-03-2020,,usps,Delivered
3529,22710,18-03-2024,,fedex,Delivered
3530,33503,26-10-2024,,fedex,Delivered
3531,41755,09-06-2023,,bluedart,Delivered
3532,51572,20-10-2024,,bluedart,Delivered
3533,13142,19-06-2020,25-06-2020,bluedart,Returned
3534,64356,06-04-2024,,ups,Delivered
3535,91209,02-10-2024,,fedex,Delivered
3536,85133,09-02-2024,,dhl,Delivered
3537,10844,14-06-2022,,dhl,Delivered
3538,33191,18-01-2024,,fedex,Delivered
3539,4005,12-10-2020,,fedex,Delivered
3540,5350,03-12-2022,,dhl,Delivered
3541,60347,07-06-2024,,ups,Delivered
3542,68751,08-11-2022,,dhl,Delivered
3543,7915,21-12-2024,,dhl,Delivered
3544,16184,28-05-2021,,fedex,Delivered
3545,94606,21-05-2022,,fedex,Delivered
3546,85764,12-12-2021,,fedex,Delivered
3547,67077,14-06-2020,,dhl,Shipped
3548,62827,08-08-2021,,fedex,Delivered
3549,78155,16-02-2021,,fedex,Delivered
3550,14787,11-04-2020,20-04-2020,dhl,Returned
3551,94357,19-10-2024,,ups,Shipped
3552,33239,29-03-2021,,fedex,Delivered
3553,53895,31-03-2024,,bluedart,Delivered
3554,64553,17-08-2021,,fedex,Delivered
3555,19307,16-07-2021,,delhivery,Delivered
3556,68611,14-01-2022,,fedex,Delivered
3557,78373,08-06-2024,,fedex,Cancelled
3558,70261,15-03-2023,,fedex,In Transit
3559,22817,22-05-2023,,fedex,Cancelled
3560,2167,15-06-2020,,ups,Delivered
3561,48523,20-05-2021,,usps,Shipped
3562,76478,31-08-2022,,bluedart,Delivered
3563,63872,16-02-2023,,ups,Delivered
3564,40719,14-05-2020,,ups,Delivered
3565,40642,14-11-2022,,bluedart,Delivered
3566,43274,08-03-2021,,fedex,Delivered
3567,29621,13-08-2024,,fedex,Cancelled
3568,92162,26-12-2022,,dhl,Delivered
3569,48588,25-10-2021,,dhl,Delivered
3570,28460,25-06-2022,,bluedart,Delivered
3571,89808,05-10-2024,,fedex,In Transit
3572,89047,21-12-2020,,dhl,In Transit
3573,11025,16-05-2023,,fedex,Delivered
3574,65816,13-07-2022,,bluedart,Delivered
3575,83043,18-08-2022,,fedex,Delivered
3576,59368,16-10-2024,,dhl,Delivered
3577,76383,15-08-2023,,fedex,Delivered
3578,60193,21-11-2021,,fedex,Delivered
3579,59041,11-12-2023,,dhl,Cancelled
3580,66759,15-09-2020,,fedex,Delivered
3581,48333,30-11-2023,,fedex,Shipped
3582,97717,06-08-2022,,dhl,Delivered
3583,84287,23-08-2023,,ups,Delivered
3584,88464,28-10-2021,,dhl,Delivered
3585,2168,25-12-2020,,fedex,Shipped
3586,26032,12-12-2024,,dhl,Cancelled
3587,63765,08-01-2020,,ups,Delivered
3588,75925,06-11-2021,,bluedart,Delivered
3589,33688,03-10-2024,,dhl,Delivered
3590,30960,08-12-2022,,fedex,Delivered
3591,15315,25-07-2023,,fedex,Delivered
3592,7929,12-08-2022,,fedex,Delivered
3593,25952,16-07-2020,,fedex,Delivered
3594,35237,30-08-2024,,fedex,Delivered
3595,83358,04-02-2020,,bluedart,In Transit
3596,40597,07-11-2022,,fedex,Delivered
3597,84275,13-07-2021,,bluedart,In Transit
3598,74115,14-01-2021,,delhivery,Delivered
3599,62381,29-04-2024,,delhivery,Delivered
3600,18396,24-07-2022,,ups,Delivered
3601,22247,03-04-2023,,dhl,Delivered
3602,14318,16-02-2024,,fedex,Delivered
3603,99144,29-01-2023,,fedex,Delivered
3604,15249,25-03-2020,,bluedart,Delivered
3605,80237,02-01-2021,,fedex,Delivered
3606,29990,13-08-2022,,fedex,Delivered
3607,17363,25-02-2023,,bluedart,Delivered
3608,2655,25-07-2021,,fedex,Delivered
3609,51699,16-12-2023,,delhivery,Delivered
3610,85676,27-06-2021,,delhivery,Delivered
3611,93948,17-03-2021,,fedex,Cancelled
3612,15021,13-07-2024,,usps,Delivered
3613,45742,11-09-2020,,fedex,Delivered
3614,55290,30-03-2023,,bluedart,Delivered
3615,46434,18-08-2024,,dhl,Shipped
3616,63600,22-06-2022,,bluedart,In Transit
3617,61633,04-02-2022,,dhl,Shipped
3618,75853,16-10-2024,,fedex,Delivered
3619,96714,13-05-2021,,bluedart,Delivered
3620,99822,16-02-2021,,dhl,Delivered
3621,68878,13-03-2022,,dhl,Delivered
3622,42171,01-01-2025,,fedex,Delivered
3623,27909,20-12-2023,,ups,Delivered
3624,75532,01-02-2020,,ups,Delivered
3625,74356,13-02-2023,,ups,Shipped
3626,43897,24-04-2022,,fedex,Delivered
3627,85467,23-07-2021,,fedex,Delivered
3628,96024,02-02-2023,,bluedart,Delivered
3629,62251,07-05-2022,,fedex,Delivered
3630,18454,13-05-2022,,fedex,Delivered
3631,58456,09-07-2022,,fedex,Delivered
3632,59804,01-05-2023,,bluedart,Delivered
3633,60568,03-06-2023,,fedex,Delivered
3634,78489,07-06-2021,,fedex,Delivered
3635,30567,22-12-2024,,fedex,Delivered
3636,81774,19-03-2020,,fedex,Delivered
3637,19459,11-09-2022,,dhl,Delivered
3638,54095,25-02-2022,,usps,Delivered
3639,41578,13-09-2020,,fedex,Delivered
3640,53817,31-07-2022,,fedex,Delivered
3641,20025,21-09-2024,,fedex,Delivered
3642,49281,14-01-2020,,bluedart,In Transit
3643,11726,03-05-2022,,fedex,Delivered
3644,60609,14-03-2022,,fedex,Delivered
3645,32238,25-03-2020,,fedex,Delivered
3646,15264,21-05-2023,,ups,Delivered
3647,64774,28-12-2021,,fedex,Delivered
3648,19574,13-03-2021,,fedex,Delivered
3649,60627,26-09-2020,,usps,Delivered
3650,83092,25-08-2024,,dhl,Delivered
3651,24699,19-08-2024,,dhl,Delivered
3652,38757,19-08-2023,,dhl,Delivered
3653,35801,28-10-2020,,fedex,Shipped
3654,62591,27-02-2023,,dhl,Delivered
3655,71389,21-05-2022,,fedex,In Transit
3656,52944,16-02-2023,,fedex,Delivered
3657,12140,05-11-2022,,fedex,Delivered
3658,76672,27-05-2021,,ups,Shipped
3659,55294,04-11-2022,,fedex,Shipped
3660,81168,11-10-2023,,fedex,In Transit
3661,35451,21-02-2020,,fedex,In Transit
3662,66761,26-04-2023,,bluedart,Delivered
3663,9693,10-02-2022,,fedex,Delivered
3664,93366,13-09-2021,,bluedart,Delivered
3665,12427,05-03-2022,,ups,Delivered
3666,32944,17-11-2021,,fedex,Delivered
3667,7807,23-01-2022,,fedex,Shipped
3668,49867,16-12-2020,27-12-2020,fedex,Returned
3669,13264,24-09-2020,,ups,Delivered
3670,16928,29-02-2020,,fedex,Delivered
3671,25496,04-05-2022,,dhl,Delivered
3672,85677,19-10-2022,31-10-2022,bluedart,Returned
3673,98028,04-11-2022,,ups,Delivered
3674,30316,18-09-2022,,fedex,Delivered
3675,30798,21-10-2021,,dhl,Delivered
3676,52277,03-09-2021,,usps,Delivered
3677,53045,27-06-2023,,bluedart,Delivered
3678,71771,23-07-2021,,bluedart,Delivered
3679,45512,08-12-2023,,dhl,Delivered
3680,46496,20-12-2023,,bluedart,Delivered
3681,15201,19-02-2020,,fedex,Delivered
3682,23352,24-12-2020,,fedex,Delivered
3683,33942,26-05-2022,,bluedart,Delivered
3684,61757,27-03-2020,,bluedart,Delivered
3685,1288,01-08-2021,,ups,Shipped
3686,14529,07-04-2023,,ups,Shipped
3687,31586,17-02-2022,,fedex,Delivered
3688,45627,09-06-2020,,fedex,Delivered
3689,59886,20-01-2023,,fedex,Delivered
3690,90369,29-01-2023,,dhl,Delivered
3691,67880,24-02-2020,,ups,Delivered
3692,9189,20-12-2021,,fedex,Delivered
3693,48463,13-08-2022,,fedex,Delivered
3694,27238,09-08-2022,,dhl,Delivered
3695,33058,08-12-2024,,fedex,Delivered
3696,69271,23-05-2024,,dhl,Delivered
3697,9817,24-10-2020,,ups,Delivered
3698,75346,08-10-2021,,fedex,Delivered
3699,11876,07-04-2023,,bluedart,Cancelled
3700,65107,07-03-2022,,dhl,Delivered
3701,44181,21-03-2024,,bluedart,Delivered
3702,1160,08-10-2024,,dhl,Delivered
3703,60153,22-04-2022,,dhl,Delivered
3704,43384,19-09-2024,,fedex,Delivered
3705,86017,16-09-2023,,dhl,Delivered
3706,43668,03-11-2022,,fedex,Delivered
3707,5618,02-06-2022,,fedex,Delivered
3708,4862,31-03-2023,,dhl,Delivered
3709,12778,03-06-2024,,fedex,Delivered
3710,46264,05-04-2023,,ups,Delivered
3711,76654,17-08-2020,,fedex,Shipped
3712,95016,04-09-2024,,bluedart,Delivered
3713,21884,13-03-2022,,fedex,Delivered
3714,54311,14-02-2020,,fedex,Delivered
3715,63779,24-08-2022,,fedex,Shipped
3716,18890,24-01-2024,,dhl,Delivered
3717,60035,07-05-2023,,fedex,Shipped
3718,66580,03-11-2020,,dhl,Shipped
3719,39232,27-02-2023,,bluedart,Delivered
3720,10845,02-08-2021,,dhl,Shipped
3721,12982,09-03-2023,,bluedart,Delivered
3722,32495,26-12-2022,,ups,Delivered
3723,29445,29-01-2021,,fedex,Delivered
3724,27718,08-03-2022,,ups,Delivered
3725,20725,05-08-2020,,ups,Delivered
3726,99013,23-01-2020,,fedex,In Transit
3727,78724,18-04-2022,,dhl,Delivered
3728,53582,01-11-2023,,ups,Delivered
3729,14123,16-03-2021,,fedex,In Transit
3730,64833,19-12-2021,,usps,Delivered
3731,52769,11-01-2020,,bluedart,Delivered
3732,4734,28-03-2022,,fedex,In Transit
3733,17777,18-03-2022,,fedex,Delivered
3734,70620,26-02-2021,,fedex,Delivered
3735,2235,04-12-2023,,bluedart,Delivered
3736,80502,23-02-2024,,dhl,Shipped
3737,16927,28-08-2021,,dhl,Delivered
3738,14693,30-10-2022,,dhl,Delivered
3739,33221,19-03-2024,,fedex,Cancelled
3740,47401,15-10-2024,,dhl,In Transit
3741,55995,27-06-2020,,dhl,Shipped
3742,42947,02-12-2020,,bluedart,Delivered
3743,31072,27-08-2020,,dhl,Delivered
3744,7685,29-09-2023,,bluedart,Delivered
3745,86138,10-01-2024,,dhl,Shipped
3746,11685,20-06-2022,,dhl,Shipped
3747,61017,10-07-2021,,fedex,Delivered
3748,51896,26-05-2020,,ups,Delivered
3749,69224,05-06-2021,,ups,In Transit
3750,50584,03-11-2024,,fedex,Cancelled
3751,38803,09-05-2020,05-06-2020,dhl,Returned
3752,76452,20-02-2024,,ups,Shipped
3753,68337,24-12-2024,,ups,Delivered
3754,34043,22-03-2022,,fedex,Delivered
3755,9739,18-02-2020,,fedex,Cancelled
3756,69848,10-12-2022,,ups,Delivered
3757,82729,18-01-2024,,dhl,Delivered
3758,61687,12-08-2024,,usps,Delivered
3759,85531,17-02-2023,,fedex,Delivered
3760,72349,17-08-2020,,fedex,Delivered
3761,71697,29-12-2024,,fedex,Delivered
3762,78374,27-02-2020,,fedex,Delivered
3763,3170,21-01-2023,,bluedart,Delivered
3764,8996,27-12-2022,,dhl,Delivered
3765,87430,14-08-2024,,fedex,Shipped
3766,84555,06-01-2025,,bluedart,Delivered
3767,93487,06-07-2023,,dhl,Delivered
3768,78577,07-04-2023,,fedex,Cancelled
3769,45793,18-05-2023,,fedex,Delivered
3770,61533,08-12-2020,,bluedart,Delivered
3771,99766,27-02-2021,,dhl,Delivered
3772,88826,08-12-2024,,fedex,Delivered
3773,82289,25-09-2024,,fedex,Shipped
3774,52289,21-08-2021,28-08-2021,ups,Returned
3775,74722,13-09-2020,,fedex,Delivered
3776,65228,20-01-2021,,fedex,Delivered
3777,98210,30-05-2023,,ups,Shipped
3778,37508,09-10-2021,,fedex,Shipped
3779,68143,03-07-2024,,bluedart,Delivered
3780,1331,06-04-2024,,fedex,Delivered
3781,83090,03-05-2023,,dhl,Delivered
3782,15771,16-05-2020,,dhl,Delivered
3783,91822,28-11-2022,,fedex,Delivered
3784,78139,13-08-2023,,dhl,Cancelled
3785,86899,23-06-2020,,bluedart,Cancelled
3786,86234,04-05-2020,,usps,Delivered
3787,87276,03-06-2022,,dhl,Delivered
3788,11082,28-09-2021,,dhl,Delivered
3789,50566,16-11-2021,,fedex,Delivered
3790,9381,31-01-2022,,fedex,Delivered
3791,74647,27-03-2023,06-04-2023,fedex,Returned
3792,98285,15-09-2021,,fedex,Delivered
3793,61249,25-05-2022,,delhivery,Delivered
3794,68763,16-06-2021,,fedex,Delivered
3795,62358,07-04-2020,,usps,Delivered
3796,96467,23-08-2023,,fedex,Delivered
3797,25892,21-03-2021,,bluedart,Cancelled
3798,44559,18-09-2020,,dhl,Delivered
3799,98227,26-11-2023,,bluedart,Delivered
3800,11625,25-11-2020,,fedex,Delivered
3801,81951,08-05-2022,,fedex,Shipped
3802,24696,12-03-2021,,usps,Delivered
3803,79551,17-06-2023,,fedex,Delivered
3804,64882,13-06-2022,,fedex,Delivered
3805,11573,10-04-2024,,delhivery,In Transit
3806,78759,20-09-2021,,fedex,Shipped
3807,95855,23-03-2021,,fedex,Shipped
3808,97517,07-04-2022,,dhl,Delivered
3809,21595,15-06-2024,,ups,Shipped
3810,36808,13-12-2024,,fedex,Delivered
3811,32860,12-10-2020,,dhl,Delivered
3812,19882,21-08-2022,,fedex,Shipped
3813,62846,19-12-2020,,dhl,Delivered
3814,75930,30-07-2020,,fedex,Delivered
3815,12174,06-10-2023,,dhl,Delivered
3816,80594,07-11-2023,,fedex,Delivered
3817,77149,22-05-2024,,fedex,Cancelled
3818,80918,29-01-2020,,fedex,Cancelled
3819,82676,03-08-2024,,bluedart,Cancelled
3820,73499,10-01-2023,,fedex,Delivered
3821,5282,23-05-2020,,usps,Delivered
3822,69745,09-03-2023,,fedex,Delivered
3823,2889,11-09-2022,,fedex,Delivered
3824,6316,08-03-2023,,fedex,Delivered
3825,91378,12-04-2023,,fedex,Delivered
3826,26749,11-12-2023,,dhl,Delivered
3827,67580,08-12-2023,,bluedart,In Transit
3828,33975,18-09-2022,,fedex,Delivered
3829,41975,25-11-2022,,bluedart,Delivered
3830,24607,01-11-2022,,bluedart,Delivered
3831,85339,31-03-2023,,fedex,Shipped
3832,41923,13-03-2022,,fedex,Delivered
3833,65664,06-02-2024,,fedex,In Transit
3834,74665,01-02-2021,,ups,Delivered
3835,62542,26-04-2023,,fedex,Cancelled
3836,93649,23-10-2021,,dhl,In Transit
3837,88996,18-08-2023,,fedex,Delivered
3838,62526,20-08-2022,,dhl,Delivered
3839,84020,31-12-2022,,fedex,Cancelled
3840,25886,30-08-2024,,bluedart,Delivered
3841,66833,16-01-2024,,dhl,Delivered
3842,63534,18-06-2020,,fedex,Delivered
3843,16541,31-03-2022,,fedex,Delivered
3844,63066,31-07-2024,,fedex,Delivered
3845,27803,02-05-2022,,bluedart,Shipped
3846,46716,11-06-2021,,fedex,Delivered
3847,53184,21-04-2021,,dhl,Shipped
3848,53310,13-04-2023,,fedex,Delivered
3849,81214,10-02-2021,,fedex,Delivered
3850,7560,02-02-2020,,ups,Shipped
3851,68342,14-03-2021,,delhivery,Delivered
3852,94201,31-08-2023,15-09-2023,fedex,Returned
3853,91154,05-08-2023,,ups,Delivered
3854,3725,24-01-2021,,fedex,Delivered
3855,49993,01-06-2020,,dhl,Delivered
3856,44217,09-05-2020,,fedex,Shipped
3857,75046,12-03-2022,,bluedart,Delivered
3858,78370,17-06-2022,,fedex,Shipped
3859,60531,11-11-2023,,fedex,Delivered
3860,93646,28-03-2021,,ups,Delivered
3861,90287,06-04-2022,,bluedart,Shipped
3862,75083,19-12-2021,,ups,In Transit
3863,19639,27-09-2021,,delhivery,Delivered
3864,52980,02-04-2023,,fedex,Delivered
3865,31003,06-08-2020,,dhl,Delivered
3866,12262,03-05-2023,,bluedart,Shipped
3867,2274,13-11-2023,,fedex,Delivered
3868,85700,09-11-2024,,fedex,Delivered
3869,63810,04-03-2021,,bluedart,Delivered
3870,41670,09-05-2021,,dhl,Delivered
3871,63601,18-05-2023,,fedex,Delivered
3872,49994,16-11-2021,,usps,Delivered
3873,89502,28-12-2020,,fedex,Shipped
3874,28565,16-06-2020,,fedex,Delivered
3875,51222,15-10-2020,,fedex,Delivered
3876,13321,16-04-2024,,bluedart,Delivered
3877,20435,17-07-2024,,fedex,Cancelled
3878,12005,01-09-2022,,fedex,Delivered
3879,81608,19-02-2021,,ups,Delivered
3880,40876,12-12-2022,,ups,Delivered
3881,56727,23-06-2023,,dhl,Delivered
3882,77420,02-09-2023,,fedex,Delivered
3883,48095,25-04-2021,,fedex,Delivered
3884,76269,06-09-2020,,fedex,Shipped
3885,55116,18-12-2023,,fedex,Delivered
3886,21738,24-03-2021,,dhl,Shipped
3887,31035,02-12-2020,,dhl,Delivered
3888,85884,30-12-2021,,fedex,Shipped
3889,7151,18-02-2024,,ups,Delivered
3890,88717,20-03-2021,,delhivery,Delivered
3891,87062,05-09-2022,,dhl,Delivered
3892,5941,15-10-2024,,bluedart,Shipped
3893,75915,21-05-2020,,ups,Delivered
3894,44365,25-04-2024,,fedex,Shipped
3895,79454,06-05-2021,,dhl,Delivered
3896,1427,02-01-2023,,dhl,Delivered
3897,19565,12-03-2022,,ups,Delivered
3898,43812,30-05-2023,,fedex,Delivered
3899,79726,31-12-2023,,fedex,Delivered
3900,17105,18-02-2020,,fedex,Delivered
3901,46278,23-01-2021,,fedex,Delivered
3902,8973,06-03-2024,,usps,Delivered
3903,54906,28-03-2023,,fedex,Delivered
3904,46397,02-02-2020,,ups,Cancelled
3905,25648,28-04-2020,,fedex,Cancelled
3906,92723,12-10-2021,,usps,Shipped
3907,54739,29-11-2020,,bluedart,Delivered
3908,43973,02-08-2023,,fedex,Delivered
3909,41037,28-03-2022,,delhivery,Delivered
3910,93650,29-11-2021,,ups,Delivered
3911,17034,16-11-2022,,dhl,Delivered
3912,34259,09-11-2022,,dhl,Shipped
3913,92432,03-10-2022,,bluedart,Delivered
3914,73103,05-11-2022,,bluedart,Delivered
3915,81954,24-10-2024,,ups,Delivered
3916,69650,17-02-2021,,fedex,Shipped
3917,44841,29-07-2024,,fedex,Delivered
3918,95992,28-08-2021,,usps,Delivered
3919,54205,12-11-2023,,fedex,Delivered
3920,92355,25-11-2023,,fedex,Delivered
3921,79377,22-11-2023,,fedex,Delivered
3922,54396,13-11-2024,,dhl,Delivered
3923,13615,22-03-2022,,fedex,Delivered
3924,24655,03-08-2020,,fedex,Delivered
3925,47941,17-08-2023,,ups,Delivered
3926,6456,12-06-2021,,fedex,Shipped
3927,57579,09-08-2024,,fedex,Delivered
3928,20732,25-08-2023,,bluedart,Shipped
3929,3502,10-11-2022,,dhl,Shipped
3930,75310,19-08-2021,,fedex,Delivered
3931,85783,27-11-2024,,dhl,Delivered
3932,30659,23-10-2020,,fedex,Delivered
3933,6163,19-06-2021,,fedex,Delivered
3934,34965,20-04-2024,,delhivery,Delivered
3935,57864,03-06-2020,,dhl,In Transit
3936,8029,09-05-2022,,fedex,Delivered
3937,82375,27-11-2022,,delhivery,Delivered
3938,44597,16-11-2022,,dhl,Delivered
3939,47284,25-09-2020,,ups,Delivered
3940,52729,27-02-2021,,delhivery,Delivered
3941,41484,15-12-2024,,fedex,Shipped
3942,12793,01-08-2021,,dhl,Delivered
3943,19903,02-07-2024,,bluedart,Delivered
3944,70090,07-05-2021,,usps,Delivered
3945,21014,19-12-2021,,fedex,Delivered
3946,50467,13-09-2020,,dhl,Delivered
3947,40571,29-07-2022,,fedex,Delivered
3948,19417,06-04-2020,,fedex,Delivered
3949,46416,19-05-2020,,dhl,Delivered
3950,33905,30-07-2023,,ups,Shipped
3951,44292,11-10-2022,,fedex,Delivered
3952,63427,09-10-2024,,dhl,Delivered
3953,94719,19-08-2021,07-09-2021,delhivery,Returned
3954,51631,21-01-2022,,fedex,Delivered
3955,9242,14-04-2024,,fedex,Delivered
3956,22782,11-04-2024,07-05-2024,fedex,Returned
3957,9981,23-11-2023,,fedex,Delivered
3958,24904,29-08-2021,,bluedart,Delivered
3959,63634,22-08-2020,,bluedart,Delivered
3960,76804,09-07-2022,,dhl,Cancelled
3961,94737,13-06-2023,,bluedart,Delivered
3962,58121,01-01-2023,,dhl,Delivered
3963,68973,06-07-2022,,bluedart,Delivered
3964,4544,13-10-2021,,ups,Delivered
3965,38621,26-11-2022,,fedex,Delivered
3966,60561,27-04-2024,,bluedart,Delivered
3967,29562,24-09-2021,,bluedart,Delivered
3968,56569,22-05-2020,,fedex,Delivered
3969,25728,24-11-2020,,dhl,Delivered
3970,30591,24-04-2022,,usps,Delivered
3971,38941,16-11-2020,,ups,Delivered
3972,25142,23-06-2023,,fedex,Shipped
3973,40352,23-06-2020,,bluedart,Delivered
3974,21066,14-12-2020,10-01-2021,fedex,Returned
3975,97467,20-07-2022,,fedex,Delivered
3976,6987,02-09-2020,,dhl,Shipped
3977,83160,08-06-2023,,dhl,Delivered
3978,17427,08-01-2022,,fedex,Delivered
3979,68880,30-09-2024,,delhivery,Delivered
3980,22978,11-01-2024,,dhl,Delivered
3981,54426,12-09-2020,,ups,Delivered
3982,33937,08-10-2023,,dhl,Delivered
3983,3932,16-10-2024,,fedex,Cancelled
3984,50275,21-11-2021,,dhl,Shipped
3985,96404,26-03-2020,,bluedart,Delivered
3986,27163,05-07-2020,,bluedart,Delivered
3987,49957,19-05-2023,,fedex,In Transit
3988,35782,17-03-2020,,fedex,Delivered
3989,48977,23-07-2022,,usps,Delivered
3990,2575,17-11-2024,,ups,Delivered
3991,11752,23-06-2024,,fedex,Delivered
3992,29708,28-02-2022,,dhl,Delivered
3993,38231,16-09-2023,,fedex,Delivered
3994,25837,14-02-2023,,fedex,Delivered
3995,54878,12-08-2024,,fedex,Shipped
3996,66468,07-07-2024,,ups,Shipped
3997,94309,06-12-2020,,delhivery,Delivered
3998,63058,19-08-2020,,bluedart,Delivered
3999,77548,16-03-2020,,fedex,Cancelled
4000,24624,28-01-2020,,ups,Delivered
4001,3447,22-08-2022,,fedex,Delivered
4002,73787,22-03-2023,,fedex,Delivered
4003,93345,30-09-2024,,dhl,Delivered
4004,9038,21-06-2022,,fedex,Shipped
4005,35849,22-10-2021,09-11-2021,fedex,Returned
4006,17167,27-05-2024,,fedex,Cancelled
4007,88149,30-04-2021,,bluedart,Delivered
4008,19653,30-10-2022,,fedex,Delivered
4009,91632,04-06-2021,,bluedart,Delivered
4010,27755,11-12-2020,,dhl,Delivered
4011,86016,23-09-2023,,bluedart,Delivered
4012,38017,22-03-2021,,dhl,Shipped
4013,15354,20-01-2021,,fedex,Delivered
4014,25371,12-10-2024,08-11-2024,fedex,Returned
4015,78638,30-06-2024,,bluedart,Delivered
4016,25108,11-11-2021,,bluedart,Delivered
4017,27268,17-08-2020,,fedex,Delivered
4018,44007,13-08-2021,,dhl,In Transit
4019,85858,10-01-2020,,bluedart,In Transit
4020,91571,18-05-2024,,fedex,Delivered
4021,19124,29-08-2020,,delhivery,Delivered
4022,52926,01-09-2023,,fedex,Delivered
4023,43868,15-08-2022,,dhl,Delivered
4024,94360,09-06-2024,,ups,Delivered
4025,99309,11-06-2024,,fedex,Cancelled
4026,35542,29-08-2021,,fedex,Delivered
4027,74694,24-01-2022,,ups,Delivered
4028,58337,30-12-2021,,fedex,Cancelled
4029,39713,07-10-2022,,bluedart,Delivered
4030,51171,20-12-2024,,usps,Delivered
4031,84078,10-10-2024,,bluedart,Shipped
4032,88249,10-01-2020,,dhl,Delivered
4033,97482,12-03-2022,,bluedart,Delivered
4034,19958,17-09-2023,,fedex,Delivered
4035,34818,21-05-2020,,fedex,Delivered
4036,70313,10-05-2022,,dhl,Delivered
4037,43382,09-08-2023,,dhl,In Transit
4038,61559,18-02-2023,,fedex,Delivered
4039,90751,29-02-2024,,fedex,Delivered
4040,1549,29-08-2023,,dhl,In Transit
4041,57065,05-10-2024,,fedex,Delivered
4042,46563,12-03-2021,,fedex,Delivered
4043,94205,02-06-2023,,fedex,Shipped
4044,61042,19-06-2020,,ups,Delivered
4045,89913,15-08-2021,,bluedart,Delivered
4046,71486,17-10-2023,,dhl,Delivered
4047,64061,20-02-2020,,dhl,Delivered
4048,98946,26-11-2024,,fedex,Delivered
4049,46118,15-09-2023,,delhivery,Shipped
4050,91792,21-02-2021,,fedex,Delivered
4051,21555,12-01-2020,,fedex,Cancelled
4052,22816,02-03-2024,,fedex,Shipped
4053,54715,15-08-2020,,delhivery,Delivered
4054,52197,12-10-2022,,dhl,Delivered
4055,54888,06-01-2022,,fedex,Delivered
4056,63355,19-12-2024,,usps,Delivered
4057,67311,09-03-2022,,dhl,In Transit
4058,6991,07-09-2020,,fedex,Delivered
4059,30827,06-12-2024,,bluedart,Delivered
4060,99284,07-11-2020,,fedex,Delivered
4061,78537,28-08-2022,,fedex,Delivered
4062,62725,29-11-2021,,bluedart,Delivered
4063,36850,16-05-2021,,dhl,Shipped
4064,70547,26-09-2020,,bluedart,Delivered
4065,46838,22-03-2021,,ups,Delivered
4066,87520,30-07-2020,,fedex,Shipped
4067,86652,01-04-2022,,dhl,Delivered
4068,16046,01-09-2023,,fedex,Shipped
4069,36783,21-09-2023,,ups,Shipped
4070,48530,03-03-2021,,bluedart,Delivered
4071,31359,16-01-2020,,usps,Delivered
4072,80465,22-06-2020,,dhl,Delivered
4073,75348,06-07-2024,,fedex,Delivered
4074,79588,07-11-2023,,fedex,Delivered
4075,18497,27-07-2021,,dhl,Shipped
4076,80898,04-08-2023,,delhivery,Delivered
4077,85469,13-10-2023,,ups,Delivered
4078,20175,19-02-2024,,usps,Delivered
4079,67414,04-11-2020,,fedex,Delivered
4080,46533,16-01-2020,,fedex,Shipped
4081,63769,04-09-2023,,ups,Delivered
4082,29122,25-04-2021,,ups,Delivered
4083,50332,30-05-2022,,bluedart,Shipped
4084,31759,17-04-2020,,fedex,Delivered
4085,51378,30-08-2023,,bluedart,Delivered
4086,10677,16-03-2021,,bluedart,Delivered
4087,80610,06-02-2022,,delhivery,Delivered
4088,99931,22-08-2023,,bluedart,In Transit
4089,15892,12-11-2020,,fedex,Delivered
4090,25246,06-02-2024,,fedex,Delivered
4091,45259,16-01-2021,,bluedart,Delivered
4092,87652,09-12-2023,,fedex,Delivered
4093,51087,15-06-2020,,dhl,In Transit
4094,1110,09-12-2024,,bluedart,Delivered
4095,36901,24-04-2020,,fedex,Shipped
4096,52062,27-04-2020,,dhl,Delivered
4097,62813,10-10-2024,,bluedart,Cancelled
4098,49404,28-06-2020,,delhivery,Delivered
4099,68568,07-07-2022,,fedex,Delivered
4100,8876,22-09-2023,,fedex,Delivered
4101,97923,30-10-2023,,fedex,Delivered
4102,60099,06-02-2024,,fedex,Delivered
4103,85631,21-04-2021,,fedex,Delivered
4104,84558,01-11-2021,,fedex,Shipped
4105,91023,16-02-2022,,fedex,Delivered
4106,9378,21-02-2021,,fedex,Delivered
4107,75749,03-07-2021,,ups,Delivered
4108,19555,21-12-2022,,bluedart,Shipped
4109,15754,03-10-2021,,ups,Delivered
4110,74700,22-09-2024,,dhl,Delivered
4111,32111,03-04-2020,,fedex,Delivered
4112,22157,12-12-2021,,delhivery,Delivered
4113,38785,01-10-2024,,bluedart,Delivered
4114,21674,21-09-2023,,dhl,Delivered
4115,47582,29-09-2021,16-10-2021,fedex,Returned
4116,48643,29-05-2021,,dhl,Delivered
4117,10865,14-04-2022,,dhl,Delivered
4118,21503,25-08-2021,,delhivery,Delivered
4119,94595,21-01-2021,,usps,Delivered
4120,55385,07-04-2024,,fedex,Delivered
4121,97121,25-06-2024,,fedex,Delivered
4122,61217,30-05-2020,,dhl,Cancelled
4123,42670,10-05-2023,,dhl,Delivered
4124,12710,26-05-2021,,fedex,Delivered
4125,75380,27-12-2020,,fedex,Delivered
4126,31262,09-10-2021,,dhl,Delivered
4127,63366,14-02-2020,,fedex,Delivered
4128,75606,12-11-2023,,usps,In Transit
4129,33828,20-11-2022,,fedex,Delivered
4130,39922,18-09-2023,,fedex,Delivered
4131,24940,04-08-2020,,fedex,Delivered
4132,18025,20-01-2022,,dhl,Delivered
4133,26333,12-11-2024,,bluedart,Delivered
4134,12837,30-12-2020,,dhl,In Transit
4135,91620,07-01-2024,,fedex,Delivered
4136,21632,25-06-2022,,ups,Shipped
4137,22965,19-09-2024,10-10-2024,dhl,Returned
4138,78327,23-06-2022,,dhl,Delivered
4139,85313,26-10-2022,,fedex,Delivered
4140,97020,03-11-2022,,fedex,Delivered
4141,63150,25-08-2023,19-09-2023,fedex,Returned
4142,72394,18-07-2022,13-08-2022,fedex,Returned
4143,24184,18-07-2022,,ups,Delivered
4144,52693,06-06-2024,,fedex,Delivered
4145,25532,18-12-2021,24-12-2021,dhl,Returned
4146,67188,11-02-2020,,ups,Delivered
4147,24431,26-03-2022,,bluedart,Delivered
4148,56610,24-06-2021,,dhl,Shipped
4149,53103,19-02-2023,,fedex,Shipped
4150,24204,08-10-2023,,fedex,Delivered
4151,64229,05-09-2022,,bluedart,Delivered
4152,74178,01-01-2023,,fedex,Delivered
4153,77618,15-01-2024,,delhivery,Delivered
4154,14611,21-04-2020,,fedex,Delivered
4155,11260,01-02-2023,,ups,Delivered
4156,49797,15-04-2020,,bluedart,Delivered
4157,51486,15-09-2021,,usps,Delivered
4158,94534,01-11-2024,,fedex,Cancelled
4159,6357,12-10-2024,,bluedart,In Transit
4160,66061,02-02-2021,,fedex,Shipped
4161,32927,17-09-2021,,dhl,Delivered
4162,51409,07-08-2022,,bluedart,Delivered
4163,56002,29-11-2023,,bluedart,Delivered
4164,78010,20-02-2022,,bluedart,Delivered
4165,40503,28-02-2020,,dhl,Cancelled
4166,16203,21-04-2023,,fedex,Delivered
4167,73953,13-12-2024,,dhl,Cancelled
4168,74112,08-06-2022,,dhl,Delivered
4169,23260,20-05-2020,,dhl,Cancelled
4170,92976,12-03-2022,,fedex,Delivered
4171,32407,21-02-2023,,dhl,Shipped
4172,35162,02-12-2020,,fedex,Delivered
4173,75596,31-07-2021,,fedex,Delivered
4174,93845,05-02-2021,,bluedart,Delivered
4175,19720,31-12-2022,,fedex,Delivered
4176,8881,22-12-2020,,usps,Delivered
4177,31711,20-06-2024,,ups,Cancelled
4178,77923,02-05-2021,,dhl,Delivered
4179,13355,08-06-2023,,ups,Delivered
4180,27831,26-03-2023,,dhl,Shipped
4181,68327,12-02-2024,,ups,Delivered
4182,54309,07-03-2021,,dhl,Delivered
4183,28581,04-12-2022,,fedex,Delivered
4184,82519,21-05-2020,,ups,In Transit
4185,38809,18-11-2020,,bluedart,Delivered
4186,3976,29-01-2020,11-02-2020,fedex,Returned
4187,34211,16-04-2022,,dhl,Delivered
4188,76987,11-06-2020,,fedex,Delivered
4189,87113,06-01-2024,,dhl,Delivered
4190,77969,04-10-2020,,fedex,Delivered
4191,15311,26-08-2021,,fedex,Cancelled
4192,65089,01-08-2020,,bluedart,Delivered
4193,79597,28-04-2023,,fedex,Delivered
4194,73601,26-11-2020,,fedex,Delivered
4195,87103,08-02-2021,,bluedart,Delivered
4196,17449,03-02-2022,,fedex,Delivered
4197,71313,18-02-2021,,dhl,Delivered
4198,7658,04-03-2021,,dhl,Delivered
4199,12505,10-08-2022,,ups,Delivered
4200,73610,03-01-2024,,fedex,Delivered
4201,64380,13-12-2022,,ups,Delivered
4202,58518,29-11-2020,,bluedart,Delivered
4203,82933,04-05-2024,,dhl,Delivered
4204,29402,05-09-2022,,fedex,Delivered
4205,48360,31-10-2022,,fedex,In Transit
4206,34994,12-03-2022,,bluedart,Shipped
4207,65683,13-09-2023,,fedex,Delivered
4208,7914,23-08-2023,,ups,Delivered
4209,41916,06-10-2022,,fedex,Delivered
4210,8191,28-06-2023,,dhl,Delivered
4211,39300,18-08-2021,,usps,Cancelled
4212,7887,20-02-2024,,fedex,Delivered
4213,25060,27-06-2024,,dhl,Delivered
4214,92042,18-01-2020,,fedex,In Transit
4215,38321,24-08-2023,,fedex,Delivered
4216,63636,02-06-2023,,fedex,Shipped
4217,66028,21-09-2020,,fedex,Delivered
4218,71663,19-03-2024,,bluedart,Delivered
4219,31263,13-05-2023,,fedex,Cancelled
4220,99420,12-11-2023,,fedex,Delivered
4221,84683,29-04-2021,,dhl,Shipped
4222,66471,28-01-2022,,fedex,Delivered
4223,53212,25-03-2020,,fedex,Delivered
4224,90712,01-03-2023,,fedex,Shipped
4225,27116,11-09-2021,,delhivery,Delivered
4226,43626,20-10-2020,,bluedart,Delivered
4227,67194,20-05-2021,,fedex,Delivered
4228,67699,29-04-2020,,ups,Delivered
4229,97351,10-03-2022,,fedex,Delivered
4230,17803,30-04-2021,,usps,Shipped
4231,95688,05-07-2022,30-07-2022,fedex,Returned
4232,29180,20-02-2021,,dhl,Delivered
4233,26923,02-10-2023,12-10-2023,fedex,Returned
4234,82524,25-03-2022,,ups,Delivered
4235,8425,01-03-2021,,dhl,Delivered
4236,93266,11-07-2021,,dhl,Delivered
4237,74054,17-07-2021,,bluedart,Delivered
4238,35029,22-03-2021,,bluedart,Delivered
4239,22917,14-05-2024,,usps,Delivered
4240,24178,25-12-2024,,dhl,Cancelled
4241,83558,09-03-2022,,fedex,Delivered
4242,1254,10-04-2020,,dhl,Shipped
4243,31245,23-01-2020,,fedex,Delivered
4244,63920,01-01-2025,,fedex,Delivered
4245,72826,29-09-2023,,dhl,In Transit
4246,46818,24-12-2020,29-12-2020,dhl,Returned
4247,18202,18-04-2022,,fedex,Delivered
4248,99241,11-03-2022,,dhl,Delivered
4249,27442,07-07-2023,,usps,Delivered
4250,17806,27-10-2024,14-11-2024,dhl,Returned
4251,6109,27-05-2023,,fedex,Delivered
4252,18728,11-12-2023,,fedex,In Transit
4253,16143,30-09-2024,,bluedart,Delivered
4254,71111,15-04-2023,,fedex,Delivered
4255,52008,13-04-2021,,ups,Delivered
4256,96648,04-08-2020,,fedex,Delivered
4257,51470,26-03-2024,,bluedart,Delivered
4258,79520,01-01-2023,,fedex,Delivered
4259,74934,09-01-2021,,fedex,Shipped
4260,91861,07-04-2024,,dhl,Delivered
4261,38641,06-01-2024,,fedex,Delivered
4262,72438,28-11-2024,,dhl,Shipped
4263,58185,08-03-2021,,fedex,Delivered
4264,9229,30-10-2024,,bluedart,Shipped
4265,17338,10-03-2021,,ups,Shipped
4266,99984,16-04-2022,,dhl,In Transit
4267,82393,12-12-2021,,dhl,Delivered
4268,54808,20-01-2021,,ups,Delivered
4269,94587,21-02-2021,,fedex,Cancelled
4270,19625,19-02-2020,,dhl,In Transit
4271,34797,21-09-2023,,fedex,Shipped
4272,70710,22-06-2020,,delhivery,Delivered
4273,36909,06-02-2024,,delhivery,Delivered
4274,65536,09-11-2021,,fedex,Delivered
4275,40156,11-05-2024,,dhl,Delivered
4276,48312,17-09-2023,,dhl,Shipped
4277,60995,01-12-2024,16-12-2024,dhl,Returned
4278,9779,24-11-2023,,bluedart,Delivered
4279,96123,30-01-2020,,fedex,Shipped
4280,23220,02-05-2020,,ups,In Transit
4281,83953,25-03-2023,,ups,Delivered
4282,25497,29-08-2022,,fedex,Shipped
4283,49600,24-07-2023,,dhl,Delivered
4284,8743,24-01-2020,,ups,Shipped
4285,76685,26-03-2022,,fedex,Delivered
4286,9854,07-10-2022,,usps,Delivered
4287,28394,28-09-2020,,delhivery,Delivered
4288,92250,18-02-2020,,dhl,Delivered
4289,40656,27-02-2024,,fedex,Delivered
4290,3090,03-09-2023,,fedex,Delivered
4291,21390,22-05-2024,12-06-2024,ups,Returned
4292,59303,04-09-2024,,dhl,Delivered
4293,88674,04-12-2023,,dhl,Delivered
4294,13727,21-01-2022,,dhl,In Transit
4295,56486,18-12-2020,,dhl,Delivered
4296,49955,20-01-2020,,bluedart,Delivered
4297,21473,04-07-2024,,fedex,Delivered
4298,20056,22-02-2020,,fedex,Delivered
4299,73842,27-09-2020,,fedex,Delivered
4300,52949,04-01-2022,,bluedart,Delivered
4301,15732,15-03-2024,,ups,Delivered
4302,80875,06-08-2024,,bluedart,Delivered
4303,5149,14-05-2021,,fedex,Delivered
4304,95482,13-10-2021,,fedex,Delivered
4305,25109,29-04-2023,,dhl,Delivered
4306,28709,25-07-2020,04-08-2020,bluedart,Returned
4307,17553,26-10-2022,,dhl,Delivered
4308,16170,19-07-2021,,fedex,Delivered
4309,96191,29-05-2023,,fedex,Delivered
4310,84482,12-07-2021,,fedex,Delivered
4311,96968,12-11-2024,,dhl,Delivered
4312,11077,06-11-2024,,bluedart,Delivered
4313,30651,22-07-2024,,fedex,Delivered
4314,50831,11-07-2022,27-07-2022,dhl,Returned
4315,66215,09-11-2024,,fedex,Delivered
4316,31323,11-01-2024,,dhl,Delivered
4317,9881,11-10-2022,,dhl,Cancelled
4318,72854,28-04-2022,,bluedart,Delivered
4319,67463,04-07-2020,,delhivery,Delivered
4320,1134,05-05-2023,,dhl,Delivered
4321,58876,23-07-2022,,dhl,In Transit
4322,11001,31-10-2023,,fedex,Delivered
4323,14556,28-07-2024,,bluedart,Delivered
4324,36888,21-05-2021,,fedex,Shipped
4325,46878,13-09-2021,,usps,Shipped
4326,2047,02-10-2022,,usps,Delivered
4327,90519,04-04-2020,,fedex,Shipped
4328,27818,14-12-2022,,fedex,Delivered
4329,91417,08-11-2021,,fedex,Delivered
4330,13420,04-05-2022,,ups,Delivered
4331,22634,24-02-2024,,fedex,Delivered
4332,43377,29-05-2022,,dhl,Shipped
4333,90332,21-04-2022,,fedex,Delivered
4334,64814,26-09-2023,,usps,Delivered
4335,18494,24-06-2021,,fedex,In Transit
4336,5687,26-10-2020,,bluedart,Delivered
4337,26948,01-12-2020,,fedex,Delivered
4338,10104,05-01-2023,,bluedart,In Transit
4339,75105,11-03-2023,,fedex,Delivered
4340,18665,19-11-2023,,delhivery,Delivered
4341,60447,27-11-2021,,fedex,Shipped
4342,13908,01-10-2024,,fedex,Delivered
4343,14674,10-07-2023,,fedex,Delivered
4344,16111,09-10-2021,,fedex,Delivered
4345,97503,26-11-2022,,dhl,Delivered
4346,49253,05-08-2023,,dhl,Delivered
4347,12909,26-12-2020,,fedex,Shipped
4348,4837,16-11-2023,,dhl,Delivered
4349,58886,24-10-2021,,ups,Delivered
4350,27007,30-12-2023,,fedex,In Transit
4351,14978,05-09-2020,,ups,Delivered
4352,44422,24-04-2024,,ups,Delivered
4353,51671,27-04-2024,,fedex,Delivered
4354,46032,23-07-2020,,fedex,Delivered
4355,24033,09-06-2024,03-07-2024,fedex,Returned
4356,40654,12-05-2021,11-06-2021,fedex,Returned
4357,96947,01-10-2024,,fedex,Delivered
4358,41602,03-04-2023,,dhl,Delivered
4359,30712,17-10-2020,,dhl,In Transit
4360,89417,10-06-2021,,ups,In Transit
4361,9840,19-12-2020,,fedex,Delivered
4362,66208,31-05-2020,,fedex,Delivered
4363,19966,09-10-2020,,fedex,Delivered
4364,54045,11-02-2022,,ups,Delivered
4365,26557,23-04-2024,,fedex,Delivered
4366,97728,11-10-2022,,bluedart,Delivered
4367,22418,14-09-2020,,ups,Delivered
4368,87267,27-02-2024,,fedex,Delivered
4369,81467,01-02-2022,,dhl,Delivered
4370,45448,02-10-2022,,fedex,Delivered
4371,33284,24-05-2022,,dhl,Delivered
4372,44190,29-10-2021,,fedex,In Transit
4373,41976,28-07-2022,,usps,Delivered
4374,67452,23-05-2023,,fedex,Shipped
4375,87921,12-06-2020,,fedex,Delivered
4376,31800,22-01-2023,,ups,Delivered
4377,54980,13-08-2020,,dhl,Cancelled
4378,92368,13-09-2024,,fedex,Shipped
4379,51594,17-12-2021,,ups,In Transit
4380,32119,29-08-2020,,dhl,Delivered
4381,52659,26-02-2021,,bluedart,Delivered
4382,16588,12-07-2023,,delhivery,Shipped
4383,91185,12-08-2022,,fedex,Delivered
4384,73399,13-01-2023,,fedex,Delivered
4385,79194,08-01-2022,,bluedart,Delivered
4386,53615,06-02-2022,,bluedart,Delivered
4387,28037,23-08-2021,,bluedart,Delivered
4388,52495,20-07-2024,,fedex,Delivered
4389,62185,08-09-2020,,fedex,In Transit
4390,26755,23-08-2020,,bluedart,Delivered
4391,29730,03-11-2022,,fedex,Delivered
4392,76109,29-07-2021,,fedex,Delivered
4393,49492,16-05-2020,,fedex,Delivered
4394,86670,21-07-2021,,bluedart,Shipped
4395,50560,08-01-2023,,fedex,Delivered
4396,96170,03-10-2023,,bluedart,Delivered
4397,56885,10-01-2024,,bluedart,Delivered
4398,91836,23-09-2022,,bluedart,Delivered
4399,51888,17-02-2024,,fedex,Shipped
4400,89981,01-05-2020,,dhl,Delivered
4401,35304,10-10-2021,,fedex,Delivered
4402,53297,19-01-2020,,dhl,Delivered
4403,13685,25-06-2022,,usps,Delivered
4404,85078,24-09-2020,,fedex,Delivered
4405,7962,15-08-2023,,fedex,Cancelled
4406,6636,18-09-2023,,dhl,In Transit
4407,33212,10-02-2024,,bluedart,Delivered
4408,67098,05-11-2020,,fedex,Delivered
4409,83925,03-01-2024,,dhl,Delivered
4410,93151,26-07-2023,,fedex,Cancelled
4411,42044,22-05-2022,,fedex,Delivered
4412,14308,16-12-2020,,bluedart,Delivered
4413,14122,24-07-2021,,fedex,Shipped
4414,40082,19-05-2022,,usps,Delivered
4415,45582,29-03-2021,,dhl,Delivered
4416,17299,15-07-2023,,fedex,Delivered
4417,76657,04-08-2020,,fedex,Delivered
4418,53048,15-09-2021,,dhl,Shipped
4419,99145,08-11-2024,,fedex,Delivered
4420,40234,13-01-2023,,fedex,Delivered
4421,49102,08-10-2022,,fedex,In Transit
4422,54389,14-06-2020,,fedex,Delivered
4423,65776,23-04-2021,,fedex,Delivered
4424,86898,16-10-2022,,delhivery,Delivered
4425,51196,27-01-2023,,fedex,Shipped
4426,84964,11-05-2023,,delhivery,Delivered
4427,50377,07-05-2020,,ups,Delivered
4428,76644,31-10-2021,29-11-2021,bluedart,Returned
4429,73174,18-12-2024,,fedex,Shipped
4430,82517,20-11-2022,,fedex,Delivered
4431,24313,11-02-2021,,fedex,Delivered
4432,13270,16-09-2023,,fedex,Delivered
4433,86217,03-10-2021,,usps,Delivered
4434,82100,04-06-2023,,fedex,Delivered
4435,87436,14-05-2024,,dhl,Delivered
4436,42264,22-03-2023,,dhl,Delivered
4437,38382,24-02-2022,,bluedart,Delivered
4438,8754,21-10-2020,,fedex,Shipped
4439,93227,18-12-2022,,dhl,Delivered
4440,52368,30-06-2022,,delhivery,In Transit
4441,86015,10-10-2022,,bluedart,Delivered
4442,39287,08-02-2022,,fedex,Delivered
4443,84432,23-05-2020,,bluedart,In Transit
4444,45461,21-03-2020,,delhivery,Delivered
4445,78045,20-11-2022,,bluedart,Delivered
4446,68835,18-02-2023,,fedex,Delivered
4447,37165,01-01-2025,,fedex,Delivered
4448,86478,17-07-2023,,bluedart,Shipped
4449,19035,28-12-2020,,fedex,Delivered
4450,92857,04-02-2021,,fedex,Delivered
4451,52456,16-10-2023,,bluedart,Delivered
4452,81367,06-01-2020,,dhl,Delivered
4453,91517,01-03-2021,,fedex,Delivered
4454,60813,03-06-2021,,fedex,Delivered
4455,68461,31-07-2021,,fedex,Delivered
4456,77426,12-02-2023,,bluedart,Delivered
4457,93654,02-08-2021,,dhl,Delivered
4458,69702,20-08-2021,,ups,Delivered
4459,5531,11-01-2022,,fedex,Delivered
4460,72793,02-03-2022,,ups,Delivered
4461,9500,16-02-2021,,fedex,Cancelled
4462,77662,11-10-2022,,ups,Cancelled
4463,42046,11-02-2020,,delhivery,Delivered
4464,1621,21-04-2024,,dhl,Shipped
4465,73197,28-05-2023,,ups,Delivered
4466,88837,10-04-2020,,fedex,Delivered
4467,26832,08-03-2024,,dhl,Delivered
4468,33252,03-10-2022,,fedex,Delivered
4469,4210,02-06-2024,,delhivery,Delivered
4470,12266,03-01-2021,,fedex,Delivered
4471,57649,27-12-2024,,delhivery,Delivered
4472,30895,08-06-2022,,bluedart,Delivered
4473,96320,08-10-2020,,fedex,Delivered
4474,63775,30-10-2023,,fedex,Delivered
4475,64350,29-12-2020,,usps,Delivered
4476,32715,07-06-2024,,fedex,Delivered
4477,15919,13-01-2020,,fedex,Delivered
4478,68106,15-04-2021,,dhl,Delivered
4479,28601,16-12-2021,,fedex,Delivered
4480,7202,31-10-2021,,ups,Cancelled
4481,49322,30-04-2021,,fedex,Delivered
4482,51209,20-04-2021,,fedex,Delivered
4483,81937,13-01-2024,,fedex,Cancelled
4484,65897,11-08-2021,,fedex,Shipped
4485,13655,09-01-2023,,fedex,Delivered
4486,31563,28-01-2022,,dhl,Delivered
4487,51717,23-12-2024,08-01-2025,dhl,Returned
4488,47674,12-06-2024,,dhl,Delivered
4489,17728,16-07-2024,,dhl,Shipped
4490,96889,06-09-2020,13-09-2020,fedex,Returned
4491,48681,10-05-2021,,bluedart,Delivered
4492,54843,01-11-2021,,fedex,Delivered
4493,89713,20-03-2020,,bluedart,Delivered
4494,29538,10-04-2024,,fedex,Delivered
4495,12330,14-11-2020,,usps,Shipped
4496,35721,05-02-2023,,fedex,Delivered
4497,86364,09-01-2022,,bluedart,Delivered
4498,36428,18-02-2024,,fedex,Shipped
4499,42878,18-05-2021,26-05-2021,fedex,Returned
4500,46621,24-03-2022,,bluedart,Shipped
4501,24077,15-01-2020,,ups,Delivered
4502,46794,13-09-2024,,dhl,Delivered
4503,96524,09-05-2023,,fedex,Delivered
4504,52903,10-06-2020,,fedex,Delivered
4505,64886,21-05-2020,,fedex,Delivered
4506,69531,24-11-2023,,fedex,Delivered
4507,17153,18-10-2021,,delhivery,Delivered
4508,15393,01-12-2021,,fedex,Delivered
4509,98251,04-08-2023,,dhl,Delivered
4510,60311,30-03-2021,,fedex,Delivered
4511,98866,02-02-2023,,fedex,Delivered
4512,67596,30-07-2023,,usps,Delivered
4513,26120,01-03-2023,,fedex,Delivered
4514,80547,07-02-2020,,dhl,Shipped
4515,2803,16-02-2020,,fedex,Delivered
4516,27335,08-05-2023,,fedex,Delivered
4517,39773,22-06-2022,,dhl,Delivered
4518,80387,20-02-2024,,dhl,Cancelled
4519,98543,01-07-2021,06-07-2021,ups,Returned
4520,18462,04-10-2020,,usps,Delivered
4521,32274,02-02-2020,,ups,Delivered
4522,67772,19-12-2020,,fedex,Cancelled
4523,98835,24-10-2022,,fedex,Shipped
4524,35710,12-09-2020,,fedex,Delivered
4525,59024,18-11-2023,,bluedart,Delivered
4526,60159,07-04-2024,,usps,In Transit
4527,68924,09-04-2022,,fedex,Delivered
4528,79352,12-05-2022,,dhl,Delivered
4529,76533,15-05-2020,,fedex,Delivered
4530,49216,02-01-2021,,dhl,Delivered
4531,54252,01-10-2021,,fedex,Delivered
4532,64511,19-04-2020,,usps,Delivered
4533,98047,02-08-2023,,fedex,Delivered
4534,58417,10-08-2021,,dhl,Delivered
4535,45517,18-07-2020,,fedex,Delivered
4536,45923,24-02-2022,,bluedart,Delivered
4537,13148,26-09-2023,,fedex,Delivered
4538,37408,12-04-2021,,fedex,Delivered
4539,30762,06-03-2023,,fedex,Delivered
4540,86093,05-02-2024,,fedex,Delivered
4541,80860,20-05-2024,,bluedart,Delivered
4542,51123,09-04-2021,,fedex,Delivered
4543,44415,13-02-2023,,dhl,Delivered
4544,18014,09-07-2022,,delhivery,Delivered
4545,53976,03-07-2020,,fedex,Delivered
4546,50972,27-07-2021,,fedex,Delivered
4547,54985,08-07-2022,,fedex,Delivered
4548,65219,30-01-2022,,bluedart,Delivered
4549,88407,01-10-2024,,bluedart,Cancelled
4550,84113,04-02-2024,,ups,Delivered
4551,60671,11-05-2021,,fedex,Delivered
4552,95693,11-11-2024,,fedex,Delivered
4553,80437,28-03-2021,,ups,Delivered
4554,51694,05-11-2024,,fedex,Delivered
4555,25380,02-03-2022,,dhl,Delivered
4556,9567,20-06-2023,,fedex,Delivered
4557,74732,14-04-2020,,delhivery,In Transit
4558,76708,10-04-2021,,dhl,Delivered
4559,24262,18-01-2023,,dhl,Delivered
4560,48865,26-06-2020,,fedex,Delivered
4561,2221,18-03-2023,,fedex,Delivered
4562,59978,24-09-2021,,ups,Delivered
4563,89121,04-02-2022,,bluedart,In Transit
4564,37636,10-02-2024,,fedex,Delivered
4565,53017,16-03-2022,,fedex,Delivered
4566,33443,22-09-2023,,fedex,Shipped
4567,44970,06-11-2020,,dhl,Delivered
4568,29947,06-05-2022,,dhl,In Transit
4569,34177,25-09-2023,,fedex,Delivered
4570,2394,19-02-2021,,usps,Shipped
4571,98861,27-07-2022,,fedex,Delivered
4572,69950,21-06-2020,,fedex,Delivered
4573,86874,21-06-2020,,fedex,Delivered
4574,4884,23-10-2020,,fedex,Shipped
4575,45429,09-11-2020,,fedex,Delivered
4576,92474,14-01-2022,,dhl,Delivered
4577,68364,01-10-2023,,delhivery,Delivered
4578,85080,26-02-2022,,dhl,In Transit
4579,85101,26-02-2023,,fedex,Delivered
4580,98399,14-07-2022,,fedex,In Transit
4581,65250,26-08-2021,,ups,In Transit
4582,48178,15-08-2023,,bluedart,Delivered
4583,21750,14-09-2022,,usps,Delivered
4584,92107,06-03-2020,,bluedart,Shipped
4585,54214,25-12-2024,,dhl,Delivered
4586,59522,04-05-2024,,dhl,Delivered
4587,89564,14-03-2024,,fedex,Delivered
4588,59245,24-01-2023,,fedex,Delivered
4589,60195,20-02-2023,,fedex,Delivered
4590,9019,03-11-2020,,fedex,Delivered
4591,67787,09-09-2021,,usps,Delivered
4592,80050,16-05-2023,,ups,Shipped
4593,41378,04-07-2020,,fedex,Delivered
4594,16512,29-08-2021,,ups,Shipped
4595,47040,25-10-2021,,fedex,Delivered
4596,9359,03-10-2021,,fedex,Delivered
4597,70386,19-01-2023,,delhivery,Shipped
4598,87459,21-05-2020,,dhl,Delivered
4599,16244,21-05-2024,,fedex,Delivered
4600,85621,20-12-2023,,fedex,Delivered
4601,53665,05-02-2021,,fedex,Delivered
4602,12564,08-09-2023,,fedex,Delivered
4603,17469,20-02-2021,,dhl,Delivered
4604,42449,14-04-2021,,dhl,Delivered
4605,11479,01-06-2024,,bluedart,Delivered
4606,19461,08-03-2020,,bluedart,Delivered
4607,1435,08-11-2020,,bluedart,Cancelled
4608,64572,07-09-2021,,fedex,Shipped
4609,44532,09-12-2020,,bluedart,Delivered
4610,45744,28-01-2022,,dhl,Delivered
4611,44498,14-05-2020,,fedex,Delivered
4612,81342,14-02-2020,,fedex,Delivered
4613,42307,12-03-2024,,fedex,Delivered
4614,12538,09-08-2023,,fedex,Delivered
4615,37881,04-06-2024,,delhivery,In Transit
4616,43888,12-07-2022,,fedex,Delivered
4617,54407,11-07-2020,,fedex,Delivered
4618,90489,27-11-2024,,ups,Delivered
4619,6227,08-06-2022,,bluedart,Delivered
4620,56673,10-06-2022,,bluedart,Delivered
4621,5117,16-05-2020,,usps,In Transit
4622,95200,12-12-2020,,bluedart,Delivered
4623,45427,14-08-2023,,fedex,Shipped
4624,84889,21-09-2022,,fedex,Delivered
4625,52327,01-06-2023,,ups,Delivered
4626,65032,30-11-2024,,fedex,Shipped
4627,13281,07-10-2021,,fedex,Delivered
4628,7419,21-07-2020,,fedex,Delivered
4629,59953,23-10-2024,,fedex,Delivered
4630,65098,12-11-2020,,fedex,Delivered
4631,67165,27-09-2020,,fedex,Delivered
4632,97334,20-03-2024,,fedex,Delivered
4633,61286,03-11-2020,,fedex,Delivered
4634,78367,30-09-2021,,bluedart,Delivered
4635,29836,10-07-2024,,ups,Delivered
4636,90362,29-10-2023,,bluedart,Delivered
4637,7459,31-12-2022,,dhl,Delivered
4638,88693,26-08-2022,,fedex,Delivered
4639,15242,28-12-2021,,usps,Delivered
4640,5258,04-01-2024,,ups,Delivered
4641,46610,20-12-2021,,ups,Shipped
4642,58783,19-02-2021,,delhivery,Delivered
4643,65984,05-03-2022,,delhivery,Delivered
4644,53735,26-07-2023,,dhl,Delivered
4645,93052,10-04-2022,,ups,Delivered
4646,1915,23-07-2022,,fedex,Shipped
4647,67398,02-01-2022,,bluedart,Delivered
4648,57508,13-04-2023,,ups,In Transit
4649,22442,07-12-2021,,dhl,Delivered
4650,11288,18-02-2023,,fedex,Delivered
4651,34064,09-11-2020,,fedex,Delivered
4652,23935,01-04-2022,,fedex,In Transit
4653,88435,14-01-2022,,bluedart,Delivered
4654,26950,29-05-2022,,fedex,Delivered
4655,33748,17-02-2021,,fedex,Delivered
4656,95521,15-09-2023,,fedex,Cancelled
4657,25614,09-11-2022,,ups,Delivered
4658,12469,14-06-2021,,bluedart,Delivered
4659,68995,18-04-2024,,bluedart,Delivered
4660,24730,14-08-2022,,dhl,Delivered
4661,81685,17-12-2022,,fedex,Delivered
4662,60510,15-02-2024,,fedex,Delivered
4663,27596,09-09-2020,,fedex,Delivered
4664,69114,07-09-2021,,bluedart,Delivered
4665,3798,03-11-2020,,fedex,Delivered
4666,2275,14-11-2024,30-11-2024,fedex,Returned
4667,54291,01-01-2021,,fedex,Delivered
4668,65362,18-01-2024,,fedex,Delivered
4669,66341,29-07-2020,,fedex,Cancelled
4670,58670,11-03-2022,,ups,Shipped
4671,45241,08-09-2023,,dhl,Delivered
4672,3348,04-11-2022,,fedex,Delivered
4673,40013,28-01-2020,,fedex,Delivered
4674,46009,09-01-2023,,ups,Delivered
4675,2776,03-04-2022,,ups,Delivered
4676,99181,21-04-2020,,bluedart,Delivered
4677,1731,14-12-2024,,fedex,Shipped
4678,23709,13-12-2024,,fedex,Delivered
4679,12761,24-01-2023,,fedex,Delivered
4680,95935,11-04-2021,,usps,Delivered
4681,60686,02-10-2024,,usps,Delivered
4682,2386,14-06-2021,,fedex,Delivered
4683,36195,06-10-2022,,dhl,Delivered
4684,80796,02-03-2023,,fedex,Delivered
4685,4462,08-08-2023,,fedex,Delivered
4686,28976,22-06-2021,,bluedart,Delivered
4687,85636,22-04-2020,,dhl,Delivered
4688,60905,13-02-2023,,fedex,Cancelled
4689,20043,10-05-2023,,dhl,Delivered
4690,69184,04-08-2022,,fedex,Delivered
4691,74640,08-07-2024,,dhl,Delivered
4692,93483,29-12-2024,,dhl,Delivered
4693,87050,29-12-2023,,fedex,Shipped
4694,62646,21-11-2024,,fedex,Delivered
4695,67043,17-08-2024,,ups,Delivered
4696,50157,25-10-2022,,bluedart,Delivered
4697,48884,10-01-2022,23-01-2022,fedex,Returned
4698,86697,10-12-2024,,ups,Delivered
4699,40772,01-10-2024,,fedex,Delivered
4700,31876,16-10-2023,,fedex,Delivered
4701,8774,07-01-2024,,dhl,Delivered
4702,5076,04-03-2021,,fedex,Delivered
4703,76076,04-01-2022,,ups,Delivered
4704,47340,09-01-2022,,fedex,Delivered
4705,38409,03-06-2022,,fedex,Delivered
4706,50623,21-08-2022,,dhl,Shipped
4707,30325,13-08-2024,,fedex,Delivered
4708,78200,11-10-2022,,dhl,Delivered
4709,21164,10-01-2022,,fedex,In Transit
4710,6704,18-08-2024,,dhl,Delivered
4711,10567,23-03-2022,,fedex,Shipped
4712,33228,16-11-2020,,fedex,Cancelled
4713,46562,10-07-2021,,fedex,Shipped
4714,10653,02-07-2023,,dhl,Shipped
4715,47156,25-12-2022,,fedex,Delivered
4716,28426,19-07-2020,,dhl,Delivered
4717,82370,03-11-2021,,bluedart,Delivered
4718,92801,22-11-2022,,dhl,Delivered
4719,77071,06-08-2020,,fedex,Delivered
4720,64680,24-08-2023,,bluedart,In Transit
4721,84039,25-03-2020,,usps,Delivered
4722,96413,27-10-2020,,dhl,Delivered
4723,2805,19-02-2021,,bluedart,Delivered
4724,45361,17-12-2020,,bluedart,Cancelled
4725,16216,31-07-2020,,fedex,Delivered
4726,58178,31-03-2021,,fedex,Delivered
4727,47153,30-06-2022,,fedex,Delivered
4728,73168,21-08-2022,,fedex,Delivered
4729,33675,03-12-2021,,dhl,Delivered
4730,5645,02-10-2022,,dhl,Delivered
4731,66121,06-06-2022,,fedex,Delivered
4732,3970,23-10-2023,,fedex,Delivered
4733,38419,28-10-2024,,dhl,Delivered
4734,87444,27-12-2022,,dhl,Shipped
4735,78328,29-04-2022,,fedex,Delivered
4736,85528,08-06-2023,,fedex,Delivered
4737,38673,09-11-2023,,delhivery,Delivered
4738,71281,19-12-2024,,delhivery,Shipped
4739,77601,22-05-2022,,fedex,Delivered
4740,12941,14-04-2024,,dhl,Delivered
4741,82681,06-06-2023,,bluedart,Delivered
4742,63274,11-05-2024,,bluedart,Delivered
4743,65299,23-05-2020,,fedex,Delivered
4744,53403,25-04-2024,,bluedart,Shipped
4745,97535,10-04-2021,,fedex,Delivered
4746,58512,30-07-2020,,fedex,Delivered
4747,80118,02-11-2023,,dhl,Delivered
4748,17740,06-12-2024,,fedex,Delivered
4749,91012,10-12-2023,,bluedart,Delivered
4750,12972,22-09-2023,,fedex,Delivered
4751,7090,24-12-2021,,ups,Delivered
4752,85199,14-01-2020,,fedex,Delivered
4753,94741,18-01-2020,,fedex,Delivered
4754,7540,22-03-2020,,fedex,Delivered
4755,87624,29-06-2021,,delhivery,In Transit
4756,63514,10-11-2020,,dhl,Delivered
4757,18148,28-04-2020,,fedex,Delivered
4758,85215,03-11-2020,,fedex,Delivered
4759,31396,23-02-2023,02-03-2023,usps,Returned
4760,85845,11-08-2022,,fedex,Delivered
4761,46323,15-10-2020,,fedex,Delivered
4762,13078,28-03-2024,11-04-2024,dhl,Returned
4763,7196,23-07-2023,,dhl,Shipped
4764,96264,13-12-2024,,fedex,Delivered
4765,12381,30-09-2020,,fedex,Delivered
4766,98951,03-08-2022,,usps,Delivered
4767,71552,12-03-2021,,ups,Delivered
4768,24732,21-08-2023,,delhivery,Delivered
4769,13147,07-06-2020,,dhl,Delivered
4770,4067,03-07-2021,,bluedart,Delivered
4771,18380,29-08-2020,,ups,Delivered
4772,33320,07-12-2020,,fedex,Shipped
4773,36924,29-10-2021,,bluedart,Delivered
4774,30740,22-03-2021,,fedex,Shipped
4775,28342,04-02-2020,,dhl,Delivered
4776,52548,31-10-2024,,fedex,In Transit
4777,89749,02-01-2025,,fedex,Cancelled
4778,63369,12-07-2020,,bluedart,Delivered
4779,32794,23-01-2022,17-02-2022,dhl,Returned
4780,70072,04-08-2020,,bluedart,Shipped
4781,9907,25-05-2020,,fedex,Delivered
4782,81163,29-04-2020,,dhl,Delivered
4783,6419,12-12-2022,,fedex,Delivered
4784,45223,22-06-2021,,fedex,Cancelled
4785,96333,22-05-2020,,fedex,Delivered
4786,71453,14-07-2024,,fedex,Delivered
4787,37216,17-05-2021,,dhl,Delivered
4788,95661,08-03-2024,,bluedart,Shipped
4789,38808,01-06-2021,,fedex,Delivered
4790,73109,18-11-2020,,dhl,Delivered
4791,81382,14-02-2024,,dhl,Delivered
4792,71105,25-02-2023,,bluedart,Delivered
4793,99425,03-11-2022,,fedex,Delivered
4794,56613,07-08-2023,,ups,Shipped
4795,70892,18-02-2022,,bluedart,Delivered
4796,53708,04-02-2024,,fedex,Delivered
4797,61534,16-10-2020,,dhl,Delivered
4798,52126,08-05-2020,,fedex,Delivered
4799,78799,11-03-2021,,fedex,Delivered
4800,63563,06-03-2023,,fedex,Delivered
4801,47523,30-12-2024,,fedex,Delivered
4802,65295,05-11-2021,,bluedart,Delivered
4803,26459,01-05-2020,,fedex,Delivered
4804,85318,08-11-2023,,fedex,Shipped
4805,17012,16-05-2023,,fedex,Delivered
4806,62630,31-01-2023,,fedex,Delivered
4807,54993,30-04-2023,,fedex,Delivered
4808,10758,25-11-2020,,fedex,Shipped
4809,59959,15-05-2020,,dhl,Delivered
4810,53757,22-02-2022,,fedex,Delivered
4811,2365,09-11-2021,,ups,Delivered
4812,51075,01-09-2022,,fedex,Delivered
4813,33987,17-07-2023,,bluedart,Shipped
4814,14537,18-08-2020,,fedex,Delivered
4815,28724,11-08-2022,,fedex,Delivered
4816,40081,26-05-2024,,fedex,Delivered
4817,21052,14-11-2023,,usps,Delivered
4818,96368,14-04-2023,,fedex,Delivered
4819,41732,27-04-2023,,fedex,Delivered
4820,61592,15-12-2021,,bluedart,Delivered
4821,40500,24-09-2024,,usps,Delivered
4822,37411,01-01-2024,,fedex,Delivered
4823,94994,09-11-2023,,ups,Delivered
4824,7490,11-04-2023,,dhl,Delivered
4825,42300,19-08-2024,,usps,Delivered
4826,55214,10-07-2022,,dhl,Shipped
4827,64299,22-09-2023,,delhivery,Delivered
4828,3287,31-05-2023,,fedex,Delivered
4829,88090,28-08-2020,,bluedart,Delivered
4830,47027,04-11-2021,,dhl,Delivered
4831,54961,12-12-2020,,dhl,Delivered
4832,63747,28-04-2024,,dhl,Delivered
4833,64413,14-01-2021,,fedex,Shipped
4834,8377,12-11-2022,,ups,In Transit
4835,5860,04-09-2020,,dhl,Shipped
4836,6128,31-03-2020,,bluedart,Shipped
4837,55478,10-03-2023,,fedex,Delivered
4838,96534,17-10-2024,,bluedart,Shipped
4839,89351,08-11-2021,,ups,Delivered
4840,11775,04-03-2023,,bluedart,Delivered
4841,69123,10-04-2022,,fedex,Delivered
4842,95638,15-12-2024,,fedex,Delivered
4843,9776,03-12-2024,,bluedart,Delivered
4844,72177,21-12-2023,,fedex,Delivered
4845,47345,19-01-2020,,ups,Delivered
4846,38510,09-01-2023,,dhl,In Transit
4847,82879,12-04-2020,,fedex,Delivered
4848,81499,08-07-2024,,fedex,Delivered
4849,78363,09-03-2023,,fedex,Delivered
4850,35330,23-04-2024,,ups,Delivered
4851,75725,10-12-2021,,dhl,Delivered
4852,48462,14-03-2022,,dhl,Shipped
4853,20475,15-12-2022,,usps,Delivered
4854,87203,02-02-2020,,dhl,Delivered
4855,34597,15-07-2022,,fedex,Shipped
4856,33166,07-10-2020,,bluedart,In Transit
4857,70216,06-10-2024,,usps,Cancelled
4858,48279,10-05-2024,,fedex,Delivered
4859,26241,11-04-2021,,dhl,Shipped
4860,53866,04-04-2023,,dhl,Delivered
4861,48144,23-09-2022,,fedex,Delivered
4862,8056,04-07-2021,,fedex,Delivered
4863,17811,13-04-2023,23-04-2023,fedex,Returned
4864,21947,01-11-2023,12-11-2023,dhl,Returned
4865,86436,28-08-2020,,dhl,Delivered
4866,8716,05-03-2022,,usps,Delivered
4867,2042,10-10-2020,,ups,Delivered
4868,67273,20-09-2024,,fedex,Delivered
4869,53766,29-07-2021,,bluedart,Delivered
4870,5716,20-02-2021,,ups,Delivered
4871,33916,06-03-2022,,ups,Delivered
4872,78317,01-10-2023,,bluedart,In Transit
4873,22973,14-06-2020,,bluedart,Cancelled
4874,69408,01-03-2021,,fedex,Delivered
4875,67177,27-09-2021,,dhl,Shipped
4876,2496,28-04-2021,,fedex,Delivered
4877,7135,04-08-2023,,ups,Delivered
4878,28953,10-02-2024,24-02-2024,fedex,Returned
4879,78053,06-11-2024,,fedex,Delivered
4880,36085,02-03-2024,,bluedart,Delivered
4881,43743,05-11-2023,,fedex,Shipped
4882,20552,08-03-2024,,fedex,Delivered
4883,17433,16-05-2022,,fedex,Shipped
4884,73623,15-07-2022,,ups,Cancelled
4885,86745,05-12-2022,,dhl,Delivered
4886,35404,15-08-2020,,fedex,Delivered
4887,37187,09-05-2023,,fedex,Delivered
4888,9778,22-01-2021,,ups,Delivered
4889,67684,06-09-2022,,ups,Cancelled
4890,92116,28-05-2023,,bluedart,In Transit
4891,20842,02-03-2020,,ups,Cancelled
4892,65116,19-05-2023,,dhl,Shipped
4893,30256,24-03-2020,,ups,Delivered
4894,87969,19-05-2024,,ups,Delivered
4895,7085,28-11-2022,,bluedart,Delivered
4896,2117,08-10-2022,,bluedart,Delivered
4897,7682,07-10-2022,,bluedart,Shipped
4898,56022,15-08-2020,,delhivery,Delivered
4899,44827,11-10-2020,,fedex,Delivered
4900,26288,13-04-2024,,fedex,Delivered
4901,97284,03-05-2021,,fedex,Delivered
4902,32520,13-11-2022,,dhl,In Transit
4903,92991,25-03-2024,,bluedart,Delivered
4904,55786,26-10-2024,,dhl,Delivered
4905,45194,22-08-2023,,fedex,Delivered
4906,1067,24-07-2020,19-08-2020,fedex,Returned
4907,52452,08-03-2023,,fedex,Delivered
4908,6073,21-06-2022,,bluedart,Delivered
4909,67137,24-01-2022,,dhl,Delivered
4910,92418,14-08-2024,,fedex,Delivered
4911,5548,07-07-2020,,usps,Cancelled
4912,98900,02-07-2022,,fedex,Delivered
4913,59820,27-05-2023,,fedex,Delivered
4914,74997,18-12-2020,,fedex,Shipped
4915,76154,23-02-2021,,dhl,Delivered
4916,29263,22-01-2020,,bluedart,Shipped
4917,59493,07-06-2024,,bluedart,Delivered
4918,38714,26-10-2023,,fedex,In Transit
4919,84681,18-02-2020,,bluedart,Delivered
4920,33190,14-04-2022,,ups,Delivered
4921,70581,05-12-2020,,delhivery,Delivered
4922,29765,07-09-2022,,dhl,Delivered
4923,68921,03-05-2024,,bluedart,Delivered
4924,11464,14-08-2021,,fedex,Cancelled
4925,50963,15-04-2024,,fedex,Delivered
4926,52494,12-01-2022,,dhl,Shipped
4927,73395,26-01-2021,,fedex,Delivered
4928,18708,23-05-2020,,dhl,Delivered
4929,35088,16-02-2020,,dhl,Delivered
4930,70606,24-06-2024,,bluedart,Delivered
4931,90912,29-11-2023,,fedex,Delivered
4932,93319,15-05-2020,,fedex,Cancelled
4933,99033,26-07-2021,,dhl,Delivered
4934,5241,03-08-2022,,fedex,Delivered
4935,39311,15-03-2020,,usps,Delivered
4936,20624,05-08-2021,,fedex,Delivered
4937,5769,17-03-2022,,dhl,Delivered
4938,14586,25-11-2024,,ups,Delivered
4939,81544,27-04-2024,,dhl,Delivered
4940,80218,28-07-2022,,fedex,Delivered
4941,17367,23-01-2024,,dhl,Delivered
4942,20232,10-04-2020,,fedex,Delivered
4943,58954,08-01-2022,,fedex,Delivered
4944,68275,25-07-2024,,fedex,Delivered
4945,3116,05-07-2024,,fedex,Cancelled
4946,75972,19-10-2023,,fedex,Delivered
4947,1246,27-03-2021,,bluedart,Delivered
4948,77358,19-01-2021,,fedex,Shipped
4949,27739,29-07-2024,,fedex,Delivered
4950,57479,27-12-2024,,dhl,Delivered
4951,22522,17-02-2022,,usps,Delivered
4952,53462,25-02-2023,,dhl,Delivered
4953,22365,10-04-2024,,dhl,Delivered
4954,5113,28-10-2024,,dhl,Delivered
4955,23629,04-09-2023,,fedex,Delivered
4956,60503,25-05-2024,,fedex,In Transit
4957,27001,19-07-2021,,bluedart,Delivered
4958,23457,22-04-2022,,dhl,Shipped
4959,10476,18-04-2020,,fedex,Shipped
4960,34865,22-04-2020,,fedex,Delivered
4961,12699,26-03-2023,,fedex,Delivered
4962,17670,25-10-2024,,ups,Delivered
4963,65505,11-04-2022,,fedex,Shipped
4964,39106,26-10-2023,,fedex,Delivered
4965,49662,20-01-2020,,dhl,Delivered
4966,46611,24-11-2023,,dhl,Delivered
4967,83655,02-06-2023,,usps,Delivered
4968,55312,05-07-2022,,fedex,Delivered
4969,10063,24-07-2021,,fedex,Delivered
4970,66370,11-05-2024,,delhivery,Delivered
4971,89645,01-05-2020,,fedex,Cancelled
4972,99633,25-01-2024,,delhivery,Delivered
4973,25399,25-08-2023,,usps,In Transit
4974,77468,03-07-2021,,fedex,Delivered
4975,33925,19-07-2022,,ups,Delivered
4976,16279,06-03-2023,,dhl,Delivered
4977,3327,01-01-2022,,fedex,Delivered
4978,41218,24-03-2023,,usps,Delivered
4979,23232,24-05-2024,,usps,Delivered
4980,2062,11-01-2021,,bluedart,Delivered
4981,92483,25-06-2020,,dhl,Delivered
4982,49982,24-11-2022,,fedex,Shipped
4983,36842,14-01-2023,,delhivery,Delivered
4984,93550,25-12-2022,,bluedart,Cancelled
4985,54544,12-03-2023,,fedex,Delivered
4986,8694,20-07-2023,,ups,Delivered
4987,27044,24-11-2023,,bluedart,Shipped
4988,49009,20-12-2023,02-01-2024,ups,Returned
4989,31858,13-04-2020,,bluedart,Delivered
4990,43423,28-10-2022,,fedex,Shipped
4991,71937,26-03-2020,,dhl,Delivered
4992,82405,28-08-2022,,bluedart,Delivered
4993,35192,28-10-2023,,dhl,Delivered
4994,46091,25-07-2021,,dhl,Delivered
4995,52654,03-01-2021,,fedex,Delivered
4996,56796,26-01-2020,05-02-2020,fedex,Returned
4997,94615,13-11-2020,,ups,Delivered
4998,78904,27-04-2023,,usps,Delivered
4999,53307,19-10-2023,,dhl,Delivered
5000,86507,06-11-2022,,dhl,Delivered
5001,77401,26-08-2023,,fedex,Shipped
5002,81471,03-07-2023,,ups,Delivered
5003,54265,08-09-2021,,fedex,Delivered
5004,57398,14-11-2020,,bluedart,Shipped
5005,33259,12-12-2021,,dhl,Delivered
5006,39468,28-12-2023,,ups,In Transit
5007,29094,06-12-2021,,fedex,Delivered
5008,1344,13-01-2020,,fedex,Delivered
5009,11512,11-01-2023,,fedex,Shipped
5010,88426,01-02-2023,,fedex,Delivered
5011,95731,19-02-2022,,fedex,Delivered
5012,79606,05-04-2024,,fedex,Cancelled
5013,25968,14-01-2023,,fedex,Cancelled
5014,95982,11-06-2024,,fedex,Delivered
5015,51150,30-11-2020,,fedex,Delivered
5016,8389,04-06-2024,,fedex,Delivered
5017,79356,30-05-2020,,ups,Shipped
5018,6104,20-03-2021,,fedex,In Transit
5019,80829,21-05-2024,,ups,Delivered
5020,28433,12-11-2020,,fedex,In Transit
5021,12858,08-09-2020,,fedex,Delivered
5022,38870,20-11-2023,,fedex,Shipped
5023,62095,03-04-2022,,fedex,Delivered
5024,59213,29-01-2023,,dhl,Delivered
5025,34310,03-09-2023,,bluedart,Delivered
5026,29175,24-04-2022,,ups,Delivered
5027,63974,20-07-2023,,fedex,Delivered
5028,7263,13-09-2023,,bluedart,Delivered
5029,81505,03-05-2020,,fedex,Delivered
5030,54134,06-12-2023,,fedex,Delivered
5031,55373,18-04-2021,,bluedart,Delivered
5032,93074,16-09-2022,,fedex,Delivered
5033,16992,11-06-2021,,ups,Delivered
5034,7815,16-04-2021,,bluedart,Delivered
5035,48115,06-02-2020,,fedex,Delivered
5036,24241,09-06-2021,,fedex,Delivered
5037,92986,23-12-2023,,bluedart,Delivered
5038,77595,19-05-2023,,fedex,Shipped
5039,72289,20-11-2021,,ups,Delivered
5040,24937,17-07-2021,25-07-2021,fedex,Returned
5041,75368,05-06-2020,,fedex,Delivered
5042,43165,03-02-2022,,fedex,Delivered
5043,71658,16-03-2021,,delhivery,Delivered
5044,48408,02-06-2022,,dhl,Delivered
5045,4826,25-07-2020,,dhl,Delivered
5046,77289,27-12-2021,,bluedart,Delivered
5047,72268,04-11-2024,,fedex,Shipped
5048,78667,23-06-2021,,fedex,Delivered
5049,20949,05-03-2020,24-03-2020,dhl,Returned
5050,85134,15-11-2024,,fedex,Delivered
5051,23691,10-05-2023,,usps,Delivered
5052,27336,03-10-2022,,bluedart,In Transit
5053,56511,20-10-2023,,dhl,Shipped
5054,7041,10-07-2020,,bluedart,In Transit
5055,92442,22-03-2024,,dhl,Shipped
5056,28300,18-08-2023,,ups,Delivered
5057,55278,20-06-2023,,fedex,Delivered
5058,83108,14-12-2020,,fedex,Cancelled
5059,21579,18-06-2020,,fedex,Delivered
5060,40227,19-12-2024,,delhivery,Shipped
5061,14513,26-10-2020,,ups,Delivered
5062,76892,21-07-2024,,dhl,In Transit
5063,10753,31-05-2021,,fedex,Cancelled
5064,39686,02-02-2023,,fedex,Delivered
5065,90986,22-11-2023,,dhl,Shipped
5066,75347,08-04-2020,,fedex,Delivered
5067,93221,03-09-2020,,fedex,Delivered
5068,83116,14-01-2022,,fedex,Cancelled
5069,43508,14-03-2022,,bluedart,Delivered
5070,53805,14-10-2024,,fedex,Delivered
5071,5682,24-04-2024,,ups,Delivered
5072,11398,18-04-2023,,fedex,Delivered
5073,61768,09-10-2024,,fedex,Delivered
5074,50295,08-12-2024,,fedex,Delivered
5075,68067,14-09-2021,,bluedart,Delivered
5076,15930,17-02-2024,,fedex,Delivered
5077,67268,05-03-2021,04-04-2021,dhl,Returned
5078,33594,01-08-2020,,ups,Delivered
5079,77142,12-09-2020,,fedex,Shipped
5080,40098,09-04-2021,,fedex,Delivered
5081,7229,23-03-2024,,ups,Delivered
5082,76811,01-08-2021,,bluedart,Delivered
5083,12081,14-11-2021,,bluedart,In Transit
5084,99730,19-11-2022,,delhivery,Shipped
5085,63113,02-08-2020,,dhl,Delivered
5086,77807,26-09-2021,,dhl,Delivered
5087,8920,21-08-2021,,fedex,Delivered
5088,8700,25-07-2021,,dhl,Shipped
5089,59383,27-02-2023,,dhl,Delivered
5090,37331,05-08-2021,,fedex,Delivered
5091,13274,07-07-2023,,fedex,Delivered
5092,65547,03-09-2024,,fedex,Delivered
5093,1795,24-01-2021,,fedex,Delivered
5094,91321,03-08-2022,,dhl,Delivered
5095,80839,28-08-2021,,fedex,Delivered
5096,39654,01-08-2022,,usps,Delivered
5097,1603,29-08-2022,,fedex,Delivered
5098,75739,15-02-2023,,fedex,Delivered
5099,25733,18-05-2024,,fedex,Delivered
5100,40940,13-04-2020,,bluedart,Delivered
5101,77072,28-01-2023,,usps,Delivered
5102,23121,12-05-2024,,fedex,Delivered
5103,17078,12-09-2022,,bluedart,In Transit
5104,89205,29-10-2024,,dhl,Delivered
5105,14873,03-05-2024,,fedex,Shipped
5106,21222,26-08-2022,,bluedart,Delivered
5107,52555,10-02-2021,,dhl,Cancelled
5108,53162,20-04-2021,,fedex,Delivered
5109,11822,09-10-2020,,bluedart,Delivered
5110,84765,21-05-2022,,ups,Delivered
5111,28181,30-05-2020,,fedex,Delivered
5112,25304,13-09-2023,28-09-2023,dhl,Returned
5113,59555,04-10-2021,,delhivery,Delivered
5114,58392,27-08-2024,,bluedart,Cancelled
5115,58854,05-02-2022,,bluedart,Delivered
5116,86799,03-05-2020,,fedex,Shipped
5117,68879,19-05-2023,,fedex,Delivered
5118,45868,15-01-2021,09-02-2021,bluedart,Returned
5119,36063,15-01-2022,,delhivery,Delivered
5120,70727,26-09-2023,,fedex,Delivered
5121,34843,17-06-2022,,fedex,Cancelled
5122,8890,24-05-2020,,ups,Cancelled
5123,8092,13-05-2021,,fedex,Delivered
5124,42431,05-10-2022,,bluedart,Delivered
5125,6578,20-04-2023,,bluedart,Delivered
5126,38507,27-07-2020,,fedex,Delivered
5127,38184,31-10-2021,,fedex,In Transit
5128,48777,02-09-2024,,dhl,Delivered
5129,50038,07-09-2021,,dhl,Delivered
5130,12216,31-07-2023,,bluedart,Delivered
5131,50398,08-08-2022,,delhivery,Delivered
5132,91244,17-08-2021,,ups,Cancelled
5133,11275,12-05-2020,,usps,Delivered
5134,65571,01-02-2024,,dhl,Delivered
5135,9383,19-03-2022,,bluedart,Shipped
5136,28495,05-01-2021,,dhl,Delivered
5137,63525,08-04-2020,,delhivery,Delivered
5138,26543,07-12-2023,,fedex,Delivered
5139,9800,17-04-2024,,fedex,Delivered
5140,92166,02-01-2023,,fedex,Delivered
5141,44272,18-11-2022,,fedex,Delivered
5142,47171,01-06-2022,,fedex,Delivered
5143,19524,19-07-2022,,dhl,Delivered
5144,31939,01-01-2021,,fedex,Delivered
5145,13488,01-03-2021,,ups,Shipped
5146,28160,14-01-2021,,bluedart,Cancelled
5147,94016,08-11-2021,,fedex,Delivered
5148,98039,11-04-2024,,fedex,Delivered
5149,10658,01-09-2024,,fedex,Delivered
5150,58550,29-09-2023,,bluedart,In Transit
5151,99894,09-09-2023,,fedex,Delivered
5152,43816,28-11-2023,,usps,Shipped
5153,20282,31-12-2022,,bluedart,Delivered
5154,13639,22-12-2024,17-01-2025,fedex,Returned
5155,21808,12-06-2023,,fedex,Delivered
5156,89530,19-01-2021,,dhl,Delivered
5157,73789,15-07-2022,,fedex,Delivered
5158,6622,11-08-2020,,dhl,Delivered
5159,29478,03-03-2024,,dhl,Shipped
5160,85365,08-07-2020,,fedex,In Transit
5161,70101,10-11-2023,,fedex,Shipped
5162,42740,28-05-2022,,fedex,Cancelled
5163,46564,07-06-2021,,fedex,Delivered
5164,68386,13-01-2020,,dhl,Delivered
5165,18842,18-07-2024,,fedex,In Transit
5166,57638,09-06-2021,,bluedart,Delivered
5167,79300,09-09-2023,,bluedart,Delivered
5168,27106,09-07-2020,,dhl,In Transit
5169,55775,24-12-2021,,fedex,Delivered
5170,22211,21-09-2021,,fedex,Delivered
5171,42779,22-08-2024,,fedex,Delivered
5172,97687,28-03-2023,,fedex,Delivered
5173,74677,08-02-2020,,fedex,Cancelled
5174,18723,26-12-2022,,fedex,Delivered
5175,69921,16-07-2021,,fedex,Delivered
5176,9324,26-01-2021,,dhl,Delivered
5177,69258,29-06-2023,,ups,Shipped
5178,27925,15-11-2023,,fedex,In Transit
5179,92595,08-03-2021,,fedex,Delivered
5180,17812,12-11-2021,,delhivery,Delivered
5181,76447,16-11-2020,,dhl,In Transit
5182,79506,14-01-2023,,ups,Delivered
5183,39034,20-07-2021,,usps,Delivered
5184,94966,20-07-2023,,fedex,Delivered
5185,19328,23-11-2024,,dhl,Delivered
5186,95430,23-05-2020,,fedex,Delivered
5187,93765,15-09-2021,,fedex,Delivered
5188,8666,31-07-2022,,fedex,Delivered
5189,64945,28-03-2020,,fedex,Delivered
5190,9204,18-07-2022,,dhl,Delivered
5191,76105,23-08-2021,,bluedart,Delivered
5192,65671,01-04-2021,,fedex,In Transit
5193,92729,11-06-2024,,fedex,Delivered
5194,54151,03-06-2023,,fedex,Delivered
5195,14874,23-09-2020,,delhivery,Delivered
5196,37724,17-01-2023,22-01-2023,ups,Returned
5197,49266,30-09-2021,,fedex,Delivered
5198,11910,04-02-2024,,bluedart,Delivered
5199,91770,03-12-2020,,fedex,Delivered
5200,66699,09-04-2022,,fedex,Delivered
5201,36597,12-12-2023,,fedex,Delivered
5202,86873,11-07-2020,,fedex,Delivered
5203,63502,02-07-2020,,bluedart,Delivered
5204,34769,13-02-2023,,usps,Shipped
5205,57261,07-07-2023,,dhl,Cancelled
5206,27858,20-02-2022,,dhl,Delivered
5207,24737,20-03-2022,,bluedart,Cancelled
5208,43412,23-12-2024,,fedex,Shipped
5209,37929,03-02-2024,,bluedart,Delivered
5210,56274,15-08-2020,,fedex,Delivered
5211,85220,29-06-2020,,ups,Delivered
5212,43324,22-08-2023,,ups,Delivered
5213,29224,19-05-2022,,fedex,Cancelled
5214,53810,18-09-2023,,dhl,Delivered
5215,39337,20-09-2021,,fedex,Delivered
5216,28557,09-02-2023,,dhl,Delivered
5217,32447,26-09-2023,,fedex,Shipped
5218,91752,08-12-2023,,bluedart,Shipped
5219,21286,01-02-2021,,fedex,Cancelled
5220,86720,14-10-2022,,fedex,Shipped
5221,1926,29-04-2020,,dhl,Delivered
5222,73559,06-07-2022,,dhl,Cancelled
5223,90696,30-03-2021,,dhl,Delivered
5224,39823,23-08-2022,,fedex,Delivered
5225,67054,17-12-2024,,fedex,Delivered
5226,44779,05-01-2021,,ups,Delivered
5227,87833,11-05-2022,,dhl,Shipped
5228,75076,05-07-2022,,ups,Delivered
5229,7907,16-05-2020,,ups,Delivered
5230,43304,24-02-2020,,fedex,Delivered
5231,48229,11-09-2022,,fedex,Delivered
5232,49125,20-03-2021,,usps,Cancelled
5233,44253,21-02-2020,,usps,Delivered
5234,60608,15-09-2020,,fedex,Delivered
5235,22808,16-12-2021,,fedex,Delivered
5236,97769,21-04-2021,,dhl,Delivered
5237,90149,17-05-2023,,delhivery,Delivered
5238,49930,02-09-2024,,delhivery,Delivered
5239,79179,03-07-2023,,ups,Delivered
5240,49323,18-06-2020,,fedex,Delivered
5241,18307,07-01-2025,,usps,Shipped
5242,9813,05-06-2023,,dhl,Delivered
5243,43598,27-07-2022,,dhl,Delivered
5244,7759,29-01-2022,,fedex,Shipped
5245,36304,07-06-2020,05-07-2020,fedex,Returned
5246,45740,19-07-2021,,fedex,Delivered
5247,91667,28-09-2020,,fedex,Cancelled
5248,69794,24-12-2024,,fedex,Delivered
5249,79863,25-10-2021,,bluedart,Shipped
5250,78189,25-11-2024,,fedex,Shipped
5251,77687,04-05-2022,,fedex,Shipped
5252,67265,08-02-2020,,delhivery,Delivered
5253,44238,06-12-2024,,ups,Delivered
5254,71762,22-09-2024,,bluedart,Shipped
5255,70132,09-01-2021,,delhivery,Delivered
5256,31225,28-01-2024,,ups,Delivered
5257,46063,23-11-2020,,fedex,Delivered
5258,63472,23-02-2020,01-03-2020,ups,Returned
5259,30294,01-09-2021,,fedex,Delivered
5260,75048,22-08-2024,,dhl,In Transit
5261,41238,17-02-2021,,delhivery,Delivered
5262,33908,18-07-2022,,fedex,Delivered
5263,43891,19-10-2022,,ups,Delivered
5264,56905,11-12-2020,,fedex,Delivered
5265,90165,05-11-2020,,fedex,Delivered
5266,14891,02-03-2021,,fedex,Delivered
5267,89316,15-11-2021,,dhl,Delivered
5268,59090,28-02-2022,,fedex,Delivered
5269,54554,01-09-2024,,fedex,Delivered
5270,35537,05-12-2021,,fedex,Delivered
5271,12398,25-06-2023,,ups,Delivered
5272,48407,17-12-2023,,fedex,Delivered
5273,88141,17-04-2022,,fedex,Delivered
5274,2830,18-10-2024,,fedex,Delivered
5275,52673,16-01-2020,,bluedart,Delivered
5276,93609,27-04-2021,,fedex,Shipped
5277,59261,08-12-2022,,ups,Delivered
5278,55273,04-03-2022,,dhl,Delivered
5279,38745,02-09-2021,,bluedart,Delivered
5280,75388,01-03-2023,,fedex,Delivered
5281,41163,28-01-2024,,bluedart,In Transit
5282,35866,15-01-2021,,bluedart,Delivered
5283,62408,09-08-2023,,fedex,Delivered
5284,42876,16-04-2023,,delhivery,Delivered
5285,67056,12-04-2021,,fedex,Delivered
5286,1302,15-02-2023,03-03-2023,bluedart,Returned
5287,76605,26-01-2021,,fedex,Delivered
5288,40676,26-09-2020,,fedex,Shipped
5289,64012,24-12-2022,,fedex,Shipped
5290,79211,28-04-2020,,fedex,Delivered
5291,1265,23-03-2023,,dhl,Delivered
5292,42987,28-11-2021,,fedex,Delivered
5293,72823,13-05-2022,,fedex,Delivered
5294,93139,24-07-2024,,fedex,Delivered
5295,20756,12-04-2020,,delhivery,Shipped
5296,92203,12-04-2020,,dhl,Delivered
5297,89364,16-02-2021,,fedex,Cancelled
5298,76059,11-11-2020,,usps,Delivered
5299,50797,10-07-2024,,ups,Delivered
5300,71622,18-08-2021,,fedex,Delivered
5301,95382,22-11-2023,,delhivery,Delivered
5302,53883,20-10-2022,,fedex,Delivered
5303,75869,09-06-2022,,fedex,Delivered
5304,19715,02-08-2024,,fedex,Delivered
5305,1059,29-01-2023,,dhl,Delivered
5306,67040,01-09-2023,,fedex,Delivered
5307,45877,23-04-2024,,dhl,Delivered
5308,89633,30-08-2020,28-09-2020,fedex,Returned
5309,11465,05-09-2020,,fedex,Delivered
5310,37317,19-10-2021,,bluedart,Delivered
5311,29488,08-03-2024,,ups,Delivered
5312,28339,22-06-2021,14-07-2021,fedex,Returned
5313,76587,18-06-2020,,fedex,Shipped
5314,57686,11-12-2020,,fedex,Shipped
5315,56316,05-10-2022,,fedex,Delivered
5316,80477,16-12-2021,,delhivery,Delivered
5317,83029,24-11-2023,,fedex,Delivered
5318,8156,16-03-2021,,bluedart,In Transit
5319,36335,18-09-2023,,fedex,Delivered
5320,78465,06-03-2021,,bluedart,Delivered
5321,66655,09-06-2021,,fedex,Delivered
5322,15752,17-04-2020,,bluedart,Shipped
5323,76851,11-11-2022,,fedex,Delivered
5324,15035,29-06-2024,,fedex,Delivered
5325,4918,29-01-2024,,usps,Delivered
5326,12940,24-02-2021,,dhl,In Transit
5327,40558,01-07-2024,,fedex,Delivered
5328,17684,08-01-2024,,fedex,Delivered
5329,3890,12-05-2021,,bluedart,Delivered
5330,29371,18-11-2022,,usps,Cancelled
5331,52956,02-11-2022,,fedex,In Transit
5332,79213,25-12-2024,,usps,Delivered
5333,52445,08-09-2021,,delhivery,Delivered
5334,48979,02-05-2022,,fedex,Shipped
5335,72232,21-04-2023,,usps,Delivered
5336,85486,02-11-2020,,bluedart,Delivered
5337,21191,25-12-2021,,ups,Delivered
5338,51674,08-04-2023,,fedex,Delivered
5339,92944,19-09-2020,,dhl,Delivered
5340,56099,05-07-2023,,fedex,Delivered
5341,70665,17-01-2022,,dhl,Delivered
5342,30249,04-08-2020,,fedex,Delivered
5343,83905,10-04-2020,18-04-2020,usps,Returned
5344,29984,06-10-2020,05-11-2020,fedex,Returned
5345,82609,19-02-2023,,bluedart,Shipped
5346,75134,24-11-2023,,ups,Delivered
5347,22230,06-03-2021,,fedex,Delivered
5348,43006,30-12-2023,,dhl,Delivered
5349,5724,28-07-2021,,bluedart,Shipped
5350,5369,15-05-2024,,ups,Shipped
5351,43548,19-01-2022,,bluedart,Delivered
5352,99996,13-08-2023,,usps,In Transit
5353,98510,13-11-2020,,bluedart,Delivered
5354,25458,10-07-2024,,bluedart,Delivered
5355,11838,05-04-2022,,dhl,Delivered
5356,60967,05-03-2020,,bluedart,In Transit
5357,5348,27-01-2023,,fedex,Delivered
5358,1905,22-07-2024,,fedex,Delivered
5359,48435,02-01-2021,,fedex,Shipped
5360,27081,06-03-2020,,dhl,Delivered
5361,77247,07-09-2024,,usps,Delivered
5362,55930,21-04-2024,,bluedart,Delivered
5363,8414,02-07-2021,,delhivery,Delivered
5364,8855,08-08-2024,,bluedart,Delivered
5365,34106,28-01-2023,,dhl,Delivered
5366,57032,16-07-2023,,bluedart,Delivered
5367,10010,22-09-2020,,fedex,Shipped
5368,19385,05-08-2020,,bluedart,Delivered
5369,3559,30-04-2020,,fedex,Delivered
5370,83025,05-08-2020,,dhl,Delivered
5371,32091,08-07-2021,,fedex,Delivered
5372,5933,23-06-2022,30-06-2022,fedex,Returned
5373,18757,22-02-2024,05-03-2024,bluedart,Returned
5374,56080,27-08-2022,,bluedart,Delivered
5375,76582,14-08-2023,,fedex,Delivered
5376,43420,03-06-2021,,dhl,Delivered
5377,32790,08-12-2023,,fedex,Delivered
5378,79768,30-06-2022,,fedex,In Transit
5379,88719,17-08-2021,,dhl,Delivered
5380,92567,14-07-2022,,usps,Delivered
5381,66001,06-10-2021,,dhl,In Transit
5382,8198,30-05-2020,,dhl,Delivered
5383,30722,20-09-2023,,bluedart,Delivered
5384,23608,12-06-2021,,bluedart,Delivered
5385,19018,24-04-2022,,fedex,Delivered
5386,99606,17-07-2023,04-08-2023,fedex,Returned
5387,40426,18-08-2021,,fedex,Cancelled
5388,55638,18-08-2021,,fedex,Delivered
5389,31980,22-03-2021,30-03-2021,fedex,Returned
5390,96256,15-02-2021,28-02-2021,usps,Returned
5391,38337,18-01-2021,,fedex,Delivered
5392,7710,07-02-2020,,ups,Delivered
5393,72022,05-05-2023,,fedex,Delivered
5394,57704,12-12-2021,,dhl,Delivered
5395,78032,04-06-2020,,fedex,Delivered
5396,88704,22-11-2023,,ups,Shipped
5397,95847,08-08-2023,,fedex,Delivered
5398,61471,15-11-2020,,bluedart,Delivered
5399,30513,27-11-2020,,dhl,Delivered
5400,15399,11-12-2024,,fedex,Delivered
5401,4518,26-09-2024,,fedex,Delivered
5402,67503,24-03-2022,,fedex,Cancelled
5403,87943,05-07-2024,,usps,Delivered
5404,20560,23-12-2020,,fedex,Delivered
5405,31428,03-08-2020,,ups,Delivered
5406,47988,10-01-2024,,ups,Cancelled
5407,58069,07-02-2020,,fedex,Delivered
5408,93803,03-12-2023,,fedex,Cancelled
5409,47278,12-03-2022,,fedex,Shipped
5410,73823,18-12-2021,,dhl,Delivered
5411,38179,08-03-2020,,dhl,Delivered
5412,4620,11-11-2022,,fedex,Shipped
5413,74882,03-05-2024,,fedex,Delivered
5414,45283,02-05-2020,,bluedart,Delivered
5415,9869,10-01-2022,,usps,In Transit
5416,52850,25-11-2022,,ups,Cancelled
5417,21002,02-05-2024,,fedex,Delivered
5418,44223,21-09-2023,,ups,Delivered
5419,22938,15-01-2021,,dhl,Delivered
5420,52172,05-09-2024,,ups,Delivered
5421,19446,26-08-2020,,fedex,Shipped
5422,37883,27-07-2024,,ups,Delivered
5423,5949,05-10-2022,,bluedart,Delivered
5424,37654,29-01-2024,,fedex,Delivered
5425,54406,19-07-2021,,fedex,Delivered
5426,35538,24-02-2020,,fedex,Delivered
5427,71736,22-02-2020,,bluedart,Shipped
5428,75830,11-03-2024,,fedex,Cancelled
5429,93187,25-11-2021,,ups,In Transit
5430,48805,25-08-2022,,fedex,Shipped
5431,55850,07-03-2024,,fedex,Delivered
5432,97240,16-07-2022,,fedex,Delivered
5433,87684,02-02-2021,,fedex,Delivered
5434,60635,03-06-2024,,ups,Delivered
5435,16476,01-03-2021,,usps,Delivered
5436,77516,10-04-2021,,fedex,Delivered
5437,97075,08-12-2020,,dhl,Delivered
5438,98786,25-02-2020,,dhl,Delivered
5439,34467,18-08-2024,,fedex,Shipped
5440,64373,15-02-2022,,ups,Delivered
5441,60445,11-11-2023,,usps,Delivered
5442,5200,07-04-2023,,fedex,Shipped
5443,39318,01-10-2020,,fedex,Delivered
5444,28748,22-12-2021,,ups,Shipped
5445,88625,09-11-2023,,ups,In Transit
5446,24205,10-03-2022,,fedex,Delivered
5447,97495,04-05-2023,,fedex,Delivered
5448,42085,04-09-2021,,dhl,Delivered
5449,48988,02-06-2022,30-06-2022,dhl,Returned
5450,31210,15-12-2021,,fedex,Shipped
5451,97162,11-02-2023,,fedex,Delivered
5452,26367,16-07-2022,08-08-2022,ups,Returned
5453,77118,02-03-2024,,fedex,Delivered
5454,17673,25-06-2022,,dhl,Delivered
5455,63402,03-02-2024,,dhl,Delivered
5456,18647,03-08-2021,,bluedart,Delivered
5457,82748,15-05-2020,,fedex,Cancelled
5458,34458,27-03-2021,,dhl,Delivered
5459,19659,14-09-2021,,fedex,Delivered
5460,11936,30-11-2023,15-12-2023,bluedart,Returned
5461,70931,10-01-2021,,dhl,Delivered
5462,12638,28-04-2024,,bluedart,Delivered
5463,47173,27-11-2022,,bluedart,Delivered
5464,94560,15-07-2023,,dhl,Shipped
5465,84931,08-12-2023,,ups,Shipped
5466,78085,27-12-2020,,fedex,Delivered
5467,27504,03-12-2024,,fedex,Delivered
5468,68819,01-07-2020,,dhl,Delivered
5469,54062,14-09-2021,08-10-2021,fedex,Returned
5470,20090,16-01-2023,,delhivery,Delivered
5471,8246,01-04-2024,,fedex,Delivered
5472,33939,06-10-2023,,dhl,Delivered
5473,54071,28-08-2022,,dhl,Delivered
5474,71636,08-12-2022,,ups,Delivered
5475,84459,06-02-2024,,fedex,Delivered
5476,58497,23-07-2022,,ups,Delivered
5477,35331,03-07-2022,,fedex,Shipped
5478,38672,12-06-2021,,dhl,Shipped
5479,6766,24-09-2020,,ups,Delivered
5480,73712,07-06-2022,,fedex,Delivered
5481,69619,16-04-2021,,ups,Delivered
5482,79005,09-03-2023,,bluedart,Delivered
5483,86171,10-02-2023,,fedex,Delivered
5484,53719,02-07-2020,,dhl,Delivered
5485,44004,31-07-2021,,ups,Shipped
5486,16769,16-11-2022,,fedex,Delivered
5487,83098,23-01-2021,29-01-2021,dhl,Returned
5488,39765,10-06-2021,,bluedart,Delivered
5489,92580,17-07-2022,,delhivery,Delivered
5490,56966,05-03-2024,,dhl,Delivered
5491,25418,13-06-2024,,fedex,In Transit
5492,77425,28-11-2020,,ups,Delivered
5493,85662,10-02-2024,,fedex,Delivered
5494,61527,24-04-2023,,fedex,Delivered
5495,88064,23-07-2023,,fedex,Delivered
5496,99878,14-04-2021,,dhl,Delivered
5497,60258,14-06-2022,,ups,Shipped
5498,90040,03-05-2024,,fedex,Delivered
5499,51457,13-09-2024,,ups,Delivered
5500,98380,16-07-2021,,fedex,Delivered
5501,59949,09-06-2023,08-07-2023,delhivery,Returned
5502,61815,17-11-2020,,delhivery,Delivered
5503,2426,21-06-2020,,dhl,Delivered
5504,98299,22-05-2020,,bluedart,Cancelled
5505,41117,21-09-2021,,bluedart,Delivered
5506,91324,12-05-2020,,fedex,Delivered
5507,21317,16-10-2024,,fedex,Delivered
5508,29975,02-04-2021,,bluedart,Delivered
5509,92941,29-07-2020,,fedex,Delivered
5510,66888,13-05-2024,,dhl,Delivered
5511,97059,23-10-2020,,bluedart,Delivered
5512,1204,16-05-2021,,usps,Delivered
5513,96120,26-02-2020,,fedex,Delivered
5514,52288,05-01-2022,,fedex,Shipped
5515,21810,31-03-2021,,fedex,Delivered
5516,98883,15-09-2022,,dhl,Cancelled
5517,48158,07-03-2023,,ups,Cancelled
5518,99990,18-03-2024,,dhl,In Transit
5519,97951,11-04-2024,,dhl,Cancelled
5520,59479,08-12-2023,,ups,Delivered
5521,86317,02-04-2020,,dhl,Delivered
5522,29195,21-08-2021,,bluedart,Delivered
5523,73486,16-08-2022,,ups,Delivered
5524,7716,05-04-2020,24-04-2020,dhl,Returned
5525,24286,16-12-2024,,bluedart,Delivered
5526,28173,21-01-2021,,fedex,Delivered
5527,74218,16-03-2023,,fedex,Delivered
5528,90394,03-07-2022,,fedex,Delivered
5529,8350,20-01-2024,,fedex,Delivered
5530,86214,20-03-2021,,fedex,Delivered
5531,82973,19-08-2024,,ups,Delivered
5532,70432,18-08-2021,,fedex,Delivered
5533,3326,01-08-2022,,dhl,Delivered
5534,60247,14-08-2021,,ups,Delivered
5535,23161,15-06-2023,,ups,Delivered
5536,67155,26-11-2023,,fedex,Delivered
5537,65331,16-06-2022,,fedex,Delivered
5538,75957,26-10-2022,,bluedart,Shipped
5539,73819,15-12-2022,,bluedart,Shipped
5540,8556,16-09-2024,,bluedart,Delivered
5541,47618,13-07-2024,,fedex,Delivered
5542,41765,15-06-2021,,fedex,Delivered
5543,76504,12-01-2022,,fedex,Delivered
5544,14055,02-09-2024,,bluedart,Delivered
5545,26772,03-06-2022,,fedex,Delivered
5546,13726,09-09-2021,,fedex,Delivered
5547,25885,23-06-2022,28-06-2022,bluedart,Returned
5548,34141,13-05-2023,,ups,In Transit
5549,35319,31-10-2021,,dhl,Delivered
5550,38643,17-03-2022,,bluedart,Delivered
5551,51790,20-05-2022,,bluedart,Delivered
5552,95833,26-12-2020,,fedex,Delivered
5553,2348,28-03-2020,,fedex,Delivered
5554,65673,29-09-2023,,fedex,Delivered
5555,81326,10-10-2022,,fedex,Delivered
5556,28026,06-12-2023,,dhl,Shipped
5557,47500,18-09-2023,28-09-2023,fedex,Returned
5558,50976,22-09-2022,,dhl,Cancelled
5559,18657,05-06-2024,,fedex,Delivered
5560,21318,08-07-2021,,bluedart,Delivered
5561,43415,16-06-2021,,dhl,Delivered
5562,90306,03-09-2020,,dhl,Delivered
5563,34928,25-05-2022,,dhl,Delivered
5564,38288,24-11-2024,,fedex,Shipped
5565,17711,04-06-2022,,usps,Delivered
5566,93714,29-11-2020,,fedex,Delivered
5567,44673,20-07-2020,,delhivery,Delivered
5568,12424,03-04-2022,,delhivery,Delivered
5569,16195,10-09-2022,,fedex,Delivered
5570,19393,14-06-2021,,fedex,Delivered
5571,7870,29-06-2021,,bluedart,Delivered
5572,67087,27-06-2023,,bluedart,Delivered
5573,91242,22-11-2022,,fedex,Delivered
5574,57713,13-12-2023,,fedex,Cancelled
5575,94167,22-03-2021,,fedex,Delivered
5576,10878,21-03-2022,,fedex,In Transit
5577,25265,29-11-2020,,fedex,Delivered
5578,92501,01-03-2024,,fedex,Delivered
5579,57238,09-12-2022,,fedex,Shipped
5580,46472,27-05-2024,,ups,Delivered
5581,14661,11-10-2023,16-10-2023,delhivery,Returned
5582,39542,29-10-2023,09-11-2023,dhl,Returned
5583,79086,20-11-2022,04-12-2022,bluedart,Returned
5584,43730,24-05-2023,,bluedart,Delivered
5585,18075,19-10-2023,,fedex,Shipped
5586,35861,26-09-2024,,ups,Delivered
5587,71314,02-10-2021,,fedex,Delivered
5588,45607,09-06-2023,,bluedart,In Transit
5589,22986,05-08-2023,,fedex,Delivered
5590,84427,25-10-2024,,dhl,Delivered
5591,93257,25-07-2022,,fedex,Shipped
5592,32160,27-03-2021,,dhl,Delivered
5593,1291,10-11-2021,,bluedart,Delivered
5594,41243,18-12-2024,,ups,Delivered
5595,73939,22-04-2021,,bluedart,Delivered
5596,60682,31-08-2021,,ups,Delivered
5597,96742,25-09-2023,,dhl,Delivered
5598,4323,13-11-2023,,ups,Delivered
5599,49567,06-04-2020,,dhl,Delivered
5600,73883,15-02-2024,,bluedart,Shipped
5601,99384,04-08-2023,,fedex,Delivered
5602,95919,03-07-2022,,dhl,Delivered
5603,75399,13-09-2024,,bluedart,Delivered
5604,3533,08-12-2020,,dhl,Delivered
5605,54528,03-06-2020,,fedex,In Transit
5606,3570,11-09-2022,,ups,Delivered
5607,96232,05-08-2021,,fedex,Shipped
5608,8314,12-02-2021,,fedex,Delivered
5609,65990,05-12-2021,,bluedart,Delivered
5610,32486,13-02-2021,,fedex,Delivered
5611,21929,21-10-2023,,bluedart,Delivered
5612,80961,02-08-2024,,fedex,Delivered
5613,79056,27-10-2024,,fedex,Shipped
5614,44186,15-06-2023,,usps,Delivered
5615,63671,10-04-2020,,fedex,Delivered
5616,43948,13-04-2022,,dhl,In Transit
5617,28171,28-12-2021,,usps,Delivered
5618,2069,11-11-2022,,fedex,Delivered
5619,14017,21-10-2022,,fedex,Delivered
5620,23604,27-07-2022,,ups,Delivered
5621,43140,15-04-2021,,bluedart,Delivered
5622,25082,25-03-2024,,dhl,Delivered
5623,75408,14-09-2020,,fedex,Delivered
5624,95963,29-07-2022,,fedex,Delivered
5625,61608,01-11-2022,,fedex,In Transit
5626,42347,07-07-2024,,fedex,Delivered
5627,68530,11-12-2021,,dhl,Delivered
5628,42906,09-08-2024,,bluedart,Cancelled
5629,86551,01-05-2020,,delhivery,Delivered
5630,83812,27-07-2022,,usps,Delivered
5631,85850,13-07-2020,,fedex,Delivered
5632,11493,02-08-2020,,bluedart,Delivered
5633,20350,24-06-2023,,dhl,Delivered
5634,8402,28-04-2023,,delhivery,Delivered
5635,12423,15-10-2020,,fedex,Delivered
5636,50336,17-06-2021,,dhl,Delivered
5637,36154,20-11-2022,,fedex,Delivered
5638,39293,20-07-2022,,fedex,Delivered
5639,95646,20-12-2024,,delhivery,Delivered
5640,78948,22-07-2020,,fedex,Delivered
5641,5526,30-01-2022,,fedex,Delivered
5642,85649,13-07-2021,,fedex,Delivered
5643,78235,08-03-2024,13-03-2024,ups,Returned
5644,60615,29-12-2022,,usps,Delivered
5645,66300,22-02-2022,,dhl,Delivered
5646,35524,17-07-2021,,fedex,Delivered
5647,32266,13-08-2020,,fedex,Delivered
5648,72068,10-05-2021,,usps,Delivered
5649,97856,05-07-2021,,bluedart,Delivered
5650,63471,24-02-2023,,fedex,Delivered
5651,71588,19-09-2020,,bluedart,Delivered
5652,12302,27-10-2020,,fedex,Delivered
5653,47605,12-02-2021,,dhl,Delivered
5654,7334,21-02-2021,,fedex,Delivered
5655,57592,04-04-2020,,bluedart,Delivered
5656,15663,04-11-2020,,bluedart,Delivered
5657,76611,02-07-2023,,fedex,Delivered
5658,39182,13-07-2020,04-08-2020,bluedart,Returned
5659,30339,23-12-2023,,ups,Delivered
5660,41606,07-02-2023,,dhl,Delivered
5661,19325,14-09-2024,,dhl,Delivered
5662,61488,13-03-2023,,fedex,Delivered
5663,69922,22-04-2020,,ups,Cancelled
5664,49604,28-10-2020,,fedex,Delivered
5665,60574,27-08-2022,,dhl,Delivered
5666,30646,28-05-2023,,dhl,Delivered
5667,89067,20-01-2020,,fedex,Delivered
5668,81674,18-11-2021,,fedex,Shipped
5669,27702,06-05-2022,,ups,Delivered
5670,59321,29-09-2023,,ups,Delivered
5671,25876,08-10-2023,,bluedart,Delivered
5672,24009,05-05-2021,,fedex,Delivered
5673,8474,03-10-2022,,fedex,Delivered
5674,85343,01-12-2020,,fedex,Delivered
5675,1868,09-10-2023,,dhl,Delivered
5676,26171,25-06-2020,,dhl,Delivered
5677,80324,26-05-2021,,ups,Delivered
5678,52270,25-06-2023,,bluedart,Delivered
5679,53072,23-10-2021,,fedex,Delivered
5680,40629,14-05-2024,,usps,Delivered
5681,23089,07-04-2021,,delhivery,Delivered
5682,15742,24-07-2021,,fedex,Delivered
5683,44484,08-05-2020,30-05-2020,ups,Returned
5684,14673,23-07-2023,,dhl,Delivered
5685,65569,08-07-2023,,fedex,Delivered
5686,89890,18-02-2021,,ups,Delivered
5687,17863,28-01-2020,,fedex,Cancelled
5688,25854,28-02-2023,,dhl,Shipped
5689,47297,14-10-2020,,fedex,Delivered
5690,29387,08-04-2021,,fedex,Delivered
5691,31957,24-09-2021,,bluedart,Shipped
5692,10689,14-07-2022,,fedex,Delivered
5693,43995,15-08-2020,,fedex,Delivered
5694,52043,08-10-2022,,ups,Delivered
5695,15985,26-07-2020,,bluedart,Delivered
5696,58748,09-09-2021,,usps,Shipped
5697,78377,13-07-2023,,ups,Delivered
5698,51794,27-12-2024,,fedex,Delivered
5699,79738,19-10-2022,,dhl,Delivered
5700,56993,25-12-2021,,dhl,Shipped
5701,48534,24-07-2024,,dhl,Delivered
5702,77771,06-04-2021,,ups,Shipped
5703,34804,20-11-2023,,fedex,Delivered
5704,79296,27-11-2022,,bluedart,Shipped
5705,15496,03-12-2023,,dhl,Delivered
5706,99592,09-09-2021,,fedex,Delivered
5707,44715,13-11-2023,,usps,Delivered
5708,15155,14-08-2020,,fedex,Delivered
5709,32810,09-05-2020,,usps,Delivered
5710,59141,17-02-2024,,usps,Delivered
5711,24255,12-05-2024,,fedex,Delivered
5712,31698,29-08-2020,,usps,Delivered
5713,36274,08-08-2021,,dhl,Delivered
5714,94894,17-07-2022,,fedex,Delivered
5715,96102,17-12-2023,,bluedart,Delivered
5716,35927,02-05-2023,,bluedart,Shipped
5717,45388,27-10-2020,,fedex,Delivered
5718,67964,27-12-2021,,fedex,Delivered
5719,52082,14-08-2020,,ups,Delivered
5720,41593,03-09-2020,,fedex,Cancelled
5721,62958,03-01-2022,,dhl,Shipped
5722,73376,19-12-2023,,fedex,Shipped
5723,77298,27-03-2022,,fedex,Delivered
5724,11644,26-02-2020,,ups,Delivered
5725,27736,01-11-2023,,delhivery,Shipped
5726,52265,28-02-2022,,dhl,Delivered
5727,44618,31-03-2022,,usps,Delivered
5728,96494,03-09-2023,,fedex,Delivered
5729,24750,02-08-2020,,fedex,In Transit
5730,79369,05-07-2021,,usps,Delivered
5731,1183,29-08-2021,,ups,Delivered
5732,22849,05-10-2021,,fedex,Delivered
5733,88663,05-04-2024,,fedex,Shipped
5734,64660,19-05-2022,,usps,Delivered
5735,53607,27-08-2022,,bluedart,Cancelled
5736,1589,26-04-2023,,usps,Delivered
5737,42973,02-07-2020,,fedex,Shipped
5738,40085,04-09-2020,,fedex,Delivered
5739,3126,15-04-2024,,delhivery,Delivered
5740,29497,12-08-2024,,ups,Shipped
5741,25415,19-12-2020,,fedex,Cancelled
5742,72961,22-08-2020,,fedex,Delivered
5743,22646,10-09-2020,,ups,Delivered
5744,73058,25-08-2023,,bluedart,Delivered
5745,6558,16-01-2021,,bluedart,In Transit
5746,18912,03-04-2022,,ups,Delivered
5747,26030,27-04-2022,,fedex,Delivered
5748,67727,29-04-2024,,fedex,Delivered
5749,85768,29-05-2023,,bluedart,Delivered
5750,24626,14-03-2024,,fedex,Shipped
5751,36410,08-04-2023,,dhl,Shipped
5752,49654,26-06-2023,,fedex,Delivered
5753,42869,05-02-2020,,fedex,Delivered
5754,42803,16-01-2024,,delhivery,Delivered
5755,86180,01-12-2021,,dhl,In Transit
5756,76841,31-07-2021,,dhl,Delivered
5757,77176,14-12-2022,,fedex,Shipped
5758,88740,22-02-2024,,fedex,Delivered
5759,96500,26-03-2022,,bluedart,Delivered
5760,88857,01-07-2024,,delhivery,Delivered
5761,7052,18-05-2020,,delhivery,Shipped
5762,92257,17-02-2020,,dhl,Delivered
5763,93392,27-02-2024,,bluedart,Delivered
5764,27627,20-04-2024,,fedex,Delivered
5765,76057,21-03-2021,04-04-2021,fedex,Returned
5766,82968,23-02-2020,,fedex,Delivered
5767,64181,18-05-2022,,fedex,Cancelled
5768,13012,06-08-2022,,delhivery,Delivered
5769,93197,24-04-2022,,dhl,Delivered
5770,36893,24-07-2023,,fedex,Delivered
5771,19708,19-06-2021,18-07-2021,bluedart,Returned
5772,59592,07-02-2020,,dhl,Shipped
5773,41854,28-07-2022,,usps,Delivered
5774,79923,03-11-2020,,fedex,Delivered
5775,59972,14-09-2020,,fedex,Delivered
5776,51355,06-07-2022,,dhl,Delivered
5777,10899,01-04-2022,,bluedart,Cancelled
5778,87282,25-07-2023,,bluedart,Delivered
5779,36077,28-04-2023,,fedex,Delivered
5780,55397,12-09-2020,,fedex,Delivered
5781,7532,12-11-2021,,dhl,Delivered
5782,30868,23-09-2020,,usps,Delivered
5783,66611,29-02-2020,,fedex,Delivered
5784,59593,22-03-2022,,bluedart,Delivered
5785,34100,17-03-2021,,fedex,Delivered
5786,47369,07-08-2020,04-09-2020,fedex,Returned
5787,73599,13-12-2023,,fedex,Shipped
5788,46683,17-11-2020,,ups,Delivered
5789,47539,22-09-2020,,dhl,Delivered
5790,42879,31-03-2022,,usps,Delivered
5791,32918,11-01-2021,,dhl,Delivered
5792,84618,02-07-2023,,bluedart,In Transit
5793,65424,20-04-2024,,dhl,Delivered
5794,14879,12-02-2023,,delhivery,Delivered
5795,86738,14-11-2023,,ups,Delivered
5796,37223,07-03-2020,,dhl,Delivered
5797,65617,25-07-2024,,fedex,Shipped
5798,44530,07-03-2020,,dhl,Delivered
5799,78510,22-07-2023,,fedex,Delivered
5800,78471,05-02-2024,,bluedart,Delivered
5801,29866,25-11-2020,,fedex,In Transit
5802,67901,28-09-2021,,ups,Delivered
5803,40885,28-09-2024,,fedex,Shipped
5804,39728,22-06-2021,,fedex,In Transit
5805,56023,17-07-2021,,fedex,Delivered
5806,62645,04-03-2024,,dhl,Delivered
5807,40948,10-09-2020,,dhl,Delivered
5808,45652,09-02-2021,,usps,Shipped
5809,28542,25-04-2023,,ups,Delivered
5810,73573,02-03-2024,,ups,Delivered
5811,55649,30-08-2022,,bluedart,Delivered
5812,15862,03-01-2023,,dhl,Delivered
5813,81750,29-08-2023,,fedex,Delivered
5814,78820,24-04-2023,,usps,Delivered
5815,21958,25-08-2023,,dhl,Delivered
5816,74323,19-07-2021,,delhivery,Delivered
5817,50981,22-01-2024,,delhivery,Delivered
5818,14899,13-05-2022,,bluedart,Delivered
5819,3607,06-07-2023,,fedex,Delivered
5820,11858,26-09-2024,,fedex,Delivered
5821,55769,29-07-2023,,fedex,Delivered
5822,84197,05-11-2021,,bluedart,Delivered
5823,97452,20-07-2023,,dhl,Delivered
5824,18383,01-11-2023,,fedex,Delivered
5825,70823,02-07-2020,,fedex,Cancelled
5826,91646,09-03-2023,,bluedart,In Transit
5827,13547,01-10-2024,,ups,Delivered
5828,90841,04-05-2020,,fedex,Delivered
5829,36305,14-03-2021,,fedex,Delivered
5830,58168,30-09-2024,,bluedart,Delivered
5831,39384,21-10-2023,,bluedart,Delivered
5832,57456,22-01-2021,,fedex,Delivered
5833,9584,25-10-2020,,fedex,Delivered
5834,11069,16-08-2021,,usps,Shipped
5835,57983,23-12-2023,,fedex,Delivered
5836,57637,29-03-2023,,usps,In Transit
5837,3712,20-07-2024,,fedex,Delivered
5838,47501,13-12-2022,,dhl,Shipped
5839,20054,26-09-2022,,fedex,Delivered
5840,47659,18-09-2022,,fedex,Delivered
5841,95303,23-08-2023,,dhl,In Transit
5842,14552,14-04-2020,,dhl,Delivered
5843,5002,28-02-2022,,bluedart,Delivered
5844,47512,11-01-2022,,fedex,Delivered
5845,88597,22-11-2022,,bluedart,Delivered
5846,21157,16-04-2021,,dhl,In Transit
5847,39875,19-06-2021,,ups,Delivered
5848,71157,19-04-2024,,dhl,Delivered
5849,37974,22-12-2020,,fedex,Delivered
5850,78108,24-07-2023,,fedex,Delivered
5851,44877,08-04-2024,07-05-2024,delhivery,Returned
5852,42466,06-07-2021,21-07-2021,delhivery,Returned
5853,2016,25-01-2020,,fedex,Delivered
5854,93152,12-02-2023,,fedex,Shipped
5855,23044,23-05-2021,,delhivery,Delivered
5856,91492,03-09-2022,,fedex,Delivered
5857,26929,28-08-2020,,dhl,Delivered
5858,19898,08-11-2023,,fedex,In Transit
5859,91014,26-06-2022,,fedex,Delivered
5860,62561,14-05-2020,,fedex,Shipped
5861,56273,18-11-2022,,fedex,Shipped
5862,34814,04-02-2022,,fedex,Delivered
5863,65532,20-12-2021,,usps,In Transit
5864,82114,13-09-2021,,fedex,In Transit
5865,85048,28-08-2023,,bluedart,Delivered
5866,19428,26-09-2020,,fedex,Delivered
5867,26988,09-07-2020,28-07-2020,ups,Returned
5868,29419,06-12-2020,16-12-2020,fedex,Returned
5869,47215,16-08-2024,,fedex,Delivered
5870,31575,10-12-2023,,delhivery,Cancelled
5871,23736,02-09-2020,,fedex,Delivered
5872,5249,18-11-2021,,usps,Delivered
5873,5655,06-05-2022,,dhl,Delivered
5874,82824,28-02-2021,,dhl,Delivered
5875,42560,19-04-2021,,fedex,Delivered
5876,24301,28-05-2020,,dhl,Delivered
5877,51763,06-08-2024,,fedex,Delivered
5878,20615,31-07-2022,,fedex,Delivered
5879,35591,05-10-2022,,fedex,Delivered
5880,13128,19-01-2021,,fedex,Shipped
5881,42064,03-10-2024,,fedex,Delivered
5882,78986,16-02-2023,,fedex,Delivered
5883,70337,21-12-2024,,fedex,Delivered
5884,95899,24-10-2020,,dhl,Delivered
5885,43863,19-08-2020,,bluedart,Delivered
5886,55488,15-06-2023,,ups,Delivered
5887,82858,11-12-2024,20-12-2024,dhl,Returned
5888,9319,28-06-2021,,usps,Delivered
5889,59748,21-05-2024,,fedex,Delivered
5890,61987,29-09-2024,,fedex,Delivered
5891,42946,19-05-2022,,dhl,Delivered
5892,73540,23-04-2020,,ups,Delivered
5893,8529,18-01-2021,08-02-2021,dhl,Returned
5894,51534,12-02-2020,,delhivery,Delivered
5895,56904,01-07-2022,,bluedart,Delivered
5896,16565,11-03-2020,,fedex,Delivered
5897,2211,24-03-2022,,dhl,Delivered
5898,43187,22-02-2021,,delhivery,Delivered
5899,59189,28-05-2024,,dhl,Delivered
5900,11088,05-02-2021,,bluedart,Delivered
5901,87345,09-12-2021,,fedex,Delivered
5902,1029,19-09-2023,,fedex,Delivered
5903,31407,19-09-2021,,fedex,Delivered
5904,73848,12-06-2024,,bluedart,Delivered
5905,40943,30-11-2024,,fedex,Shipped
5906,71514,20-02-2022,,ups,Delivered
5907,40476,21-06-2021,,ups,Delivered
5908,82085,08-07-2022,,delhivery,Delivered
5909,51570,06-08-2024,,delhivery,Shipped
5910,45791,05-03-2022,,fedex,Delivered
5911,51038,30-10-2021,,usps,Delivered
5912,12017,14-04-2023,,fedex,Delivered
5913,87152,29-12-2023,,bluedart,Delivered
5914,3191,23-12-2020,,fedex,Delivered
5915,41334,08-05-2021,,dhl,Delivered
5916,90103,22-05-2022,,usps,Delivered
5917,34244,05-10-2021,,fedex,Delivered
5918,77056,22-09-2022,,dhl,Shipped
5919,55571,12-08-2024,,dhl,Delivered
5920,75158,24-01-2022,,fedex,Delivered
5921,62760,20-12-2020,,ups,Delivered
5922,6371,04-06-2024,,bluedart,Delivered
5923,15090,27-09-2024,,dhl,Delivered
5924,65836,20-09-2024,,fedex,Delivered
5925,83728,04-03-2020,,fedex,Delivered
5926,99508,18-12-2022,,bluedart,Delivered
5927,82431,30-10-2020,,usps,Delivered
5928,99951,24-09-2023,,fedex,Shipped
5929,27838,08-01-2023,,fedex,Delivered
5930,65591,11-05-2022,,ups,Delivered
5931,9296,26-07-2020,,bluedart,Delivered
5932,70602,05-11-2023,,usps,Shipped
5933,59286,28-11-2021,,fedex,Delivered
5934,48263,10-10-2021,,dhl,In Transit
5935,56987,26-11-2023,,dhl,Delivered
5936,5920,04-05-2024,,bluedart,Delivered
5937,64358,23-10-2022,,ups,Delivered
5938,18354,10-02-2020,,dhl,Delivered
5939,98595,10-01-2020,,fedex,Delivered
5940,84295,31-03-2020,,dhl,Delivered
5941,12127,24-01-2021,,dhl,Delivered
5942,95952,25-02-2021,,bluedart,Delivered
5943,62903,16-01-2020,,delhivery,Cancelled
5944,6446,16-01-2023,,ups,Shipped
5945,37266,29-07-2020,,delhivery,Delivered
5946,57810,17-04-2024,,dhl,Delivered
5947,64644,14-12-2021,,fedex,Delivered
5948,76915,26-08-2020,,delhivery,Delivered
5949,57676,14-02-2020,,fedex,Delivered
5950,86092,09-12-2022,,ups,Delivered
5951,66929,31-12-2021,,fedex,Delivered
5952,84515,09-04-2022,,bluedart,Delivered
5953,39489,07-03-2024,,bluedart,Delivered
5954,62740,19-11-2022,,fedex,Delivered
5955,4328,23-05-2021,,dhl,Shipped
5956,8321,18-01-2024,,ups,Delivered
5957,47631,13-05-2021,,fedex,Delivered
5958,3360,02-11-2020,,dhl,Delivered
5959,51203,10-11-2021,,fedex,Delivered
5960,74633,10-02-2024,,fedex,Delivered
5961,51672,06-12-2022,,dhl,Delivered
5962,69144,05-05-2021,15-05-2021,usps,Returned
5963,45758,16-11-2022,,dhl,Delivered
5964,26454,06-07-2020,,dhl,Delivered
5965,34368,05-06-2021,,ups,Delivered
5966,59707,12-05-2021,,ups,In Transit
5967,26346,26-04-2023,,fedex,Delivered
5968,4118,11-11-2023,,fedex,Delivered
5969,50501,11-04-2020,,dhl,Delivered
5970,4603,26-11-2023,,dhl,Delivered
5971,50951,11-05-2023,,fedex,Cancelled
5972,14614,31-01-2021,,delhivery,Delivered
5973,22558,07-05-2022,,fedex,Delivered
5974,68435,21-09-2021,,bluedart,Delivered
5975,50177,15-08-2024,,fedex,Delivered
5976,23106,09-10-2020,31-10-2020,fedex,Returned
5977,28632,19-02-2023,,fedex,Delivered
5978,17375,10-03-2022,,ups,Cancelled
5979,38924,27-11-2023,,fedex,Delivered
5980,38134,15-09-2021,,fedex,In Transit
5981,81145,10-12-2023,,dhl,Delivered
5982,78607,27-01-2021,,fedex,Delivered
5983,94664,05-04-2021,,fedex,Cancelled
5984,75157,11-01-2024,,fedex,Delivered
5985,92488,26-03-2024,,usps,Delivered
5986,5840,04-05-2023,,delhivery,Delivered
5987,56884,28-05-2021,,fedex,Delivered
5988,24636,12-02-2021,,dhl,Delivered
5989,83821,18-08-2020,,dhl,Delivered
5990,57288,09-09-2021,,fedex,Delivered
5991,30423,28-03-2024,,fedex,Delivered
5992,84196,10-12-2021,,ups,Shipped
5993,68147,23-05-2024,,fedex,Delivered
5994,6290,14-04-2023,,fedex,Delivered
5995,70084,07-11-2024,,ups,Shipped
5996,33721,24-12-2024,,ups,Delivered
5997,23042,12-07-2021,,ups,Delivered
5998,31417,25-06-2021,,fedex,Delivered
5999,97976,02-08-2021,,fedex,Delivered
6000,63850,16-09-2022,,dhl,In Transit
6001,35692,12-11-2023,,dhl,Shipped
6002,74169,22-11-2021,,ups,Delivered
6003,65814,23-06-2023,,bluedart,Delivered
6004,73796,25-11-2024,,fedex,Delivered
6005,80091,23-12-2022,,ups,Delivered
6006,80966,03-03-2024,,fedex,Delivered
6007,29192,05-12-2022,,dhl,Delivered
6008,64868,08-11-2023,,fedex,Shipped
6009,21431,31-01-2023,,bluedart,Shipped
6010,91791,31-03-2023,,fedex,Delivered
6011,39449,27-10-2023,,bluedart,Delivered
6012,12824,20-11-2022,,bluedart,Delivered
6013,31750,20-01-2022,,dhl,Delivered
6014,63126,22-08-2023,,fedex,Delivered
6015,81502,12-09-2021,,fedex,Delivered
6016,14676,16-01-2022,,fedex,Delivered
6017,56434,27-11-2024,,delhivery,Delivered
6018,66228,22-12-2024,27-12-2024,ups,Returned
6019,58586,22-07-2022,,bluedart,Delivered
6020,46422,21-04-2022,,dhl,Shipped
6021,8817,04-06-2022,,fedex,Delivered
6022,58370,27-04-2020,20-05-2020,fedex,Returned
6023,34817,07-09-2021,,bluedart,Shipped
6024,55342,25-02-2023,,fedex,Shipped
6025,51121,17-01-2024,,dhl,Delivered
6026,69986,03-12-2020,,delhivery,Delivered
6027,67917,18-03-2020,,fedex,Delivered
6028,32469,13-03-2020,,fedex,Delivered
6029,68138,13-12-2022,,bluedart,Shipped
6030,70977,03-07-2021,,ups,Delivered
6031,18949,20-11-2022,,bluedart,Delivered
6032,60321,09-09-2023,,fedex,Delivered
6033,81345,10-11-2024,,fedex,Delivered
6034,16438,19-10-2022,,ups,Delivered
6035,85582,23-08-2022,,delhivery,In Transit
6036,91224,21-11-2021,,fedex,Shipped
6037,5361,11-11-2021,,ups,Delivered
6038,96000,04-05-2022,,bluedart,Delivered
6039,80817,19-08-2020,,ups,Delivered
6040,9450,10-05-2022,,bluedart,Cancelled
6041,6301,08-11-2021,,fedex,Delivered
6042,75628,14-11-2021,,fedex,Cancelled
6043,84564,20-11-2021,,fedex,Delivered
6044,88158,10-09-2023,,fedex,Delivered
6045,43788,02-01-2025,,ups,Delivered
6046,42321,04-07-2021,,bluedart,Delivered
6047,17284,04-02-2024,,dhl,Delivered
6048,70285,14-01-2023,,fedex,Delivered
6049,8541,18-01-2022,,fedex,Delivered
6050,66895,07-09-2021,,dhl,Shipped
6051,17741,15-01-2023,,usps,In Transit
6052,33078,27-07-2024,,bluedart,Shipped
6053,45866,11-10-2020,,dhl,Delivered
6054,3839,26-07-2021,,fedex,Delivered
6055,2243,31-05-2022,,fedex,Delivered
6056,29374,01-11-2021,,fedex,Delivered
6057,40335,29-08-2023,,bluedart,In Transit
6058,20782,23-08-2021,,fedex,Delivered
6059,6236,06-01-2022,,ups,Delivered
6060,79983,21-04-2021,,fedex,Delivered
6061,45839,01-06-2020,,usps,Delivered
6062,22491,09-08-2020,18-08-2020,bluedart,Returned
6063,9432,03-08-2020,,fedex,Delivered
6064,31330,16-10-2022,,dhl,Delivered
6065,42116,02-05-2024,,ups,Delivered
6066,50777,17-04-2023,,bluedart,Delivered
6067,38734,19-10-2022,,fedex,Delivered
6068,74025,20-06-2021,,ups,Delivered
6069,80451,05-11-2024,,fedex,Cancelled
6070,81977,03-04-2022,17-04-2022,ups,Returned
6071,66709,18-09-2022,,fedex,Delivered
6072,5606,12-06-2021,,dhl,Delivered
6073,55839,11-12-2024,19-12-2024,fedex,Returned
6074,6161,27-03-2024,,usps,Delivered
6075,50807,07-03-2023,,fedex,Cancelled
6076,55079,11-09-2023,,fedex,In Transit
6077,16408,01-04-2020,,fedex,Delivered
6078,59779,05-07-2024,,fedex,Delivered
6079,31005,20-05-2020,,bluedart,In Transit
6080,96561,04-01-2023,,bluedart,Delivered
6081,94112,15-03-2021,,fedex,Delivered
6082,41413,25-06-2023,14-07-2023,dhl,Returned
6083,16041,17-08-2021,,usps,Delivered
6084,85209,24-11-2023,,fedex,Delivered
6085,88042,31-12-2021,,delhivery,Shipped
6086,15130,21-09-2020,,fedex,Shipped
6087,93886,15-12-2023,,fedex,Shipped
6088,55840,21-02-2023,,dhl,In Transit
6089,74308,21-10-2022,,ups,Shipped
6090,2823,22-09-2020,,delhivery,Delivered
6091,76174,03-05-2022,,fedex,Delivered
6092,5745,01-05-2023,,ups,Delivered
6093,26957,25-08-2020,,dhl,Cancelled
6094,55994,15-09-2021,,dhl,Cancelled
6095,59265,15-04-2022,,fedex,Delivered
6096,32871,09-01-2022,,dhl,Delivered
6097,19469,14-04-2021,,fedex,Delivered
6098,1508,04-08-2021,,fedex,Delivered
6099,8810,26-01-2021,,dhl,Delivered
6100,45519,05-02-2023,,usps,Delivered
6101,12910,16-08-2022,,delhivery,Delivered
6102,39317,10-08-2023,,fedex,Delivered
6103,86968,25-04-2024,,fedex,Delivered
6104,56220,17-01-2021,,ups,Delivered
6105,40380,17-10-2022,,fedex,Delivered
6106,67039,07-08-2021,,bluedart,Delivered
6107,77786,04-09-2024,,fedex,Delivered
6108,3325,18-05-2021,,fedex,Cancelled
6109,94958,26-09-2024,,bluedart,In Transit
6110,69664,31-08-2020,,ups,Shipped
6111,98475,01-10-2024,,bluedart,Delivered
6112,40549,23-06-2024,,fedex,Delivered
6113,78359,15-05-2020,,fedex,In Transit
6114,39885,29-11-2024,,usps,Delivered
6115,28345,31-01-2022,,dhl,Shipped
6116,50277,25-11-2022,,bluedart,Delivered
6117,70936,07-12-2020,,bluedart,Delivered
6118,67992,05-09-2022,,ups,Delivered
6119,90245,31-12-2022,,dhl,Delivered
6120,66535,26-08-2021,,fedex,Delivered
6121,40329,09-04-2023,,dhl,Delivered
6122,57241,22-04-2020,,dhl,Delivered
6123,12037,18-02-2020,,bluedart,Delivered
6124,11730,06-02-2024,,dhl,Delivered
6125,72673,26-11-2020,,usps,Delivered
6126,64065,13-12-2022,,fedex,Delivered
6127,64890,12-12-2020,,ups,Delivered
6128,66960,07-04-2020,,fedex,Delivered
6129,55193,12-11-2023,,bluedart,Delivered
6130,11759,08-05-2022,,fedex,Delivered
6131,58402,07-03-2021,15-03-2021,dhl,Returned
6132,6056,08-12-2023,,fedex,Delivered
6133,44173,20-01-2023,,fedex,Delivered
6134,24753,30-01-2021,,bluedart,Delivered
6135,44915,13-03-2023,,fedex,Delivered
6136,86100,29-09-2023,,dhl,Delivered
6137,60179,08-01-2023,29-01-2023,fedex,Returned
6138,40941,17-04-2020,,dhl,Delivered
6139,80900,07-02-2020,,usps,Delivered
6140,9298,09-07-2021,,bluedart,Delivered
6141,4680,08-09-2024,,fedex,Shipped
6142,7537,11-10-2023,,bluedart,Delivered
6143,46253,15-07-2020,,fedex,Delivered
6144,98889,23-12-2021,,delhivery,Delivered
6145,22370,01-10-2024,,dhl,Delivered
6146,72309,26-10-2021,,ups,Delivered
6147,63755,12-05-2022,,fedex,Delivered
6148,53857,05-06-2021,,dhl,Delivered
6149,27424,24-07-2020,,fedex,Delivered
6150,23295,31-01-2023,,fedex,Delivered
6151,81235,24-01-2021,,fedex,Delivered
6152,9484,05-04-2024,,dhl,Delivered
6153,13312,21-08-2022,,ups,Delivered
6154,35481,28-02-2023,,usps,Delivered
6155,87643,20-08-2023,,ups,Delivered
6156,95005,11-10-2023,,fedex,In Transit
6157,20564,17-08-2021,,dhl,Delivered
6158,38341,13-12-2022,,bluedart,In Transit
6159,74319,18-07-2023,,dhl,Delivered
6160,88788,15-01-2020,,fedex,Delivered
6161,84101,14-11-2023,,usps,Delivered
6162,99991,04-02-2020,,fedex,Delivered
6163,12588,30-05-2023,,usps,Delivered
6164,63678,06-03-2022,,dhl,Shipped
6165,40589,23-07-2023,,dhl,Cancelled
6166,64641,20-05-2024,,dhl,Delivered
6167,9264,20-11-2023,,fedex,Delivered
6168,40713,26-04-2023,,ups,Delivered
6169,90457,01-07-2023,,dhl,Shipped
6170,2129,22-09-2023,,fedex,Cancelled
6171,16689,14-05-2023,,fedex,Delivered
6172,14759,08-09-2020,,dhl,Delivered
6173,9692,30-11-2021,,dhl,Delivered
6174,82449,19-10-2021,,fedex,Delivered
6175,43350,15-05-2020,,fedex,Cancelled
6176,8782,02-06-2023,,bluedart,Delivered
6177,38375,14-10-2020,,fedex,Shipped
6178,66127,25-11-2021,,fedex,Delivered
6179,34905,10-04-2020,,fedex,Cancelled
6180,52934,12-01-2023,,fedex,Delivered
6181,25542,29-11-2022,,bluedart,Delivered
6182,10720,04-09-2020,,fedex,Delivered
6183,39783,03-10-2024,,bluedart,Delivered
6184,43056,29-04-2022,,delhivery,Delivered
6185,55658,26-02-2023,,fedex,Delivered
6186,40798,09-11-2023,,fedex,Delivered
6187,54454,19-12-2020,,dhl,Delivered
6188,15401,11-01-2021,,dhl,Cancelled
6189,73876,16-04-2020,,fedex,Delivered
6190,68000,03-07-2020,,ups,Delivered
6191,73715,25-06-2020,,dhl,Shipped
6192,7652,02-08-2023,,dhl,Delivered
6193,80452,26-01-2023,,bluedart,Delivered
6194,71396,25-09-2023,,fedex,Delivered
6195,91675,29-08-2023,,ups,Delivered
6196,67255,12-02-2022,,fedex,Delivered
6197,94332,22-02-2023,,fedex,Delivered
6198,68566,24-12-2024,,bluedart,Delivered
6199,48205,13-01-2023,,fedex,Delivered
6200,38448,25-09-2020,,fedex,Delivered
6201,84626,22-12-2022,,fedex,Delivered
6202,82476,03-06-2023,,bluedart,Delivered
6203,55358,30-09-2022,,ups,Delivered
6204,45087,27-05-2023,,dhl,Delivered
6205,64014,14-04-2020,,fedex,Delivered
6206,26180,17-12-2021,,dhl,Delivered
6207,13648,17-08-2022,,usps,Delivered
6208,13874,06-01-2021,,usps,Cancelled
6209,85871,04-06-2024,,fedex,Delivered
6210,36729,05-06-2023,,bluedart,Delivered
6211,72159,17-04-2023,,fedex,Delivered
6212,20449,05-06-2021,,fedex,Delivered
6213,5734,13-06-2021,,fedex,Shipped
6214,9611,25-12-2022,,dhl,Delivered
6215,13253,31-10-2023,,ups,In Transit
6216,73143,14-02-2024,,fedex,Delivered
6217,96692,20-12-2023,,bluedart,Delivered
6218,86437,17-06-2023,,dhl,Shipped
6219,43442,03-03-2024,,fedex,Delivered
6220,81660,26-03-2020,,bluedart,Delivered
6221,17996,08-04-2022,,bluedart,Delivered
6222,24551,11-03-2020,,fedex,Delivered
6223,10341,19-03-2022,,ups,Delivered
6224,90984,23-01-2021,,ups,Delivered
6225,38272,14-09-2024,,bluedart,Delivered
6226,9513,17-03-2022,,dhl,Delivered
6227,15018,17-11-2020,,dhl,Cancelled
6228,34278,17-07-2020,,dhl,Delivered
6229,44414,16-02-2020,,fedex,Delivered
6230,43341,11-04-2020,,bluedart,Delivered
6231,78985,06-09-2023,,dhl,Delivered
6232,53777,25-02-2020,,ups,Delivered
6233,9540,09-07-2021,,fedex,Shipped
6234,70354,07-09-2021,,bluedart,Delivered
6235,56983,04-05-2021,,fedex,Delivered
6236,1358,15-07-2021,,fedex,Delivered
6237,97459,26-10-2024,17-11-2024,fedex,Returned
6238,57747,27-08-2022,,fedex,Delivered
6239,19973,07-07-2021,,bluedart,Delivered
6240,4512,26-08-2023,,dhl,Delivered
6241,95554,25-11-2024,,bluedart,Delivered
6242,39948,12-10-2021,,usps,Delivered
6243,63947,07-09-2024,,dhl,Delivered
6244,68876,01-06-2022,,dhl,Cancelled
6245,62670,29-01-2024,,bluedart,Delivered
6246,86069,30-03-2021,,fedex,In Transit
6247,72380,18-05-2021,,fedex,Delivered
6248,43372,10-09-2022,,bluedart,Cancelled
6249,50452,10-12-2023,05-01-2024,fedex,Returned
6250,19835,10-12-2023,,bluedart,Shipped
6251,49822,24-02-2022,,fedex,Delivered
6252,29697,13-12-2022,,fedex,Delivered
6253,17544,02-10-2023,,fedex,Delivered
6254,19823,26-02-2022,,usps,Delivered
6255,8038,31-07-2024,,ups,Delivered
6256,70692,23-01-2024,,usps,Shipped
6257,43467,18-05-2024,,fedex,In Transit
6258,25185,17-06-2024,,fedex,Delivered
6259,15290,24-02-2022,,ups,Delivered
6260,61807,22-08-2021,,fedex,Delivered
6261,61415,15-10-2023,,bluedart,Delivered
6262,50385,28-09-2024,,dhl,Delivered
6263,3272,21-06-2024,,usps,Delivered
6264,85311,22-11-2021,,fedex,Delivered
6265,42966,21-02-2024,,fedex,Delivered
6266,78868,22-01-2023,,delhivery,Delivered
6267,1085,11-10-2024,27-10-2024,fedex,Returned
6268,47229,30-05-2021,,ups,Delivered
6269,33733,26-09-2023,,fedex,Shipped
6270,85129,02-10-2024,,ups,Delivered
6271,16722,22-06-2021,,bluedart,Delivered
6272,91399,18-11-2022,,dhl,Delivered
6273,52887,12-05-2023,,fedex,Delivered
6274,46954,29-07-2020,,fedex,Cancelled
6275,19977,02-09-2023,,delhivery,Delivered
6276,43604,23-08-2024,,fedex,Delivered
6277,44457,12-05-2023,,bluedart,Delivered
6278,77756,09-02-2021,,fedex,Delivered
6279,67860,11-10-2020,,fedex,Delivered
6280,71651,04-12-2022,,delhivery,Delivered
6281,32230,30-04-2023,,fedex,Delivered
6282,53862,09-05-2021,,usps,Delivered
6283,1074,11-02-2024,,ups,Delivered
6284,87298,26-05-2023,,fedex,In Transit
6285,42761,18-03-2022,,dhl,Delivered
6286,96810,05-07-2022,,usps,Cancelled
6287,48633,10-05-2021,,fedex,Delivered
6288,69291,28-11-2021,,dhl,Delivered
6289,75411,15-04-2020,,fedex,Delivered
6290,69134,03-09-2023,,fedex,Cancelled
6291,77787,28-04-2020,,dhl,Delivered
6292,88439,04-07-2023,,fedex,Delivered
6293,24174,14-04-2022,,delhivery,Shipped
6294,77280,24-07-2024,,ups,Cancelled
6295,69771,20-12-2020,,fedex,Delivered
6296,50009,29-01-2022,,ups,Delivered
6297,30961,04-10-2023,,bluedart,Delivered
6298,92027,05-01-2023,,bluedart,Delivered
6299,10387,03-10-2022,,fedex,Delivered
6300,58024,22-08-2024,,usps,Cancelled
6301,98903,12-04-2020,,bluedart,Delivered
6302,79091,11-06-2021,,fedex,Delivered
6303,15671,31-07-2024,,dhl,Delivered
6304,62803,11-06-2021,,dhl,Delivered
6305,65660,12-12-2024,,usps,Cancelled
6306,30445,07-08-2023,,dhl,Delivered
6307,72399,27-08-2020,,fedex,Delivered
6308,40647,24-01-2022,,fedex,Delivered
6309,74246,10-02-2024,04-03-2024,dhl,Returned
6310,95077,31-07-2022,,dhl,Cancelled
6311,61005,08-10-2020,,bluedart,Delivered
6312,17232,21-05-2023,,dhl,Delivered
6313,7673,09-11-2020,,fedex,Delivered
6314,66198,29-12-2024,,dhl,Delivered
6315,63854,27-08-2024,,ups,Delivered
6316,36203,18-10-2021,,delhivery,Delivered
6317,65478,27-07-2021,,fedex,Delivered
6318,86030,11-05-2021,,bluedart,Delivered
6319,1819,13-10-2022,,fedex,Delivered
6320,43734,17-09-2023,,dhl,Delivered
6321,82934,29-01-2020,,bluedart,Cancelled
6322,12141,19-06-2023,,fedex,Delivered
6323,70682,24-05-2020,,usps,In Transit
6324,17243,20-07-2021,,bluedart,In Transit
6325,69508,18-10-2024,,delhivery,Shipped
6326,94785,20-10-2021,,ups,Delivered
6327,62050,28-05-2021,,ups,Delivered
6328,94444,18-05-2022,,bluedart,Delivered
6329,87510,02-03-2022,,bluedart,Delivered
6330,95097,07-07-2024,,ups,Shipped
6331,85472,08-04-2023,,dhl,Delivered
6332,32006,25-05-2023,,fedex,Delivered
6333,91020,23-11-2021,,fedex,Delivered
6334,4776,01-03-2024,,fedex,Delivered
6335,16578,21-07-2020,,usps,Delivered
6336,4298,16-07-2020,,fedex,Delivered
6337,85559,26-12-2024,,dhl,Delivered
6338,16663,30-09-2021,,dhl,In Transit
6339,52608,29-06-2022,,dhl,Delivered
6340,59333,10-02-2020,,fedex,In Transit
6341,35400,22-10-2022,,fedex,Cancelled
6342,71078,11-06-2024,,fedex,Cancelled
6343,32212,04-03-2024,,ups,Cancelled
6344,33775,07-12-2024,,fedex,In Transit
6345,75460,21-09-2023,,fedex,Delivered
6346,46392,14-10-2020,,dhl,In Transit
6347,17706,23-12-2023,,bluedart,Delivered
6348,27500,24-10-2022,,dhl,Delivered
6349,39748,06-11-2024,,fedex,Delivered
6350,53858,27-12-2024,,dhl,Delivered
6351,60096,14-05-2021,,bluedart,In Transit
6352,69785,26-06-2020,,fedex,Delivered
6353,96896,18-07-2022,,bluedart,Delivered
6354,58855,16-09-2024,,fedex,Delivered
6355,47025,16-11-2020,,ups,Delivered
6356,95276,28-10-2022,,usps,Delivered
6357,71411,12-04-2024,,bluedart,Delivered
6358,5219,27-09-2020,,fedex,Delivered
6359,37705,29-01-2024,,fedex,Delivered
6360,1294,23-03-2022,,delhivery,Delivered
6361,96888,28-09-2020,,bluedart,Shipped
6362,22962,29-07-2022,,dhl,Delivered
6363,95809,02-06-2023,30-06-2023,fedex,Returned
6364,8406,23-02-2021,,fedex,Delivered
6365,73550,11-12-2021,,ups,Delivered
6366,74188,30-01-2022,,fedex,Shipped
6367,54807,16-12-2021,,fedex,Delivered
6368,16406,01-07-2023,,bluedart,Delivered
6369,3722,30-06-2022,,dhl,Shipped
6370,48259,26-04-2022,,dhl,Delivered
6371,21200,20-11-2022,,fedex,Delivered
6372,81818,29-11-2021,,fedex,Delivered
6373,4547,19-12-2022,,fedex,Delivered
6374,46478,25-01-2020,,dhl,Delivered
6375,41808,20-07-2022,,fedex,Delivered
6376,34038,13-07-2020,,fedex,Shipped
6377,44335,23-03-2021,,bluedart,Delivered
6378,4007,09-06-2021,,bluedart,Delivered
6379,11928,03-07-2024,,delhivery,Delivered
6380,16101,06-03-2022,,dhl,In Transit
6381,37764,10-01-2021,,fedex,Delivered
6382,48436,30-10-2020,,ups,Delivered
6383,74281,12-12-2022,,bluedart,Delivered
6384,48678,08-08-2024,,fedex,Delivered
6385,52214,04-08-2020,,dhl,Delivered
6386,36744,12-06-2020,,fedex,Delivered
6387,22245,15-04-2023,,usps,Cancelled
6388,73371,21-02-2022,,bluedart,Delivered
6389,98258,05-02-2022,,delhivery,Delivered
6390,63075,08-09-2024,,ups,Delivered
6391,17493,10-09-2020,06-10-2020,bluedart,Returned
6392,80268,09-12-2024,,bluedart,Shipped
6393,9689,08-09-2024,,bluedart,Delivered
6394,5253,22-08-2022,,bluedart,Delivered
6395,57437,13-04-2024,,fedex,Cancelled
6396,21346,12-09-2020,,ups,Shipped
6397,38964,09-04-2024,,bluedart,Delivered
6398,82854,09-01-2020,,fedex,Shipped
6399,3043,28-01-2022,,bluedart,In Transit
6400,40579,19-11-2023,,bluedart,Delivered
6401,99795,29-11-2021,,bluedart,Shipped
6402,62222,16-12-2021,,fedex,Delivered
6403,13011,19-01-2023,,dhl,Delivered
6404,97066,30-11-2020,,dhl,Delivered
6405,12950,07-03-2021,,fedex,Cancelled
6406,42121,15-01-2020,,dhl,Delivered
6407,42488,21-04-2020,,dhl,Delivered
6408,14962,25-07-2021,,bluedart,Delivered
6409,60203,17-02-2021,,ups,Delivered
6410,10843,30-03-2024,,dhl,Delivered
6411,37822,11-08-2020,,fedex,Delivered
6412,32983,22-07-2020,,dhl,Delivered
6413,69198,05-10-2024,,fedex,Delivered
6414,84802,20-04-2021,,dhl,Delivered
6415,41023,12-01-2024,,fedex,Delivered
6416,29018,03-11-2022,,fedex,Delivered
6417,97011,19-04-2023,,fedex,Delivered
6418,27623,22-07-2024,,bluedart,Delivered
6419,94714,11-07-2022,,fedex,Shipped
6420,83178,12-02-2022,,bluedart,Delivered
6421,6314,30-04-2021,,fedex,Delivered
6422,20065,21-02-2024,,dhl,Delivered
6423,7771,12-09-2021,,fedex,Delivered
6424,30604,28-05-2021,,fedex,Delivered
6425,19785,23-03-2022,,bluedart,Delivered
6426,89081,02-08-2023,,dhl,Delivered
6427,35943,30-12-2022,,fedex,Delivered
6428,93204,31-03-2023,,ups,Delivered
6429,4301,19-10-2023,,fedex,Delivered
6430,84157,21-08-2021,,fedex,Delivered
6431,85927,30-07-2023,,dhl,Delivered
6432,78264,30-07-2023,,dhl,Delivered
6433,61377,19-07-2020,,usps,Delivered
6434,48318,18-08-2024,,fedex,Delivered
6435,2038,15-09-2020,,dhl,In Transit
6436,41850,13-11-2022,,dhl,Delivered
6437,14075,14-07-2021,,bluedart,Delivered
6438,32990,08-12-2021,,ups,Shipped
6439,93820,07-08-2020,20-08-2020,usps,Returned
6440,55388,12-07-2020,,fedex,Delivered
6441,72472,19-11-2021,,bluedart,Shipped
6442,66780,06-12-2020,,fedex,Delivered
6443,1579,31-07-2021,30-08-2021,dhl,Returned
6444,64098,25-07-2022,,dhl,Delivered
6445,69971,26-10-2023,,fedex,Delivered
6446,6978,31-05-2021,,fedex,Shipped
6447,56766,04-09-2023,,fedex,Delivered
6448,92134,18-10-2021,,usps,In Transit
6449,80300,21-09-2023,,fedex,Cancelled
6450,67299,17-12-2021,,fedex,Delivered
6451,19094,17-03-2020,,delhivery,Cancelled
6452,19530,22-09-2022,,bluedart,Delivered
6453,31652,20-04-2021,,fedex,Delivered
6454,2937,04-11-2022,14-11-2022,bluedart,Returned
6455,4141,01-12-2023,,dhl,Delivered
6456,52617,24-04-2021,,ups,Delivered
6457,71889,10-06-2024,,fedex,Delivered
6458,70375,18-01-2021,,bluedart,Delivered
6459,27997,01-01-2023,,bluedart,Delivered
6460,1627,22-03-2023,,ups,Delivered
6461,73427,20-09-2023,,fedex,Delivered
6462,58719,03-12-2020,,bluedart,Delivered
6463,71925,18-08-2024,,bluedart,Delivered
6464,91592,02-05-2024,,fedex,Delivered
6465,78559,20-11-2023,,dhl,Delivered
6466,87175,20-10-2024,,fedex,Delivered
6467,21096,15-04-2023,21-04-2023,fedex,Returned
6468,99866,28-10-2023,,fedex,Delivered
6469,9833,11-04-2021,,bluedart,Delivered
6470,7278,05-02-2021,,delhivery,Delivered
6471,3654,19-04-2023,,delhivery,Delivered
6472,85851,04-10-2023,,bluedart,Shipped
6473,62773,15-12-2023,,bluedart,Shipped
6474,94832,12-05-2024,,delhivery,Delivered
6475,58590,10-09-2021,,fedex,Delivered
6476,68295,29-03-2024,,fedex,Shipped
6477,83698,23-08-2022,,ups,Cancelled
6478,55555,03-10-2022,,ups,Delivered
6479,87419,01-12-2024,,fedex,Delivered
6480,18553,30-07-2021,,fedex,Delivered
6481,29157,19-04-2020,,fedex,Delivered
6482,59273,05-09-2022,,fedex,Delivered
6483,86221,30-01-2023,,usps,Delivered
6484,37934,09-05-2021,,delhivery,Shipped
6485,34035,17-10-2023,,fedex,Delivered
6486,44853,04-03-2022,,bluedart,In Transit
6487,13440,04-02-2020,,bluedart,Delivered
6488,67523,15-11-2021,,dhl,Delivered
6489,55159,13-01-2023,,fedex,Delivered
6490,64739,27-11-2021,,fedex,Delivered
6491,9418,26-10-2023,,fedex,Delivered
6492,63167,04-06-2021,,delhivery,Shipped
6493,1168,08-11-2024,,dhl,Cancelled
6494,86865,03-11-2022,,dhl,Delivered
6495,63551,18-02-2024,,ups,Delivered
6496,36417,13-03-2023,,dhl,Delivered
6497,12766,23-01-2024,,fedex,Delivered
6498,76249,07-06-2022,,fedex,Delivered
6499,69162,22-10-2024,,delhivery,Delivered
6500,97725,24-01-2022,,fedex,Delivered
6501,65387,01-08-2023,,bluedart,Delivered
6502,81078,12-04-2024,,fedex,Delivered
6503,73813,10-01-2022,,dhl,Delivered
6504,34852,25-09-2022,,dhl,Delivered
6505,24390,15-12-2022,,fedex,Delivered
6506,54144,09-04-2021,,dhl,Delivered
6507,81711,30-03-2023,,delhivery,Delivered
6508,63724,17-08-2022,,bluedart,Delivered
6509,87063,08-03-2024,,ups,Shipped
6510,37832,18-11-2020,,dhl,Delivered
6511,3147,19-10-2024,,fedex,Delivered
6512,12736,15-01-2024,,fedex,Delivered
6513,83960,24-04-2024,,delhivery,Delivered
6514,39405,20-05-2023,,ups,Delivered
6515,10673,18-05-2020,,usps,Delivered
6516,41694,16-10-2024,,ups,Delivered
6517,33048,11-07-2023,,bluedart,Delivered
6518,36932,04-06-2024,,fedex,Delivered
6519,60000,18-03-2021,,fedex,Delivered
6520,6874,14-10-2022,,dhl,Delivered
6521,23615,25-10-2022,,fedex,Delivered
6522,56602,09-08-2024,,bluedart,Delivered
6523,38839,25-07-2022,,fedex,Delivered
6524,39371,16-05-2020,,ups,In Transit
6525,9646,23-06-2023,,fedex,Shipped
6526,37926,22-06-2023,19-07-2023,dhl,Returned
6527,77624,06-12-2024,,fedex,Delivered
6528,57813,01-07-2023,,fedex,Delivered
6529,98885,29-04-2024,,dhl,Delivered
6530,53609,25-05-2020,,bluedart,Shipped
6531,73275,13-01-2024,,dhl,Delivered
6532,5347,11-06-2020,,fedex,Shipped
6533,94636,28-09-2021,,fedex,Delivered
6534,13932,23-03-2024,,fedex,Delivered
6535,71542,14-11-2022,,fedex,Cancelled
6536,97592,17-06-2020,,fedex,Delivered
6537,62609,07-03-2024,,usps,Cancelled
6538,96684,18-11-2023,,dhl,Delivered
6539,27812,26-04-2021,,bluedart,Delivered
6540,3968,26-02-2022,,fedex,Delivered
6541,1929,06-08-2022,,dhl,Shipped
6542,18063,18-09-2022,,fedex,Delivered
6543,17780,29-05-2024,,dhl,Delivered
6544,98000,28-05-2023,,fedex,In Transit
6545,11871,23-04-2021,,dhl,Delivered
6546,49549,04-05-2023,,bluedart,Delivered
6547,70455,24-05-2024,,dhl,Delivered
6548,40466,12-05-2021,,dhl,Delivered
6549,15775,26-06-2021,16-07-2021,ups,Returned
6550,55006,08-08-2023,,fedex,Delivered
6551,47200,01-07-2023,,fedex,Delivered
6552,11793,08-05-2023,,delhivery,In Transit
6553,38893,14-12-2022,,bluedart,Delivered
6554,36885,25-08-2023,,fedex,Delivered
6555,39063,11-05-2023,,fedex,Delivered
6556,56665,10-02-2021,,fedex,Delivered
6557,21123,06-04-2024,,bluedart,Shipped
6558,52463,22-12-2024,,bluedart,Cancelled
6559,83511,22-09-2022,28-09-2022,fedex,Returned
6560,12770,10-02-2023,,dhl,Shipped
6561,82068,18-06-2020,,delhivery,Delivered
6562,29522,28-12-2020,,fedex,Delivered
6563,50942,18-04-2024,,fedex,Delivered
6564,31145,09-07-2020,,fedex,Delivered
6565,33368,27-03-2022,,usps,Delivered
6566,42965,23-01-2023,,fedex,Delivered
6567,6783,29-02-2020,,fedex,Delivered
6568,1974,16-01-2022,,fedex,In Transit
6569,26365,08-02-2021,,delhivery,Delivered
6570,72301,29-04-2020,,fedex,Delivered
6571,85678,27-07-2022,,fedex,Delivered
6572,62543,14-09-2020,,bluedart,Delivered
6573,2775,22-07-2024,18-08-2024,ups,Returned
6574,35559,14-07-2020,,fedex,Cancelled
6575,39491,21-09-2023,,ups,Delivered
6576,21273,17-07-2022,,dhl,Delivered
6577,54698,03-07-2022,,fedex,Delivered
6578,38219,04-08-2022,,bluedart,Cancelled
6579,25465,12-09-2020,,fedex,Delivered
6580,30753,10-02-2021,,fedex,Delivered
6581,5389,31-05-2021,24-06-2021,fedex,Returned
6582,14124,14-05-2021,,dhl,Cancelled
6583,81257,30-12-2023,,dhl,Delivered
6584,15548,03-06-2021,,fedex,Shipped
6585,19932,23-03-2023,,dhl,Delivered
6586,20755,29-01-2022,,bluedart,In Transit
6587,26738,24-07-2024,15-08-2024,bluedart,Returned
6588,83168,20-09-2022,,bluedart,In Transit
6589,67260,20-04-2022,16-05-2022,fedex,Returned
6590,79616,20-03-2024,,dhl,Delivered
6591,88008,23-08-2022,,fedex,Delivered
6592,4142,23-05-2023,,dhl,Delivered
6593,52142,23-03-2023,,dhl,Delivered
6594,56290,02-10-2023,,fedex,Shipped
6595,52417,03-01-2021,,fedex,Delivered
6596,60651,16-10-2021,,fedex,Delivered
6597,55232,10-10-2022,,fedex,Delivered
6598,1867,03-07-2022,,fedex,Delivered
6599,94032,11-11-2021,,fedex,Delivered
6600,21820,20-04-2022,,ups,Delivered
6601,74351,15-12-2020,,bluedart,In Transit
6602,25466,21-03-2021,,bluedart,Cancelled
6603,93838,24-02-2022,,fedex,Delivered
6604,38475,17-07-2020,,bluedart,Delivered
6605,79206,04-11-2020,,fedex,Shipped
6606,2936,22-01-2021,,bluedart,Delivered
6607,25056,20-01-2021,,dhl,Delivered
6608,34436,11-07-2022,,dhl,Delivered
6609,99350,13-07-2024,,delhivery,Cancelled
6610,27539,31-08-2020,,bluedart,Delivered
6611,48084,04-04-2021,,bluedart,Delivered
6612,35520,17-07-2021,,dhl,Delivered
6613,77450,09-12-2024,,fedex,Delivered
6614,88068,08-07-2020,,bluedart,Shipped
6615,9006,30-07-2022,,fedex,Delivered
6616,98846,03-10-2022,,dhl,Delivered
6617,43194,01-09-2021,,fedex,Delivered
6618,77069,07-06-2024,,delhivery,Shipped
6619,2456,17-03-2022,,ups,Cancelled
6620,21564,14-05-2021,,fedex,Delivered
6621,15960,09-06-2024,,fedex,Delivered
6622,65229,25-11-2020,,fedex,Delivered
6623,59782,01-06-2020,,ups,Delivered
6624,10020,13-02-2020,,fedex,Delivered
6625,8075,13-10-2023,,fedex,Shipped
6626,20403,09-01-2025,,usps,Delivered
6627,38429,04-01-2021,,ups,Delivered
6628,2213,14-09-2022,,fedex,Delivered
6629,99293,26-10-2020,,fedex,Delivered
6630,23660,21-05-2024,,ups,Delivered
6631,70517,09-08-2021,,fedex,Cancelled
6632,27176,14-05-2023,,usps,Delivered
6633,14164,18-08-2023,,bluedart,Delivered
6634,51738,30-05-2023,08-06-2023,usps,Returned
6635,14346,30-09-2022,,ups,Delivered
6636,34975,16-10-2021,,fedex,Delivered
6637,45488,30-06-2023,,dhl,Shipped
6638,88250,27-12-2020,,fedex,Delivered
6639,33608,09-07-2023,,usps,Cancelled
6640,33211,01-12-2024,,fedex,Delivered
6641,42331,15-05-2023,,fedex,Delivered
6642,1448,05-07-2023,,ups,Delivered
6643,61563,12-02-2022,,dhl,Delivered
6644,33773,07-04-2024,,fedex,Delivered
6645,81859,27-04-2020,,fedex,Delivered
6646,57956,20-04-2024,,fedex,Delivered
6647,64542,15-01-2020,,dhl,Delivered
6648,4186,24-02-2020,,usps,Shipped
6649,77359,27-04-2022,,bluedart,Delivered
6650,28694,17-05-2022,,usps,Delivered
6651,70866,15-02-2020,,dhl,Delivered
6652,91126,26-09-2024,,fedex,Shipped
6653,42244,07-08-2022,31-08-2022,fedex,Returned
6654,99409,07-10-2024,,bluedart,Shipped
6655,40030,04-05-2024,,fedex,Delivered
6656,51371,21-12-2024,,usps,Delivered
6657,48359,19-08-2024,,dhl,Delivered
6658,66621,29-05-2024,,fedex,Delivered
6659,23271,05-08-2021,,fedex,Delivered
6660,10079,17-12-2023,,usps,Delivered
6661,81705,16-02-2020,,fedex,Delivered
6662,66356,26-05-2022,,fedex,Cancelled
6663,32465,06-07-2024,,dhl,Shipped
6664,91449,03-12-2022,,bluedart,Delivered
6665,76726,26-07-2020,,ups,Delivered
6666,37808,07-08-2023,,dhl,Delivered
6667,30202,10-10-2024,,ups,Delivered
6668,37748,21-07-2022,,fedex,Delivered
6669,1207,24-05-2022,,dhl,Delivered
6670,36266,22-10-2020,,bluedart,In Transit
6671,96604,31-03-2022,,bluedart,Delivered
6672,51347,12-11-2024,,fedex,Delivered
6673,97251,14-12-2024,,dhl,Delivered
6674,5288,03-12-2022,,delhivery,Delivered
6675,29713,25-05-2021,,dhl,Delivered
6676,69961,29-04-2024,19-05-2024,dhl,Returned
6677,48626,18-10-2021,,fedex,In Transit
6678,40896,30-09-2021,,fedex,Delivered
6679,17934,28-09-2020,,fedex,Delivered
6680,31589,26-11-2023,,fedex,Delivered
6681,45426,08-06-2024,,ups,Delivered
6682,22783,29-07-2023,,fedex,Delivered
6683,87144,19-10-2023,,fedex,Delivered
6684,78990,25-08-2020,,fedex,Delivered
6685,28922,05-07-2024,,dhl,Delivered
6686,61912,09-11-2022,,fedex,Delivered
6687,65273,30-07-2021,,dhl,Shipped
6688,7650,02-02-2024,,ups,Delivered
6689,39588,09-11-2023,,dhl,Delivered
6690,56818,28-01-2024,,dhl,Delivered
6691,67675,26-01-2024,,fedex,Delivered
6692,93521,06-12-2021,,ups,Delivered
6693,63749,21-09-2021,,usps,Delivered
6694,37503,15-01-2021,,dhl,Delivered
6695,71145,03-02-2022,,bluedart,Delivered
6696,41488,08-03-2022,,dhl,Delivered
6697,58654,04-05-2020,,bluedart,Delivered
6698,52694,11-03-2023,,fedex,Delivered
6699,61749,24-08-2020,,fedex,Delivered
6700,55093,13-06-2024,,bluedart,Delivered
6701,35923,15-06-2022,,bluedart,Delivered
6702,53222,30-09-2020,,usps,Delivered
6703,1197,11-10-2021,,dhl,Delivered
6704,94430,29-09-2020,,fedex,Delivered
6705,44744,13-04-2022,,fedex,Delivered
6706,61960,22-07-2022,,dhl,Delivered
6707,54238,20-03-2024,,fedex,Delivered
6708,30828,25-01-2022,,dhl,Delivered
6709,32629,16-09-2022,,dhl,Delivered
6710,51063,09-10-2023,,fedex,Delivered
6711,71133,31-10-2024,,fedex,Delivered
6712,95978,28-02-2024,,ups,Delivered
6713,68392,30-06-2020,,fedex,Delivered
6714,22087,15-07-2021,,dhl,Delivered
6715,80723,14-11-2020,,dhl,Delivered
6716,81010,11-08-2022,,dhl,Delivered
6717,9954,16-03-2020,12-04-2020,dhl,Returned
6718,63226,29-05-2020,,dhl,Delivered
6719,89214,06-12-2020,,usps,Delivered
6720,15331,15-04-2024,,dhl,Cancelled
6721,6288,20-09-2020,,ups,Cancelled
6722,5036,17-11-2024,,dhl,Cancelled
6723,39556,27-01-2022,,fedex,Delivered
6724,99579,26-06-2020,,dhl,Delivered
6725,54887,15-10-2023,,fedex,In Transit
6726,15948,21-10-2021,01-11-2021,fedex,Returned
6727,55389,04-06-2021,,ups,Delivered
6728,20579,10-03-2020,,dhl,Delivered
6729,95471,18-11-2022,,fedex,Delivered
6730,1186,19-08-2024,,fedex,Delivered
6731,50259,09-01-2022,,fedex,Delivered
6732,30741,28-12-2023,,bluedart,Delivered
6733,49657,29-07-2021,,ups,Delivered
6734,64405,29-11-2021,,dhl,Cancelled
6735,73163,04-06-2022,,dhl,Delivered
6736,91584,17-01-2024,,fedex,Delivered
6737,50358,27-11-2021,,bluedart,Delivered
6738,49900,04-07-2020,,fedex,Delivered
6739,83815,25-10-2021,,dhl,Delivered
6740,39949,03-11-2021,,ups,Delivered
6741,39419,06-06-2020,,delhivery,Delivered
6742,68559,17-05-2020,,usps,Delivered
6743,34487,19-06-2022,,fedex,Shipped
6744,4651,11-11-2021,,ups,In Transit
6745,92506,08-01-2021,,delhivery,Delivered
6746,34196,28-06-2021,,fedex,Delivered
6747,60797,01-07-2024,,fedex,Delivered
6748,63109,21-12-2022,,fedex,Delivered
6749,78117,28-11-2022,,bluedart,Delivered
6750,52067,07-03-2022,,usps,Delivered
6751,94165,29-04-2023,,fedex,Delivered
6752,41149,05-08-2024,13-08-2024,fedex,Returned
6753,32705,09-06-2022,,fedex,Delivered
6754,57528,17-03-2024,,bluedart,Delivered
6755,65860,30-12-2023,,fedex,Delivered
6756,9416,08-02-2022,,usps,Delivered
6757,71267,08-11-2021,,fedex,Delivered
6758,10542,24-04-2020,,fedex,In Transit
6759,57014,22-01-2020,06-02-2020,fedex,Returned
6760,5972,05-11-2023,,fedex,Delivered
6761,86701,14-04-2022,,dhl,Delivered
6762,81327,15-12-2022,,ups,Delivered
6763,86634,07-08-2020,02-09-2020,fedex,Returned
6764,4792,19-03-2024,,dhl,Delivered
6765,8298,22-05-2021,,dhl,Delivered
6766,47788,01-06-2024,26-06-2024,bluedart,Returned
6767,71679,05-10-2020,,dhl,Delivered
6768,63846,16-08-2022,,dhl,Delivered
6769,28574,26-08-2021,,ups,Shipped
6770,7559,10-11-2024,,bluedart,Delivered
6771,24071,25-12-2023,,fedex,Shipped
6772,67578,03-05-2021,,dhl,Delivered
6773,32167,03-05-2023,,ups,Delivered
6774,77619,21-01-2024,,fedex,Shipped
6775,24481,05-02-2023,,fedex,Delivered
6776,73718,28-01-2024,02-02-2024,fedex,Returned
6777,31668,11-05-2023,,fedex,Delivered
6778,50081,15-05-2022,,fedex,Delivered
6779,24281,13-01-2024,,dhl,Delivered
6780,21334,21-10-2020,,fedex,Delivered
6781,54577,03-05-2021,,fedex,Delivered
6782,88318,09-06-2021,,delhivery,Delivered
6783,7505,28-02-2024,,dhl,Delivered
6784,78379,20-08-2024,,delhivery,Delivered
6785,26487,29-08-2023,,dhl,Delivered
6786,77356,10-04-2024,,dhl,Delivered
6787,29667,12-03-2023,,dhl,Delivered
6788,59239,15-08-2021,,ups,Delivered
6789,46461,18-05-2022,,dhl,Delivered
6790,28159,05-09-2020,,dhl,In Transit
6791,10587,06-10-2020,,ups,Cancelled
6792,54895,11-08-2021,,bluedart,Delivered
6793,32884,06-03-2023,,delhivery,Delivered
6794,55865,26-03-2020,,fedex,Delivered
6795,66865,10-10-2024,,fedex,Delivered
6796,40292,16-05-2020,,bluedart,Delivered
6797,17301,05-08-2023,,fedex,Delivered
6798,28861,22-08-2022,,bluedart,Delivered
6799,46004,17-10-2021,,fedex,Delivered
6800,36215,03-10-2023,,dhl,Delivered
6801,23282,13-01-2021,,dhl,Delivered
6802,77097,31-01-2022,,ups,Delivered
6803,46026,25-06-2021,,fedex,Delivered
6804,72614,02-07-2024,,fedex,Delivered
6805,59861,07-11-2020,,fedex,Delivered
6806,70338,20-01-2020,,bluedart,In Transit
6807,32346,14-10-2023,,dhl,Delivered
6808,26297,04-02-2020,,fedex,Delivered
6809,78086,19-02-2022,,dhl,Delivered
6810,62436,10-11-2021,,fedex,Delivered
6811,8624,16-09-2022,,dhl,In Transit
6812,69186,07-04-2024,,fedex,Delivered
6813,26223,29-02-2020,,bluedart,Delivered
6814,3797,28-02-2023,,fedex,Shipped
6815,22976,20-07-2024,,bluedart,Delivered
6816,92444,30-05-2022,,fedex,Delivered
6817,75983,07-12-2020,,dhl,Delivered
6818,78970,28-05-2024,,dhl,Shipped
6819,94935,26-02-2021,,dhl,Delivered
6820,29624,18-04-2022,,fedex,Delivered
6821,41184,26-07-2021,,fedex,Delivered
6822,23630,02-01-2024,,dhl,Delivered
6823,79627,16-02-2023,,dhl,Cancelled
6824,83963,03-02-2024,,fedex,Delivered
6825,65621,04-07-2024,,ups,Delivered
6826,26669,29-11-2020,,fedex,Delivered
6827,58960,27-11-2020,,ups,Delivered
6828,69805,14-09-2022,,dhl,Cancelled
6829,5506,18-09-2021,,bluedart,Delivered
6830,57611,30-10-2024,,fedex,Delivered
6831,37505,28-04-2023,,dhl,Delivered
6832,44659,25-06-2021,,fedex,Delivered
6833,55386,24-12-2021,,ups,Delivered
6834,38003,13-07-2020,,fedex,Delivered
6835,21811,30-07-2021,,ups,Delivered
6836,61339,08-05-2022,,dhl,Delivered
6837,80605,11-11-2023,,ups,Delivered
6838,25799,06-12-2020,,fedex,Delivered
6839,72250,07-12-2024,,ups,Delivered
6840,51915,12-12-2024,,dhl,Delivered
6841,41332,31-10-2023,,fedex,Shipped
6842,48486,24-04-2020,,dhl,Delivered
6843,91277,12-02-2024,,dhl,Delivered
6844,58735,04-08-2024,,fedex,Delivered
6845,87324,02-11-2021,,dhl,Delivered
6846,29197,18-04-2023,,delhivery,Delivered
6847,2553,25-05-2020,,fedex,Delivered
6848,51872,03-02-2024,,delhivery,Shipped
6849,55108,06-05-2020,,dhl,In Transit
6850,83365,28-01-2023,27-02-2023,dhl,Returned
6851,33336,02-03-2021,,fedex,Delivered
6852,84369,10-04-2022,,fedex,Delivered
6853,60534,13-09-2022,,bluedart,Shipped
6854,55965,12-02-2023,,fedex,Delivered
6855,14657,23-06-2022,,dhl,Delivered
6856,84917,19-07-2022,,delhivery,Delivered
6857,20839,30-06-2024,,fedex,Shipped
6858,24451,23-07-2020,,ups,Delivered
6859,77750,19-08-2022,,fedex,Delivered
6860,25559,27-12-2023,,fedex,Delivered
6861,82364,18-11-2020,04-12-2020,fedex,Returned
6862,15936,02-08-2024,,dhl,Delivered
6863,83424,28-11-2020,,fedex,Delivered
6864,57343,07-04-2021,,ups,Shipped
6865,25790,28-04-2021,,ups,Delivered
6866,80376,28-06-2023,,fedex,Delivered
6867,59365,20-12-2022,,dhl,Shipped
6868,68127,02-06-2023,,delhivery,Delivered
6869,2341,26-06-2022,,fedex,Shipped
6870,50789,26-07-2021,,fedex,Delivered
6871,15082,14-10-2021,,ups,Delivered
6872,78727,22-06-2020,,fedex,Delivered
6873,17865,17-06-2020,,fedex,Delivered
6874,34371,05-01-2024,,bluedart,Delivered
6875,25249,19-12-2023,03-01-2024,bluedart,Returned
6876,40539,09-07-2020,,dhl,Delivered
6877,51006,22-09-2021,,fedex,Delivered
6878,89428,16-01-2020,,dhl,Delivered
6879,81863,05-06-2021,21-06-2021,dhl,Returned
6880,3827,29-01-2023,,dhl,Delivered
6881,61916,25-02-2022,,fedex,Delivered
6882,94888,31-05-2021,,bluedart,Delivered
6883,55168,15-10-2023,,ups,Delivered
6884,4448,07-12-2020,,ups,Delivered
6885,14349,28-08-2022,,usps,Delivered
6886,26400,24-11-2023,,bluedart,Delivered
6887,17074,16-07-2021,,bluedart,Delivered
6888,2291,09-12-2023,,fedex,Delivered
6889,76191,05-12-2021,,fedex,Shipped
6890,2371,22-10-2020,,usps,Delivered
6891,54427,19-12-2024,,fedex,Shipped
6892,9419,03-01-2021,,usps,Delivered
6893,23069,10-06-2020,,fedex,Delivered
6894,82578,22-01-2022,,bluedart,Delivered
6895,80555,29-10-2024,,fedex,Delivered
6896,82877,27-10-2022,,dhl,Delivered
6897,33931,15-05-2023,,fedex,Delivered
6898,4831,01-03-2021,,fedex,Delivered
6899,52033,29-10-2022,18-11-2022,fedex,Returned
6900,68810,25-09-2024,,bluedart,Delivered
6901,48297,12-02-2022,,fedex,Shipped
6902,78570,24-06-2024,,fedex,Delivered
6903,3151,24-02-2023,,ups,Delivered
6904,61722,21-06-2024,,dhl,Shipped
6905,85581,15-12-2022,,bluedart,Shipped
6906,83505,21-04-2024,,dhl,Cancelled
6907,44480,26-01-2021,,bluedart,Delivered
6908,55914,26-04-2023,,fedex,Delivered
6909,32812,05-07-2020,,ups,Delivered
6910,23738,13-09-2024,,dhl,Delivered
6911,14799,24-09-2022,,fedex,Delivered
6912,31098,06-04-2023,,fedex,Delivered
6913,5719,05-04-2022,,dhl,Delivered
6914,2594,24-02-2020,13-03-2020,fedex,Returned
6915,7660,03-10-2021,24-10-2021,fedex,Returned
6916,11007,31-12-2020,,fedex,Delivered
6917,22645,02-05-2022,,fedex,Delivered
6918,54046,26-05-2021,,fedex,Cancelled
6919,33427,23-04-2022,,fedex,Delivered
6920,75172,05-09-2020,,fedex,Delivered
6921,20585,18-07-2020,01-08-2020,fedex,Returned
6922,17500,31-03-2020,,delhivery,Delivered
6923,48703,18-03-2020,,fedex,Delivered
6924,15934,21-09-2022,,fedex,Delivered
6925,48285,06-09-2024,,usps,Delivered
6926,42286,18-06-2022,,dhl,Shipped
6927,70003,22-10-2023,,dhl,Delivered
6928,87319,17-11-2020,,bluedart,Delivered
6929,10413,16-12-2024,,fedex,Delivered
6930,71289,06-03-2022,,fedex,Delivered
6931,72896,29-09-2023,,bluedart,Delivered
6932,25753,22-12-2023,,dhl,Delivered
6933,86846,19-01-2024,,fedex,Delivered
6934,12139,30-11-2020,,fedex,Delivered
6935,61902,12-04-2023,,fedex,Delivered
6936,6475,14-04-2024,,usps,Delivered
6937,19769,21-08-2024,,fedex,Delivered
6938,63710,20-12-2022,,bluedart,Delivered
6939,36173,08-06-2022,,dhl,Delivered
6940,52951,09-07-2024,,fedex,Shipped
6941,41517,06-11-2024,,fedex,Delivered
6942,17558,06-05-2021,,dhl,Delivered
6943,79120,01-03-2023,,delhivery,Delivered
6944,91913,16-03-2023,,fedex,Shipped
6945,17302,27-03-2022,,dhl,Delivered
6946,56315,20-01-2021,,bluedart,Delivered
6947,88808,09-09-2022,,fedex,Delivered
6948,5073,15-06-2020,,fedex,Delivered
6949,25704,30-07-2023,,dhl,Shipped
6950,87651,28-07-2024,,dhl,Cancelled
6951,45684,23-05-2024,,fedex,Delivered
6952,49183,08-04-2024,,bluedart,Shipped
6953,11166,06-08-2024,,dhl,Cancelled
6954,47626,03-06-2021,,fedex,Shipped
6955,31149,22-11-2020,,fedex,Delivered
6956,67058,14-11-2020,,fedex,Delivered
6957,37507,01-02-2024,,usps,Delivered
6958,21415,30-09-2020,,dhl,Delivered
6959,44517,31-08-2022,,bluedart,Delivered
6960,12224,16-03-2021,,ups,Delivered
6961,72393,30-10-2024,,dhl,Delivered
6962,19074,28-03-2020,,fedex,Cancelled
6963,50052,27-10-2020,,bluedart,Delivered
6964,99362,11-05-2021,,usps,Delivered
6965,12627,13-01-2021,,dhl,Shipped
6966,39259,30-01-2021,,dhl,Shipped
6967,23967,27-11-2023,,dhl,Delivered
6968,27917,05-02-2021,,fedex,Delivered
6969,43872,17-05-2023,,dhl,Delivered
6970,12157,28-02-2020,,dhl,Delivered
6971,43130,29-06-2021,,ups,Delivered
6972,34355,07-06-2024,,dhl,Delivered
6973,47094,28-12-2023,,bluedart,Shipped
6974,86271,08-07-2021,,ups,Delivered
6975,78939,17-11-2020,,dhl,Cancelled
6976,40711,13-02-2022,,fedex,Delivered
6977,1853,08-12-2020,,bluedart,Delivered
6978,18438,18-06-2022,,bluedart,Delivered
6979,50841,04-05-2020,,fedex,Delivered
6980,82619,14-02-2023,,bluedart,Delivered
6981,36718,02-01-2024,,dhl,Delivered
6982,37511,12-10-2022,,bluedart,Cancelled
6983,94382,22-06-2021,,fedex,Delivered
6984,16263,09-11-2024,,fedex,Delivered
6985,95225,21-05-2024,,fedex,Delivered
6986,41308,04-05-2024,,fedex,Delivered
6987,40074,31-10-2023,30-11-2023,fedex,Returned
6988,44066,11-12-2023,,bluedart,Delivered
6989,77982,26-06-2022,,ups,Delivered
6990,17331,27-02-2021,,usps,Delivered
6991,62010,09-02-2021,,fedex,Delivered
6992,31405,23-02-2021,,fedex,In Transit
6993,62674,17-01-2020,,fedex,Delivered
6994,39256,05-10-2020,,bluedart,Delivered
6995,85714,27-09-2021,,dhl,Delivered
6996,91612,05-11-2022,,bluedart,Delivered
6997,9208,12-07-2020,,fedex,Delivered
6998,4022,13-05-2021,,fedex,Delivered
6999,58236,04-06-2021,,fedex,Delivered
7000,79479,11-12-2022,,fedex,In Transit
7001,78015,22-08-2020,,dhl,Delivered
7002,54441,05-03-2020,,fedex,Shipped
7003,19564,13-05-2021,,dhl,Delivered
7004,71146,24-02-2020,,dhl,Shipped
7005,46398,31-08-2020,,bluedart,Shipped
7006,26497,22-01-2021,,ups,Delivered
7007,56516,17-05-2020,,fedex,Delivered
7008,9087,07-08-2020,,fedex,Shipped
7009,45056,18-10-2024,,delhivery,Delivered
7010,71475,09-08-2021,,fedex,Shipped
7011,18074,31-05-2023,,fedex,Delivered
7012,87575,31-07-2021,,dhl,Delivered
7013,58675,23-12-2022,,fedex,Delivered
7014,30454,24-12-2023,,ups,Delivered
7015,49033,03-07-2022,,usps,Delivered
7016,43383,05-07-2020,,dhl,Delivered
7017,33587,10-04-2022,,fedex,Delivered
7018,56720,20-06-2021,29-06-2021,dhl,Returned
7019,13587,14-02-2024,,fedex,Delivered
7020,81897,09-11-2023,,fedex,Cancelled
7021,59148,07-12-2022,,fedex,Shipped
7022,4878,08-09-2020,,fedex,Delivered
7023,92564,06-09-2022,,bluedart,Shipped
7024,19648,20-12-2024,,fedex,Delivered
7025,64703,10-01-2022,,dhl,Shipped
7026,91117,08-02-2020,,fedex,In Transit
7027,52238,23-05-2020,,fedex,Shipped
7028,51442,02-08-2023,,bluedart,Delivered
7029,56201,31-07-2023,,ups,Delivered
7030,95063,22-12-2022,21-01-2023,dhl,Returned
7031,65727,05-01-2023,,bluedart,Shipped
7032,36652,27-02-2023,,dhl,Cancelled
7033,48810,21-06-2020,,fedex,Delivered
7034,8980,13-03-2023,,bluedart,Delivered
7035,45125,19-07-2021,,fedex,Delivered
7036,42072,07-02-2022,,fedex,Delivered
7037,34132,01-01-2021,19-01-2021,dhl,Returned
7038,69033,23-05-2021,,ups,Shipped
7039,95234,09-01-2024,,fedex,Delivered
7040,2112,26-09-2021,,usps,Delivered
7041,5665,26-11-2021,,fedex,Shipped
7042,76241,23-06-2021,,fedex,In Transit
7043,15336,12-10-2021,,dhl,Delivered
7044,8949,18-08-2022,,fedex,Delivered
7045,90978,25-04-2020,,bluedart,Delivered
7046,52967,31-12-2020,,ups,Delivered
7047,89271,05-03-2021,,ups,Delivered
7048,9320,31-03-2023,11-04-2023,ups,Returned
7049,30182,03-06-2021,,fedex,Delivered
7050,54246,16-07-2021,,dhl,Delivered
7051,27131,30-11-2020,,bluedart,Shipped
7052,98899,18-02-2022,,fedex,Delivered
7053,34175,03-12-2021,,fedex,Delivered
7054,34013,18-08-2024,,delhivery,Delivered
7055,79765,26-04-2020,,ups,Delivered
7056,27873,23-04-2021,,ups,Delivered
7057,59832,07-01-2020,,fedex,Delivered
7058,85717,08-08-2022,,bluedart,Delivered
7059,79953,18-08-2024,02-09-2024,usps,Returned
7060,83135,16-04-2022,,ups,Delivered
7061,53378,08-12-2020,,fedex,Shipped
7062,39909,24-08-2021,,bluedart,Shipped
7063,55466,14-01-2021,,fedex,Delivered
7064,13938,17-08-2023,,fedex,Delivered
7065,83596,14-02-2024,,bluedart,Delivered
7066,32228,07-07-2022,,bluedart,Delivered
7067,72756,05-08-2023,,bluedart,Delivered
7068,14446,03-07-2024,,usps,Delivered
7069,85596,06-06-2023,,dhl,Delivered
7070,36666,28-03-2023,,delhivery,Shipped
7071,78641,27-09-2020,,fedex,Delivered
7072,20034,23-11-2023,,fedex,Delivered
7073,11021,11-09-2023,,fedex,In Transit
7074,74585,27-02-2022,,bluedart,Delivered
7075,69880,02-09-2023,,dhl,Delivered
7076,30990,09-04-2023,,usps,Delivered
7077,53598,13-08-2020,,fedex,Delivered
7078,78424,24-12-2024,,ups,Delivered
7079,88577,07-05-2022,,delhivery,Shipped
7080,21834,25-03-2023,,fedex,Delivered
7081,97125,22-07-2022,,ups,Cancelled
7082,97792,30-01-2020,,delhivery,Shipped
7083,84944,16-04-2021,,ups,Cancelled
7084,16303,04-04-2024,,fedex,In Transit
7085,51386,29-10-2024,,ups,Cancelled
7086,69300,28-10-2022,,bluedart,Delivered
7087,94544,12-09-2023,,fedex,Delivered
7088,16053,23-04-2020,,delhivery,Shipped
7089,23438,06-10-2021,,usps,Delivered
7090,45849,16-09-2022,,dhl,Cancelled
7091,10071,09-02-2021,,bluedart,Delivered
7092,47938,26-06-2023,,fedex,Delivered
7093,54886,10-08-2021,,dhl,In Transit
7094,42343,03-11-2022,,fedex,Delivered
7095,49593,04-09-2020,,fedex,Delivered
7096,19285,09-04-2021,,bluedart,Delivered
7097,72615,14-11-2024,,fedex,Delivered
7098,74832,26-03-2021,,fedex,Delivered
7099,38685,16-02-2023,,fedex,Shipped
7100,85053,17-07-2023,,dhl,Delivered
7101,99585,25-03-2023,,bluedart,Delivered
7102,29509,09-08-2021,,fedex,Delivered
7103,90219,06-10-2021,,fedex,Delivered
7104,89677,14-05-2020,,fedex,Delivered
7105,30482,28-07-2020,,fedex,Delivered
7106,3867,18-11-2024,,dhl,Delivered
7107,15641,08-05-2024,31-05-2024,fedex,Returned
7108,96840,25-04-2021,,dhl,In Transit
7109,34646,10-06-2021,,dhl,Delivered
7110,85330,15-11-2023,,dhl,Delivered
7111,84747,04-08-2022,,bluedart,Delivered
7112,81258,18-01-2022,,dhl,Delivered
7113,17880,14-10-2023,,bluedart,Delivered
7114,73614,19-08-2021,,fedex,In Transit
7115,62075,19-12-2022,,fedex,Delivered
7116,1452,15-04-2020,27-04-2020,bluedart,Returned
7117,65780,19-08-2021,,bluedart,Delivered
7118,27946,07-04-2020,,delhivery,Delivered
7119,2146,01-02-2024,,fedex,Shipped
7120,44311,05-01-2022,,bluedart,Delivered
7121,84209,16-12-2023,,dhl,Delivered
7122,90947,25-09-2020,,bluedart,Delivered
7123,5986,11-01-2023,,dhl,Delivered
7124,61824,29-01-2020,,dhl,Shipped
7125,99277,28-03-2022,,fedex,Delivered
7126,28350,19-09-2021,,fedex,Delivered
7127,83416,28-08-2024,,fedex,Delivered
7128,53336,07-08-2020,,dhl,Delivered
7129,10651,13-05-2022,,dhl,Delivered
7130,76226,07-06-2020,,ups,Delivered
7131,90032,29-03-2024,,usps,Delivered
7132,2710,08-05-2022,,ups,Delivered
7133,21457,08-06-2021,,bluedart,Delivered
7134,82116,26-07-2021,,dhl,Delivered
7135,19525,01-06-2020,,bluedart,Delivered
7136,50828,14-04-2024,,dhl,Delivered
7137,55201,09-12-2023,,usps,Delivered
7138,73677,06-03-2023,,fedex,Delivered
7139,29107,12-03-2024,,dhl,Delivered
7140,67462,17-05-2023,,bluedart,Shipped
7141,59184,05-02-2023,,fedex,Delivered
7142,89148,30-08-2023,,fedex,Delivered
7143,47062,06-05-2020,,bluedart,Delivered
7144,89868,19-03-2020,,fedex,Delivered
7145,51985,06-06-2022,17-06-2022,dhl,Returned
7146,87281,12-10-2021,,fedex,Delivered
7147,10624,07-04-2021,,fedex,Delivered
7148,10438,01-10-2024,,fedex,Delivered
7149,36845,23-02-2022,,usps,Delivered
7150,70716,27-05-2023,,dhl,Delivered
7151,1928,28-12-2023,,dhl,Shipped
7152,50545,21-06-2020,,bluedart,Delivered
7153,98568,03-11-2023,,fedex,Delivered
7154,6478,31-03-2024,,dhl,Delivered
7155,33664,18-04-2023,,ups,Delivered
7156,58605,05-03-2020,,bluedart,Delivered
7157,89444,27-09-2024,,fedex,Delivered
7158,17896,25-06-2022,,fedex,Shipped
7159,16022,23-02-2021,,fedex,Shipped
7160,26622,04-11-2020,,dhl,Delivered
7161,70410,13-01-2021,,fedex,Cancelled
7162,60727,02-01-2025,,bluedart,Shipped
7163,48411,24-07-2024,,fedex,Delivered
7164,92806,13-04-2022,,dhl,Delivered
7165,95792,08-03-2021,,fedex,Delivered
7166,53774,10-03-2023,,fedex,In Transit
7167,86851,21-04-2024,,fedex,Delivered
7168,32774,05-08-2020,,dhl,In Transit
7169,19228,17-04-2023,,dhl,Delivered
7170,56346,08-10-2024,23-10-2024,bluedart,Returned
7171,6655,02-09-2023,,fedex,Delivered
7172,4447,03-11-2022,,dhl,Shipped
7173,92528,08-06-2023,,ups,Delivered
7174,27630,09-09-2020,,delhivery,Delivered
7175,93400,03-12-2024,,delhivery,Shipped
7176,67837,26-09-2022,,dhl,Delivered
7177,52522,21-10-2020,,bluedart,Delivered
7178,79404,12-08-2020,,dhl,Delivered
7179,24324,02-10-2023,,bluedart,Delivered
7180,2699,02-03-2021,,fedex,In Transit
7181,5746,20-08-2024,,dhl,Delivered
7182,45433,19-01-2023,,fedex,Delivered
7183,71366,28-06-2023,,dhl,Delivered
7184,33165,14-09-2024,,dhl,Delivered
7185,8477,19-12-2022,,fedex,Delivered
7186,26044,16-01-2022,,ups,Delivered
7187,14163,28-11-2023,,delhivery,Delivered
7188,29322,11-06-2022,,delhivery,Shipped
7189,89478,08-10-2023,21-10-2023,fedex,Returned
7190,5824,20-09-2021,,ups,Delivered
7191,83887,22-04-2024,,bluedart,Delivered
7192,2055,15-12-2024,,fedex,Delivered
7193,47683,04-02-2024,,fedex,Shipped
7194,44309,22-12-2020,,fedex,Delivered
7195,79857,09-01-2021,,ups,Delivered
7196,95929,31-12-2023,,fedex,In Transit
7197,24207,20-04-2022,17-05-2022,fedex,Returned
7198,16493,19-08-2023,,dhl,Delivered
7199,57260,29-03-2022,,delhivery,Delivered
7200,98623,26-11-2022,,dhl,Cancelled
7201,50914,01-11-2023,,delhivery,In Transit
7202,7146,05-04-2022,,fedex,Delivered
7203,38987,05-12-2023,,bluedart,Cancelled
7204,49361,05-01-2022,,delhivery,Delivered
7205,99077,02-08-2022,,fedex,Delivered
7206,39399,05-03-2024,,fedex,Delivered
7207,16648,12-10-2020,,ups,Delivered
7208,82452,06-07-2020,,dhl,Delivered
7209,8869,09-03-2020,,fedex,Cancelled
7210,50494,25-09-2020,22-10-2020,fedex,Returned
7211,64602,03-05-2022,,ups,Delivered
7212,90515,26-03-2022,,dhl,Delivered
7213,44861,06-10-2024,,usps,Delivered
7214,46573,13-06-2022,,ups,Cancelled
7215,5612,07-09-2023,,bluedart,In Transit
7216,17657,14-07-2023,,usps,Shipped
7217,41494,10-02-2021,,usps,Delivered
7218,78865,05-01-2024,,dhl,Delivered
7219,56619,15-02-2022,,bluedart,Shipped
7220,11392,25-10-2023,,bluedart,Delivered
7221,66907,17-01-2022,,fedex,Shipped
7222,1196,14-04-2024,,ups,Delivered
7223,68018,14-05-2021,,fedex,Delivered
7224,42799,16-09-2023,,dhl,Delivered
7225,52502,24-06-2022,,dhl,Delivered
7226,72524,15-06-2020,,fedex,Delivered
7227,98075,22-02-2023,,dhl,Delivered
7228,73572,09-02-2023,,dhl,Shipped
7229,40034,18-12-2022,,dhl,In Transit
7230,4469,25-05-2024,,bluedart,Delivered
7231,61148,04-12-2020,,delhivery,Delivered
7232,38850,06-12-2022,,fedex,Delivered
7233,19817,27-05-2023,,bluedart,Delivered
7234,14441,04-02-2020,,dhl,Delivered
7235,64733,01-10-2021,,delhivery,Delivered
7236,91477,19-11-2023,,dhl,Delivered
7237,20655,21-03-2020,,dhl,Delivered
7238,34399,04-09-2023,27-09-2023,fedex,Returned
7239,8718,06-08-2024,,ups,Delivered
7240,39697,19-01-2024,,fedex,Delivered
7241,8901,14-05-2023,,delhivery,Delivered
7242,69019,15-08-2024,,fedex,Delivered
7243,80127,14-07-2021,,fedex,Delivered
7244,29281,26-04-2023,,fedex,Shipped
7245,25193,19-04-2022,,fedex,Delivered
7246,90270,29-10-2021,,bluedart,In Transit
7247,25577,04-02-2021,,bluedart,Delivered
7248,20666,11-08-2022,,ups,Delivered
7249,91143,12-08-2021,,fedex,Delivered
7250,62031,22-03-2023,05-04-2023,fedex,Returned
7251,4645,12-11-2021,,dhl,Delivered
7252,27678,03-06-2020,,fedex,Delivered
7253,50419,17-11-2023,,fedex,Delivered
7254,41531,15-11-2024,,dhl,Delivered
7255,48332,01-04-2024,,fedex,Delivered
7256,75435,25-02-2021,,ups,Delivered
7257,11441,10-12-2023,,dhl,Delivered
7258,5534,20-02-2020,,fedex,Delivered
7259,32334,04-07-2020,,delhivery,Delivered
7260,85920,03-11-2022,,fedex,Cancelled
7261,46579,30-11-2024,,bluedart,Delivered
7262,37127,06-07-2023,,fedex,Delivered
7263,60438,13-12-2020,,dhl,Delivered
7264,44400,17-12-2020,,dhl,Delivered
7265,40620,08-04-2020,,usps,Delivered
7266,94352,07-03-2020,,dhl,Delivered
7267,77125,02-12-2020,,ups,Delivered
7268,33602,22-08-2020,,dhl,Delivered
7269,29607,09-01-2023,,fedex,Cancelled
7270,26764,03-09-2024,,fedex,Delivered
7271,5604,15-10-2021,,fedex,Delivered
7272,51111,16-02-2021,,ups,Delivered
7273,98158,18-06-2020,,fedex,Delivered
7274,95500,24-08-2021,,bluedart,Delivered
7275,37559,20-12-2023,16-01-2024,fedex,Returned
7276,23052,04-03-2020,,fedex,Cancelled
7277,56944,02-08-2023,,ups,Delivered
7278,89709,27-05-2024,,bluedart,Delivered
7279,96326,08-02-2023,,fedex,Delivered
7280,54234,26-09-2020,,bluedart,Delivered
7281,43141,02-12-2021,,fedex,Delivered
7282,60621,01-12-2022,,fedex,Shipped
7283,50775,26-12-2022,,dhl,Delivered
7284,53022,07-10-2020,,dhl,Delivered
7285,37630,10-09-2021,,bluedart,Shipped
7286,60816,05-03-2024,,delhivery,Shipped
7287,43106,11-03-2024,,fedex,Delivered
7288,30206,25-07-2023,,dhl,Delivered
7289,66002,29-08-2022,,dhl,Delivered
7290,56871,04-07-2021,,fedex,Delivered
7291,80494,17-06-2023,,fedex,Delivered
7292,50822,14-01-2020,,dhl,Delivered
7293,31120,05-02-2023,15-02-2023,bluedart,Returned
7294,8882,23-04-2022,,fedex,Delivered
7295,66802,29-11-2023,,fedex,Delivered
7296,14241,19-03-2020,,fedex,Delivered
7297,84193,14-11-2023,,fedex,Delivered
7298,71887,13-04-2020,07-05-2020,ups,Returned
7299,1512,28-06-2022,,dhl,Delivered
7300,25850,21-02-2024,,fedex,Delivered
7301,56742,07-11-2020,,fedex,Delivered
7302,76086,01-08-2021,,dhl,Delivered
7303,39187,18-11-2023,07-12-2023,fedex,Returned
7304,10734,07-05-2020,,dhl,Delivered
7305,10143,05-01-2022,,dhl,Delivered
7306,21650,14-07-2021,,ups,Delivered
7307,23036,16-05-2020,,bluedart,Delivered
7308,87407,09-11-2021,17-11-2021,usps,Returned
7309,14714,18-07-2022,,fedex,Shipped
7310,67854,09-06-2021,,usps,In Transit
7311,64591,31-01-2024,,bluedart,Delivered
7312,18359,14-02-2020,,fedex,Delivered
7313,69780,27-07-2024,,ups,Delivered
7314,1649,31-01-2021,,fedex,Delivered
7315,13770,14-03-2022,,fedex,Delivered
7316,65463,04-09-2022,,fedex,Cancelled
7317,50516,20-07-2020,03-08-2020,fedex,Returned
7318,9967,12-02-2020,,bluedart,Delivered
7319,53090,20-08-2022,,bluedart,Delivered
7320,2787,07-04-2023,,fedex,Delivered
7321,42036,08-08-2020,,delhivery,Delivered
7322,53165,28-08-2021,,dhl,Delivered
7323,11299,31-07-2020,,ups,Shipped
7324,88392,17-08-2022,,delhivery,Delivered
7325,43034,31-03-2022,28-04-2022,fedex,Returned
7326,51606,26-11-2023,,fedex,Delivered
7327,26098,20-05-2022,,fedex,Delivered
7328,4139,10-08-2022,,fedex,Delivered
7329,42408,25-08-2020,,ups,Delivered
7330,11302,05-03-2021,,bluedart,Delivered
7331,87784,12-02-2021,,ups,Delivered
7332,89347,01-03-2024,,usps,Delivered
7333,76681,19-06-2021,,bluedart,Delivered
7334,42701,13-12-2022,,usps,Delivered
7335,33955,23-06-2022,,dhl,In Transit
7336,92959,11-12-2023,,bluedart,Delivered
7337,85139,25-05-2020,,bluedart,Delivered
7338,24288,21-12-2024,,fedex,Delivered
7339,70588,14-07-2023,,fedex,Delivered
7340,61026,24-08-2023,,fedex,Delivered
7341,75125,28-11-2022,,bluedart,Delivered
7342,1789,21-03-2024,,fedex,Delivered
7343,87246,21-03-2020,,dhl,Delivered
7344,90222,15-10-2024,,fedex,Delivered
7345,67259,27-10-2024,,fedex,Delivered
7346,79888,30-06-2020,,bluedart,Delivered
7347,29116,25-04-2020,,usps,Delivered
7348,85152,18-09-2023,,bluedart,Delivered
7349,74754,25-07-2023,,bluedart,Delivered
7350,34731,31-01-2024,,fedex,Delivered
7351,61718,06-07-2024,,dhl,Delivered
7352,84446,26-09-2022,,dhl,Shipped
7353,76435,15-05-2021,,fedex,Delivered
7354,4453,30-10-2021,,fedex,Delivered
7355,68702,02-02-2023,,dhl,Shipped
7356,6392,03-02-2021,,dhl,Cancelled
7357,66962,11-10-2022,,fedex,Delivered
7358,81181,31-10-2024,,dhl,Delivered
7359,78538,18-09-2022,,fedex,In Transit
7360,29166,28-06-2022,,fedex,Delivered
7361,90137,31-12-2021,,ups,Shipped
7362,34324,25-09-2022,,usps,Delivered
7363,55411,28-01-2020,04-02-2020,usps,Returned
7364,57588,31-10-2021,,dhl,Delivered
7365,89430,10-10-2024,,bluedart,Cancelled
7366,33127,19-06-2021,,fedex,Delivered
7367,40144,05-07-2022,,dhl,Delivered
7368,51334,10-07-2021,,bluedart,Shipped
7369,23326,11-09-2020,,fedex,Delivered
7370,20556,01-03-2020,,bluedart,Delivered
7371,78505,14-05-2023,,dhl,Delivered
7372,25665,17-10-2023,,fedex,Delivered
7373,69430,21-06-2020,15-07-2020,fedex,Returned
7374,10029,24-03-2023,,fedex,Delivered
7375,73600,16-06-2024,,bluedart,Delivered
7376,14074,17-12-2021,,fedex,Delivered
7377,81793,03-10-2022,,delhivery,Delivered
7378,72083,31-03-2020,,fedex,Delivered
7379,53738,03-08-2024,,dhl,Cancelled
7380,92271,06-02-2024,,bluedart,Delivered
7381,48618,27-06-2022,,fedex,Delivered
7382,91520,15-03-2022,,dhl,Delivered
7383,64632,02-05-2024,,fedex,Delivered
7384,94589,08-10-2022,,fedex,Delivered
7385,33860,18-03-2023,,dhl,Delivered
7386,41789,02-07-2021,,bluedart,Delivered
7387,30731,07-04-2020,,usps,In Transit
7388,59905,02-07-2024,,dhl,Delivered
7389,71183,06-12-2024,,fedex,Shipped
7390,52897,24-12-2023,,fedex,Delivered
7391,12484,17-05-2021,,fedex,Delivered
7392,49072,26-06-2020,,fedex,Delivered
7393,49679,13-08-2022,,dhl,Delivered
7394,70438,14-12-2024,,fedex,Delivered
7395,5622,10-06-2022,,dhl,Delivered
7396,39777,04-01-2022,,dhl,Delivered
7397,73929,04-07-2024,16-07-2024,dhl,Returned
7398,91122,13-02-2022,,bluedart,Delivered
7399,31292,07-04-2022,,delhivery,Delivered
7400,26546,09-10-2020,,fedex,Cancelled
7401,40716,29-07-2021,,fedex,Delivered
7402,6430,17-09-2021,,bluedart,Delivered
7403,14547,11-03-2024,,fedex,Shipped
7404,86210,28-04-2022,,ups,In Transit
7405,45949,25-09-2022,,dhl,Delivered
7406,54013,25-10-2024,,fedex,Delivered
7407,37673,22-04-2023,,ups,Cancelled
7408,68660,06-07-2023,,fedex,Cancelled
7409,14277,22-10-2024,,fedex,Cancelled
7410,91590,06-05-2021,,fedex,Delivered
7411,22497,31-03-2022,,dhl,Delivered
7412,99752,29-05-2021,,dhl,Cancelled
7413,35395,10-11-2024,,dhl,Delivered
7414,31295,12-12-2021,,dhl,Delivered
7415,71182,31-10-2021,,dhl,Cancelled
7416,83716,20-11-2023,,delhivery,Delivered
7417,63270,22-06-2022,,bluedart,Delivered
7418,52215,16-08-2020,,bluedart,Delivered
7419,3491,27-12-2020,,dhl,Delivered
7420,40165,31-05-2024,,usps,Shipped
7421,34197,03-04-2022,,fedex,Delivered
7422,13599,20-07-2020,07-08-2020,delhivery,Returned
7423,69043,25-05-2024,,dhl,In Transit
7424,13793,19-08-2020,,dhl,Delivered
7425,75644,07-12-2024,,dhl,Delivered
7426,40024,24-11-2022,,fedex,Delivered
7427,12795,31-10-2024,,usps,Delivered
7428,34533,25-03-2022,,fedex,Delivered
7429,92117,31-10-2022,,delhivery,Delivered
7430,54478,23-08-2024,,fedex,Shipped
7431,74426,03-04-2021,,ups,Delivered
7432,2511,17-03-2023,25-03-2023,usps,Returned
7433,84617,25-06-2024,,bluedart,Delivered
7434,94400,31-01-2024,,dhl,Delivered
7435,10150,22-11-2021,,fedex,Delivered
7436,26942,30-06-2024,,fedex,Delivered
7437,16468,10-09-2021,,ups,Cancelled
7438,26885,12-12-2022,,fedex,Delivered
7439,79278,15-07-2023,,dhl,Delivered
7440,82082,10-08-2023,,fedex,Delivered
7441,68359,04-05-2024,,usps,Delivered
7442,3276,14-07-2021,,fedex,Delivered
7443,84975,26-05-2024,,fedex,Delivered
7444,32772,12-06-2020,,dhl,Delivered
7445,25370,12-05-2023,29-05-2023,bluedart,Returned
7446,66678,09-04-2023,,ups,Delivered
7447,51140,08-08-2024,,bluedart,Delivered
7448,75465,28-01-2020,,bluedart,Delivered
7449,49427,04-12-2024,,dhl,Delivered
7450,42444,17-11-2020,,fedex,Delivered
7451,37364,27-09-2023,,usps,Delivered
7452,40922,19-10-2024,,fedex,Cancelled
7453,89095,16-09-2024,,ups,Delivered
7454,98212,06-04-2020,,ups,Delivered
7455,61974,12-08-2023,,bluedart,Delivered
7456,24159,24-03-2023,,fedex,Shipped
7457,26220,17-01-2023,,fedex,Delivered
7458,99010,18-04-2020,,ups,Delivered
7459,94040,25-08-2024,,fedex,Shipped
7460,26884,06-07-2020,22-07-2020,fedex,Returned
7461,70380,09-08-2020,,delhivery,Delivered
7462,48694,20-04-2021,,fedex,Delivered
7463,88406,20-08-2024,,fedex,Delivered
7464,1484,07-03-2020,,ups,Shipped
7465,34149,29-08-2024,,dhl,Delivered
7466,67487,23-09-2022,21-10-2022,dhl,Returned
7467,48215,16-11-2023,,dhl,Delivered
7468,13296,24-10-2024,,bluedart,Shipped
7469,2467,25-03-2021,,fedex,Cancelled
7470,87189,08-02-2021,,ups,Delivered
7471,94791,23-11-2021,,dhl,Delivered
7472,48623,13-01-2021,,fedex,Delivered
7473,3387,12-11-2020,,usps,Delivered
7474,39756,23-06-2021,,fedex,Delivered
7475,49730,26-06-2021,,dhl,Delivered
7476,93882,24-08-2024,,bluedart,Delivered
7477,5856,04-07-2024,,fedex,Delivered
7478,21023,20-07-2021,,fedex,Delivered
7479,31237,04-11-2021,,fedex,Delivered
7480,35289,10-12-2020,,bluedart,Shipped
7481,28212,25-08-2021,,bluedart,Delivered
7482,39295,18-01-2022,,fedex,Delivered
7483,15053,14-08-2024,,usps,Delivered
7484,51942,29-11-2023,,usps,Delivered
7485,28788,14-12-2021,,ups,In Transit
7486,34470,12-03-2022,,dhl,Delivered
7487,22693,13-04-2023,,fedex,Shipped
7488,25244,11-11-2022,,dhl,Delivered
7489,49920,17-04-2020,,dhl,Delivered
7490,66168,25-11-2024,,fedex,Delivered
7491,34060,17-07-2021,,delhivery,Delivered
7492,78181,05-10-2021,,fedex,In Transit
7493,55538,24-02-2023,,ups,Delivered
7494,78872,28-06-2022,,fedex,Delivered
7495,62666,08-09-2023,,bluedart,Delivered
7496,26002,10-05-2024,,dhl,Delivered
7497,6157,14-02-2022,,dhl,Delivered
7498,22702,11-01-2023,,dhl,Delivered
7499,49655,13-08-2023,,fedex,Delivered
7500,54740,01-03-2021,,fedex,Delivered
7501,33392,07-07-2024,,delhivery,Delivered
7502,34840,26-05-2021,,fedex,Shipped
7503,55256,24-03-2024,,ups,Delivered
7504,85602,27-03-2020,,bluedart,Delivered
7505,63470,04-10-2020,,fedex,Delivered
7506,26396,27-12-2020,,fedex,In Transit
7507,16169,17-08-2020,29-08-2020,bluedart,Returned
7508,99985,21-09-2024,,dhl,Delivered
7509,82760,06-09-2020,,fedex,Delivered
7510,64139,09-10-2024,,bluedart,Shipped
7511,50005,03-06-2023,,bluedart,Delivered
7512,29159,23-06-2020,,bluedart,Delivered
7513,15520,17-02-2024,,fedex,Delivered
7514,34185,23-10-2020,,fedex,Delivered
7515,25069,21-03-2024,,fedex,Delivered
7516,17708,02-07-2023,,usps,In Transit
7517,41811,29-12-2024,,fedex,Delivered
7518,44839,16-03-2023,,dhl,Shipped
7519,4072,24-04-2023,,ups,Delivered
7520,44960,24-10-2022,,fedex,Delivered
7521,80002,06-01-2025,,fedex,Delivered
7522,78554,27-04-2023,,delhivery,Delivered
7523,54686,18-01-2020,,fedex,Delivered
7524,63763,02-11-2020,,delhivery,Delivered
7525,51979,13-04-2023,,bluedart,Delivered
7526,58079,16-09-2020,,usps,Delivered
7527,53314,11-10-2023,,ups,Delivered
7528,18358,14-01-2020,,dhl,Delivered
7529,49780,04-06-2021,,fedex,Cancelled
7530,22146,30-04-2024,,usps,Delivered
7531,92617,21-02-2020,,fedex,Shipped
7532,71780,25-07-2020,,ups,Delivered
7533,3239,05-06-2022,,fedex,Delivered
7534,65921,05-05-2023,,fedex,Delivered
7535,89903,09-08-2022,,ups,Delivered
7536,84032,13-12-2023,,dhl,Delivered
7537,81328,19-04-2023,,fedex,Delivered
7538,31002,15-09-2021,,fedex,Delivered
7539,8177,30-08-2024,,fedex,Delivered
7540,33636,27-04-2020,,delhivery,Shipped
7541,88344,15-05-2020,,bluedart,Delivered
7542,5042,25-07-2024,,dhl,Delivered
7543,4350,15-03-2022,,bluedart,Delivered
7544,78883,14-02-2020,,bluedart,Delivered
7545,99221,20-01-2020,,fedex,Shipped
7546,95856,09-09-2020,,dhl,In Transit
7547,65364,13-05-2020,,fedex,Delivered
7548,8251,28-05-2022,,bluedart,Delivered
7549,2558,18-12-2020,,fedex,Delivered
7550,19391,26-11-2020,,dhl,Delivered
7551,28917,13-08-2020,,fedex,Delivered
7552,44946,27-08-2020,,ups,Delivered
7553,39262,07-10-2021,,dhl,Delivered
7554,66689,04-07-2024,,fedex,Delivered
7555,22489,15-08-2021,,dhl,Delivered
7556,47784,09-09-2021,,bluedart,In Transit
7557,30625,19-11-2020,,dhl,Delivered
7558,36915,09-02-2024,,fedex,Delivered
7559,16448,28-02-2021,,dhl,Delivered
7560,90767,02-10-2022,,ups,Delivered
7561,28262,26-04-2021,,dhl,Delivered
7562,76455,11-03-2020,,dhl,Delivered
7563,95664,01-02-2023,,bluedart,In Transit
7564,79661,10-03-2021,,fedex,Delivered
7565,24640,23-05-2024,,fedex,Shipped
7566,81329,04-02-2022,,ups,Cancelled
7567,24318,04-12-2020,,bluedart,Cancelled
7568,38722,11-11-2022,,bluedart,Delivered
7569,91626,11-06-2023,,bluedart,Delivered
7570,23950,04-11-2023,,fedex,Delivered
7571,35616,10-06-2020,,ups,Delivered
7572,83489,06-12-2022,,fedex,Delivered
7573,81758,13-08-2022,,fedex,Delivered
7574,7435,10-08-2020,,fedex,Cancelled
7575,54451,15-07-2020,,ups,Delivered
7576,75054,25-07-2024,,dhl,Delivered
7577,41653,19-05-2021,,dhl,Shipped
7578,79398,04-08-2024,,ups,Delivered
7579,96279,31-10-2021,12-11-2021,fedex,Returned
7580,16599,03-10-2023,,dhl,Delivered
7581,90135,24-09-2024,,ups,Delivered
7582,57936,28-10-2023,,fedex,Delivered
7583,52786,06-04-2022,,fedex,Delivered
7584,8432,02-05-2023,,delhivery,Delivered
7585,19218,11-04-2020,,ups,Delivered
7586,55212,26-08-2021,,fedex,In Transit
7587,68585,14-11-2022,,dhl,In Transit
7588,16871,26-09-2022,,dhl,Delivered
7589,40662,03-02-2022,,ups,Delivered
7590,92402,14-02-2023,,bluedart,Delivered
7591,13585,19-11-2023,,fedex,Delivered
7592,5331,31-12-2024,,ups,Delivered
7593,70415,04-04-2023,,dhl,Delivered
7594,18994,01-09-2021,,fedex,Delivered
7595,9988,12-04-2024,,fedex,Delivered
7596,39822,29-09-2020,,fedex,Delivered
7597,39157,12-02-2021,,fedex,Delivered
7598,8822,24-07-2024,,delhivery,Shipped
7599,71330,24-04-2022,,dhl,Delivered
7600,96912,05-02-2022,,fedex,Delivered
7601,16527,24-06-2023,,dhl,In Transit
7602,46785,12-08-2023,,dhl,Delivered
7603,52014,05-05-2021,,fedex,Shipped
7604,92111,12-02-2023,,dhl,Delivered
7605,57003,16-01-2022,,fedex,Delivered
7606,89297,09-08-2024,,fedex,Cancelled
7607,93823,15-09-2021,,fedex,Shipped
7608,71054,05-03-2020,,fedex,Delivered
7609,50400,04-03-2024,,dhl,Delivered
7610,90649,21-10-2024,,dhl,Delivered
7611,89624,27-07-2020,08-08-2020,ups,Returned
7612,98816,23-08-2021,,bluedart,Cancelled
7613,39862,16-02-2020,,dhl,Cancelled
7614,4159,03-08-2020,,dhl,Delivered
7615,2989,18-11-2021,,fedex,Delivered
7616,11364,23-06-2021,,dhl,Shipped
7617,73947,27-01-2023,,ups,Delivered
7618,27498,31-10-2023,,dhl,In Transit
7619,6365,04-02-2024,,fedex,Delivered
7620,86281,23-07-2024,,dhl,Shipped
7621,45157,18-08-2022,,bluedart,Delivered
7622,2272,17-08-2020,,dhl,Delivered
7623,12721,13-01-2021,,fedex,Delivered
7624,87873,22-11-2020,,usps,Delivered
7625,41070,26-10-2024,,dhl,Delivered
7626,36045,25-06-2024,,fedex,Delivered
7627,66303,21-10-2022,,dhl,Delivered
7628,82194,04-09-2020,,fedex,Delivered
7629,41012,14-07-2021,,delhivery,Shipped
7630,37993,04-06-2023,,fedex,Delivered
7631,93827,30-04-2024,,dhl,Shipped
7632,15505,02-03-2024,,bluedart,Delivered
7633,94512,28-01-2021,,ups,Delivered
7634,45634,10-07-2024,,fedex,Delivered
7635,72668,27-06-2020,,bluedart,Delivered
7636,75377,22-01-2024,,bluedart,Delivered
7637,90443,28-05-2022,,usps,Delivered
7638,28853,25-06-2020,,dhl,In Transit
7639,71806,28-08-2021,,fedex,Delivered
7640,62857,15-03-2023,,fedex,Delivered
7641,58974,08-12-2024,,dhl,In Transit
7642,77382,31-07-2020,,fedex,Shipped
7643,51841,22-11-2020,,fedex,Delivered
7644,19180,23-05-2023,,fedex,Delivered
7645,25699,05-10-2020,,dhl,Delivered
7646,92751,09-01-2022,,fedex,Shipped
7647,22551,31-03-2020,,fedex,Delivered
7648,3581,13-12-2022,,ups,Delivered
7649,30274,20-04-2021,,fedex,Delivered
7650,75003,18-10-2024,,bluedart,Delivered
7651,4615,15-08-2024,,dhl,Delivered
7652,45191,25-07-2024,,ups,Delivered
7653,84658,03-05-2021,,dhl,Shipped
7654,78520,23-04-2023,,dhl,Delivered
7655,71476,08-07-2020,,fedex,Delivered
7656,76416,25-02-2022,,ups,Shipped
7657,40655,01-07-2022,,usps,Delivered
7658,21161,19-03-2023,,bluedart,Delivered
7659,65108,19-10-2020,,fedex,Delivered
7660,10549,25-02-2023,,bluedart,Delivered
7661,99380,05-08-2023,,ups,Delivered
7662,11802,19-06-2020,,dhl,Shipped
7663,12955,28-02-2021,,fedex,Delivered
7664,96794,19-06-2020,,fedex,Delivered
7665,51900,29-01-2024,25-02-2024,delhivery,Returned
7666,71571,27-05-2024,,fedex,Delivered
7667,42254,05-12-2022,,dhl,Delivered
7668,41687,16-10-2020,,fedex,Delivered
7669,86857,02-05-2023,,bluedart,Shipped
7670,73575,19-02-2020,,delhivery,Delivered
7671,90460,07-06-2023,15-06-2023,fedex,Returned
7672,88954,27-02-2021,,dhl,In Transit
7673,80902,01-11-2022,,fedex,Delivered
7674,20156,10-07-2023,,dhl,Shipped
7675,86174,16-08-2022,,fedex,Delivered
7676,98975,25-04-2020,,fedex,Delivered
7677,30069,16-08-2020,,ups,Delivered
7678,55209,16-09-2020,,fedex,Delivered
7679,74135,05-10-2020,,ups,Shipped
7680,80634,26-06-2020,,ups,Cancelled
7681,86759,16-01-2024,,dhl,Delivered
7682,9022,12-07-2020,,fedex,Delivered
7683,59232,18-07-2021,,bluedart,Shipped
7684,88970,11-05-2022,,ups,Delivered
7685,14665,12-11-2022,,bluedart,Delivered
7686,75494,05-07-2023,,fedex,Delivered
7687,8979,02-06-2023,,fedex,Shipped
7688,27318,16-09-2022,,fedex,Delivered
7689,92640,22-06-2022,,bluedart,Delivered
7690,10626,02-02-2023,,delhivery,Delivered
7691,70865,12-09-2023,,fedex,Cancelled
7692,63566,14-06-2024,01-07-2024,fedex,Returned
7693,96939,09-02-2023,,fedex,Delivered
7694,46439,18-10-2020,,dhl,Delivered
7695,28155,19-09-2021,,fedex,Delivered
7696,23789,14-05-2021,,dhl,Delivered
7697,11505,04-07-2023,,bluedart,Delivered
7698,36285,11-06-2024,,fedex,Delivered
7699,88209,26-07-2021,,fedex,Delivered
7700,73055,04-09-2022,,fedex,Delivered
7701,58059,01-10-2022,,dhl,Delivered
7702,18921,23-06-2023,,dhl,Delivered
7703,20835,01-04-2022,,ups,Delivered
7704,67820,27-06-2023,,fedex,Cancelled
7705,69652,01-11-2021,,dhl,Delivered
7706,45975,09-01-2020,,dhl,Delivered
7707,5598,04-11-2022,,fedex,Delivered
7708,66368,12-07-2023,,fedex,Delivered
7709,47916,14-08-2023,,dhl,Delivered
7710,56807,10-03-2023,,fedex,Delivered
7711,94546,05-03-2024,,fedex,Delivered
7712,61644,03-08-2022,,dhl,Delivered
7713,46449,20-08-2020,,dhl,Shipped
7714,68122,27-10-2021,,fedex,Delivered
7715,72222,14-08-2022,,dhl,Shipped
7716,39508,14-12-2022,,fedex,Shipped
7717,29963,13-11-2024,,fedex,Delivered
7718,15373,20-09-2023,,fedex,Shipped
7719,98967,08-05-2024,,bluedart,Delivered
7720,95980,18-12-2021,,fedex,Shipped
7721,42438,24-01-2020,,bluedart,Delivered
7722,6923,18-11-2024,01-12-2024,bluedart,Returned
7723,46720,09-11-2021,,fedex,Delivered
7724,49318,19-03-2024,,ups,Delivered
7725,38358,18-12-2020,,fedex,Delivered
7726,22996,12-05-2024,,fedex,Delivered
7727,1472,07-11-2023,,fedex,Shipped
7728,64935,06-06-2024,,bluedart,Delivered
7729,76707,23-11-2022,,fedex,Delivered
7730,18982,23-07-2024,,fedex,Delivered
7731,51752,14-12-2023,,bluedart,Delivered
7732,5629,13-05-2021,,bluedart,Shipped
7733,60389,21-09-2021,,dhl,Delivered
7734,35181,08-05-2021,,fedex,Delivered
7735,73253,27-09-2024,,ups,Delivered
7736,25240,01-04-2023,,dhl,Delivered
7737,48946,13-10-2022,,bluedart,Delivered
7738,40669,23-09-2023,,delhivery,Delivered
7739,91214,23-06-2021,,delhivery,Delivered
7740,94100,04-12-2020,03-01-2021,fedex,Returned
7741,60208,25-08-2022,,fedex,Delivered
7742,63586,08-03-2022,,fedex,Shipped
7743,13336,08-05-2024,,dhl,Delivered
7744,6037,25-07-2024,,fedex,Delivered
7745,59419,11-10-2024,,fedex,Delivered
7746,89352,18-06-2024,,fedex,Delivered
7747,97677,10-11-2021,,fedex,Delivered
7748,12108,05-05-2023,,fedex,Delivered
7749,28282,14-07-2022,,dhl,Delivered
7750,16301,20-02-2021,17-03-2021,fedex,Returned
7751,22331,10-03-2021,,dhl,Delivered
7752,53621,26-08-2024,,dhl,Delivered
7753,27671,24-09-2024,,fedex,Delivered
7754,40755,25-11-2024,,fedex,Delivered
7755,72661,24-12-2022,,bluedart,Delivered
7756,59794,02-12-2023,,dhl,Delivered
7757,53953,12-09-2024,,fedex,Delivered
7758,17495,22-02-2020,,fedex,Delivered
7759,1743,27-12-2021,,fedex,In Transit
7760,62699,24-07-2023,,ups,Delivered
7761,41089,03-08-2023,,fedex,Delivered
7762,53278,28-11-2024,,fedex,Delivered
7763,64393,16-03-2020,,bluedart,Shipped
7764,37183,03-10-2021,,fedex,Delivered
7765,66242,02-01-2024,,fedex,Delivered
7766,33312,06-12-2024,,fedex,Delivered
7767,56999,09-04-2020,,ups,Shipped
7768,15550,20-04-2023,,ups,Delivered
7769,22238,09-05-2024,,bluedart,Delivered
7770,19877,04-07-2023,,fedex,Shipped
7771,82598,17-01-2023,,ups,Cancelled
7772,82013,17-08-2022,,dhl,Delivered
7773,94767,07-06-2024,,fedex,Delivered
7774,22302,16-02-2022,21-02-2022,fedex,Returned
7775,83422,04-06-2021,,ups,Shipped
7776,77225,14-07-2020,,fedex,Shipped
7777,81055,28-10-2022,,fedex,Delivered
7778,36369,13-02-2024,,fedex,Delivered
7779,7714,04-01-2022,,fedex,Delivered
7780,73256,15-04-2021,,fedex,Delivered
7781,52096,04-03-2020,,fedex,In Transit
7782,17634,24-07-2022,,delhivery,Delivered
7783,81405,23-05-2024,,fedex,Delivered
7784,43687,28-07-2021,,fedex,Delivered
7785,5285,17-08-2021,,dhl,Delivered
7786,5852,25-03-2020,,ups,Cancelled
7787,54786,07-11-2024,,dhl,Delivered
7788,59616,23-09-2023,,fedex,Delivered
7789,3602,18-01-2023,,dhl,Cancelled
7790,86403,20-04-2024,,fedex,Delivered
7791,18672,15-05-2024,,fedex,Delivered
7792,46591,31-01-2022,,fedex,Shipped
7793,48011,14-07-2023,,dhl,Delivered
7794,55276,25-10-2022,,dhl,Delivered
7795,56649,18-07-2020,,fedex,Delivered
7796,29072,11-04-2021,,dhl,Delivered
7797,83977,20-04-2023,,fedex,Cancelled
7798,22554,05-01-2024,,dhl,Delivered
7799,92245,06-04-2022,,fedex,Delivered
7800,43166,03-06-2021,,bluedart,Delivered
7801,4261,10-10-2021,,fedex,Shipped
7802,92968,19-11-2022,,fedex,Cancelled
7803,93291,01-01-2022,,fedex,Delivered
7804,42186,16-06-2022,,fedex,Delivered
7805,41929,02-05-2020,,fedex,Delivered
7806,70856,26-10-2023,,fedex,Delivered
7807,15681,10-10-2022,,dhl,Delivered
7808,47218,30-04-2020,,fedex,Delivered
7809,10429,25-06-2021,,ups,Shipped
7810,94480,28-05-2020,,dhl,Delivered
7811,85767,28-03-2022,,dhl,Delivered
7812,44489,17-09-2020,,fedex,In Transit
7813,58321,11-01-2024,,ups,In Transit
7814,65428,15-12-2020,,fedex,Delivered
7815,54704,05-02-2020,,bluedart,Delivered
7816,6989,28-11-2021,,dhl,Delivered
7817,16062,12-12-2021,,ups,Delivered
7818,48557,14-05-2020,,dhl,Delivered
7819,17972,29-04-2020,,fedex,Delivered
7820,33089,04-06-2023,,fedex,Cancelled
7821,27710,30-03-2021,,delhivery,Delivered
7822,24744,12-11-2023,,fedex,Delivered
7823,95079,04-12-2024,,fedex,In Transit
7824,7455,14-06-2024,,usps,Delivered
7825,4458,20-04-2024,,fedex,Delivered
7826,11760,23-08-2023,,dhl,Delivered
7827,97382,10-11-2021,,fedex,Cancelled
7828,18510,12-05-2021,,dhl,Shipped
7829,48951,20-07-2024,,ups,Shipped
7830,34003,01-09-2023,,bluedart,Shipped
7831,36730,15-05-2024,,fedex,Delivered
7832,21535,23-11-2022,,fedex,Delivered
7833,70124,19-03-2021,01-04-2021,dhl,Returned
7834,22240,11-08-2021,,ups,Delivered
7835,21016,07-07-2020,,fedex,Delivered
7836,91090,13-03-2022,,dhl,Delivered
7837,67746,30-05-2023,,fedex,Delivered
7838,1100,13-11-2022,,ups,Shipped
7839,79355,05-04-2024,,delhivery,Shipped
7840,89180,17-03-2022,,ups,Shipped
7841,60910,09-05-2022,,fedex,Delivered
7842,24600,13-12-2022,,fedex,Delivered
7843,21224,19-05-2021,,bluedart,Delivered
7844,95334,10-03-2024,16-03-2024,bluedart,Returned
7845,73116,15-08-2022,,fedex,Delivered
7846,48349,06-12-2020,,fedex,Delivered
7847,85822,25-01-2022,,fedex,Delivered
7848,23852,16-10-2020,,fedex,Delivered
7849,49499,19-09-2023,,ups,Shipped
7850,61294,06-11-2024,,bluedart,In Transit
7851,93632,01-11-2020,,fedex,Delivered
7852,33422,22-07-2022,,bluedart,Delivered
7853,39202,08-06-2024,,dhl,Delivered
7854,28138,28-06-2020,,usps,Delivered
7855,51636,23-01-2021,,delhivery,Delivered
7856,74512,16-05-2021,,dhl,In Transit
7857,33790,25-03-2023,,usps,Cancelled
7858,55876,05-11-2024,,dhl,Delivered
7859,38367,08-09-2021,,bluedart,Delivered
7860,41640,02-12-2021,,fedex,Delivered
7861,92427,17-02-2020,,fedex,Delivered
7862,84866,28-09-2021,,usps,Shipped
7863,91611,07-11-2020,,fedex,Shipped
7864,8433,04-03-2024,,dhl,Delivered
7865,55002,25-03-2020,,bluedart,Delivered
7866,24979,14-05-2020,,fedex,In Transit
7867,33018,19-07-2023,,ups,Delivered
7868,92611,19-09-2023,,delhivery,Shipped
7869,10424,14-04-2024,,delhivery,Delivered
7870,72801,28-05-2021,,dhl,Delivered
7871,33432,03-06-2020,,fedex,Delivered
7872,74622,20-04-2022,,fedex,Delivered
7873,26291,08-03-2023,,fedex,In Transit
7874,40759,05-11-2023,15-11-2023,dhl,Returned
7875,86455,09-06-2024,,fedex,Delivered
7876,70099,20-09-2020,,ups,Delivered
7877,77879,16-04-2023,,fedex,In Transit
7878,34178,29-08-2022,,fedex,Delivered
7879,1402,10-11-2024,,dhl,Delivered
7880,2505,08-01-2024,,delhivery,Shipped
7881,29369,16-02-2020,,fedex,Delivered
7882,31427,07-07-2022,,bluedart,Shipped
7883,41215,05-01-2022,,fedex,Delivered
7884,55749,24-07-2024,,bluedart,Delivered
7885,31151,01-08-2020,,fedex,Delivered
7886,5504,12-02-2023,,fedex,Delivered
7887,1644,11-02-2023,,ups,Delivered
7888,43662,04-06-2020,,fedex,Delivered
7889,97363,22-09-2021,,dhl,Delivered
7890,18628,14-09-2020,,bluedart,Delivered
7891,4710,25-04-2023,,bluedart,Delivered
7892,18109,02-11-2021,,fedex,Delivered
7893,69710,10-08-2022,31-08-2022,ups,Returned
7894,55086,18-12-2021,,bluedart,Delivered
7895,89938,08-10-2020,,bluedart,Delivered
7896,17547,12-01-2024,,dhl,Delivered
7897,8335,12-04-2021,,fedex,Delivered
7898,36495,02-10-2024,,ups,Delivered
7899,38660,11-06-2024,,fedex,Delivered
7900,73017,01-10-2021,,dhl,Delivered
7901,87310,07-02-2021,,usps,Shipped
7902,3204,24-07-2023,,dhl,Delivered
7903,22745,09-10-2020,,dhl,Shipped
7904,79900,29-12-2020,,delhivery,Delivered
7905,6574,27-10-2021,,ups,Delivered
7906,70244,27-01-2023,,bluedart,Cancelled
7907,27784,20-05-2022,,fedex,Delivered
7908,12591,03-05-2021,,bluedart,Delivered
7909,67805,15-09-2020,,fedex,In Transit
7910,40735,15-06-2022,,dhl,Delivered
7911,73250,30-05-2023,,fedex,In Transit
7912,59559,11-05-2021,,fedex,Delivered
7913,46013,16-08-2024,,dhl,Delivered
7914,67766,28-04-2022,,usps,Delivered
7915,88479,04-03-2021,,ups,Delivered
7916,54317,17-12-2021,,dhl,Shipped
7917,1566,11-04-2022,,fedex,Delivered
7918,59007,22-10-2020,,fedex,Delivered
7919,87403,03-09-2020,,delhivery,Delivered
7920,31726,09-11-2020,,bluedart,Shipped
7921,42007,11-03-2021,,fedex,Delivered
7922,60005,07-10-2022,,ups,Delivered
7923,62547,04-06-2020,,fedex,Shipped
7924,83946,08-11-2022,,dhl,Delivered
7925,14315,10-08-2023,,fedex,Delivered
7926,57784,06-10-2023,,bluedart,In Transit
7927,95168,22-06-2024,,usps,Delivered
7928,98322,05-06-2021,,bluedart,Delivered
7929,50170,05-09-2022,,bluedart,Delivered
7930,5730,15-05-2022,,dhl,Delivered
7931,69736,03-05-2020,,dhl,Delivered
7932,69943,14-04-2022,,fedex,Shipped
7933,19610,29-01-2022,,bluedart,Delivered
7934,5328,21-07-2022,,fedex,Delivered
7935,72290,23-07-2020,,usps,Delivered
7936,91413,26-05-2024,,ups,Delivered
7937,66398,22-02-2023,,fedex,Delivered
7938,58349,05-07-2022,,dhl,Delivered
7939,7745,24-12-2020,,fedex,Cancelled
7940,85245,28-09-2020,15-10-2020,dhl,Returned
7941,6113,14-11-2024,,fedex,Shipped
7942,98204,17-10-2020,,fedex,Shipped
7943,59701,21-11-2020,,dhl,Delivered
7944,49497,16-03-2020,,dhl,Delivered
7945,39992,21-01-2023,,dhl,Delivered
7946,43033,21-05-2024,,fedex,Delivered
7947,34321,21-05-2023,16-06-2023,ups,Returned
7948,5781,10-09-2022,,fedex,Delivered
7949,21366,26-05-2022,,ups,Delivered
7950,67485,07-11-2022,,fedex,Shipped
7951,88049,09-04-2022,,fedex,Delivered
7952,13004,15-05-2022,,bluedart,Cancelled
7953,52222,09-09-2021,,fedex,Delivered
7954,93788,01-02-2022,,ups,Delivered
7955,51309,13-11-2023,,fedex,Delivered
7956,95369,11-06-2021,,ups,Delivered
7957,6731,22-09-2020,,fedex,Delivered
7958,70026,07-01-2021,,usps,Cancelled
7959,15381,26-08-2021,,dhl,Delivered
7960,45863,01-12-2023,,fedex,Delivered
7961,61406,24-10-2024,,fedex,Delivered
7962,66663,25-03-2024,,delhivery,Delivered
7963,6451,08-11-2023,,fedex,Delivered
7964,93768,01-09-2020,,fedex,Cancelled
7965,43379,05-04-2022,,ups,Delivered
7966,4977,04-08-2021,,delhivery,Delivered
7967,50766,08-05-2023,,fedex,Delivered
7968,5492,05-03-2020,,fedex,In Transit
7969,21588,03-03-2022,,fedex,Delivered
7970,94033,12-07-2022,,dhl,In Transit
7971,75685,16-05-2020,06-06-2020,usps,Returned
7972,66118,21-05-2020,,bluedart,In Transit
7973,79215,08-05-2020,,ups,Shipped
7974,42429,05-02-2020,,delhivery,Delivered
7975,95469,28-03-2021,,fedex,Delivered
7976,68767,21-06-2021,,bluedart,Delivered
7977,15044,16-02-2021,,fedex,Delivered
7978,98431,26-12-2022,,fedex,Delivered
7979,14404,04-01-2022,,bluedart,Delivered
7980,71299,15-08-2021,,bluedart,Delivered
7981,94951,15-03-2020,,bluedart,Shipped
7982,24206,07-09-2024,,fedex,Shipped
7983,1802,08-09-2023,,bluedart,Delivered
7984,44178,25-02-2024,,fedex,Delivered
7985,11798,30-03-2022,,ups,Delivered
7986,75738,23-06-2020,,bluedart,Delivered
7987,59278,18-08-2024,,fedex,Delivered
7988,94795,27-01-2022,,dhl,Delivered
7989,2331,09-05-2022,,fedex,Delivered
7990,24850,30-01-2020,,fedex,Shipped
7991,47813,31-03-2022,,delhivery,Shipped
7992,83720,04-05-2024,,bluedart,Delivered
7993,91788,26-05-2024,,fedex,Delivered
7994,63983,03-10-2024,,ups,Delivered
7995,88754,29-06-2023,,fedex,Delivered
7996,23759,26-11-2023,,fedex,Delivered
7997,32108,02-06-2024,,fedex,Cancelled
7998,74389,10-03-2023,,bluedart,Cancelled
7999,29010,27-10-2024,,bluedart,Delivered
8000,7956,26-07-2020,,fedex,Delivered
8001,41773,29-12-2020,,bluedart,Delivered
8002,3153,22-12-2022,,ups,Cancelled
8003,62384,26-04-2024,,fedex,Delivered
8004,17144,12-02-2024,,dhl,Delivered
8005,3949,28-01-2021,,fedex,Shipped
8006,71650,14-09-2022,,ups,In Transit
8007,46010,20-03-2022,07-04-2022,dhl,Returned
8008,9082,10-06-2024,,dhl,Delivered
8009,48517,11-10-2022,,fedex,Delivered
8010,59126,24-05-2021,,fedex,Delivered
8011,78569,17-07-2021,31-07-2021,usps,Returned
8012,7624,10-11-2020,,delhivery,Shipped
8013,59947,13-02-2024,,dhl,Delivered
8014,42854,26-04-2023,,bluedart,Delivered
8015,52544,18-05-2021,,bluedart,Delivered
8016,56795,13-04-2024,,dhl,Delivered
8017,53808,27-10-2024,,usps,Delivered
8018,9871,25-05-2023,,fedex,Delivered
8019,48309,07-10-2021,22-10-2021,fedex,Returned
8020,52835,16-10-2021,,fedex,Delivered
8021,2011,22-01-2024,,dhl,In Transit
8022,79159,12-07-2024,,bluedart,Delivered
8023,55076,29-12-2021,,bluedart,Delivered
8024,18042,15-03-2021,,ups,Delivered
8025,58486,05-07-2020,,fedex,Delivered
8026,15859,23-12-2022,,delhivery,Cancelled
8027,31848,17-11-2020,,fedex,Delivered
8028,41763,19-05-2021,,fedex,Cancelled
8029,49821,24-01-2021,,dhl,Delivered
8030,49343,24-09-2024,,dhl,In Transit
8031,49471,09-10-2020,,fedex,Delivered
8032,62828,16-08-2022,,dhl,Delivered
8033,3757,16-01-2024,,fedex,Delivered
8034,6624,16-11-2020,,fedex,Delivered
8035,23721,17-06-2022,13-07-2022,dhl,Returned
8036,38101,29-08-2023,,fedex,Delivered
8037,61732,06-10-2022,,bluedart,Shipped
8038,62354,08-07-2021,,fedex,Delivered
8039,47907,15-12-2022,,fedex,Delivered
8040,27992,10-12-2021,,fedex,Delivered
8041,56137,28-05-2020,,fedex,Delivered
8042,37898,11-07-2021,,fedex,Delivered
8043,17564,29-07-2023,,bluedart,Delivered
8044,68557,17-09-2022,,fedex,Delivered
8045,82986,09-05-2022,,usps,Delivered
8046,74459,11-11-2024,,fedex,Delivered
8047,89166,07-06-2020,,dhl,Delivered
8048,74667,05-04-2020,28-04-2020,bluedart,Returned
8049,46081,12-07-2024,,usps,Delivered
8050,59201,19-09-2022,,fedex,Shipped
8051,38298,11-11-2024,,dhl,Delivered
8052,52154,26-10-2022,,ups,Delivered
8053,82927,05-06-2024,,fedex,Delivered
8054,10368,02-12-2023,,usps,Cancelled
8055,12715,18-10-2020,,fedex,Delivered
8056,74746,26-12-2023,,fedex,Delivered
8057,56869,09-04-2023,,bluedart,Delivered
8058,45039,27-04-2021,,dhl,Delivered
8059,58734,05-08-2024,,fedex,Delivered
8060,21698,26-01-2021,,fedex,Delivered
8061,7096,10-01-2022,,fedex,In Transit
8062,41428,26-04-2021,,bluedart,Delivered
8063,87481,01-04-2022,,dhl,Delivered
8064,19528,04-04-2022,,ups,Delivered
8065,30144,27-07-2023,,ups,Delivered
8066,67613,05-12-2023,,bluedart,Shipped
8067,11506,18-02-2021,,fedex,Delivered
8068,74569,22-06-2022,,fedex,Delivered
8069,99637,08-05-2022,,fedex,Delivered
8070,34085,26-06-2022,,dhl,Delivered
8071,35388,14-08-2023,,fedex,Cancelled
8072,56898,29-08-2022,,ups,Delivered
8073,81525,21-09-2020,,bluedart,Delivered
8074,69716,27-10-2021,,dhl,Delivered
8075,6716,06-11-2023,,fedex,Delivered
8076,34903,02-12-2023,,fedex,Delivered
8077,52042,24-11-2021,,ups,In Transit
8078,55156,20-04-2020,,fedex,Delivered
8079,25833,10-03-2024,26-03-2024,fedex,Returned
8080,84591,18-05-2020,,bluedart,Delivered
8081,9603,29-06-2023,,ups,Delivered
8082,72837,01-03-2023,,bluedart,Shipped
8083,24582,10-11-2021,,fedex,Delivered
8084,27376,23-09-2024,,fedex,Shipped
8085,68956,02-10-2020,,bluedart,Delivered
8086,50091,21-03-2023,09-04-2023,usps,Returned
8087,59698,16-08-2024,,bluedart,Delivered
8088,23378,01-07-2023,,delhivery,Delivered
8089,28740,22-07-2023,,delhivery,Delivered
8090,6259,14-05-2022,,fedex,Delivered
8091,59089,29-04-2020,,fedex,In Transit
8092,38971,27-12-2022,,fedex,Shipped
8093,31166,24-01-2020,,dhl,Delivered
8094,16771,24-08-2022,,fedex,Delivered
8095,47840,08-03-2022,,dhl,Delivered
8096,86556,05-11-2024,,fedex,Delivered
8097,86173,09-04-2023,,fedex,Shipped
8098,29500,05-10-2020,,delhivery,In Transit
8099,85668,01-12-2022,,ups,Delivered
8100,59829,25-11-2023,22-12-2023,fedex,Returned
8101,63742,11-02-2023,,fedex,Delivered
8102,67724,10-04-2020,,bluedart,Delivered
8103,19020,22-11-2020,,fedex,Delivered
8104,47404,19-10-2024,,fedex,Delivered
8105,93567,23-09-2022,,fedex,Delivered
8106,70292,12-04-2022,,fedex,Shipped
8107,24315,13-01-2022,,fedex,Delivered
8108,31090,28-03-2022,,usps,Delivered
8109,17616,09-12-2023,,fedex,Shipped
8110,92897,19-02-2020,,delhivery,Delivered
8111,36009,12-03-2024,,delhivery,Delivered
8112,59775,09-02-2021,,dhl,Delivered
8113,99546,27-09-2020,12-10-2020,dhl,Returned
8114,31317,29-04-2021,,fedex,Delivered
8115,15828,22-12-2020,,ups,Delivered
8116,8323,21-08-2022,,fedex,Delivered
8117,55800,10-06-2024,,fedex,Shipped
8118,31218,26-07-2024,23-08-2024,fedex,Returned
8119,97508,21-12-2024,,dhl,Delivered
8120,69778,31-01-2024,,fedex,Delivered
8121,70167,05-09-2021,,ups,Delivered
8122,63589,01-12-2024,,fedex,Cancelled
8123,72817,22-11-2024,22-12-2024,fedex,Returned
8124,3845,25-01-2024,,fedex,In Transit
8125,76121,22-05-2022,,bluedart,Delivered
8126,91289,03-01-2025,,fedex,Cancelled
8127,69008,28-08-2023,,dhl,Delivered
8128,89948,31-05-2021,,fedex,In Transit
8129,28365,14-06-2021,,usps,Delivered
8130,80184,02-05-2023,,fedex,Delivered
8131,22091,30-03-2023,,fedex,Delivered
8132,30165,24-10-2020,,fedex,Delivered
8133,21316,22-01-2020,,fedex,Delivered
8134,30867,29-05-2021,,fedex,Shipped
8135,24032,28-09-2021,,dhl,Delivered
8136,10879,18-09-2021,,dhl,Delivered
8137,44934,21-06-2021,,fedex,Delivered
8138,55195,04-12-2022,,dhl,Delivered
8139,38034,30-07-2022,18-08-2022,fedex,Returned
8140,83492,08-05-2022,,fedex,Delivered
8141,34663,16-03-2020,11-04-2020,dhl,Returned
8142,58636,23-05-2024,,fedex,Delivered
8143,18528,26-08-2020,,ups,Delivered
8144,20271,12-07-2022,,bluedart,Delivered
8145,57100,21-04-2023,,delhivery,Delivered
8146,53145,21-12-2024,,dhl,Delivered
8147,31838,19-02-2024,,fedex,Cancelled
8148,73051,17-01-2023,,ups,Delivered
8149,16183,09-10-2022,,fedex,Cancelled
8150,1055,02-07-2021,,fedex,Delivered
8151,76070,03-11-2020,,bluedart,Delivered
8152,17943,09-06-2022,,fedex,Cancelled
8153,20890,11-12-2022,,usps,Delivered
8154,55244,10-12-2020,,fedex,Delivered
8155,28038,13-09-2024,,ups,In Transit
8156,82486,31-03-2024,,dhl,Delivered
8157,34923,17-12-2024,,fedex,Delivered
8158,63840,21-12-2020,,bluedart,Delivered
8159,92157,03-05-2024,,bluedart,Delivered
8160,44287,07-07-2020,,delhivery,Delivered
8161,86568,25-06-2024,,fedex,Delivered
8162,74280,18-10-2020,,fedex,Delivered
8163,44408,22-06-2020,,fedex,Delivered
8164,85320,15-05-2024,,fedex,Delivered
8165,18770,17-01-2023,,fedex,Delivered
8166,9725,03-11-2022,,delhivery,Cancelled
8167,58133,20-02-2022,,fedex,Delivered
8168,52315,04-05-2023,,fedex,Delivered
8169,62190,09-09-2022,,bluedart,Delivered
8170,46758,01-02-2021,,fedex,Delivered
8171,39429,04-09-2021,,bluedart,Delivered
8172,75829,02-04-2020,,fedex,Shipped
8173,74343,10-07-2020,,bluedart,Delivered
8174,46266,12-12-2020,,bluedart,Shipped
8175,37437,31-07-2023,08-08-2023,fedex,Returned
8176,75439,23-04-2021,,fedex,Delivered
8177,78814,27-04-2020,,dhl,Delivered
8178,50368,09-06-2021,,bluedart,Delivered
8179,40043,08-07-2022,,dhl,In Transit
8180,20442,24-04-2020,,fedex,Delivered
8181,8264,03-07-2021,,fedex,Delivered
8182,56306,23-03-2021,,bluedart,Delivered
8183,58626,28-08-2020,25-09-2020,fedex,Returned
8184,6915,02-08-2020,,fedex,Delivered
8185,28523,07-07-2024,,fedex,Delivered
8186,97430,11-06-2021,,ups,Delivered
8187,59590,03-08-2021,,fedex,Delivered
8188,94778,29-04-2024,,dhl,Shipped
8189,68506,18-10-2024,,fedex,Delivered
8190,87066,14-09-2023,,fedex,Cancelled
8191,75443,08-05-2023,,fedex,Delivered
8192,3678,26-05-2020,,fedex,Delivered
8193,71282,04-09-2020,,fedex,Delivered
8194,3952,15-09-2024,,fedex,Delivered
8195,55904,05-02-2020,,fedex,Delivered
8196,36841,27-09-2020,05-10-2020,dhl,Returned
8197,29032,09-08-2024,,bluedart,Delivered
8198,79988,29-09-2020,,fedex,Delivered
8199,83323,11-11-2022,,dhl,Delivered
8200,29428,12-07-2024,,dhl,Delivered
8201,76735,02-06-2023,,fedex,Delivered
8202,78527,11-02-2020,,usps,Delivered
8203,98132,28-08-2020,,bluedart,Delivered
8204,40055,25-09-2023,,dhl,Delivered
8205,7627,18-05-2023,,dhl,Delivered
8206,34378,09-04-2024,,dhl,Delivered
8207,97242,15-01-2024,,bluedart,Cancelled
8208,7510,23-12-2021,,fedex,Delivered
8209,30971,12-12-2023,19-12-2023,fedex,Returned
8210,75000,13-05-2024,,dhl,Delivered
8211,20339,24-04-2023,,ups,Delivered
8212,17125,17-01-2021,,bluedart,Delivered
8213,94467,13-04-2020,,fedex,Delivered
8214,49888,24-10-2020,,dhl,Delivered
8215,41020,25-02-2020,,fedex,Shipped
8216,5460,20-09-2022,,dhl,Delivered
8217,35995,27-10-2024,,fedex,Delivered
8218,43946,27-12-2023,,dhl,Delivered
8219,72552,17-07-2023,,bluedart,Delivered
8220,17016,05-03-2023,,dhl,Delivered
8221,22137,06-03-2021,,fedex,Delivered
8222,78024,14-04-2024,,fedex,Delivered
8223,71757,19-06-2021,,fedex,Delivered
8224,91210,26-05-2024,,fedex,Delivered
8225,49097,20-03-2020,,delhivery,Delivered
8226,51945,20-12-2023,,fedex,Delivered
8227,26512,14-09-2021,,dhl,Cancelled
8228,85184,09-01-2022,,dhl,Delivered
8229,85651,19-11-2020,,fedex,Delivered
8230,2549,02-11-2022,,fedex,Delivered
8231,43184,21-09-2020,,fedex,Delivered
8232,89178,02-06-2021,02-07-2021,fedex,Returned
8233,40592,01-02-2022,,fedex,Delivered
8234,90660,15-01-2022,,fedex,Shipped
8235,29021,23-10-2021,,ups,Shipped
8236,90625,31-01-2020,,ups,Delivered
8237,83182,21-08-2020,,fedex,Delivered
8238,90523,03-10-2021,,dhl,In Transit
8239,53491,11-02-2022,06-03-2022,fedex,Returned
8240,7079,16-08-2022,,fedex,Shipped
8241,54319,23-12-2024,,fedex,Delivered
8242,37693,14-08-2021,,usps,Shipped
8243,25070,10-08-2023,,ups,Cancelled
8244,56629,12-08-2021,,dhl,Delivered
8245,22585,06-07-2021,,fedex,Delivered
8246,4809,06-04-2022,,fedex,Delivered
8247,30133,01-10-2020,,fedex,Delivered
8248,57156,18-04-2023,,ups,Shipped
8249,35275,27-12-2020,,fedex,Delivered
8250,60950,01-09-2024,,fedex,Delivered
8251,34717,20-11-2022,,fedex,Delivered
8252,18479,03-06-2023,,fedex,Delivered
8253,22376,31-08-2022,,ups,Shipped
8254,11322,27-07-2020,,fedex,Delivered
8255,66691,14-06-2024,,ups,Delivered
8256,32779,27-10-2024,,ups,Delivered
8257,62152,12-11-2024,,usps,Delivered
8258,34303,12-10-2023,,dhl,Cancelled
8259,88446,02-10-2020,,delhivery,Delivered
8260,92741,17-01-2023,,fedex,In Transit
8261,37795,13-07-2023,,fedex,Delivered
8262,63340,30-12-2021,,delhivery,Delivered
8263,91099,16-04-2022,,fedex,In Transit
8264,92680,16-09-2021,,ups,Delivered
8265,53395,27-07-2022,,bluedart,Delivered
8266,41229,10-10-2023,,fedex,Delivered
8267,89790,25-02-2023,,fedex,Delivered
8268,94137,08-09-2023,,bluedart,Delivered
8269,37806,31-10-2020,,fedex,Delivered
8270,1032,11-03-2023,,dhl,Shipped
8271,24702,25-01-2021,,delhivery,Shipped
8272,27886,28-01-2023,,bluedart,Delivered
8273,44786,07-02-2020,,bluedart,Delivered
8274,92373,27-11-2023,,fedex,Delivered
8275,38239,10-08-2022,,fedex,Delivered
8276,69724,14-09-2023,,ups,Delivered
8277,79525,19-12-2023,,dhl,Delivered
8278,63908,20-11-2023,,dhl,Shipped
8279,55706,10-07-2024,,fedex,Delivered
8280,19322,12-05-2022,,ups,Delivered
8281,36256,28-04-2022,,fedex,Delivered
8282,3556,27-12-2023,,fedex,Delivered
8283,40396,18-01-2023,,dhl,Delivered
8284,13432,14-11-2021,,dhl,Cancelled
8285,49590,07-12-2022,,dhl,Cancelled
8286,70095,30-01-2022,,dhl,Delivered
8287,95378,04-02-2023,,fedex,Delivered
8288,97403,15-01-2021,,fedex,Delivered
8289,22031,24-05-2023,,fedex,Delivered
8290,27513,25-05-2024,,fedex,Delivered
8291,39415,27-02-2020,,dhl,Delivered
8292,14080,11-06-2023,,fedex,Delivered
8293,97141,19-01-2023,,dhl,Delivered
8294,22964,13-06-2022,,fedex,Shipped
8295,59746,25-10-2021,,ups,Delivered
8296,91513,08-05-2022,,dhl,Delivered
8297,56978,17-08-2024,,fedex,Delivered
8298,30838,12-09-2023,,fedex,Delivered
8299,45977,02-01-2025,,bluedart,Cancelled
8300,58215,21-04-2023,,dhl,Delivered
8301,16747,22-01-2024,,ups,Delivered
8302,47860,18-06-2023,,fedex,Cancelled
8303,61278,29-12-2021,,fedex,Delivered
8304,83005,28-12-2024,,fedex,In Transit
8305,64026,17-03-2023,,fedex,Delivered
8306,2957,01-07-2020,,ups,Delivered
8307,52263,01-12-2021,,dhl,Delivered
8308,37492,29-08-2024,,dhl,Delivered
8309,68494,07-04-2024,,dhl,Shipped
8310,55007,06-01-2020,,dhl,Delivered
8311,65528,20-11-2021,,ups,Delivered
8312,65411,25-09-2023,,fedex,Delivered
8313,18289,18-06-2024,,fedex,Delivered
8314,59936,26-01-2023,,bluedart,In Transit
8315,43488,21-10-2023,,fedex,Delivered
8316,47803,20-02-2020,,fedex,Shipped
8317,50842,02-08-2022,,dhl,Cancelled
8318,41279,07-04-2022,,dhl,Delivered
8319,43346,05-09-2021,,bluedart,Delivered
8320,91474,02-01-2025,,dhl,Delivered
8321,61870,09-10-2022,,dhl,Cancelled
8322,37945,22-10-2021,,fedex,Delivered
8323,45601,22-03-2023,,dhl,Delivered
8324,52916,07-01-2022,,fedex,Delivered
8325,76514,23-01-2023,,delhivery,Delivered
8326,51439,15-06-2021,,dhl,Delivered
8327,35442,07-08-2020,,dhl,Delivered
8328,38904,18-05-2020,,fedex,Delivered
8329,97445,09-01-2024,29-01-2024,fedex,Returned
8330,90992,13-08-2024,,bluedart,Shipped
8331,20631,31-12-2021,,bluedart,Delivered
8332,59556,12-01-2020,,fedex,Cancelled
8333,4054,15-02-2021,,fedex,Delivered
8334,79737,15-03-2020,,fedex,Delivered
8335,17712,06-12-2023,,fedex,Delivered
8336,11426,06-12-2023,,fedex,In Transit
8337,46645,10-03-2020,,fedex,Delivered
8338,93884,09-12-2022,,bluedart,Delivered
8339,40152,12-05-2020,,fedex,Shipped
8340,61610,27-09-2024,,fedex,Delivered
8341,27965,02-03-2020,,fedex,Delivered
8342,93681,19-06-2020,,usps,Delivered
8343,78013,09-09-2024,,bluedart,Delivered
8344,60814,04-08-2024,,bluedart,Delivered
8345,41433,23-03-2021,15-04-2021,fedex,Returned
8346,51510,12-06-2024,,fedex,Delivered
8347,63918,12-05-2024,,dhl,Delivered
8348,25009,29-01-2021,,fedex,Delivered
8349,75256,18-05-2023,,bluedart,Delivered
8350,44890,12-09-2024,02-10-2024,dhl,Returned
8351,72955,01-07-2020,,ups,Shipped
8352,32657,26-06-2023,,ups,Shipped
8353,80466,07-02-2022,,dhl,Delivered
8354,61383,23-02-2022,,dhl,Delivered
8355,99655,15-04-2024,,bluedart,Cancelled
8356,56033,15-01-2022,,dhl,Delivered
8357,57687,14-12-2020,,ups,Delivered
8358,37732,20-02-2020,,bluedart,Shipped
8359,48428,05-01-2022,,dhl,Shipped
8360,17601,22-10-2021,21-11-2021,dhl,Returned
8361,38559,07-08-2022,,fedex,Delivered
8362,99434,25-09-2021,,bluedart,Cancelled
8363,20306,16-09-2023,,fedex,Delivered
8364,39360,08-05-2021,,ups,Delivered
8365,87287,10-11-2020,,dhl,Delivered
8366,18230,07-12-2023,,fedex,Delivered
8367,58765,05-08-2020,,fedex,Delivered
8368,97741,02-10-2024,,fedex,Delivered
8369,23367,15-06-2020,,fedex,Delivered
8370,10862,22-07-2021,,fedex,Delivered
8371,29916,31-01-2024,,dhl,Delivered
8372,28514,27-07-2024,,bluedart,Delivered
8373,64421,18-10-2020,,ups,Delivered
8374,19603,11-05-2021,,dhl,Delivered
8375,44940,15-10-2023,,delhivery,Cancelled
8376,42372,30-09-2024,,dhl,Delivered
8377,99254,08-10-2021,,fedex,Delivered
8378,30382,18-02-2021,15-03-2021,dhl,Returned
8379,2850,22-07-2022,,dhl,Delivered
8380,44194,04-08-2024,,fedex,Delivered
8381,80760,12-12-2024,,fedex,Delivered
8382,82955,13-06-2022,,fedex,Delivered
8383,5905,09-12-2022,,dhl,Delivered
8384,84718,21-02-2020,,dhl,Delivered
8385,67707,18-09-2021,,fedex,Shipped
8386,53208,24-10-2023,,fedex,Delivered
8387,59828,09-09-2023,,ups,Delivered
8388,90965,18-03-2023,,dhl,Delivered
8389,65469,11-04-2020,,usps,Delivered
8390,65365,22-07-2021,,usps,Shipped
8391,47825,11-11-2024,,ups,Delivered
8392,18106,06-02-2020,,dhl,Delivered
8393,66972,10-07-2024,,fedex,Delivered
8394,62334,16-08-2022,,dhl,Cancelled
8395,29465,27-02-2020,,dhl,Delivered
8396,12623,05-07-2022,,fedex,Shipped
8397,95194,01-10-2024,,fedex,In Transit
8398,96872,22-09-2024,,fedex,Delivered
8399,1215,21-08-2023,,bluedart,Delivered
8400,84026,05-10-2022,,fedex,Delivered
8401,19820,01-07-2021,16-07-2021,fedex,Returned
8402,45510,27-10-2021,,fedex,Delivered
8403,75713,06-12-2020,,bluedart,In Transit
8404,78705,02-12-2021,,fedex,Delivered
8405,61675,06-12-2020,,fedex,Cancelled
8406,29618,04-02-2022,,ups,Delivered
8407,99630,03-05-2023,,fedex,Delivered
8408,82406,18-05-2023,,delhivery,Delivered
8409,84649,23-09-2023,,fedex,Delivered
8410,94921,14-12-2022,,dhl,Delivered
8411,63895,14-08-2023,,bluedart,Delivered
8412,90966,28-09-2020,,dhl,Delivered
8413,54955,02-07-2022,,dhl,Delivered
8414,60231,08-02-2021,,dhl,Delivered
8415,75590,02-06-2021,,bluedart,Delivered
8416,96435,02-05-2023,,dhl,Delivered
8417,64682,27-03-2020,,fedex,Delivered
8418,90568,20-06-2022,,bluedart,Delivered
8419,98683,25-07-2022,,bluedart,Delivered
8420,96283,09-04-2020,,fedex,Delivered
8421,50167,01-11-2021,,bluedart,In Transit
8422,95014,10-12-2021,,dhl,Delivered
8423,31511,06-10-2022,,dhl,Delivered
8424,78518,30-10-2023,,fedex,Shipped
8425,74578,26-03-2020,,fedex,Delivered
8426,29304,20-11-2020,,dhl,Delivered
8427,10591,17-05-2023,,fedex,Delivered
8428,31638,18-12-2023,,delhivery,Delivered
8429,75061,21-08-2022,,fedex,Delivered
8430,88348,25-10-2024,,dhl,Delivered
8431,37776,07-12-2020,,fedex,In Transit
8432,10947,05-02-2020,,bluedart,Delivered
8433,92753,06-03-2023,,ups,Delivered
8434,64870,22-02-2021,,dhl,Delivered
8435,8315,25-07-2023,,delhivery,Delivered
8436,96680,11-01-2024,,fedex,Delivered
8437,98930,24-05-2024,,fedex,Delivered
8438,51680,09-04-2023,,usps,Delivered
8439,23374,23-03-2021,,delhivery,Delivered
8440,99775,19-12-2021,,dhl,Delivered
8441,28758,13-07-2020,,fedex,Delivered
8442,85698,26-02-2023,,fedex,Delivered
8443,23022,15-08-2024,,ups,Cancelled
8444,42537,23-10-2021,,dhl,Shipped
8445,18547,23-10-2020,04-11-2020,fedex,Returned
8446,90662,20-11-2023,,fedex,Delivered
8447,98668,25-11-2020,,dhl,Delivered
8448,95178,15-04-2021,,ups,In Transit
8449,96454,22-11-2024,,ups,Delivered
8450,65013,26-02-2023,,dhl,Delivered
8451,63287,25-12-2022,,dhl,Delivered
8452,36602,27-12-2023,,fedex,Delivered
8453,61280,28-04-2020,,dhl,Delivered
8454,4848,08-07-2023,,usps,Delivered
8455,40707,19-02-2024,,fedex,Delivered
8456,14521,23-06-2024,,fedex,Delivered
8457,53601,05-10-2023,,dhl,Delivered
8458,92063,25-07-2023,,dhl,In Transit
8459,15065,14-03-2023,,dhl,Shipped
8460,88888,30-05-2024,,delhivery,Delivered
8461,59125,18-07-2020,,dhl,Delivered
8462,23531,16-06-2021,,fedex,Delivered
8463,54104,02-04-2020,,fedex,In Transit
8464,12857,22-03-2023,,fedex,Delivered
8465,88055,18-09-2021,,fedex,Delivered
8466,69555,24-07-2021,,fedex,Delivered
8467,92455,19-08-2024,,dhl,Delivered
8468,18943,01-05-2022,,fedex,Delivered
8469,69976,21-04-2023,,ups,Delivered
8470,87552,08-05-2020,,fedex,In Transit
8471,19442,05-08-2020,,fedex,Delivered
8472,82852,10-04-2022,,ups,In Transit
8473,73318,29-05-2020,,fedex,Delivered
8474,8361,04-09-2022,,fedex,Delivered
8475,19665,14-04-2022,,fedex,Delivered
8476,70378,13-01-2020,,delhivery,Delivered
8477,29704,04-09-2020,,fedex,Delivered
8478,97017,11-06-2022,,fedex,Delivered
8479,90539,26-07-2022,,dhl,Shipped
8480,4924,27-07-2022,18-08-2022,dhl,Returned
8481,59378,01-11-2023,,fedex,Cancelled
8482,70155,27-04-2024,,bluedart,Delivered
8483,42129,07-08-2021,,fedex,Delivered
8484,18223,03-12-2020,,usps,Delivered
8485,26598,04-04-2023,,fedex,Delivered
8486,75548,20-02-2024,,dhl,Cancelled
8487,94213,09-11-2024,02-12-2024,dhl,Returned
8488,61109,31-03-2023,,fedex,Delivered
8489,8849,22-11-2022,,fedex,Delivered
8490,13144,20-08-2023,,fedex,Delivered
8491,31541,01-05-2024,,fedex,Cancelled
8492,24230,06-07-2022,,fedex,Delivered
8493,71076,04-03-2022,,fedex,Delivered
8494,91828,14-04-2021,,ups,Delivered
8495,57074,26-09-2024,,fedex,Delivered
8496,30356,07-03-2021,,bluedart,Delivered
8497,24638,08-10-2023,,dhl,Delivered
8498,83428,14-04-2024,,fedex,Delivered
8499,51127,02-11-2023,,delhivery,Delivered
8500,9012,23-06-2021,,fedex,Delivered
8501,89911,05-06-2024,,fedex,Cancelled
8502,23716,20-04-2024,,usps,Delivered
8503,10240,04-04-2024,,ups,In Transit
8504,18151,07-12-2020,,usps,Delivered
8505,86841,18-05-2022,,fedex,Cancelled
8506,94967,10-03-2022,,bluedart,Shipped
8507,36944,05-06-2022,,fedex,Shipped
8508,92872,30-11-2022,,bluedart,Cancelled
8509,93207,12-07-2021,,ups,Delivered
8510,27856,21-12-2023,,fedex,Delivered
8511,37229,12-09-2020,,usps,Shipped
8512,43918,06-07-2021,,fedex,Delivered
8513,90510,22-11-2021,,delhivery,Delivered
8514,43366,28-11-2023,,fedex,Delivered
8515,85466,14-04-2021,,ups,Delivered
8516,44434,11-05-2024,,ups,Delivered
8517,55046,23-07-2022,,bluedart,Delivered
8518,40801,25-06-2022,,dhl,Delivered
8519,41901,22-01-2024,,fedex,Delivered
8520,64696,07-02-2020,,fedex,Delivered
8521,64077,28-02-2022,,dhl,In Transit
8522,53750,19-10-2024,,fedex,Delivered
8523,3579,19-07-2024,,dhl,Delivered
8524,85136,28-12-2022,,dhl,Delivered
8525,28223,15-06-2022,,fedex,Shipped
8526,42721,05-03-2022,,dhl,Delivered
8527,81123,17-03-2024,,bluedart,Delivered
8528,61040,01-01-2023,,fedex,Delivered
8529,63916,04-07-2021,,bluedart,Delivered
8530,37817,27-01-2024,01-02-2024,fedex,Returned
8531,6358,04-03-2020,,fedex,Delivered
8532,7423,03-09-2021,,fedex,In Transit
8533,66640,26-10-2020,,bluedart,Delivered
8534,63191,30-09-2024,,fedex,Delivered
8535,63414,15-01-2020,,fedex,Delivered
8536,70200,23-09-2023,,bluedart,Delivered
8537,6105,21-12-2023,,ups,Delivered
8538,44916,12-11-2021,,fedex,Delivered
8539,79137,28-01-2023,,fedex,Delivered
8540,34208,15-07-2022,,dhl,Delivered
8541,96778,27-06-2023,,fedex,Delivered
8542,48610,16-04-2020,,dhl,Delivered
8543,12111,17-09-2023,,fedex,Delivered
8544,59123,22-02-2020,,fedex,Delivered
8545,1862,24-08-2022,,fedex,Shipped
8546,58916,25-10-2024,06-11-2024,fedex,Returned
8547,70690,03-01-2024,,fedex,Delivered
8548,23483,06-03-2020,,fedex,Shipped
8549,72853,08-01-2020,,bluedart,Delivered
8550,11308,09-05-2024,,fedex,Shipped
8551,18793,03-07-2023,,fedex,Delivered
8552,45492,19-01-2024,,fedex,Delivered
8553,11279,20-09-2024,,fedex,Shipped
8554,98507,22-10-2021,,fedex,Delivered
8555,74851,23-01-2023,,dhl,Delivered
8556,8346,09-04-2023,,bluedart,Delivered
8557,61211,01-10-2023,,fedex,Delivered
8558,69506,10-08-2020,,bluedart,Delivered
8559,65991,05-04-2022,,fedex,Delivered
8560,33949,18-10-2024,,usps,In Transit
8561,14560,03-11-2024,,fedex,Delivered
8562,64287,20-08-2023,,fedex,Delivered
8563,24828,12-07-2024,,bluedart,Delivered
8564,76927,11-07-2023,,fedex,Delivered
8565,56355,19-11-2021,26-11-2021,dhl,Returned
8566,5739,04-11-2021,,fedex,Delivered
8567,30301,01-05-2021,,dhl,Delivered
8568,64107,16-07-2024,,dhl,Delivered
8569,45239,05-07-2022,,fedex,Delivered
8570,97281,16-11-2021,,fedex,Shipped
8571,34940,16-10-2024,,usps,Delivered
8572,65506,10-03-2022,,fedex,Delivered
8573,5383,13-06-2022,,dhl,Cancelled
8574,16289,22-08-2021,,bluedart,Delivered
8575,39367,02-02-2020,,bluedart,Delivered
8576,34382,25-09-2020,,fedex,Delivered
8577,74402,24-09-2020,,fedex,Delivered
8578,57708,15-09-2021,,ups,Delivered
8579,25042,02-01-2023,,fedex,Delivered
8580,19044,01-04-2020,,fedex,Shipped
8581,16524,09-03-2024,,bluedart,Delivered
8582,86233,13-10-2020,,bluedart,Delivered
8583,79504,20-01-2020,,fedex,Delivered
8584,3929,18-01-2023,,fedex,Delivered
8585,40749,10-04-2022,,fedex,Delivered
8586,74001,24-05-2022,,fedex,Delivered
8587,67856,28-10-2024,,fedex,Shipped
8588,61030,26-06-2022,,fedex,Shipped
8589,97288,22-04-2023,,fedex,In Transit
8590,59156,14-04-2024,,fedex,Delivered
8591,77397,21-06-2020,,usps,Delivered
8592,43506,27-01-2023,,ups,Delivered
8593,89461,06-08-2023,,fedex,Shipped
8594,80708,11-07-2020,06-08-2020,fedex,Returned
8595,61994,04-08-2024,,dhl,Delivered
8596,95224,11-01-2022,,dhl,Delivered
8597,40879,03-12-2024,,bluedart,Delivered
8598,78333,18-02-2024,,fedex,Delivered
8599,29260,29-10-2021,,fedex,Delivered
8600,88197,25-01-2024,,fedex,Delivered
8601,67606,15-10-2021,,ups,Delivered
8602,50794,22-07-2024,,fedex,In Transit
8603,67998,07-02-2020,,fedex,Delivered
8604,4012,05-11-2022,24-11-2022,fedex,Returned
8605,23119,25-10-2023,,bluedart,Delivered
8606,95507,24-10-2021,,fedex,Delivered
8607,97142,28-09-2020,16-10-2020,fedex,Returned
8608,52273,29-07-2021,,ups,Cancelled
8609,17758,23-07-2021,,fedex,Delivered
8610,14103,20-07-2023,28-07-2023,bluedart,Returned
8611,45663,06-06-2021,,usps,Delivered
8612,52605,23-10-2021,13-11-2021,fedex,Returned
8613,58811,21-02-2023,,fedex,Delivered
8614,2881,29-04-2023,,bluedart,Delivered
8615,40553,26-09-2024,,delhivery,Shipped
8616,19378,19-07-2024,,dhl,Delivered
8617,38254,03-05-2024,,fedex,Delivered
8618,34901,24-12-2023,,fedex,Cancelled
8619,52498,05-08-2022,,ups,Delivered
8620,92310,20-04-2022,,fedex,Shipped
8621,50832,22-01-2022,,fedex,Shipped
8622,55747,02-02-2024,22-02-2024,dhl,Returned
8623,36101,06-06-2021,,delhivery,Delivered
8624,41736,04-05-2021,,bluedart,Delivered
8625,1769,27-07-2021,,bluedart,Delivered
8626,51176,17-09-2021,,dhl,Shipped
8627,60851,16-01-2022,,fedex,Delivered
8628,48409,21-07-2021,,fedex,Delivered
8629,34218,22-02-2020,,bluedart,Cancelled
8630,35013,22-05-2024,,fedex,Delivered
8631,67881,01-11-2020,,bluedart,Delivered
8632,57904,21-02-2023,,dhl,Delivered
8633,13653,22-05-2023,,fedex,Delivered
8634,72442,04-05-2020,,fedex,Delivered
8635,29880,09-01-2022,,fedex,Delivered
8636,8255,18-10-2021,,usps,Delivered
8637,43538,30-12-2022,,fedex,Delivered
8638,3285,11-03-2020,,bluedart,Shipped
8639,41315,05-07-2023,,fedex,Delivered
8640,2025,04-05-2024,,ups,Delivered
8641,51734,18-02-2020,,bluedart,Delivered
8642,79241,02-09-2020,,dhl,Cancelled
8643,25961,07-03-2022,,fedex,Delivered
8644,61836,10-08-2021,,dhl,Shipped
8645,7902,30-03-2023,21-04-2023,bluedart,Returned
8646,70327,11-07-2022,,fedex,Cancelled
8647,51184,21-11-2023,,fedex,Delivered
8648,61944,18-04-2023,,fedex,Delivered
8649,43809,28-07-2022,,fedex,Delivered
8650,50310,22-01-2020,,fedex,Delivered
8651,33810,21-05-2023,,fedex,Delivered
8652,14574,14-01-2022,,fedex,Delivered
8653,63825,16-11-2021,,delhivery,Delivered
8654,78650,13-05-2021,,fedex,Delivered
8655,39692,28-03-2024,,fedex,Delivered
8656,79117,06-09-2022,,dhl,Delivered
8657,10696,06-04-2020,,fedex,Shipped
8658,36347,31-01-2024,,bluedart,Delivered
8659,94298,03-10-2023,,delhivery,Delivered
8660,12853,27-05-2023,,ups,Delivered
8661,17926,15-06-2022,,delhivery,Delivered
8662,54188,24-03-2021,,fedex,Delivered
8663,49869,21-06-2021,,fedex,Delivered
8664,57863,15-05-2023,23-05-2023,dhl,Returned
8665,74605,11-07-2023,,dhl,Delivered
8666,42252,21-02-2021,,fedex,Delivered
8667,48110,27-12-2023,,usps,Delivered
8668,69587,29-08-2024,,dhl,Delivered
8669,47535,27-01-2024,,usps,Delivered
8670,17940,30-07-2021,,usps,Shipped
8671,48052,01-03-2024,,fedex,Delivered
8672,14977,20-07-2021,,dhl,Delivered
8673,23048,24-05-2023,,fedex,Delivered
8674,70584,19-10-2023,,fedex,Delivered
8675,15085,31-01-2021,,usps,Delivered
8676,93599,12-09-2021,,fedex,Shipped
8677,77024,27-11-2020,,bluedart,Delivered
8678,68199,18-02-2021,,delhivery,Delivered
8679,47099,23-10-2021,,bluedart,Cancelled
8680,39866,26-12-2024,,dhl,Delivered
8681,91823,07-01-2024,,fedex,Cancelled
8682,52648,08-09-2022,,dhl,Delivered
8683,9738,25-02-2021,,fedex,Delivered
8684,90273,08-09-2024,,fedex,Delivered
8685,10227,06-10-2022,,fedex,Delivered
8686,72570,08-02-2022,,fedex,Shipped
8687,9795,09-12-2024,,fedex,Cancelled
8688,64292,25-11-2021,,ups,Delivered
8689,16575,26-05-2024,,fedex,Delivered
8690,98138,15-02-2021,,fedex,Delivered
8691,15665,01-08-2021,,delhivery,Shipped
8692,73478,26-12-2024,,fedex,Delivered
8693,80058,13-03-2021,,fedex,Cancelled
8694,52794,06-04-2022,,bluedart,Delivered
8695,78389,04-08-2023,,fedex,Delivered
8696,50476,31-08-2020,,usps,Delivered
8697,29687,03-08-2023,,fedex,Delivered
8698,89043,22-09-2020,,fedex,Delivered
8699,29119,04-04-2020,,dhl,Delivered
8700,59738,15-04-2021,,fedex,Cancelled
8701,81746,31-08-2024,,fedex,Delivered
8702,44854,24-10-2023,,bluedart,Shipped
8703,83022,22-07-2020,,bluedart,Delivered
8704,10470,29-07-2020,21-08-2020,bluedart,Returned
8705,77284,17-01-2023,,fedex,Delivered
8706,73624,21-06-2021,,dhl,Delivered
8707,41686,23-08-2022,,dhl,Delivered
8708,46763,08-09-2021,,delhivery,Delivered
8709,31182,15-10-2023,,ups,Shipped
8710,9888,20-12-2023,,bluedart,Delivered
8711,23890,04-12-2023,,fedex,Delivered
8712,68648,04-04-2020,,ups,Delivered
8713,13221,26-11-2020,,fedex,Delivered
8714,55473,23-12-2023,,fedex,Delivered
8715,50525,27-11-2023,,fedex,Delivered
8716,8893,13-01-2020,25-01-2020,fedex,Returned
8717,64534,16-09-2020,10-10-2020,fedex,Returned
8718,37754,18-05-2024,,bluedart,In Transit
8719,73613,16-08-2020,,dhl,Delivered
8720,73188,25-04-2021,,fedex,In Transit
8721,40617,25-04-2021,,bluedart,Delivered
8722,13586,07-11-2022,,fedex,Delivered
8723,33231,26-07-2021,,fedex,Delivered
8724,95164,18-12-2023,,fedex,Delivered
8725,11742,24-08-2024,,fedex,Delivered
8726,42887,03-03-2022,,fedex,Shipped
8727,96095,21-01-2020,,dhl,Delivered
8728,86654,24-04-2021,,bluedart,Delivered
8729,95247,29-11-2023,,dhl,In Transit
8730,52710,16-10-2024,,ups,Delivered
8731,20568,03-11-2022,,usps,Delivered
8732,60669,08-05-2021,,dhl,Delivered
8733,6908,01-05-2020,,fedex,Delivered
8734,12395,29-11-2023,,dhl,Delivered
8735,38930,28-05-2021,,fedex,Delivered
8736,27289,18-03-2023,,dhl,Delivered
8737,95996,13-09-2022,,dhl,Shipped
8738,33532,27-07-2022,,fedex,Delivered
8739,15899,01-04-2024,,dhl,Shipped
8740,19151,22-04-2023,,bluedart,Shipped
8741,51354,08-12-2020,,fedex,Delivered
8742,42693,20-07-2022,,dhl,Delivered
8743,57937,15-03-2022,,bluedart,In Transit
8744,8287,24-12-2021,,fedex,Delivered
8745,64898,01-06-2022,,fedex,Shipped
8746,25851,29-04-2020,,fedex,In Transit
8747,61095,12-09-2022,,fedex,Delivered
8748,58034,27-11-2021,,ups,Delivered
8749,40512,22-09-2020,,fedex,Delivered
8750,43254,16-06-2020,,ups,Delivered
8751,81207,11-04-2022,,fedex,Delivered
8752,84397,10-01-2022,,bluedart,Delivered
8753,26730,12-06-2021,,fedex,Delivered
8754,69914,28-11-2024,,bluedart,Delivered
8755,19331,04-11-2024,,usps,In Transit
8756,77232,03-01-2021,,dhl,Delivered
8757,63951,06-12-2020,,fedex,Delivered
8758,80024,04-06-2023,,usps,Delivered
8759,80821,16-02-2022,,bluedart,Delivered
8760,56458,17-02-2020,,delhivery,Delivered
8761,25768,04-10-2021,,fedex,Cancelled
8762,29777,03-02-2023,,dhl,Delivered
8763,83968,28-11-2021,,fedex,Delivered
8764,69890,19-05-2020,,dhl,Delivered
8765,6946,26-05-2021,,fedex,Delivered
8766,78343,29-11-2022,,dhl,Delivered
8767,60826,21-04-2023,,fedex,Delivered
8768,49142,22-05-2021,,delhivery,Delivered
8769,31207,19-08-2020,,fedex,Delivered
8770,29576,20-03-2021,,ups,Cancelled
8771,28227,20-10-2020,06-11-2020,bluedart,Returned
8772,66625,30-10-2024,,dhl,Delivered
8773,59697,12-08-2023,,dhl,Delivered
8774,54708,19-02-2020,,fedex,Delivered
8775,33606,30-11-2020,,bluedart,Delivered
8776,33195,03-07-2020,,fedex,Delivered
8777,80578,21-08-2024,,bluedart,Shipped
8778,66645,05-02-2024,,usps,Shipped
8779,40276,05-12-2022,,dhl,Delivered
8780,87754,04-02-2023,,fedex,Shipped
8781,72940,16-09-2022,,fedex,Delivered
8782,6858,15-03-2020,,ups,Cancelled
8783,2259,15-06-2021,,bluedart,Delivered
8784,72786,11-08-2020,,dhl,Delivered
8785,26056,27-04-2020,,fedex,Delivered
8786,87647,17-10-2023,,fedex,Delivered
8787,78660,31-03-2023,,bluedart,Delivered
8788,64195,22-11-2020,,fedex,Delivered
8789,13186,13-11-2024,,ups,Delivered
8790,48969,09-09-2022,,fedex,Delivered
8791,32110,19-12-2021,,fedex,Delivered
8792,1975,26-04-2024,,fedex,Cancelled
8793,70526,12-06-2024,,fedex,Delivered
8794,14090,07-11-2024,,fedex,Delivered
8795,81399,04-01-2023,,fedex,Delivered
8796,10837,27-09-2023,,dhl,Shipped
8797,23847,23-06-2023,,fedex,Delivered
8798,52879,07-05-2023,,bluedart,Delivered
8799,53397,06-12-2020,,fedex,Delivered
8800,58965,29-04-2024,17-05-2024,fedex,Returned
8801,49157,08-07-2024,,fedex,Delivered
8802,82563,09-03-2021,,fedex,Delivered
8803,18277,22-07-2021,,dhl,Delivered
8804,17391,18-08-2022,,usps,Delivered
8805,10573,03-12-2020,21-12-2020,delhivery,Returned
8806,21498,21-02-2022,,ups,Delivered
8807,47777,02-05-2022,,bluedart,Delivered
8808,23577,13-05-2022,,delhivery,Delivered
8809,66470,19-04-2024,,ups,Delivered
8810,51234,27-12-2024,,fedex,Cancelled
8811,74268,15-03-2024,,dhl,Delivered
8812,70810,03-05-2020,,fedex,Delivered
8813,31676,21-10-2024,,bluedart,Delivered
8814,8089,25-05-2022,,dhl,In Transit
8815,71185,14-04-2022,,dhl,Delivered
8816,29722,10-10-2023,,bluedart,Delivered
8817,38680,05-02-2023,,bluedart,Delivered
8818,21630,24-03-2022,,fedex,Delivered
8819,84154,23-03-2023,,fedex,Cancelled
8820,84755,02-07-2020,,fedex,Delivered
8821,69994,15-10-2022,,fedex,Delivered
8822,53730,04-06-2021,,fedex,Shipped
8823,90399,15-01-2023,,fedex,Delivered
8824,19007,05-04-2020,,usps,Delivered
8825,90240,02-03-2021,,bluedart,Delivered
8826,99260,25-09-2023,,delhivery,Shipped
8827,7734,17-10-2022,,fedex,Delivered
8828,83328,25-10-2021,,delhivery,Delivered
8829,32045,03-10-2024,,fedex,Delivered
8830,72878,07-09-2023,,fedex,Delivered
8831,66670,16-08-2022,,ups,In Transit
8832,27034,06-01-2020,,fedex,Delivered
8833,47056,25-06-2021,,bluedart,Delivered
8834,73983,25-06-2024,,fedex,Delivered
8835,65479,30-03-2024,,dhl,Shipped
8836,93858,02-02-2020,,fedex,In Transit
8837,3038,17-07-2022,,usps,Delivered
8838,34393,03-10-2021,,fedex,In Transit
8839,9533,11-07-2023,,bluedart,Delivered
8840,65871,03-12-2024,,ups,Shipped
8841,23767,22-08-2020,,ups,Delivered
8842,68069,30-05-2022,,dhl,Delivered
8843,85478,13-07-2023,,bluedart,Delivered
8844,62027,11-09-2024,,fedex,Delivered
8845,13802,21-12-2022,,fedex,Delivered
8846,42274,01-06-2023,12-06-2023,bluedart,Returned
8847,10295,02-11-2020,,usps,Delivered
8848,43848,10-05-2020,,bluedart,Delivered
8849,49661,11-07-2022,,ups,Delivered
8850,5807,25-03-2021,,fedex,Delivered
8851,59252,30-09-2022,,fedex,Shipped
8852,89123,02-07-2023,,fedex,Delivered
8853,61868,12-07-2022,,dhl,Delivered
8854,77012,17-08-2024,,dhl,Delivered
8855,37564,09-05-2020,,fedex,Delivered
8856,95574,27-08-2021,,dhl,Shipped
8857,84899,04-08-2023,,fedex,Delivered
8858,94875,07-03-2024,14-03-2024,ups,Returned
8859,31927,10-04-2024,,fedex,Delivered
8860,61087,05-10-2021,,fedex,Delivered
8861,76304,24-05-2021,,fedex,Delivered
8862,57497,22-04-2023,,dhl,Delivered
8863,85299,03-03-2020,,fedex,Shipped
8864,41451,01-07-2022,,fedex,Shipped
8865,78145,24-01-2020,,fedex,Delivered
8866,73510,12-12-2022,,fedex,Delivered
8867,18836,31-07-2023,,dhl,Delivered
8868,42894,25-01-2024,,usps,Delivered
8869,37752,29-04-2023,,bluedart,Delivered
8870,3975,10-04-2023,,fedex,Delivered
8871,33288,23-03-2021,,fedex,Delivered
8872,15689,18-02-2023,,fedex,Delivered
8873,16631,17-04-2023,,usps,Delivered
8874,59965,05-05-2023,,bluedart,Delivered
8875,33295,28-02-2024,,delhivery,Delivered
8876,88789,05-10-2021,,fedex,Delivered
8877,31025,12-04-2022,,ups,Delivered
8878,31637,13-02-2024,03-03-2024,dhl,Returned
8879,22811,17-05-2023,,usps,Delivered
8880,80516,16-05-2020,,dhl,Delivered
8881,16930,18-05-2021,,fedex,Shipped
8882,64846,29-12-2024,,fedex,Delivered
8883,14705,21-01-2024,,fedex,Delivered
8884,25608,02-12-2023,,ups,Delivered
8885,42553,25-06-2023,,dhl,Delivered
8886,30842,05-08-2021,,fedex,Delivered
8887,31160,23-07-2024,,delhivery,Delivered
8888,6805,19-02-2024,,fedex,Delivered
8889,6869,16-01-2022,,ups,Cancelled
8890,92087,26-03-2022,,fedex,Cancelled
8891,69876,17-09-2022,,ups,Shipped
8892,98844,21-01-2024,,dhl,Delivered
8893,93020,11-07-2023,,fedex,Delivered
8894,39492,24-02-2023,,dhl,Delivered
8895,11139,15-03-2023,,fedex,Delivered
8896,61701,28-06-2023,,ups,Delivered
8897,46438,05-03-2022,,delhivery,Delivered
8898,26556,14-01-2023,,fedex,Delivered
8899,37350,04-05-2020,,dhl,Delivered
8900,36591,17-06-2023,,fedex,Delivered
8901,76507,11-08-2021,,dhl,Delivered
8902,59969,09-11-2024,,fedex,Delivered
8903,36232,03-06-2022,,dhl,Delivered
8904,15202,14-01-2020,,fedex,Delivered
8905,19802,18-04-2020,,bluedart,Delivered
8906,29944,28-10-2020,,fedex,Delivered
8907,57387,05-04-2020,,fedex,Delivered
8908,58449,23-06-2020,,dhl,Shipped
8909,71041,01-02-2023,,fedex,Delivered
8910,42248,08-11-2023,,ups,Delivered
8911,79822,18-05-2021,,fedex,Delivered
8912,40986,20-12-2023,,ups,Delivered
8913,60095,11-05-2022,30-05-2022,fedex,Returned
8914,2339,26-07-2022,18-08-2022,bluedart,Returned
8915,31653,18-10-2020,,fedex,Delivered
8916,64787,15-12-2020,,delhivery,Delivered
8917,21680,01-12-2020,,dhl,Delivered
8918,33153,04-02-2021,,dhl,Delivered
8919,25752,10-09-2024,,fedex,Cancelled
8920,1226,01-09-2021,,bluedart,Delivered
8921,46783,26-11-2022,,fedex,Delivered
8922,72008,01-04-2020,,fedex,Delivered
8923,41711,07-08-2020,,dhl,Delivered
8924,29259,11-11-2022,,bluedart,Delivered
8925,48850,06-06-2024,,dhl,Shipped
8926,28389,09-07-2020,,dhl,Delivered
8927,54398,21-11-2021,16-12-2021,fedex,Returned
8928,71485,03-01-2025,,fedex,Delivered
8929,39012,23-11-2023,,fedex,Delivered
8930,94376,27-12-2020,,delhivery,Delivered
8931,16753,21-04-2021,,dhl,Delivered
8932,95686,12-06-2022,,bluedart,Delivered
8933,37450,17-06-2020,,fedex,Delivered
8934,17843,13-02-2020,,dhl,Delivered
8935,95486,11-12-2021,22-12-2021,dhl,Returned
8936,54187,05-02-2024,,fedex,Delivered
8937,88889,24-06-2022,,fedex,Delivered
8938,79724,29-01-2022,,dhl,Delivered
8939,78887,17-05-2023,,fedex,In Transit
8940,73760,31-07-2024,,fedex,In Transit
8941,41699,31-12-2023,,fedex,Cancelled
8942,48060,20-12-2021,,fedex,Delivered
8943,77773,13-10-2022,,bluedart,Delivered
8944,28456,11-05-2020,,dhl,Shipped
8945,7392,14-04-2023,,bluedart,Delivered
8946,85459,25-05-2021,,dhl,Delivered
8947,58210,07-08-2022,,fedex,Delivered
8948,39537,17-03-2021,06-04-2021,fedex,Returned
8949,51769,06-08-2024,,dhl,Delivered
8950,89458,16-03-2020,,fedex,Delivered
8951,58119,22-04-2022,,dhl,Delivered
8952,69703,30-09-2022,,delhivery,Delivered
8953,57622,30-11-2021,,fedex,Delivered
8954,20591,23-08-2024,,dhl,Shipped
8955,79590,05-08-2021,,dhl,Delivered
8956,69743,20-11-2024,,dhl,Delivered
8957,71596,05-01-2022,,dhl,Delivered
8958,70360,13-10-2022,,dhl,Delivered
8959,8757,28-01-2023,,usps,Delivered
8960,4232,23-02-2024,,usps,Delivered
8961,78201,12-09-2020,,dhl,Delivered
8962,22736,31-05-2023,23-06-2023,fedex,Returned
8963,31531,13-05-2024,,usps,Delivered
8964,85923,23-08-2024,,usps,Delivered
8965,67846,20-01-2024,,fedex,Delivered
8966,53215,18-05-2023,,fedex,Delivered
8967,66705,25-06-2021,,fedex,Delivered
8968,37927,24-07-2024,,fedex,Shipped
8969,11509,15-08-2021,,bluedart,In Transit
8970,64605,03-05-2021,,fedex,Delivered
8971,95240,20-02-2020,,dhl,Shipped
8972,77329,29-04-2021,,dhl,Delivered
8973,66812,25-11-2021,,dhl,Delivered
8974,51449,26-05-2022,,dhl,Delivered
8975,99135,03-07-2021,,fedex,Delivered
8976,62720,16-03-2023,,fedex,Delivered
8977,17451,10-09-2024,,fedex,Delivered
8978,80808,21-06-2024,,fedex,Delivered
8979,95763,14-11-2024,,fedex,Delivered
8980,18577,26-09-2023,,bluedart,Delivered
8981,33946,07-10-2020,,usps,Delivered
8982,85965,28-01-2023,,fedex,Delivered
8983,26270,10-04-2024,,bluedart,Delivered
8984,66980,18-08-2022,,fedex,Delivered
8985,88557,21-01-2024,,ups,Delivered
8986,8261,09-11-2023,,usps,Shipped
8987,25191,09-12-2020,,fedex,Delivered
8988,99038,10-09-2024,,fedex,Delivered
8989,48501,04-10-2020,,fedex,Delivered
8990,93171,23-06-2020,,dhl,Delivered
8991,93885,27-10-2023,,dhl,Delivered
8992,81040,31-01-2022,,bluedart,Delivered
8993,88660,13-01-2022,,delhivery,Delivered
8994,15423,14-02-2022,,dhl,Delivered
8995,59205,04-07-2021,,bluedart,Delivered
8996,99838,04-10-2023,,bluedart,Delivered
8997,33070,15-12-2022,,dhl,Delivered
8998,84816,03-08-2024,,ups,In Transit
8999,6262,10-11-2024,,dhl,Delivered
9000,10464,11-07-2021,,fedex,Delivered
9001,20917,11-01-2020,07-02-2020,bluedart,Returned
9002,6748,10-06-2023,,dhl,Delivered
9003,78553,18-01-2023,,dhl,Delivered
9004,25776,02-12-2024,,fedex,Delivered
9005,34233,21-03-2021,,bluedart,Delivered
9006,19396,21-12-2022,,bluedart,Shipped
9007,87391,04-11-2024,,dhl,Delivered
9008,70970,28-07-2022,,ups,Cancelled
9009,72761,08-03-2024,,fedex,Delivered
9010,57062,26-02-2023,,fedex,Delivered
9011,42162,13-07-2021,,fedex,Delivered
9012,32305,18-05-2021,,fedex,Delivered
9013,51815,10-12-2021,,fedex,Delivered
9014,42950,21-03-2021,,fedex,Delivered
9015,42140,18-08-2020,,bluedart,Delivered
9016,9926,22-03-2022,,fedex,Delivered
9017,28946,07-10-2023,,fedex,Delivered
9018,32759,14-08-2023,,dhl,Shipped
9019,10552,12-05-2021,,fedex,Cancelled
9020,70950,12-01-2022,,dhl,Delivered
9021,32601,19-06-2023,,bluedart,Delivered
9022,84080,12-05-2020,,fedex,Delivered
9023,58170,22-02-2020,,fedex,Delivered
9024,79153,30-07-2022,,fedex,Delivered
9025,5954,07-02-2023,26-02-2023,bluedart,Returned
9026,85751,08-05-2024,,bluedart,Cancelled
9027,55527,31-03-2024,,bluedart,Delivered
9028,81545,31-08-2020,,bluedart,Shipped
9029,30161,13-11-2021,,fedex,In Transit
9030,25928,30-11-2022,,ups,Delivered
9031,29642,01-05-2022,,fedex,Delivered
9032,77008,04-09-2021,,dhl,Delivered
9033,29679,31-12-2024,,ups,Shipped
9034,98671,09-06-2024,,ups,Delivered
9035,99427,15-09-2024,,dhl,Delivered
9036,95918,26-03-2021,,dhl,Delivered
9037,7006,18-09-2023,,dhl,Delivered
9038,5585,19-09-2024,,bluedart,Delivered
9039,84927,23-04-2024,,bluedart,Cancelled
9040,21980,27-04-2022,,fedex,Delivered
9041,45401,14-09-2022,,fedex,Delivered
9042,83431,26-11-2022,,fedex,Delivered
9043,45752,07-03-2020,,fedex,Delivered
9044,60807,12-08-2024,,dhl,Shipped
9045,90275,02-05-2020,,delhivery,Delivered
9046,2137,19-02-2020,13-03-2020,fedex,Returned
9047,8834,13-06-2020,,dhl,Delivered
9048,81807,08-03-2023,,fedex,Delivered
9049,39465,08-10-2023,,fedex,Cancelled
9050,58229,08-07-2021,,bluedart,Cancelled
9051,52563,16-07-2021,,dhl,In Transit
9052,8249,03-07-2020,,dhl,Delivered
9053,44752,19-10-2021,,fedex,Delivered
9054,13484,09-11-2023,,fedex,Shipped
9055,84842,11-10-2024,,bluedart,Shipped
9056,19255,28-05-2022,,dhl,Delivered
9057,15441,04-12-2020,,bluedart,Delivered
9058,66767,30-04-2024,,bluedart,Delivered
9059,48771,30-03-2021,04-04-2021,usps,Returned
9060,30343,17-05-2020,,dhl,Delivered
9061,71569,28-03-2023,,delhivery,Delivered
9062,84789,10-05-2021,,delhivery,In Transit
9063,69592,10-09-2023,,fedex,Delivered
9064,74967,30-09-2024,,dhl,Delivered
9065,26472,17-06-2020,,bluedart,Delivered
9066,42930,02-03-2023,,ups,Delivered
9067,41060,26-01-2021,,fedex,Delivered
9068,68238,27-09-2023,,dhl,Shipped
9069,27557,26-08-2024,,delhivery,Shipped
9070,98093,03-07-2020,,fedex,Delivered
9071,25486,01-12-2023,,dhl,Shipped
9072,28537,20-10-2022,,dhl,Delivered
9073,60468,02-02-2022,,delhivery,Delivered
9074,40440,18-06-2024,,fedex,Delivered
9075,27993,06-08-2024,,ups,Delivered
9076,4482,28-05-2022,,fedex,Delivered
9077,55595,09-06-2022,,fedex,Delivered
9078,80161,06-02-2021,27-02-2021,fedex,Returned
9079,76011,14-12-2023,,dhl,Delivered
9080,2305,05-06-2024,,fedex,Delivered
9081,56560,22-04-2020,,fedex,Delivered
9082,81048,05-01-2022,,fedex,Delivered
9083,45020,14-09-2023,,ups,Shipped
9084,18788,17-08-2024,,delhivery,In Transit
9085,30379,29-01-2024,,fedex,Delivered
9086,31612,13-09-2021,18-09-2021,delhivery,Returned
9087,57485,05-01-2023,,fedex,Delivered
9088,57523,23-08-2021,,dhl,Delivered
9089,10463,18-07-2023,,fedex,Delivered
9090,60720,26-02-2021,,dhl,Delivered
9091,51589,14-12-2022,04-01-2023,fedex,Returned
9092,21257,02-07-2022,,fedex,Delivered
9093,8468,24-04-2022,,fedex,Delivered
9094,18466,21-05-2023,,ups,Delivered
9095,16364,12-10-2023,,bluedart,Delivered
9096,82150,13-06-2021,,fedex,Delivered
9097,80209,02-12-2023,,dhl,Delivered
9098,8495,08-05-2023,,fedex,Delivered
9099,51120,16-12-2024,,fedex,Delivered
9100,19083,13-05-2021,,fedex,In Transit
9101,52025,13-07-2023,,dhl,In Transit
9102,80001,30-10-2022,,fedex,Delivered
9103,93166,01-08-2020,,dhl,Shipped
9104,56770,09-08-2021,,fedex,Delivered
9105,75091,23-06-2022,,dhl,Delivered
9106,97709,15-11-2023,,bluedart,Delivered
9107,12498,25-03-2023,,dhl,Delivered
9108,23409,11-10-2024,,fedex,Shipped
9109,55225,14-08-2020,,fedex,Delivered
9110,97805,05-12-2020,01-01-2021,dhl,Returned
9111,60930,31-05-2024,15-06-2024,fedex,Returned
9112,93742,05-04-2022,,bluedart,Delivered
9113,37241,06-07-2024,,fedex,Cancelled
9114,41431,04-07-2023,,fedex,Delivered
9115,62125,27-12-2022,,dhl,Shipped
9116,59751,10-09-2021,,fedex,Cancelled
9117,77395,03-07-2021,,fedex,Shipped
9118,7177,18-09-2020,,bluedart,In Transit
9119,58163,01-03-2023,,fedex,Delivered
9120,59316,11-11-2024,,ups,Shipped
9121,72084,04-05-2022,,fedex,Delivered
9122,53748,25-03-2023,,bluedart,Shipped
9123,90764,18-01-2021,,fedex,Delivered
9124,56241,04-10-2020,,fedex,Delivered
9125,62694,03-05-2022,,ups,Delivered
9126,47331,17-03-2020,,fedex,Delivered
9127,31771,12-02-2023,,fedex,Delivered
9128,98601,21-01-2022,,fedex,Delivered
9129,29068,02-07-2020,,bluedart,Delivered
9130,54524,07-08-2022,,bluedart,Delivered
9131,19354,18-04-2022,,dhl,Cancelled
9132,89572,07-02-2024,,fedex,In Transit
9133,66279,23-08-2024,,bluedart,Shipped
9134,25858,24-01-2021,,fedex,Delivered
9135,98387,18-02-2021,,dhl,Delivered
9136,22705,14-05-2022,,bluedart,Delivered
9137,84887,15-11-2020,,fedex,Delivered
9138,49059,28-07-2023,,fedex,Cancelled
9139,70580,11-05-2022,,usps,Cancelled
9140,30439,14-07-2021,20-07-2021,fedex,Returned
9141,81431,15-05-2022,,fedex,Shipped
9142,93040,28-09-2022,,dhl,Shipped
9143,38735,17-07-2024,,usps,Delivered
9144,12194,08-07-2024,,ups,Delivered
9145,89876,10-01-2023,,fedex,Delivered
9146,87886,26-04-2022,,fedex,Delivered
9147,49355,12-09-2020,,fedex,Delivered
9148,64869,07-10-2020,,ups,Delivered
9149,89457,05-08-2024,20-08-2024,ups,Returned
9150,99643,21-08-2024,,dhl,Delivered
9151,71046,10-09-2020,,dhl,Delivered
9152,36186,18-06-2020,,fedex,Cancelled
9153,53671,19-08-2023,,usps,Shipped
9154,39519,06-12-2021,,fedex,Delivered
9155,11607,10-04-2023,,dhl,In Transit
9156,35669,12-07-2021,,fedex,Delivered
9157,87244,23-07-2022,,fedex,Delivered
9158,98278,03-08-2022,,fedex,Shipped
9159,77854,16-01-2023,,delhivery,Delivered
9160,31662,21-06-2022,,dhl,Delivered
9161,32380,12-11-2022,,usps,In Transit
9162,78707,08-06-2020,,fedex,Delivered
9163,76131,19-10-2022,,fedex,Delivered
9164,55898,18-05-2020,,fedex,Shipped
9165,18516,22-06-2022,,dhl,Delivered
9166,90144,12-10-2020,,fedex,Delivered
9167,86029,15-11-2023,,fedex,Delivered
9168,18393,14-04-2022,,fedex,Delivered
9169,63371,25-01-2020,,fedex,Delivered
9170,96475,28-02-2022,,fedex,Delivered
9171,42453,25-12-2021,,bluedart,Cancelled
9172,92101,14-06-2024,,bluedart,Shipped
9173,29209,04-06-2021,,fedex,Delivered
9174,88859,19-12-2021,,ups,Delivered
9175,42259,23-10-2020,,bluedart,Delivered
9176,16895,19-08-2023,,bluedart,Delivered
9177,4492,07-04-2022,,ups,Delivered
9178,20662,22-07-2024,,fedex,Delivered
9179,36698,15-11-2021,,dhl,Delivered
9180,97010,26-08-2024,,fedex,Delivered
9181,45540,13-10-2024,,fedex,Delivered
9182,52013,07-07-2020,,ups,Delivered
9183,62781,12-07-2023,,bluedart,Delivered
9184,24883,17-07-2020,,dhl,Delivered
9185,9608,06-06-2024,,bluedart,Delivered
9186,51878,17-07-2023,,fedex,Delivered
9187,86864,14-07-2021,,usps,Delivered
9188,64102,05-04-2023,,fedex,Shipped
9189,9724,13-06-2021,,dhl,Delivered
9190,38081,15-10-2021,,bluedart,Delivered
9191,63375,04-04-2023,,fedex,Delivered
9192,76500,07-01-2024,,bluedart,Delivered
9193,25748,22-01-2022,,fedex,Delivered
9194,96182,04-06-2020,,fedex,Shipped
9195,46773,19-09-2022,,fedex,Delivered
9196,93554,27-06-2022,19-07-2022,fedex,Returned
9197,20617,29-10-2021,,fedex,Delivered
9198,44063,12-01-2021,,usps,Delivered
9199,69156,15-09-2024,,dhl,Delivered
9200,30981,19-01-2022,,dhl,Delivered
9201,18329,27-08-2021,,fedex,Shipped
9202,28307,07-09-2022,,delhivery,Delivered
9203,72956,17-07-2020,,fedex,Delivered
9204,40371,27-08-2022,07-09-2022,fedex,Returned
9205,27939,04-09-2021,,ups,Delivered
9206,99919,23-03-2021,,fedex,Delivered
9207,81246,24-04-2022,,fedex,Delivered
9208,98768,21-05-2021,,fedex,Delivered
9209,21697,22-06-2021,,fedex,Delivered
9210,65272,29-06-2022,,fedex,Delivered
9211,39455,23-07-2023,,fedex,Delivered
9212,45570,20-01-2024,,fedex,Delivered
9213,91215,26-08-2023,,usps,Delivered
9214,38094,29-01-2022,,fedex,Delivered
9215,44707,10-03-2021,09-04-2021,dhl,Returned
9216,92168,07-12-2024,,fedex,Delivered
9217,96589,21-09-2022,,fedex,Shipped
9218,2403,14-02-2023,,fedex,Delivered
9219,45945,06-12-2022,,dhl,Delivered
9220,87119,22-03-2020,,dhl,Shipped
9221,56747,20-07-2023,12-08-2023,fedex,Returned
9222,37848,13-10-2022,,dhl,Delivered
9223,81028,04-03-2020,,fedex,Delivered
9224,25818,22-04-2024,,usps,Delivered
9225,77599,03-10-2020,,fedex,Delivered
9226,76547,19-08-2021,,fedex,Cancelled
9227,85733,27-11-2023,,fedex,Delivered
9228,35781,25-02-2022,15-03-2022,fedex,Returned
9229,82628,21-10-2024,,dhl,Delivered
9230,68520,22-12-2024,,fedex,Delivered
9231,33481,29-08-2020,,dhl,Delivered
9232,49311,11-04-2024,,usps,Shipped
9233,89934,18-12-2024,,fedex,Delivered
9234,45635,26-11-2022,,fedex,Delivered
9235,10864,17-03-2020,,bluedart,Delivered
9236,58390,03-11-2024,,usps,Shipped
9237,76513,05-08-2022,,dhl,Shipped
9238,43310,01-07-2022,,usps,In Transit
9239,54706,05-07-2021,,usps,Delivered
9240,53089,27-12-2023,,fedex,Delivered
9241,82527,03-01-2021,,fedex,Delivered
9242,95403,15-12-2024,,fedex,Delivered
9243,44743,16-12-2020,,bluedart,Delivered
9244,35178,14-09-2023,,fedex,Delivered
9245,79011,26-10-2020,,fedex,Delivered
9246,7768,26-10-2020,,ups,Delivered
9247,18032,13-05-2024,,delhivery,Shipped
9248,94874,16-10-2024,,usps,Delivered
9249,68036,04-11-2020,,dhl,Delivered
9250,34898,17-12-2024,,dhl,Delivered
9251,79200,31-05-2021,,dhl,Delivered
9252,84546,17-07-2020,,bluedart,Delivered
9253,51846,27-08-2022,,fedex,Shipped
9254,73053,07-01-2022,,fedex,Delivered
9255,14518,26-04-2024,,fedex,Delivered
9256,97402,06-08-2024,,fedex,Delivered
9257,17906,07-11-2022,,dhl,Delivered
9258,15466,18-05-2021,02-06-2021,fedex,Returned
9259,86396,03-09-2024,,fedex,Cancelled
9260,14418,31-08-2022,,dhl,Cancelled
9261,17621,10-08-2022,,fedex,Shipped
9262,96361,09-02-2020,,dhl,Delivered
9263,99906,03-02-2023,,bluedart,Delivered
9264,82849,23-12-2023,,bluedart,Delivered
9265,51099,02-12-2024,,dhl,Delivered
9266,88341,29-06-2021,,fedex,Delivered
9267,34330,29-02-2020,,delhivery,Delivered
9268,49793,10-08-2024,,fedex,Delivered
9269,46530,27-03-2021,,bluedart,Cancelled
9270,40678,23-02-2023,,delhivery,Shipped
9271,76192,30-11-2024,,fedex,Delivered
9272,98411,25-12-2023,,usps,Delivered
9273,42800,13-10-2023,,bluedart,Shipped
9274,71362,06-11-2020,,bluedart,Shipped
9275,61114,09-09-2020,,delhivery,Delivered
9276,5570,17-04-2024,,fedex,Delivered
9277,63598,23-09-2022,,fedex,Delivered
9278,36486,19-06-2021,,fedex,Delivered
9279,99262,09-04-2024,,fedex,Shipped
9280,99206,26-10-2021,,fedex,Delivered
9281,80702,27-02-2021,27-03-2021,bluedart,Returned
9282,80816,05-03-2021,,bluedart,Delivered
9283,61816,20-04-2024,,dhl,Delivered
9284,86486,28-05-2020,,dhl,Shipped
9285,30732,22-06-2022,,fedex,Delivered
9286,88602,31-08-2022,,delhivery,Delivered
9287,4959,02-09-2020,,ups,Delivered
9288,11574,31-01-2022,,bluedart,Delivered
9289,62252,05-01-2024,,fedex,Delivered
9290,21900,04-11-2023,,fedex,Delivered
9291,34610,06-10-2020,,fedex,Delivered
9292,4812,07-09-2022,,bluedart,Delivered
9293,69319,24-07-2020,,fedex,Delivered
9294,55897,24-02-2022,,fedex,Delivered
9295,79963,25-01-2022,,dhl,Delivered
9296,9669,26-07-2022,,ups,Delivered
9297,18639,26-12-2023,,bluedart,In Transit
9298,10126,20-04-2022,,fedex,In Transit
9299,77221,09-02-2024,,fedex,Delivered
9300,77184,11-01-2021,,bluedart,Shipped
9301,11820,29-07-2023,25-08-2023,fedex,Returned
9302,52658,30-04-2020,,bluedart,Delivered
9303,98461,22-05-2024,,ups,Delivered
9304,86707,04-06-2022,,ups,Delivered
9305,76653,01-02-2023,,bluedart,Cancelled
9306,75621,24-03-2024,,ups,Delivered
9307,57011,19-04-2024,,fedex,Delivered
9308,14115,22-12-2024,,fedex,Delivered
9309,19900,04-04-2020,,usps,Delivered
9310,54077,23-08-2021,,bluedart,Shipped
9311,47273,17-02-2024,,fedex,Delivered
9312,89625,17-07-2020,,fedex,Cancelled
9313,40491,18-11-2023,,fedex,Shipped
9314,3125,12-06-2020,,fedex,Delivered
9315,32549,26-04-2023,,fedex,In Transit
9316,32542,27-02-2022,,ups,Delivered
9317,20891,04-10-2020,,dhl,Delivered
9318,56323,02-07-2023,,dhl,Shipped
9319,39702,12-11-2024,,fedex,Delivered
9320,62986,24-12-2023,,usps,Delivered
9321,9248,17-07-2022,,fedex,Delivered
9322,79023,17-01-2023,,bluedart,Cancelled
9323,69412,12-10-2024,,fedex,Shipped
9324,37780,27-06-2022,,dhl,Shipped
9325,8008,24-05-2020,30-05-2020,fedex,Returned
9326,38212,02-08-2022,,fedex,Delivered
9327,77875,27-11-2021,,fedex,Delivered
9328,72092,26-06-2023,,dhl,Delivered
9329,74337,15-04-2024,,ups,Delivered
9330,13915,09-12-2021,,dhl,Delivered
9331,43929,02-12-2023,,fedex,In Transit
9332,65186,10-03-2024,,fedex,Shipped
9333,78712,19-04-2021,,fedex,Delivered
9334,28517,04-06-2024,,fedex,Delivered
9335,18126,19-02-2024,,delhivery,Delivered
9336,33159,05-02-2023,,dhl,Delivered
9337,51096,02-02-2021,,dhl,Delivered
9338,92039,18-06-2024,,dhl,Delivered
9339,89142,10-07-2021,,ups,Delivered
9340,87190,28-03-2022,,delhivery,Delivered
9341,75854,18-12-2024,,fedex,Shipped
9342,65341,16-12-2021,,dhl,Delivered
9343,31966,18-12-2022,,bluedart,Delivered
9344,84861,04-11-2023,,dhl,Delivered
9345,88781,04-10-2020,,ups,Delivered
9346,23009,22-06-2022,,dhl,Delivered
9347,11277,12-06-2024,,fedex,Shipped
9348,92947,02-03-2022,,fedex,Delivered
9349,28049,04-02-2024,,dhl,Delivered
9350,52724,10-11-2021,,fedex,Delivered
9351,57410,21-06-2021,,dhl,Delivered
9352,82907,14-11-2020,,usps,Delivered
9353,34343,24-10-2022,,fedex,Delivered
9354,15836,18-05-2021,,bluedart,Delivered
9355,31999,23-09-2024,,fedex,Delivered
9356,76775,05-05-2022,,fedex,Delivered
9357,50042,16-03-2022,,dhl,Delivered
9358,53423,21-04-2024,,fedex,Delivered
9359,24990,12-07-2020,02-08-2020,fedex,Returned
9360,76221,28-09-2022,,delhivery,Delivered
9361,38334,22-08-2023,,dhl,Shipped
9362,78550,28-10-2022,,ups,Delivered
9363,9326,17-07-2021,,dhl,Delivered
9364,78162,09-11-2023,23-11-2023,dhl,Returned
9365,73587,11-11-2023,,fedex,Delivered
9366,80685,10-06-2022,,usps,Delivered
9367,46806,30-11-2022,,fedex,Shipped
9368,58881,16-09-2021,,bluedart,Delivered
9369,43299,14-12-2024,,fedex,Delivered
9370,62398,31-05-2023,,fedex,Delivered
9371,76345,29-12-2022,,bluedart,Delivered
9372,40002,15-02-2022,,fedex,Delivered
9373,24356,27-06-2024,,dhl,Delivered
9374,49360,14-12-2020,,usps,Delivered
9375,70668,08-01-2022,,bluedart,Delivered
9376,25263,07-01-2022,,ups,Delivered
9377,15210,04-05-2021,,ups,Delivered
9378,63121,24-06-2021,,dhl,In Transit
9379,68290,14-11-2024,,dhl,Delivered
9380,41216,28-12-2023,07-01-2024,fedex,Returned
9381,95932,09-02-2024,,fedex,Delivered
9382,63506,22-08-2020,,fedex,Shipped
9383,51210,01-02-2022,,fedex,Delivered
9384,44379,11-01-2024,,fedex,Delivered
9385,38425,20-10-2020,,fedex,In Transit
9386,66921,26-03-2024,,ups,Delivered
9387,16777,13-12-2024,,fedex,Cancelled
9388,42911,06-07-2021,,fedex,Shipped
9389,24938,22-04-2020,,fedex,Delivered
9390,37555,03-08-2020,,dhl,Delivered
9391,14220,04-01-2024,,fedex,Delivered
9392,2497,17-03-2023,,dhl,Delivered
9393,18619,30-12-2024,,bluedart,Shipped
9394,75101,11-05-2021,,bluedart,Shipped
9395,20915,25-01-2020,02-02-2020,bluedart,Returned
9396,8152,12-07-2020,,dhl,Delivered
9397,33325,23-10-2021,,fedex,Cancelled
9398,22337,12-07-2021,,fedex,Delivered
9399,95221,22-05-2021,,usps,Delivered
9400,8880,16-10-2023,,ups,Delivered
9401,47647,05-04-2021,,ups,Delivered
9402,18778,12-09-2024,,dhl,Delivered
9403,77402,31-07-2024,,dhl,Delivered
9404,40039,05-06-2020,,bluedart,Delivered
9405,4989,17-07-2021,,fedex,Delivered
9406,99170,24-05-2024,,bluedart,Delivered
9407,74729,02-02-2021,,bluedart,Delivered
9408,98156,14-06-2022,,fedex,Cancelled
9409,37265,04-05-2020,,dhl,Cancelled
9410,46180,27-11-2024,,bluedart,In Transit
9411,26036,05-03-2024,,fedex,Delivered
9412,4337,14-09-2023,,fedex,Delivered
9413,35823,07-08-2022,,fedex,Delivered
9414,98554,20-01-2021,,bluedart,Shipped
9415,64072,22-12-2020,,ups,Delivered
9416,39528,31-12-2023,,fedex,Cancelled
9417,14066,22-09-2022,,dhl,Delivered
9418,92926,29-06-2022,,bluedart,Delivered
9419,32164,08-01-2020,,fedex,Delivered
9420,9965,10-06-2022,,fedex,Delivered
9421,10302,30-05-2021,,fedex,Delivered
9422,16868,26-08-2022,,bluedart,In Transit
9423,81073,19-07-2021,,fedex,Delivered
9424,29591,12-10-2020,,bluedart,In Transit
9425,81865,28-08-2020,16-09-2020,fedex,Returned
9426,49589,16-06-2024,,fedex,Delivered
9427,54947,07-01-2021,,usps,Delivered
9428,91754,02-06-2022,,dhl,Delivered
9429,98272,15-07-2022,,fedex,Delivered
9430,92531,21-05-2024,,fedex,Delivered
9431,57270,27-07-2023,,bluedart,Delivered
9432,49718,21-06-2020,,fedex,Delivered
9433,78417,27-12-2020,,bluedart,Delivered
9434,84647,05-07-2023,,fedex,Delivered
9435,18248,18-08-2020,,fedex,Delivered
9436,9720,03-05-2020,,delhivery,Delivered
9437,84523,26-11-2022,,ups,Delivered
9438,18348,14-08-2024,,bluedart,Delivered
9439,99250,23-10-2022,,bluedart,Delivered
9440,27201,26-01-2022,,fedex,Delivered
9441,52894,25-11-2020,,fedex,Delivered
9442,92628,21-10-2024,,bluedart,Delivered
9443,7896,02-12-2023,,fedex,Shipped
9444,29616,01-07-2022,,ups,Delivered
9445,24080,13-02-2022,,dhl,Delivered
9446,23915,11-10-2022,,fedex,Delivered
9447,28551,25-01-2022,,fedex,Shipped
9448,71210,19-08-2021,,fedex,Delivered
9449,91980,08-12-2023,,fedex,Delivered
9450,16008,30-12-2021,,usps,Cancelled
9451,36778,15-02-2024,,ups,Delivered
9452,66008,16-11-2022,,fedex,Delivered
9453,81763,12-04-2021,,dhl,Delivered
9454,93298,01-03-2024,,fedex,Delivered
9455,9819,30-08-2021,,dhl,Delivered
9456,13889,15-03-2022,,fedex,Delivered
9457,50931,09-03-2024,,usps,Delivered
9458,85880,24-03-2021,,fedex,Delivered
9459,64936,23-06-2023,,dhl,Delivered
9460,93970,01-02-2023,,fedex,Delivered
9461,97394,21-06-2024,,delhivery,Delivered
9462,6581,03-07-2023,17-07-2023,fedex,Returned
9463,73731,19-08-2022,,dhl,Shipped
9464,3751,09-07-2020,,dhl,Delivered
9465,37672,14-01-2024,,fedex,Delivered
9466,55404,09-04-2024,,usps,Delivered
9467,29210,19-01-2022,,fedex,Delivered
9468,47549,21-10-2021,,fedex,Delivered
9469,52834,16-12-2020,,fedex,Delivered
9470,55246,23-05-2022,,fedex,Delivered
9471,94116,06-12-2022,,fedex,Shipped
9472,8752,17-06-2022,,bluedart,Delivered
9473,97578,27-09-2021,,fedex,Cancelled
9474,69358,12-09-2023,,dhl,Delivered
9475,70889,01-01-2025,,fedex,Delivered
9476,27548,09-09-2020,,bluedart,Delivered
9477,21489,25-07-2020,16-08-2020,dhl,Returned
9478,70695,13-08-2020,,dhl,Delivered
9479,22760,03-05-2020,,fedex,Delivered
9480,49979,25-06-2023,,bluedart,Delivered
9481,98549,04-05-2022,,delhivery,Delivered
9482,74234,07-03-2023,,delhivery,Delivered
9483,5180,20-09-2022,,usps,Delivered
9484,47198,15-02-2024,,dhl,Cancelled
9485,77735,13-07-2020,01-08-2020,fedex,Returned
9486,99021,18-12-2021,,delhivery,Shipped
9487,2294,07-12-2022,,dhl,Delivered
9488,67278,23-04-2023,,dhl,Delivered
9489,38282,05-11-2021,,bluedart,Delivered
9490,93558,12-04-2022,28-04-2022,dhl,Returned
9491,14887,02-02-2024,,ups,Delivered
9492,68629,21-01-2020,,fedex,Delivered
9493,40163,15-08-2024,,ups,In Transit
9494,40187,20-01-2021,,bluedart,In Transit
9495,12177,05-04-2024,,fedex,Delivered
9496,51932,14-06-2020,,ups,Shipped
9497,99064,17-03-2023,,usps,Delivered
9498,36626,09-11-2023,,fedex,Delivered
9499,48656,26-10-2020,,dhl,Delivered
9500,23245,02-08-2023,,fedex,Delivered
9501,44666,10-11-2020,09-12-2020,fedex,Returned
9502,73193,30-05-2024,17-06-2024,fedex,Returned
9503,48123,26-05-2024,,fedex,Delivered
9504,61864,11-03-2023,,ups,Delivered
9505,64564,01-09-2022,,delhivery,Delivered
9506,62586,21-09-2023,,fedex,Delivered
9507,86350,26-11-2023,,fedex,In Transit
9508,48682,31-07-2020,,ups,Delivered
9509,10363,09-10-2024,,ups,Shipped
9510,84813,28-11-2020,,dhl,Delivered
9511,45578,03-02-2021,,fedex,Delivered
9512,12754,18-12-2021,,fedex,Delivered
9513,22724,03-10-2023,,fedex,Delivered
9514,97521,25-11-2022,,fedex,Delivered
9515,89921,14-09-2021,,bluedart,Delivered
9516,91211,08-03-2024,,fedex,Shipped
9517,13948,18-03-2022,,delhivery,Delivered
9518,91586,22-12-2024,,bluedart,Shipped
9519,30480,18-12-2021,,fedex,In Transit
9520,89744,20-10-2022,,ups,Delivered
9521,60063,22-07-2020,,dhl,Cancelled
9522,61308,25-09-2021,,dhl,Shipped
9523,38775,15-11-2023,,ups,Shipped
9524,49671,04-05-2023,,bluedart,Delivered
9525,30978,10-11-2023,,bluedart,Delivered
9526,2063,17-05-2021,,usps,Delivered
9527,33890,04-04-2024,,usps,Delivered
9528,33784,02-05-2020,,bluedart,Shipped
9529,91488,01-08-2023,,dhl,Delivered
9530,35136,05-10-2022,,bluedart,Delivered
9531,29519,14-07-2023,07-08-2023,dhl,Returned
9532,10994,08-08-2021,,dhl,Delivered
9533,13414,08-10-2020,,bluedart,Delivered
9534,7403,24-03-2020,,fedex,Delivered
9535,75796,03-02-2024,29-02-2024,dhl,Returned
9536,14438,24-02-2022,,dhl,Delivered
9537,90415,23-08-2022,,usps,Delivered
9538,92907,09-12-2023,,fedex,Shipped
9539,74955,31-07-2020,,dhl,Delivered
9540,99008,07-07-2020,,ups,Delivered
9541,26502,19-07-2023,,fedex,Delivered
9542,84920,27-07-2024,,fedex,Delivered
9543,95297,25-08-2022,,fedex,Delivered
9544,62875,05-05-2023,,fedex,Delivered
9545,83001,09-04-2021,,fedex,Cancelled
9546,33230,01-07-2023,,dhl,Delivered
9547,55951,02-02-2024,,dhl,Shipped
9548,25589,20-05-2020,,fedex,Delivered
9549,16226,06-05-2022,,fedex,Delivered
9550,61738,22-11-2021,,ups,Delivered
9551,88214,13-05-2022,,usps,Delivered
9552,91440,17-01-2023,,fedex,Delivered
9553,15540,20-06-2023,,fedex,Delivered
9554,30751,02-06-2024,,dhl,In Transit
9555,13065,17-04-2020,,usps,Delivered
9556,94325,04-03-2020,,bluedart,Delivered
9557,56058,01-12-2024,,ups,Delivered
9558,17533,02-06-2022,,dhl,Shipped
9559,22856,30-09-2024,08-10-2024,bluedart,Returned
9560,71667,31-03-2020,,bluedart,Delivered
9561,54336,29-02-2020,,fedex,Delivered
9562,41919,19-03-2021,,fedex,Delivered
9563,83477,16-01-2023,,fedex,Delivered
9564,82830,05-11-2024,,fedex,In Transit
9565,39048,29-06-2021,,usps,Shipped
9566,26520,06-06-2021,,bluedart,Delivered
9567,23620,15-08-2022,,bluedart,Delivered
9568,20096,13-02-2023,,fedex,Delivered
9569,26521,17-06-2021,,dhl,Delivered
9570,48893,31-01-2023,,delhivery,Cancelled
9571,77106,30-08-2023,,fedex,Delivered
9572,12503,17-03-2020,,bluedart,Delivered
9573,47205,15-09-2024,,dhl,Delivered
9574,96757,22-10-2022,,dhl,Delivered
9575,79878,10-11-2023,,ups,Delivered
9576,33662,08-07-2021,,fedex,Delivered
9577,86061,30-06-2022,,fedex,Delivered
9578,69676,06-01-2022,,ups,Delivered
9579,91131,24-04-2020,,fedex,Delivered
9580,86260,24-05-2021,,usps,Delivered
9581,1391,30-04-2023,,fedex,Delivered
9582,40025,10-05-2024,,usps,In Transit
9583,2762,27-05-2023,,fedex,Delivered
9584,20882,20-11-2024,,dhl,Delivered
9585,7832,15-10-2024,,fedex,Delivered
9586,10739,24-02-2022,,bluedart,Delivered
9587,30648,16-10-2024,,delhivery,Delivered
9588,80651,30-08-2024,,fedex,Shipped
9589,14717,02-02-2023,,bluedart,Shipped
9590,5086,15-01-2023,,fedex,Delivered
9591,70986,30-10-2020,,bluedart,Delivered
9592,22452,21-04-2024,,dhl,In Transit
9593,1525,07-06-2020,,dhl,Delivered
9594,43601,13-10-2022,,delhivery,Delivered
9595,50610,28-04-2022,,dhl,Delivered
9596,86219,20-01-2020,,dhl,Delivered
9597,35382,24-07-2021,,fedex,In Transit
9598,6962,19-11-2024,,dhl,Delivered
9599,45086,28-10-2022,,fedex,Delivered
9600,1833,16-08-2024,,delhivery,Delivered
9601,75154,10-01-2023,,fedex,Delivered
9602,22654,09-12-2024,,fedex,Delivered
9603,54118,21-03-2021,,dhl,Delivered
9604,14548,08-06-2023,,fedex,Delivered
9605,80910,10-10-2022,,bluedart,Delivered
9606,65908,22-06-2022,,dhl,Shipped
9607,12132,23-09-2023,,fedex,Cancelled
9608,20164,30-06-2020,,fedex,Delivered
9609,71236,15-08-2021,,bluedart,Delivered
9610,44046,01-10-2021,,dhl,Delivered
9611,54630,20-08-2021,,fedex,Delivered
9612,22602,13-02-2024,,bluedart,Delivered
9613,13670,12-11-2024,,fedex,Delivered
9614,82404,29-08-2022,18-09-2022,dhl,Returned
9615,15166,31-03-2023,,fedex,Delivered
9616,6490,05-10-2021,,dhl,Delivered
9617,89668,06-03-2021,,fedex,Delivered
9618,82276,27-08-2023,,dhl,Delivered
9619,12115,24-03-2021,,fedex,Delivered
9620,24845,18-10-2022,,bluedart,Delivered
9621,89375,16-03-2023,,dhl,In Transit
9622,75928,17-01-2023,,bluedart,Delivered
9623,13722,16-11-2022,,ups,Delivered
9624,84222,30-03-2024,,fedex,Delivered
9625,48027,29-04-2024,,bluedart,Delivered
9626,23193,21-11-2022,,bluedart,Delivered
9627,92254,17-06-2022,,fedex,Delivered
9628,21074,26-02-2020,,delhivery,Delivered
9629,75082,19-06-2021,,delhivery,Delivered
9630,63964,21-08-2022,,fedex,Delivered
9631,44922,24-09-2022,14-10-2022,fedex,Returned
9632,72609,12-08-2024,,fedex,Delivered
9633,54840,09-02-2024,,usps,Shipped
9634,4152,25-06-2022,,ups,Delivered
9635,58860,06-06-2022,,fedex,Delivered
9636,32137,08-01-2022,,fedex,Delivered
9637,75292,22-11-2020,,ups,In Transit
9638,41272,01-07-2022,,dhl,Shipped
9639,16970,20-07-2020,,fedex,Delivered
9640,96657,28-04-2022,,fedex,Delivered
9641,29307,10-08-2022,,dhl,Delivered
9642,81985,16-08-2024,,fedex,Delivered
9643,99561,23-09-2022,,fedex,Delivered
9644,36296,17-03-2023,26-03-2023,bluedart,Returned
9645,30401,11-06-2022,,dhl,Delivered
9646,71838,01-01-2023,,fedex,Delivered
9647,60058,27-08-2020,,fedex,Delivered
9648,98545,21-07-2020,,fedex,Delivered
9649,69535,18-07-2022,,fedex,Delivered
9650,67338,26-10-2022,,fedex,Delivered
9651,22488,02-07-2020,,fedex,Delivered
9652,16521,28-07-2023,,dhl,Delivered
9653,65499,27-02-2024,,ups,Delivered
9654,66664,01-09-2021,,fedex,Delivered
9655,92555,08-08-2020,,fedex,Delivered
9656,72306,16-12-2022,,ups,Delivered
9657,83052,23-11-2021,,bluedart,Shipped
9658,25676,01-02-2022,,bluedart,Delivered
9659,29062,30-08-2021,,dhl,Shipped
9660,2651,09-03-2021,,ups,Delivered
9661,70703,26-05-2020,,dhl,Shipped
9662,31635,04-08-2024,,fedex,Delivered
9663,82210,10-04-2020,,fedex,Delivered
9664,69560,15-11-2023,,fedex,In Transit
9665,23795,24-05-2024,,fedex,In Transit
9666,3916,11-11-2021,05-12-2021,ups,Returned
9667,29065,29-08-2022,,dhl,Delivered
9668,4449,13-03-2024,,dhl,Delivered
9669,34654,06-01-2023,,fedex,Delivered
9670,82079,25-08-2021,,fedex,Delivered
9671,66234,16-10-2022,,bluedart,Delivered
9672,99760,24-03-2024,,bluedart,Delivered
9673,80295,27-09-2023,,bluedart,Delivered
9674,68922,04-07-2024,,fedex,Delivered
9675,40068,18-06-2024,,dhl,Delivered
9676,68321,04-09-2022,14-09-2022,fedex,Returned
9677,34706,30-12-2024,,dhl,Delivered
9678,64689,01-12-2023,,fedex,Shipped
9679,47741,03-06-2021,15-06-2021,fedex,Returned
9680,9439,08-03-2022,,fedex,In Transit
9681,10400,03-08-2020,,usps,Delivered
9682,75266,01-12-2023,,fedex,Delivered
9683,50619,05-01-2022,,ups,Delivered
9684,42599,21-08-2024,,bluedart,Delivered
9685,88709,10-10-2024,,usps,Delivered
9686,96621,12-06-2024,,fedex,Delivered
9687,76461,12-07-2020,,fedex,Delivered
9688,7678,11-08-2020,,fedex,Delivered
9689,7648,02-01-2024,,fedex,Shipped
9690,76044,22-10-2022,,bluedart,In Transit
9691,52039,27-11-2023,,bluedart,Cancelled
9692,67999,17-10-2024,,ups,Delivered
9693,20884,03-05-2020,02-06-2020,usps,Returned
9694,46145,28-03-2023,,usps,Delivered
9695,58924,16-12-2022,,fedex,Delivered
9696,83306,11-10-2021,,dhl,Delivered
9697,33747,26-09-2022,,dhl,Delivered
9698,69969,20-06-2023,,fedex,Delivered
9699,66886,28-07-2021,,bluedart,Delivered
9700,42192,17-02-2021,15-03-2021,fedex,Returned
9701,77377,08-01-2022,,ups,Delivered
9702,36959,09-05-2021,,fedex,Delivered
9703,34567,20-09-2021,,dhl,Delivered
9704,62247,20-11-2023,,bluedart,Delivered
9705,39403,14-04-2024,,dhl,Delivered
9706,36601,19-04-2023,,fedex,Cancelled
9707,8001,09-05-2024,,bluedart,Delivered
9708,52488,17-07-2023,,fedex,Delivered
9709,37434,27-05-2024,,usps,In Transit
9710,63047,22-05-2024,,bluedart,Delivered
9711,55545,23-09-2022,,fedex,Shipped
9712,60761,19-04-2022,24-04-2022,ups,Returned
9713,63654,26-08-2023,,dhl,Delivered
9714,21357,05-01-2024,,fedex,Delivered
9715,36003,08-06-2024,,fedex,Delivered
9716,43298,02-07-2021,,fedex,Delivered
9717,67266,21-01-2022,,fedex,Delivered
9718,73525,07-12-2024,,bluedart,Delivered
9719,21815,27-10-2023,,dhl,In Transit
9720,20808,25-01-2024,,fedex,Delivered
9721,22614,12-02-2021,,fedex,Delivered
9722,49422,04-01-2020,,bluedart,Delivered
9723,36113,27-05-2024,,fedex,Delivered
9724,12968,18-11-2021,,fedex,In Transit
9725,9560,05-10-2021,,bluedart,Delivered
9726,87952,31-08-2023,,bluedart,Delivered
9727,49023,13-06-2022,,dhl,In Transit
9728,20731,06-05-2020,28-05-2020,fedex,Returned
9729,41375,20-12-2021,,dhl,Delivered
9730,69297,03-06-2020,,fedex,Delivered
9731,26384,11-12-2023,,ups,Delivered
9732,63115,25-06-2023,,dhl,Delivered
9733,50670,09-05-2020,,dhl,Delivered
9734,94439,08-04-2022,,dhl,Shipped
9735,72848,14-10-2024,08-11-2024,dhl,Returned
9736,80629,26-06-2021,,ups,Delivered
9737,44221,16-05-2023,,ups,Delivered
9738,73924,12-01-2020,,fedex,Delivered
9739,44590,24-03-2021,,delhivery,Delivered
9740,29333,29-02-2024,,dhl,Delivered
9741,85087,07-06-2023,,fedex,Delivered
9742,72299,12-06-2021,,bluedart,Delivered
9743,65456,23-05-2020,,fedex,Delivered
9744,6834,14-09-2022,,dhl,Delivered
9745,28568,20-06-2023,,fedex,Delivered
9746,74988,05-07-2020,,dhl,Delivered
9747,51154,22-06-2022,,usps,Shipped
9748,66848,21-12-2022,,bluedart,Delivered
9749,14504,21-08-2020,,bluedart,Delivered
9750,66954,04-04-2023,,fedex,Shipped
9751,8145,17-02-2024,,dhl,Shipped
9752,54460,31-08-2022,,fedex,In Transit
9753,95545,22-12-2021,,bluedart,Delivered
9754,74162,17-04-2021,28-04-2021,dhl,Returned
9755,90233,14-06-2022,,fedex,Shipped
9756,71581,21-06-2022,,fedex,Delivered
9757,81835,22-08-2021,,fedex,Delivered
9758,66743,12-04-2020,,delhivery,In Transit
9759,99602,07-03-2024,13-03-2024,fedex,Returned
9760,93652,08-09-2021,,ups,Delivered
9761,76135,23-07-2020,,ups,Delivered
9762,39760,28-08-2020,,fedex,Delivered
9763,74924,17-09-2021,,fedex,Delivered
9764,86197,22-11-2021,,bluedart,Delivered
9765,30862,11-08-2023,01-09-2023,fedex,Returned
9766,85143,20-11-2020,,ups,Delivered
9767,51880,12-06-2024,,fedex,Delivered
9768,97302,12-11-2022,,dhl,Delivered
9769,77074,31-08-2020,,fedex,Delivered
9770,87639,07-07-2024,,fedex,Delivered
9771,88036,08-12-2024,,fedex,Delivered
9772,96785,19-02-2023,,dhl,Delivered
9773,85077,22-02-2024,,dhl,In Transit
9774,95315,30-04-2020,,dhl,Delivered
9775,83611,21-05-2024,,fedex,Delivered
9776,97446,31-01-2023,,bluedart,Shipped
9777,67735,28-11-2024,,ups,Cancelled
9778,48775,21-02-2023,,fedex,Delivered
9779,3879,22-10-2024,,fedex,Delivered
9780,93965,16-12-2020,,dhl,Delivered
9781,47255,20-12-2023,,dhl,Delivered
9782,37583,18-05-2023,,fedex,Shipped
9783,65261,03-07-2021,,fedex,Delivered
9784,85274,18-10-2021,,fedex,Delivered
9785,15685,14-05-2024,31-05-2024,bluedart,Returned
9786,19049,19-07-2023,,bluedart,Delivered
9787,12246,24-10-2023,,delhivery,Shipped
9788,8990,25-10-2022,,fedex,Delivered
9789,48712,26-06-2023,,dhl,Cancelled
9790,81627,01-11-2024,,dhl,Delivered
9791,2544,10-06-2022,,fedex,Delivered
9792,21640,08-12-2024,,bluedart,Delivered
9793,80774,28-06-2020,,bluedart,Delivered
9794,81333,09-02-2022,,fedex,Delivered
9795,38390,01-06-2022,,bluedart,Cancelled
9796,86766,11-05-2022,,bluedart,Delivered
9797,26409,26-02-2023,,dhl,Delivered
9798,99594,13-02-2021,,fedex,In Transit
9799,82059,17-04-2022,,dhl,Delivered
9800,36536,27-10-2021,,bluedart,In Transit
9801,81877,27-02-2020,,fedex,Delivered
9802,60001,11-12-2024,,fedex,Delivered
9803,23459,01-03-2022,22-03-2022,fedex,Returned
9804,39625,15-06-2022,,fedex,Delivered
9805,83152,03-03-2020,,bluedart,Delivered
9806,88642,06-02-2022,,fedex,Shipped
9807,25194,29-03-2022,,dhl,Delivered
9808,20258,26-04-2021,,usps,Delivered
9809,20463,08-03-2020,,dhl,Delivered
9810,22217,26-07-2023,,ups,Delivered
9811,21576,03-06-2023,,fedex,Delivered
9812,3077,18-08-2023,,fedex,Delivered
9813,62573,13-08-2022,,fedex,Delivered
9814,17505,11-12-2022,,fedex,Shipped
9815,77135,02-08-2022,,fedex,Delivered
9816,90431,06-01-2022,,fedex,Delivered
9817,70605,12-05-2024,,fedex,Delivered
9818,86912,15-05-2021,07-06-2021,fedex,Returned
9819,85006,25-10-2020,,dhl,Shipped
9820,15652,14-03-2024,,fedex,Delivered
9821,24931,16-07-2020,,usps,Delivered
9822,18786,12-03-2022,02-04-2022,ups,Returned
9823,41049,27-06-2023,,fedex,Delivered
9824,25226,22-10-2020,,fedex,Delivered
9825,88152,28-01-2024,,fedex,Shipped
9826,11178,02-04-2023,,fedex,Delivered
9827,55115,25-07-2023,,ups,Delivered
9828,37232,08-02-2022,,dhl,Shipped
9829,39291,22-02-2024,,dhl,Delivered
9830,1119,10-02-2021,,dhl,Delivered
9831,85971,09-07-2022,,fedex,Delivered
9832,37178,18-02-2021,,ups,Delivered
9833,55836,30-12-2024,,fedex,Delivered
9834,79767,18-09-2021,,fedex,Delivered
9835,57957,22-05-2022,,fedex,Delivered
9836,37924,17-12-2021,26-12-2021,dhl,Returned
9837,95796,03-05-2020,,delhivery,Delivered
9838,80506,25-04-2020,,bluedart,Delivered
9839,42353,11-07-2023,,fedex,Delivered
9840,79745,20-09-2024,,fedex,Delivered
9841,56591,03-12-2022,,fedex,Delivered
9842,59929,17-05-2022,,bluedart,Delivered
9843,55419,12-07-2021,,dhl,Delivered
9844,69648,01-04-2021,,bluedart,Delivered
9845,4927,19-09-2023,,ups,Delivered
9846,37106,26-05-2024,,dhl,Delivered
9847,96496,13-04-2023,,dhl,Delivered
9848,46121,08-01-2022,,fedex,Delivered
9849,19885,26-03-2020,,dhl,Shipped
9850,81616,02-05-2023,,bluedart,Delivered
9851,93685,16-12-2023,,ups,Delivered
9852,98208,29-09-2021,,usps,Delivered
9853,70341,04-01-2022,,fedex,Delivered
9854,38989,27-04-2022,,fedex,Delivered
9855,18353,27-02-2020,12-03-2020,delhivery,Returned
9856,51879,01-04-2021,,fedex,Shipped
9857,77528,30-04-2021,26-05-2021,fedex,Returned
9858,14519,24-12-2021,,fedex,Delivered
9859,49215,08-07-2023,,fedex,Delivered
9860,21207,17-05-2022,,bluedart,Delivered
9861,25865,31-01-2020,,fedex,Delivered
9862,56468,28-12-2023,,bluedart,Delivered
9863,93395,12-09-2022,,dhl,Delivered
9864,37982,15-08-2024,,ups,Delivered
9865,92652,08-07-2021,,fedex,Delivered
9866,12024,09-01-2021,,fedex,Delivered
9867,53421,21-01-2023,,dhl,In Transit
9868,33483,27-06-2021,,fedex,Delivered
9869,2668,09-04-2024,,bluedart,Delivered
9870,16095,15-07-2022,30-07-2022,fedex,Returned
9871,29194,14-03-2023,,bluedart,Shipped
9872,4952,18-12-2023,,fedex,Delivered
9873,44982,04-08-2021,,ups,Delivered
9874,46372,15-02-2023,,fedex,Delivered
9875,88458,16-02-2024,,delhivery,Shipped
9876,43226,12-06-2024,,bluedart,Delivered
9877,26563,16-01-2022,,fedex,In Transit
9878,23510,16-01-2022,,fedex,Cancelled
9879,49305,02-03-2023,,ups,Delivered
9880,88885,24-03-2021,,dhl,Delivered
9881,80959,05-02-2020,,delhivery,Delivered
9882,81567,23-05-2023,,ups,Delivered
9883,76442,10-04-2021,10-05-2021,fedex,Returned
9884,53031,12-07-2022,,delhivery,Shipped
9885,91182,26-01-2022,,dhl,In Transit
9886,20739,16-11-2024,,bluedart,Delivered
9887,33065,24-05-2021,,fedex,Delivered
9888,5764,21-10-2020,,dhl,Delivered
9889,69521,17-12-2021,,fedex,Shipped
9890,25254,16-12-2021,,ups,Delivered
9891,96790,21-11-2023,,bluedart,Shipped
9892,89183,19-06-2024,,fedex,Delivered
9893,52796,21-06-2021,,fedex,Delivered
9894,32764,05-03-2023,,fedex,Delivered
9895,28278,28-08-2021,,bluedart,Delivered
9896,18310,29-04-2024,20-05-2024,ups,Returned
9897,55484,01-11-2022,,fedex,Delivered
9898,79286,15-09-2024,,usps,Delivered
9899,38550,23-02-2021,,delhivery,Delivered
9900,23045,26-03-2024,,dhl,Delivered
9901,7557,05-05-2023,,fedex,Shipped
9902,72532,28-04-2024,,dhl,Delivered
9903,82928,20-06-2020,,fedex,Delivered
9904,40935,24-03-2022,,dhl,Delivered
9905,31410,13-09-2022,,dhl,In Transit
9906,50685,27-04-2023,,fedex,Delivered
9907,10015,14-06-2024,,fedex,Delivered
9908,70541,22-06-2020,,bluedart,In Transit
9909,2728,15-09-2022,,fedex,Delivered
9910,15182,28-04-2022,,fedex,Delivered
9911,86064,02-08-2022,,fedex,Delivered
9912,72861,18-07-2023,,fedex,Delivered
9913,23396,05-09-2024,,bluedart,Delivered
9914,37542,23-04-2020,,dhl,In Transit
9915,73142,16-01-2021,,fedex,Delivered
9916,46921,07-03-2020,,fedex,Delivered
9917,95364,18-12-2024,,ups,Cancelled
9918,50734,07-03-2022,,fedex,Cancelled
9919,55437,14-12-2022,,fedex,Delivered
9920,54655,17-09-2024,,bluedart,Delivered
9921,21669,23-08-2021,,usps,Delivered
9922,42634,17-07-2022,,dhl,Delivered
9923,50125,01-08-2023,,fedex,Delivered
9924,7446,20-06-2021,,fedex,Delivered
9925,22804,15-06-2023,,fedex,Delivered
9926,4873,15-05-2023,,dhl,Delivered
9927,47351,15-02-2022,07-03-2022,fedex,Returned
9928,61794,17-09-2023,,fedex,Delivered
9929,28857,25-05-2023,,fedex,Delivered
9930,76365,21-03-2021,,fedex,Delivered
9931,9392,30-12-2020,,fedex,Delivered
9932,37535,13-01-2020,,fedex,Delivered
9933,54357,09-11-2023,,ups,In Transit
9934,98762,19-09-2022,,delhivery,Delivered
9935,24953,29-03-2024,,fedex,Shipped
9936,22231,25-05-2024,,dhl,Delivered
9937,69835,27-06-2023,,fedex,Delivered
9938,2952,08-06-2021,,dhl,Cancelled
9939,27777,21-02-2021,,fedex,Delivered
9940,71261,02-03-2023,,dhl,Delivered
9941,34671,23-10-2020,,fedex,Delivered
9942,95756,22-04-2020,28-04-2020,fedex,Returned
9943,52778,10-12-2021,,fedex,Delivered
9944,32789,08-04-2020,,delhivery,Delivered
9945,23707,14-02-2020,,bluedart,Shipped
9946,61029,12-08-2020,,fedex,Delivered
9947,63562,05-09-2023,,bluedart,Delivered
9948,70081,03-12-2020,,dhl,Delivered
9949,93810,26-02-2024,,dhl,Delivered
9950,2084,16-08-2020,,delhivery,Shipped
9951,41739,15-07-2022,,fedex,Delivered
9952,40005,26-12-2020,,fedex,Delivered
9953,66922,20-06-2021,,fedex,Shipped
9954,26389,10-11-2023,,fedex,Delivered
9955,76624,29-04-2024,,dhl,Shipped
9956,23158,14-11-2022,,fedex,Delivered
9957,27228,19-10-2024,,fedex,Delivered
9958,32347,16-11-2022,,bluedart,Shipped
9959,91854,27-07-2023,,dhl,Delivered
9960,31688,11-09-2020,,dhl,Delivered
9961,13097,05-10-2022,,fedex,Delivered
9962,79648,14-02-2024,,dhl,Delivered
9963,49347,03-03-2020,,ups,Delivered
9964,23522,12-04-2020,,bluedart,Shipped
9965,30263,23-04-2021,,fedex,Delivered
9966,44525,17-03-2024,,dhl,Delivered
9967,67173,28-03-2024,,bluedart,Delivered
9968,83070,31-12-2022,,dhl,In Transit
9969,71284,08-05-2020,,dhl,Delivered
9970,60648,12-06-2021,,fedex,Delivered
9971,53782,10-11-2020,,dhl,Delivered
9972,83289,09-07-2022,,dhl,Delivered
9973,32296,01-02-2022,,dhl,Delivered
9974,85516,02-12-2024,,delhivery,Cancelled
9975,23643,24-11-2022,,bluedart,Delivered
9976,69819,29-10-2022,19-11-2022,fedex,Returned
9977,19377,17-07-2020,,dhl,Delivered
9978,24810,17-11-2021,,fedex,In Transit
9979,52095,12-05-2021,,fedex,Delivered
9980,66374,07-10-2024,,fedex,Delivered
9981,45124,21-03-2022,,usps,Delivered
9982,61889,15-06-2023,,fedex,Delivered
9983,18691,09-02-2021,17-02-2021,dhl,Returned
9984,3374,16-06-2022,,fedex,Cancelled
9985,26263,09-08-2024,,fedex,Delivered
9986,75055,19-12-2024,,ups,Delivered
9987,86078,06-04-2024,,dhl,Delivered
9988,70300,03-08-2023,,fedex,Delivered
9989,52048,28-10-2023,,fedex,Shipped
9990,40522,22-01-2021,,bluedart,Delivered
9991,52162,14-01-2021,,ups,Shipped
9992,53506,12-12-2023,,fedex,Shipped
9993,96777,09-10-2021,22-10-2021,fedex,Returned
9994,90630,08-02-2023,,dhl,Delivered
9995,24257,23-12-2023,,fedex,Delivered
9996,71152,17-05-2021,,dhl,Delivered
9997,37351,04-04-2023,,ups,Delivered
9998,53248,20-10-2020,,fedex,Delivered
9999,60562,17-08-2022,,delhivery,Delivered
10000,73023,22-08-2023,,ups,Delivered
10001,98508,04-10-2023,,delhivery,Delivered
10002,75960,13-08-2020,,fedex,Delivered
10003,91312,04-05-2022,,usps,Delivered
10004,88151,11-04-2023,,dhl,Delivered
10005,81571,15-08-2024,,usps,Delivered
10006,80985,31-07-2021,,delhivery,Shipped
10007,67328,01-01-2021,,fedex,Delivered
10008,40776,10-10-2020,,bluedart,Cancelled
10009,57696,27-08-2022,,dhl,Delivered
10010,21285,11-07-2020,18-07-2020,fedex,Returned
10011,49308,16-01-2021,,bluedart,Delivered
10012,89804,10-02-2020,,fedex,Delivered
10013,48707,15-03-2023,,dhl,Delivered
10014,65688,02-03-2023,,dhl,In Transit
10015,17160,19-07-2023,,fedex,Delivered
10016,8120,10-06-2021,,fedex,Delivered
10017,66519,07-04-2024,,dhl,In Transit
10018,82043,22-01-2020,,fedex,Delivered
10019,22471,30-11-2021,,bluedart,Delivered
10020,86416,16-01-2020,,fedex,Delivered
10021,2082,05-06-2022,20-06-2022,dhl,Returned
10022,29460,25-04-2023,,fedex,Delivered
10023,9339,12-01-2023,,ups,Delivered
10024,62654,09-10-2022,,delhivery,Delivered
10025,90193,05-07-2022,,bluedart,Delivered
10026,25015,07-06-2020,,fedex,Delivered
10027,36010,02-05-2021,,fedex,Delivered
10028,4676,26-06-2023,10-07-2023,ups,Returned
10029,57657,10-04-2022,,dhl,Delivered
10030,15314,19-04-2024,06-05-2024,fedex,Returned
10031,43838,11-11-2020,,dhl,Delivered
10032,20757,21-11-2021,,delhivery,Delivered
10033,98688,22-01-2020,,fedex,Delivered
10034,97175,08-03-2023,,ups,Delivered
10035,14580,13-11-2022,,ups,Delivered
10036,31882,04-10-2020,,fedex,Delivered
10037,85397,18-10-2021,,fedex,Delivered
10038,82228,28-04-2021,,bluedart,Delivered
10039,56492,27-02-2023,,usps,Delivered
10040,74346,26-11-2020,,fedex,Shipped
10041,42830,25-07-2024,,usps,Delivered
10042,93340,03-11-2023,,ups,Delivered
10043,3366,23-08-2023,,usps,Delivered
10044,27025,14-05-2022,,bluedart,Delivered
10045,20901,08-08-2023,,fedex,In Transit
10046,92749,03-02-2020,,bluedart,Delivered
10047,60904,11-12-2024,,fedex,Delivered
10048,91645,22-02-2023,,bluedart,Delivered
10049,72010,24-02-2023,,ups,Delivered
10050,87100,20-11-2022,,bluedart,Delivered
10051,51394,03-04-2023,,fedex,Delivered
10052,87245,07-05-2024,,fedex,Delivered
10053,37496,12-07-2024,,fedex,Delivered
10054,18342,12-07-2024,,fedex,Delivered
10055,67574,02-12-2024,,fedex,In Transit
10056,1432,30-06-2020,,dhl,Delivered
10057,37455,14-10-2024,21-10-2024,fedex,Returned
10058,46329,09-02-2023,,dhl,Delivered
10059,28864,23-10-2020,,fedex,Delivered
10060,43469,05-02-2020,,fedex,Cancelled
10061,10606,05-12-2020,,fedex,Shipped
10062,71972,02-04-2021,,bluedart,Shipped
10063,96021,18-07-2020,,dhl,Delivered
10064,89885,15-09-2021,,ups,In Transit
10065,76481,14-08-2024,,dhl,Delivered
10066,90941,16-03-2024,,bluedart,Delivered
10067,43749,20-07-2023,,dhl,Delivered
10068,2314,30-09-2023,,ups,In Transit
10069,82083,20-06-2023,,fedex,Delivered
10070,94035,28-05-2023,,fedex,Delivered
10071,1364,22-03-2022,,dhl,Delivered
10072,45444,19-02-2022,,delhivery,Delivered
10073,59240,13-05-2021,,fedex,Delivered
10074,13564,22-09-2021,,fedex,Delivered
10075,17720,18-03-2021,,ups,Delivered
10076,90358,15-09-2023,,dhl,Delivered
10077,80071,08-03-2024,,fedex,Delivered
10078,79712,05-01-2024,,fedex,Delivered
10079,23646,22-03-2022,,fedex,Delivered
10080,92316,30-11-2021,,fedex,Delivered
10081,1637,26-07-2024,,bluedart,Delivered
10082,31605,14-01-2021,,fedex,Shipped
10083,86463,18-01-2021,,ups,Delivered
10084,37030,08-04-2023,,fedex,Delivered
10085,91434,20-01-2021,15-02-2021,dhl,Returned
10086,64113,23-12-2023,,fedex,Delivered
10087,20521,09-08-2021,,bluedart,Delivered
10088,99818,26-07-2023,,dhl,Shipped
10089,66039,15-10-2021,,dhl,Delivered
10090,2503,23-05-2021,,fedex,Shipped
10091,70614,10-08-2021,,dhl,Delivered
10092,56386,12-06-2020,,fedex,Delivered
10093,21547,27-04-2024,,ups,Delivered
10094,6339,02-11-2021,,dhl,Shipped
10095,35024,04-06-2020,,dhl,Delivered
10096,82555,05-09-2024,,fedex,Delivered
10097,55752,17-05-2024,,fedex,Delivered
10098,90857,09-07-2023,,dhl,Delivered
10099,67581,16-09-2023,,ups,Delivered
10100,76399,08-06-2020,,dhl,Delivered
10101,18259,18-04-2020,,delhivery,Delivered
10102,61324,25-09-2020,,ups,Delivered
10103,77222,18-11-2020,,dhl,Delivered
10104,57668,07-05-2020,,dhl,Delivered
10105,95081,15-10-2020,,fedex,Delivered
10106,80234,20-05-2022,,dhl,Delivered
10107,54502,06-12-2024,,fedex,Shipped
10108,76703,09-12-2022,,fedex,Delivered
10109,58542,05-11-2021,,ups,Delivered
10110,69431,08-07-2020,,dhl,Delivered
10111,44412,27-12-2020,,fedex,Delivered
10112,95751,13-08-2022,,fedex,Shipped
10113,49414,14-07-2021,,dhl,Delivered
10114,92147,12-10-2024,,dhl,Delivered
10115,6320,30-04-2022,,fedex,Delivered
10116,26117,27-05-2023,,bluedart,Delivered
10117,82645,14-06-2023,,bluedart,Delivered
10118,77440,04-01-2022,,dhl,Delivered
10119,66216,27-10-2022,,dhl,Delivered
10120,68390,04-06-2020,,fedex,Delivered
10121,27502,24-12-2024,,fedex,Delivered
10122,20314,16-01-2024,,fedex,Delivered
10123,52249,02-08-2021,,fedex,Delivered
10124,6619,16-06-2024,,fedex,Delivered
10125,72229,05-10-2022,,dhl,Shipped
10126,60546,04-06-2022,,fedex,Delivered
10127,94274,14-02-2023,,fedex,Delivered
10128,34656,17-06-2024,,bluedart,Delivered
10129,50600,16-07-2024,,fedex,Delivered
10130,7358,01-12-2022,,fedex,Delivered
10131,17554,19-06-2020,,fedex,Delivered
10132,80922,15-11-2022,,usps,Delivered
10133,10153,30-04-2020,,delhivery,Shipped
10134,60059,21-01-2021,,dhl,Delivered
10135,98466,19-06-2022,,bluedart,Delivered
10136,26780,11-08-2023,,dhl,Delivered
10137,71263,25-12-2020,,ups,Delivered
10138,97829,23-04-2024,,bluedart,Delivered
10139,49918,07-12-2023,,dhl,Delivered
10140,37631,02-11-2020,,ups,Delivered
10141,40408,22-02-2024,,ups,Delivered
10142,68237,10-07-2022,,fedex,In Transit
10143,63896,21-01-2022,,delhivery,Delivered
10144,13267,30-04-2020,,dhl,Delivered
10145,18610,11-04-2023,,fedex,Delivered
10146,55616,14-11-2023,,ups,Delivered
10147,63443,01-06-2023,,fedex,Delivered
10148,20391,10-09-2021,,bluedart,Delivered
10149,7715,12-03-2024,,fedex,Delivered
10150,8867,16-11-2024,,fedex,Delivered
10151,53711,28-10-2022,,usps,Delivered
10152,55318,13-08-2021,,fedex,Delivered
10153,89976,02-10-2022,,fedex,Delivered
10154,90527,27-08-2023,,fedex,Delivered
10155,82767,01-11-2023,,fedex,Delivered
10156,28251,05-01-2024,,fedex,Delivered
10157,96173,18-06-2020,,dhl,Delivered
10158,70390,21-04-2020,,dhl,Delivered
10159,44810,19-12-2020,,ups,Delivered
10160,8969,28-07-2020,,dhl,Delivered
10161,8878,28-01-2023,,bluedart,Delivered
10162,73794,11-04-2022,,fedex,Delivered
10163,66392,07-03-2024,,dhl,Delivered
10164,18880,05-08-2023,,fedex,Delivered
10165,24151,18-02-2022,,bluedart,Delivered
10166,58031,10-10-2020,,dhl,Delivered
10167,94139,17-10-2021,,fedex,Delivered
10168,74278,13-07-2024,,bluedart,Delivered
10169,72893,23-09-2022,,fedex,Delivered
10170,49944,22-08-2020,,fedex,Shipped
10171,58439,06-01-2021,,fedex,Delivered
10172,42039,05-08-2024,,ups,Delivered
10173,68404,06-11-2023,,fedex,In Transit
10174,16734,07-09-2024,,delhivery,Delivered
10175,27353,28-12-2023,,fedex,Delivered
10176,60328,01-09-2023,,bluedart,Delivered
10177,69601,02-03-2021,,ups,Delivered
10178,25926,09-06-2022,,fedex,Delivered
10179,62524,07-03-2021,,dhl,Delivered
10180,39505,12-03-2020,,fedex,Delivered
10181,18853,12-03-2023,,fedex,In Transit
10182,84903,25-10-2020,,usps,Cancelled
10183,18225,28-10-2023,,fedex,Delivered
10184,42676,31-07-2021,,dhl,Delivered
10185,26100,24-11-2020,,fedex,Delivered
10186,55003,04-04-2023,,fedex,Shipped
10187,80785,10-05-2021,,dhl,Delivered
10188,61957,30-05-2022,,fedex,Delivered
10189,31161,05-04-2023,,bluedart,Delivered
10190,5100,15-07-2023,,fedex,Delivered
10191,95339,06-02-2021,,fedex,Delivered
10192,84400,22-08-2020,,bluedart,Cancelled
10193,29022,01-03-2023,,ups,Delivered
10194,5735,28-07-2021,,ups,Delivered
10195,35281,20-10-2024,,fedex,Delivered
10196,95341,12-08-2024,,dhl,Delivered
10197,2482,30-08-2022,,fedex,Delivered
10198,51960,22-04-2023,,bluedart,Cancelled
10199,83040,26-11-2021,,fedex,Delivered
10200,52519,31-07-2021,,dhl,Delivered
10201,12331,09-10-2024,,dhl,Delivered
10202,10632,16-09-2020,,bluedart,Delivered
10203,53459,02-07-2022,,ups,Delivered
10204,2576,24-11-2023,,ups,Delivered
10205,43040,08-03-2023,,fedex,Cancelled
10206,81018,25-08-2023,,fedex,Delivered
10207,52344,11-12-2020,,dhl,Shipped
10208,43125,18-09-2023,,bluedart,Delivered
10209,77474,29-07-2024,,bluedart,Delivered
10210,96875,04-01-2022,,fedex,Delivered
10211,73851,28-10-2023,,delhivery,Delivered
10212,56554,22-10-2022,,usps,Delivered
10213,85003,23-10-2020,,ups,Delivered
10214,4613,07-10-2023,,fedex,Delivered
10215,11830,08-09-2022,,fedex,Delivered
10216,79849,03-12-2024,,dhl,Delivered
10217,12871,14-10-2022,,fedex,Delivered
10218,24817,22-03-2023,,fedex,Delivered
10219,62042,08-12-2020,,fedex,Delivered
10220,32300,09-10-2021,,fedex,Delivered
10221,14387,26-08-2024,,fedex,Delivered
10222,53455,31-01-2023,,bluedart,Delivered
10223,82820,18-10-2021,,fedex,Delivered
10224,79301,29-03-2024,,ups,Delivered
10225,2058,16-06-2021,,fedex,Delivered
10226,54298,19-10-2020,,fedex,Delivered
10227,50572,10-01-2021,,dhl,In Transit
10228,26450,22-09-2022,,bluedart,Delivered
10229,22475,05-07-2024,,dhl,Delivered
10230,97050,07-01-2024,,fedex,Delivered
10231,79349,13-05-2022,,bluedart,Delivered
10232,19058,10-02-2024,,fedex,Delivered
10233,5926,20-02-2021,,dhl,Delivered
10234,75124,07-11-2020,,delhivery,Delivered
10235,67489,03-06-2024,,fedex,In Transit
10236,46183,20-06-2021,,fedex,Shipped
10237,45773,13-07-2024,,delhivery,Cancelled
10238,89333,21-08-2023,,fedex,Cancelled
10239,44895,11-01-2020,,bluedart,Shipped
10240,62859,22-12-2020,,delhivery,Delivered
10241,42426,01-09-2021,,ups,Cancelled
10242,5785,06-06-2023,,delhivery,Delivered
10243,97579,10-08-2020,,fedex,Delivered
10244,41042,17-02-2024,,bluedart,Cancelled
10245,84439,28-08-2022,,fedex,Delivered
10246,42853,21-03-2021,,usps,In Transit
10247,70168,14-09-2023,,ups,Delivered
10248,27274,13-12-2024,,bluedart,Delivered
10249,69277,11-09-2024,,dhl,Delivered
10250,13917,02-04-2021,,usps,Shipped
10251,29909,19-07-2020,,ups,Cancelled
10252,54643,15-09-2024,,fedex,Delivered
10253,64074,20-03-2021,,bluedart,Shipped
10254,38703,23-06-2020,,fedex,Delivered
10255,27762,17-12-2020,06-01-2021,delhivery,Returned
10256,66610,28-07-2022,02-08-2022,dhl,Returned
10257,38957,04-08-2020,,fedex,Delivered
10258,30577,22-04-2020,,fedex,Delivered
10259,32749,23-02-2022,,fedex,Delivered
10260,61033,04-07-2021,,usps,Delivered
10261,5356,27-11-2022,,fedex,Delivered
10262,36244,05-06-2020,,usps,Shipped
10263,7912,30-12-2020,,fedex,Delivered
10264,89304,12-11-2023,,bluedart,Delivered
10265,44717,07-09-2022,,fedex,Delivered
10266,89697,09-02-2024,,dhl,Shipped
10267,44240,18-02-2024,,fedex,Delivered
10268,53198,16-05-2023,26-05-2023,dhl,Returned
10269,39045,11-04-2024,,fedex,Delivered
10270,66481,22-08-2021,,dhl,Delivered
10271,46561,10-01-2020,,fedex,Delivered
10272,10708,05-08-2022,,dhl,Shipped
10273,13001,22-07-2024,,usps,Delivered
10274,69239,21-02-2023,,fedex,Shipped
10275,3473,03-05-2021,,bluedart,Delivered
10276,60443,05-05-2024,,fedex,Delivered
10277,56798,28-02-2020,25-03-2020,bluedart,Returned
10278,26218,23-10-2023,,usps,In Transit
10279,63903,19-04-2023,,dhl,Delivered
10280,86182,15-05-2024,,fedex,Delivered
10281,67190,11-10-2020,,dhl,Delivered
10282,1379,01-09-2021,,bluedart,Delivered
10283,86301,16-02-2022,,fedex,Delivered
10284,63828,02-01-2025,,bluedart,Cancelled
10285,64919,07-10-2024,,fedex,Delivered
10286,1240,23-01-2020,,dhl,Delivered
10287,13960,05-12-2023,,bluedart,Cancelled
10288,30534,28-12-2021,,fedex,Cancelled
10289,87562,30-03-2024,,fedex,Delivered
10290,52687,23-01-2023,,fedex,Delivered
10291,77989,02-01-2021,,dhl,In Transit
10292,18070,25-09-2023,,fedex,Delivered
10293,10132,28-06-2023,,delhivery,Delivered
10294,44500,26-02-2023,,fedex,Delivered
10295,32880,03-09-2024,,bluedart,Cancelled
10296,97225,04-02-2021,,ups,Delivered
10297,32835,12-01-2023,,fedex,Delivered
10298,90652,14-09-2024,,fedex,Delivered
10299,33697,19-08-2021,,bluedart,Delivered
10300,69322,22-11-2022,,delhivery,Delivered
10301,10680,15-08-2024,,fedex,Delivered
10302,83616,17-10-2022,12-11-2022,fedex,Returned
10303,70973,12-06-2023,,fedex,Delivered
10304,8904,23-05-2022,,bluedart,Shipped
10305,47237,23-01-2020,,fedex,Cancelled
10306,17470,22-01-2020,,bluedart,Delivered
10307,62823,15-03-2020,29-03-2020,fedex,Returned
10308,32814,06-04-2020,,delhivery,Shipped
10309,8031,12-05-2024,,usps,Delivered
10310,79750,08-02-2023,,fedex,Delivered
10311,50645,17-10-2022,,fedex,Cancelled
10312,40107,23-08-2024,,usps,Shipped
10313,58452,05-03-2024,,fedex,Delivered
10314,42675,27-10-2020,,fedex,Delivered
10315,36977,10-06-2021,,dhl,Shipped
10316,45991,06-08-2024,,fedex,Delivered
10317,63700,27-07-2020,,bluedart,Delivered
10318,73987,24-02-2023,,dhl,Delivered
10319,77825,03-01-2024,,fedex,Delivered
10320,49443,18-03-2024,,fedex,Shipped
10321,16640,31-07-2023,,dhl,Delivered
10322,69468,11-10-2024,,fedex,Delivered
10323,34415,04-02-2020,,bluedart,Cancelled
10324,16423,13-09-2020,,fedex,Delivered
10325,72122,28-02-2023,,usps,Delivered
10326,41524,31-01-2023,,fedex,Delivered
10327,60396,04-01-2023,,dhl,Delivered
10328,13061,05-11-2023,,fedex,In Transit
10329,59080,09-06-2021,,fedex,Delivered
10330,94359,17-09-2022,,fedex,Delivered
10331,82894,02-04-2024,,dhl,Delivered
10332,18782,24-01-2020,,fedex,Delivered
10333,90840,21-11-2020,,fedex,Delivered
10334,69098,01-05-2020,,ups,Delivered
10335,86684,14-12-2023,,fedex,Delivered
10336,22840,17-04-2024,,fedex,Delivered
10337,91240,20-06-2021,,fedex,Delivered
10338,64721,08-04-2024,,fedex,Delivered
10339,57688,22-09-2021,,fedex,Delivered
10340,47862,15-03-2024,,fedex,Delivered
10341,78266,18-03-2023,,fedex,Delivered
10342,46269,19-11-2021,,fedex,Delivered
10343,77065,31-10-2024,,bluedart,Delivered
10344,90469,05-10-2021,,delhivery,Shipped
10345,6670,15-09-2022,,dhl,Delivered
10346,14126,19-02-2024,,bluedart,Delivered
10347,39401,21-12-2021,,fedex,Delivered
10348,43240,02-03-2022,,fedex,Delivered
10349,57342,08-07-2024,,fedex,Delivered
10350,56418,12-10-2024,07-11-2024,fedex,Returned
10351,43468,23-12-2024,,dhl,Delivered
10352,46680,26-06-2023,,bluedart,Delivered
10353,14324,30-07-2022,,fedex,Delivered
10354,29114,19-10-2020,,bluedart,Delivered
10355,64791,14-12-2020,,dhl,Delivered
10356,94973,07-06-2020,,fedex,Cancelled
10357,93912,01-04-2023,,fedex,Delivered
10358,71393,24-12-2023,04-01-2024,bluedart,Returned
10359,98024,18-11-2024,12-12-2024,fedex,Returned
10360,51135,29-12-2024,,fedex,Delivered
10361,61941,21-10-2023,,dhl,In Transit
10362,54931,06-11-2020,,bluedart,Delivered
10363,87681,12-02-2020,,ups,Delivered
10364,80340,19-05-2021,,fedex,Delivered
10365,78784,29-10-2020,,fedex,Delivered
10366,29136,18-02-2022,,fedex,Delivered
10367,5627,22-06-2021,,fedex,Delivered
10368,98941,24-04-2024,,fedex,Delivered
10369,38255,03-01-2025,,fedex,Delivered
10370,16626,15-05-2020,,fedex,Delivered
10371,38259,07-11-2024,,dhl,Shipped
10372,84598,16-07-2020,,bluedart,Delivered
10373,64871,26-11-2020,,fedex,Delivered
10374,15440,14-02-2024,,fedex,Delivered
10375,37787,23-01-2024,,dhl,Delivered
10376,67176,25-06-2023,,ups,Delivered
10377,84481,24-05-2021,,ups,Delivered
10378,62994,22-02-2022,,bluedart,Delivered
10379,92533,29-11-2023,,bluedart,Delivered
10380,74488,01-04-2020,,fedex,In Transit
10381,83142,06-02-2024,,fedex,Delivered
10382,48661,16-07-2021,,fedex,Delivered
10383,72509,31-07-2023,,fedex,Delivered
10384,65298,19-05-2023,,bluedart,Delivered
10385,20942,23-03-2021,,delhivery,Delivered
10386,53579,26-01-2021,,fedex,Delivered
10387,55845,16-05-2020,,fedex,Delivered
10388,99525,31-08-2023,,bluedart,Delivered
10389,6627,09-12-2024,,delhivery,Delivered
10390,96815,30-01-2023,,bluedart,Delivered
10391,35699,08-10-2021,,ups,Delivered
10392,44540,28-07-2021,,fedex,Delivered
10393,97212,06-03-2021,,ups,Delivered
10394,50393,01-09-2021,,delhivery,Cancelled
10395,68977,12-01-2021,,dhl,Delivered
10396,33363,06-05-2022,,dhl,Delivered
10397,11489,13-07-2020,,fedex,Delivered
10398,47344,30-10-2023,,fedex,Delivered
10399,25444,01-01-2025,,fedex,Delivered
10400,17522,28-02-2024,,ups,Delivered
10401,72658,18-11-2022,,dhl,Delivered
10402,54613,20-05-2020,,ups,Delivered
10403,79372,04-11-2022,,fedex,Delivered
10404,89652,23-05-2024,,dhl,Cancelled
10405,81308,03-08-2021,,fedex,Delivered
10406,75636,07-03-2020,,bluedart,Delivered
10407,95807,11-11-2023,,fedex,Delivered
10408,40340,11-01-2020,,bluedart,Cancelled
10409,33200,01-06-2020,,fedex,Delivered
10410,53627,17-01-2021,,ups,In Transit
10411,38182,14-01-2021,,ups,Delivered
10412,73705,27-05-2021,,usps,Delivered
10413,63921,16-05-2024,,ups,Delivered
10414,9304,16-09-2022,,dhl,Delivered
10415,90307,31-10-2023,,fedex,Delivered
10416,12885,13-02-2022,,dhl,In Transit
10417,88025,15-05-2024,,dhl,Delivered
10418,10829,27-05-2021,,dhl,Delivered
10419,69122,18-09-2021,,ups,Delivered
10420,29709,30-08-2022,,dhl,Delivered
10421,12359,04-11-2021,,ups,Shipped
10422,52261,22-10-2023,,dhl,Delivered
10423,90905,23-12-2024,,usps,Delivered
10424,90190,26-09-2020,,bluedart,Delivered
10425,25548,20-01-2024,,ups,Delivered
10426,58041,08-08-2023,,delhivery,Delivered
10427,76189,25-09-2021,03-10-2021,ups,Returned
10428,92067,19-02-2021,,dhl,Delivered
10429,78426,19-02-2021,,fedex,Shipped
10430,10499,06-10-2022,,dhl,Delivered
10431,45562,20-03-2023,,fedex,Shipped
10432,74635,22-11-2020,,fedex,In Transit
10433,70367,20-09-2023,,dhl,Delivered
10434,35632,09-03-2020,,dhl,Delivered
10435,59704,05-02-2022,,fedex,Delivered
10436,23777,08-08-2024,,bluedart,In Transit
10437,83868,20-07-2024,,fedex,Shipped
10438,28737,04-09-2020,,dhl,In Transit
10439,74023,22-09-2022,,fedex,In Transit
10440,33310,27-10-2023,,dhl,Delivered
10441,22286,08-05-2021,,delhivery,Delivered
10442,95651,19-10-2024,,ups,Delivered
10443,22441,15-05-2024,,delhivery,Delivered
10444,73437,29-06-2022,,ups,Delivered
10445,68158,17-10-2021,,ups,Delivered
10446,99398,04-08-2022,,fedex,Delivered
10447,23126,17-08-2021,,dhl,Delivered
10448,81051,09-07-2020,,dhl,Delivered
10449,67342,24-12-2022,,bluedart,Delivered
10450,67417,05-10-2022,,fedex,Cancelled
10451,99285,01-07-2024,,ups,Shipped
10452,52434,29-09-2020,,dhl,Delivered
10453,16761,25-01-2022,,bluedart,Delivered
10454,47057,20-11-2020,,dhl,Delivered
10455,91855,08-10-2021,,ups,Delivered
10456,4046,22-04-2024,,fedex,Delivered
10457,34398,29-03-2020,,fedex,Delivered
10458,67393,28-12-2020,,bluedart,Delivered
10459,96653,21-02-2023,,ups,Delivered
10460,60810,09-11-2024,,bluedart,Delivered
10461,99043,02-08-2024,,fedex,Delivered
10462,52928,18-03-2021,,dhl,Delivered
10463,64004,15-07-2023,,usps,Delivered
10464,90057,25-03-2021,,fedex,Delivered
10465,27250,07-06-2022,13-06-2022,fedex,Returned
10466,93015,10-12-2021,,fedex,Delivered
10467,63694,14-08-2022,,fedex,Shipped
10468,35628,11-12-2022,,usps,Delivered
10469,1504,23-11-2021,,fedex,Delivered
10470,32113,03-01-2024,,dhl,Delivered
10471,72821,29-10-2023,,fedex,Delivered
10472,11561,15-02-2023,,bluedart,Delivered
10473,14413,31-03-2023,,fedex,In Transit
10474,3357,25-07-2021,,delhivery,Delivered
10475,68849,12-07-2020,,dhl,Delivered
10476,74220,17-04-2020,,usps,Delivered
10477,77946,25-06-2024,,bluedart,Shipped
10478,39883,17-04-2020,08-05-2020,fedex,Returned
10479,41815,10-09-2021,,fedex,Shipped
10480,74336,05-03-2020,,delhivery,In Transit
10481,33223,05-08-2024,,dhl,Delivered
10482,6717,05-01-2022,,dhl,Delivered
10483,38455,15-09-2021,,delhivery,Delivered
10484,41594,29-01-2020,,dhl,Delivered
10485,92979,23-06-2020,,fedex,Shipped
10486,95118,02-06-2022,,fedex,Delivered
10487,56361,13-01-2024,,fedex,Delivered
10488,55590,20-03-2020,,dhl,Delivered
10489,83253,18-04-2023,,bluedart,Delivered
10490,56878,10-09-2020,,fedex,Delivered
10491,55259,20-01-2024,,delhivery,Delivered
10492,70848,22-06-2021,,usps,Cancelled
10493,49749,17-09-2020,,fedex,Delivered
10494,12605,01-05-2021,08-05-2021,fedex,Returned
10495,96887,31-08-2024,,dhl,Delivered
10496,33118,21-12-2024,,ups,Delivered
10497,26320,12-04-2023,,delhivery,Delivered
10498,1858,24-08-2020,,ups,Delivered
10499,99518,05-09-2022,,fedex,In Transit
10500,36276,15-04-2022,,bluedart,Delivered
10501,91164,12-10-2022,,fedex,Delivered
10502,10225,13-06-2024,,fedex,Delivered
10503,85124,05-12-2022,,delhivery,Delivered
10504,18427,05-07-2024,,fedex,Delivered
10505,31944,02-01-2023,,fedex,Delivered
10506,43097,20-07-2023,,fedex,Shipped
10507,14974,23-09-2022,,dhl,Delivered
10508,17014,30-11-2022,,fedex,Delivered
10509,24680,04-02-2021,,dhl,Delivered
10510,74870,25-01-2022,,fedex,Delivered
10511,36409,06-10-2021,,fedex,Delivered
10512,76526,03-03-2023,,bluedart,Shipped
10513,99176,09-11-2021,30-11-2021,fedex,Returned
10514,27757,24-06-2024,,fedex,Cancelled
10515,92121,18-03-2021,,fedex,Delivered
10516,5296,25-08-2023,,ups,Delivered
10517,46947,05-06-2020,,dhl,Delivered
10518,43058,23-11-2021,,fedex,Delivered
10519,17489,26-04-2024,,ups,Delivered
10520,93821,31-07-2023,,ups,Delivered
10521,90189,24-11-2024,,fedex,Delivered
10522,5541,29-03-2023,,fedex,Delivered
10523,2851,13-12-2023,,dhl,Delivered
10524,61911,21-05-2022,,fedex,Delivered
10525,89854,19-12-2021,,dhl,Delivered
10526,47129,14-01-2023,,bluedart,Cancelled
10527,1533,25-07-2023,,dhl,Delivered
10528,57272,15-06-2021,,fedex,Delivered
10529,44725,02-04-2020,,fedex,Delivered
10530,72201,16-11-2022,,bluedart,Delivered
10531,34779,12-08-2022,,fedex,Cancelled
10532,74072,16-05-2024,,delhivery,In Transit
10533,51930,10-03-2022,,fedex,Delivered
10534,27225,22-12-2021,,bluedart,Delivered
10535,27799,07-04-2022,,delhivery,Delivered
10536,59675,16-02-2024,,fedex,Delivered
10537,60987,21-10-2022,,bluedart,Delivered
10538,65626,01-04-2024,,ups,Delivered
10539,20988,03-05-2024,24-05-2024,fedex,Returned
10540,71886,11-03-2023,,ups,Delivered
10541,53995,07-06-2020,,usps,Delivered
10542,81398,17-09-2023,,delhivery,Delivered
10543,41438,19-05-2024,,ups,Delivered
10544,33369,21-05-2021,,dhl,Delivered
10545,75472,10-05-2023,,fedex,Cancelled
10546,15444,08-12-2024,,bluedart,Delivered
10547,58172,23-07-2021,,dhl,Delivered
10548,71633,21-06-2022,,dhl,Delivered
10549,33160,11-08-2020,,fedex,Delivered
10550,10967,26-05-2024,,fedex,Delivered
10551,57675,25-09-2020,,fedex,Delivered
10552,9791,23-05-2022,,dhl,Delivered
10553,56724,26-01-2022,,bluedart,Delivered
10554,95456,13-11-2024,,fedex,Delivered
10555,75637,04-01-2020,,ups,In Transit
10556,46382,31-08-2023,,bluedart,Delivered
10557,79541,27-04-2023,,bluedart,Delivered
10558,76085,11-10-2024,,dhl,Delivered
10559,82962,29-08-2023,,fedex,Shipped
10560,5451,25-04-2024,,bluedart,Delivered
10561,28145,05-08-2024,,fedex,Delivered
10562,15307,11-11-2024,,fedex,Delivered
10563,47194,13-10-2021,21-10-2021,delhivery,Returned
10564,24723,25-12-2023,,fedex,Cancelled
10565,35832,21-05-2024,,dhl,Delivered
10566,85628,20-04-2024,,fedex,Delivered
10567,54433,27-11-2021,17-12-2021,delhivery,Returned
10568,93807,24-05-2020,,ups,Delivered
10569,46217,23-09-2020,,fedex,Delivered
10570,84582,22-03-2022,,delhivery,Delivered
10571,71065,01-04-2023,,fedex,Delivered
10572,18175,12-08-2023,,fedex,Delivered
10573,19209,16-06-2024,,fedex,Shipped
10574,96423,02-06-2020,,fedex,Delivered
10575,78837,03-11-2024,,dhl,Delivered
10576,6938,12-01-2020,,fedex,Delivered
10577,90367,03-06-2023,,fedex,Cancelled
10578,86318,04-08-2022,,usps,Delivered
10579,87010,07-02-2021,,fedex,Delivered
10580,80500,20-06-2024,,fedex,Shipped
10581,28149,04-03-2020,,bluedart,Delivered
10582,21899,05-07-2022,,dhl,Delivered
10583,47835,15-10-2021,,dhl,Delivered
10584,67762,16-10-2021,,fedex,Delivered
10585,82913,12-03-2021,,fedex,Delivered
10586,84388,17-04-2020,,fedex,Delivered
10587,31949,30-08-2023,,bluedart,Delivered
10588,8053,06-02-2024,13-02-2024,dhl,Returned
10589,90054,28-01-2022,,fedex,Shipped
10590,80647,26-07-2020,,fedex,Delivered
10591,55460,24-07-2023,,dhl,Delivered
10592,94960,28-02-2023,,dhl,Shipped
10593,35414,28-09-2021,,bluedart,Shipped
10594,48688,01-02-2023,,fedex,Delivered
10595,12416,06-05-2022,,dhl,Delivered
10596,16901,05-07-2021,,fedex,Shipped
10597,7675,24-03-2021,,fedex,Delivered
10598,6996,13-02-2022,,dhl,Delivered
10599,84509,14-09-2020,,ups,Delivered
10600,70319,11-10-2021,,usps,In Transit
10601,5924,27-08-2024,,bluedart,Delivered
10602,48929,13-05-2022,,dhl,Delivered
10603,5284,18-01-2024,,fedex,Delivered
10604,30464,09-09-2023,,dhl,Delivered
10605,35093,02-01-2023,,dhl,Delivered
10606,69087,07-06-2020,,dhl,Delivered
10607,3625,10-10-2020,,fedex,Delivered
10608,59257,06-02-2021,03-03-2021,fedex,Returned
10609,4521,07-05-2023,17-05-2023,fedex,Returned
10610,21828,28-05-2023,,ups,Delivered
10611,18327,15-10-2022,,fedex,Delivered
10612,19535,08-10-2021,,dhl,Delivered
10613,23306,27-02-2024,,fedex,Delivered
10614,7879,13-01-2022,,fedex,Delivered
10615,8353,08-09-2020,,fedex,In Transit
10616,66500,20-12-2023,,dhl,Cancelled
10617,90407,08-01-2024,,dhl,Cancelled
10618,75454,08-09-2020,,bluedart,Delivered
10619,77467,19-11-2024,,fedex,Shipped
10620,46387,28-10-2024,,usps,Delivered
10621,22957,02-04-2023,,bluedart,Delivered
10622,66513,12-05-2021,,ups,Delivered
10623,35426,11-06-2023,,fedex,Delivered
10624,75450,01-09-2023,,usps,Delivered
10625,41448,27-08-2022,,bluedart,Delivered
10626,82960,05-06-2020,,bluedart,Delivered
10627,53652,05-10-2023,,ups,Delivered
10628,63045,04-09-2020,,dhl,Delivered
10629,22613,30-09-2024,,bluedart,Delivered
10630,10404,30-08-2023,,fedex,Delivered
10631,14485,16-11-2023,,dhl,Delivered
10632,69822,19-10-2021,,ups,Shipped
10633,44855,08-07-2020,,dhl,Delivered
10634,76380,10-09-2020,,bluedart,Delivered
10635,79981,30-03-2020,,fedex,Delivered
10636,20122,12-11-2020,,fedex,Delivered
10637,35025,04-12-2021,,ups,Delivered
10638,99115,14-02-2020,,fedex,Shipped
10639,81469,29-11-2021,,fedex,Delivered
10640,36971,08-11-2023,,dhl,Delivered
10641,57434,30-06-2020,,usps,Delivered
10642,84088,01-09-2020,,fedex,Delivered
10643,11525,03-08-2024,,dhl,Delivered
10644,94576,06-08-2024,04-09-2024,fedex,Returned
10645,15417,18-08-2022,,ups,Delivered
10646,85116,15-02-2024,,fedex,Delivered
10647,4847,27-04-2023,,fedex,Shipped
10648,44648,14-04-2020,,fedex,Delivered
10649,29242,14-05-2021,,usps,Delivered
10650,53718,17-11-2021,,fedex,Shipped
10651,73413,22-07-2022,,usps,Shipped
10652,13906,10-01-2020,,fedex,Delivered
10653,68774,13-11-2023,,dhl,Delivered
10654,12349,26-10-2024,,fedex,Delivered
10655,69232,31-10-2021,,fedex,In Transit
10656,41231,05-06-2021,,fedex,Delivered
10657,4994,04-07-2020,,dhl,Delivered
10658,30589,14-03-2023,,fedex,Shipped
10659,85226,09-03-2023,14-03-2023,dhl,Returned
10660,7280,24-07-2024,06-08-2024,fedex,Returned
10661,42513,13-10-2024,,delhivery,Delivered
10662,83319,06-07-2022,,fedex,Delivered
10663,67411,29-01-2020,,bluedart,Delivered
10664,12832,22-01-2022,,dhl,Delivered
10665,23390,18-04-2020,,ups,Delivered
10666,36351,27-02-2020,,fedex,Delivered
10667,49320,06-02-2022,,fedex,Shipped
10668,40220,18-08-2020,,dhl,Delivered
10669,5927,15-02-2023,,bluedart,Delivered
10670,78642,13-08-2023,,fedex,In Transit
10671,14071,25-07-2022,19-08-2022,delhivery,Returned
10672,96074,30-12-2023,,fedex,Delivered
10673,4229,02-09-2022,,dhl,Delivered
10674,75390,15-05-2023,29-05-2023,fedex,Returned
10675,22860,20-02-2022,,fedex,Delivered
10676,34630,15-07-2023,08-08-2023,fedex,Returned
10677,72120,10-10-2024,,fedex,Cancelled
10678,89901,15-05-2021,,dhl,Shipped
10679,65332,21-07-2022,,ups,Delivered
10680,70807,03-05-2023,,fedex,In Transit
10681,98457,23-05-2020,,dhl,Delivered
10682,60802,05-04-2022,,fedex,Delivered
10683,28351,09-11-2021,,bluedart,Delivered
10684,7076,23-08-2021,,fedex,Delivered
10685,35106,23-08-2021,,bluedart,Delivered
10686,88123,19-07-2023,,fedex,Delivered
10687,82835,07-07-2020,,fedex,Shipped
10688,34857,24-05-2020,,delhivery,Delivered
10689,69082,18-05-2024,,dhl,Delivered
10690,17688,16-11-2020,,dhl,Delivered
10691,17091,24-11-2023,,fedex,Shipped
10692,9246,24-12-2021,,ups,Delivered
10693,69654,28-11-2021,,ups,Shipped
10694,77741,20-12-2023,,dhl,Delivered
10695,36289,14-12-2021,,fedex,Delivered
10696,62375,30-12-2023,,fedex,Delivered
10697,51806,23-07-2024,,ups,Delivered
10698,93846,20-04-2024,,bluedart,Delivered
10699,87491,04-06-2023,,fedex,Delivered
10700,36435,30-12-2020,,fedex,Delivered
10701,23199,25-01-2023,,fedex,Delivered
10702,47594,02-06-2022,01-07-2022,fedex,Returned
10703,84817,10-09-2023,,fedex,Delivered
10704,1453,13-01-2020,18-01-2020,bluedart,Returned
10705,41703,30-08-2020,,fedex,Delivered
10706,61980,19-02-2023,,fedex,In Transit
10707,85978,05-11-2024,14-11-2024,fedex,Returned
10708,67199,20-06-2022,,fedex,Delivered
10709,64972,03-05-2020,,ups,Delivered
10710,90290,21-02-2021,,dhl,Delivered
10711,66518,14-10-2020,,fedex,Delivered
10712,33158,26-09-2021,,fedex,Delivered
10713,69775,23-08-2023,,fedex,Delivered
10714,37998,09-01-2024,,bluedart,Shipped
10715,72901,22-02-2020,,ups,Delivered
10716,72512,03-12-2021,11-12-2021,bluedart,Returned
10717,10351,30-04-2022,,dhl,Delivered
10718,37699,14-07-2021,,fedex,Delivered
10719,17746,21-10-2020,,dhl,Delivered
10720,71785,02-06-2023,17-06-2023,fedex,Returned
10721,27005,09-07-2022,20-07-2022,fedex,Returned
10722,82636,23-05-2020,,bluedart,Delivered
10723,63743,02-03-2022,,dhl,In Transit
10724,78242,30-08-2024,,fedex,Delivered
10725,74466,08-09-2022,,fedex,Delivered
10726,77210,19-02-2023,,fedex,Delivered
10727,56125,20-05-2021,,fedex,Delivered
10728,84796,06-06-2024,,fedex,Delivered
10729,39565,20-05-2024,,dhl,Delivered
10730,82590,02-08-2023,,ups,Delivered
10731,3456,05-01-2022,,fedex,Delivered
10732,45224,05-12-2021,,fedex,Delivered
10733,81842,13-12-2024,,bluedart,Delivered
10734,36083,18-05-2021,,fedex,Delivered
10735,1069,11-06-2023,,fedex,In Transit
10736,43970,06-01-2023,,delhivery,Shipped
10737,57502,03-10-2023,,dhl,Delivered
10738,59414,13-01-2024,,dhl,Cancelled
10739,64265,25-05-2024,,dhl,Delivered
10740,10109,02-02-2023,,bluedart,Delivered
10741,88745,10-12-2024,,fedex,Delivered
10742,1803,27-12-2023,,bluedart,Cancelled
10743,90119,25-02-2021,,dhl,Delivered
10744,81008,16-03-2021,,delhivery,Delivered
10745,77949,30-08-2020,,fedex,Delivered
10746,84403,10-06-2023,,fedex,Delivered
10747,15129,04-08-2020,,dhl,Delivered
10748,76063,29-01-2023,,fedex,Delivered
10749,19670,23-01-2024,,fedex,Delivered
10750,1505,28-08-2024,,fedex,Delivered
10751,80499,08-12-2021,,bluedart,Delivered
10752,74080,14-09-2023,,dhl,Delivered
10753,22586,17-02-2020,,fedex,Shipped
10754,51997,02-12-2022,,ups,Delivered
10755,54240,25-10-2023,,usps,In Transit
10756,16442,16-10-2023,,dhl,Delivered
10757,27420,06-08-2024,,fedex,Delivered
10758,73526,29-09-2022,,dhl,Delivered
10759,12827,27-05-2023,,bluedart,Shipped
10760,48301,22-08-2021,,fedex,Shipped
10761,39137,23-10-2022,,fedex,Shipped
10762,75862,07-04-2021,,fedex,Delivered
10763,60183,26-02-2024,,fedex,Delivered
10764,90640,04-12-2021,,bluedart,Shipped
10765,73359,02-08-2023,,bluedart,Delivered
10766,93895,04-01-2025,,fedex,Delivered
10767,89097,25-05-2022,,fedex,Delivered
10768,60864,15-02-2023,,fedex,Delivered
10769,13073,03-08-2022,,fedex,Delivered
10770,53052,07-08-2024,,dhl,Delivered
10771,60923,14-02-2024,,bluedart,Delivered
10772,70731,17-05-2021,,bluedart,Delivered
10773,7514,03-05-2024,,dhl,Delivered
10774,74285,25-05-2020,,dhl,Shipped
10775,51712,11-11-2020,,fedex,Delivered
10776,88679,29-06-2020,,fedex,Delivered
10777,76963,01-01-2023,,fedex,Delivered
10778,67801,27-05-2023,,fedex,Delivered
10779,8019,18-12-2020,,fedex,Delivered
10780,76638,28-12-2020,,dhl,Delivered
10781,99154,28-09-2021,,delhivery,Delivered
10782,47377,24-12-2021,,ups,Shipped
10783,49909,29-01-2020,,fedex,Delivered
10784,91840,09-02-2020,,dhl,Delivered
10785,51407,12-04-2022,,delhivery,Delivered
10786,3371,23-09-2024,,ups,Delivered
10787,70293,04-01-2025,,fedex,Delivered
10788,57190,24-11-2020,,ups,Delivered
10789,28612,03-12-2023,,bluedart,Delivered
10790,9580,28-09-2022,,dhl,Delivered
10791,91052,13-03-2022,,dhl,Delivered
10792,70147,22-01-2020,,dhl,Delivered
10793,47191,20-08-2023,,fedex,Shipped
10794,12628,23-03-2023,,delhivery,Delivered
10795,56735,14-05-2022,,bluedart,Shipped
10796,42991,02-03-2023,,ups,In Transit
10797,16267,10-11-2020,,fedex,Delivered
10798,6159,04-11-2024,,bluedart,Shipped
10799,17155,10-09-2020,,fedex,Shipped
10800,32214,13-08-2024,,bluedart,Delivered
10801,37204,28-03-2024,,dhl,Delivered
10802,58135,28-01-2023,,fedex,Delivered
10803,55325,04-12-2022,,fedex,Delivered
10804,44222,29-02-2020,,dhl,Delivered
10805,75186,23-12-2021,,fedex,Delivered
10806,12074,15-04-2021,,dhl,Shipped
10807,80435,15-01-2021,,delhivery,Delivered
10808,78470,16-06-2023,,bluedart,Delivered
10809,87546,23-02-2023,,fedex,Delivered
10810,43972,17-12-2021,,fedex,Delivered
10811,65639,28-05-2023,,dhl,In Transit
10812,53617,09-03-2024,,dhl,Delivered
10813,20902,11-08-2020,,dhl,Delivered
10814,49060,24-06-2024,,fedex,Delivered
10815,52674,12-01-2023,,bluedart,Delivered
10816,72651,25-05-2022,,bluedart,Delivered
10817,23834,26-12-2020,,fedex,Delivered
10818,1839,09-01-2023,,fedex,Cancelled
10819,66934,12-06-2021,,fedex,Delivered
10820,64185,17-09-2023,,dhl,In Transit
10821,90071,24-10-2022,,usps,Delivered
10822,63204,27-01-2023,,fedex,Delivered
10823,77510,04-09-2024,,dhl,In Transit
10824,16365,21-04-2020,19-05-2020,bluedart,Returned
10825,65374,30-01-2021,,fedex,Delivered
10826,57173,26-11-2021,,fedex,Delivered
10827,9410,20-09-2023,,fedex,Shipped
10828,62357,25-01-2022,,fedex,Delivered
10829,66130,26-12-2024,,delhivery,Delivered
10830,58850,26-07-2021,,bluedart,Delivered
10831,68095,15-01-2024,,fedex,Shipped
10832,88548,22-10-2021,,fedex,In Transit
10833,33647,02-06-2021,,fedex,Delivered
10834,64370,07-01-2023,,fedex,In Transit
10835,82616,18-02-2022,,dhl,Shipped
10836,82496,20-06-2023,27-06-2023,ups,Returned
10837,86261,05-09-2021,,dhl,Delivered
10838,61228,22-06-2023,,fedex,Delivered
10839,73645,08-12-2024,,usps,Delivered
10840,33507,08-03-2022,,delhivery,Delivered
10841,85197,25-04-2020,,fedex,Shipped
10842,63411,19-06-2021,,delhivery,Shipped
10843,6803,25-07-2022,,dhl,Delivered
10844,87609,27-01-2024,,bluedart,Delivered
10845,2500,26-08-2021,,bluedart,Delivered
10846,67088,30-08-2021,,usps,Delivered
10847,30099,08-10-2021,05-11-2021,fedex,Returned
10848,47036,26-06-2021,,bluedart,Delivered
10849,67355,16-02-2024,,delhivery,Delivered
10850,25534,28-11-2023,,delhivery,Delivered
10851,84208,18-06-2020,,dhl,In Transit
10852,61038,05-01-2023,,dhl,In Transit
10853,37221,29-10-2024,,fedex,Delivered
10854,48091,22-12-2024,,ups,Delivered
10855,20448,29-11-2021,,dhl,Delivered
10856,14895,14-10-2022,,fedex,Delivered
10857,30881,11-12-2020,,bluedart,Delivered
10858,88354,30-05-2020,,delhivery,Delivered
10859,2195,15-12-2022,,fedex,Delivered
10860,65237,20-11-2020,,delhivery,Delivered
10861,23342,28-04-2020,,fedex,Delivered
10862,54068,17-07-2021,,usps,Delivered
10863,38146,08-08-2024,,fedex,Delivered
10864,22981,17-02-2023,,fedex,Delivered
10865,44787,28-06-2023,,fedex,Delivered
10866,94374,10-09-2022,,fedex,Cancelled
10867,46502,10-01-2024,,fedex,In Transit
10868,93806,09-05-2022,,bluedart,Delivered
10869,19628,27-01-2024,,fedex,Delivered
10870,83681,05-10-2020,,fedex,Delivered
10871,48383,13-07-2022,,fedex,Delivered
10872,29336,29-04-2022,,fedex,Delivered
10873,24800,21-03-2024,,fedex,Delivered
10874,8801,13-11-2020,,dhl,Delivered
10875,36031,01-05-2022,,dhl,Delivered
10876,89255,01-09-2022,,usps,Cancelled
10877,40870,17-01-2021,,dhl,Delivered
10878,69316,04-12-2020,,fedex,Delivered
10879,82677,17-05-2020,,fedex,Delivered
10880,9678,07-03-2022,,fedex,Shipped
10881,71414,20-06-2024,,dhl,Delivered
10882,27940,30-06-2022,,dhl,Delivered
10883,8441,05-08-2024,,fedex,Delivered
10884,93153,06-07-2022,,fedex,Shipped
10885,51987,28-02-2024,,fedex,Delivered
10886,52174,08-10-2020,,fedex,Delivered
10887,8032,13-10-2022,,ups,Delivered
10888,73187,25-07-2024,,fedex,Delivered
10889,22171,25-01-2020,,fedex,Shipped
10890,73639,31-05-2020,,dhl,Delivered
10891,70224,01-08-2021,,bluedart,Delivered
10892,95584,23-09-2020,,fedex,Delivered
10893,57982,27-10-2022,,dhl,In Transit
10894,20783,15-09-2020,,fedex,Delivered
10895,22499,02-11-2022,,bluedart,Shipped
10896,90545,15-11-2024,,fedex,Shipped
10897,30146,17-09-2023,,fedex,Delivered
10898,39503,08-07-2023,,bluedart,Delivered
10899,77037,23-01-2023,,bluedart,Delivered
10900,30251,17-01-2024,,delhivery,Delivered
10901,52047,01-10-2021,,fedex,Delivered
10902,38851,27-06-2021,05-07-2021,fedex,Returned
10903,16794,01-04-2022,,fedex,Delivered
10904,8407,31-08-2022,,fedex,Delivered
10905,40817,22-05-2022,,bluedart,Delivered
10906,24387,30-09-2023,,fedex,Delivered
10907,59681,16-05-2021,29-05-2021,fedex,Returned
10908,48281,05-01-2020,,fedex,Delivered
10909,59896,15-09-2022,,fedex,Delivered
10910,97606,09-08-2020,,fedex,Shipped
10911,22966,02-04-2023,,dhl,Delivered
10912,39708,05-03-2024,,fedex,Cancelled
10913,24651,04-06-2021,,bluedart,Delivered
10914,95271,07-09-2020,,dhl,Delivered
10915,78265,08-01-2022,,fedex,Shipped
10916,82583,20-04-2024,,dhl,Delivered
10917,7876,12-05-2023,,dhl,Delivered
10918,78726,04-08-2020,,fedex,Cancelled
10919,62620,05-05-2021,,bluedart,Shipped
10920,75244,14-07-2021,,bluedart,Delivered
10921,68953,09-07-2020,,fedex,Delivered
10922,85893,24-11-2021,,fedex,Delivered
10923,40433,12-01-2020,,bluedart,Cancelled
10924,44035,22-07-2024,,fedex,Delivered
10925,72776,20-10-2024,,fedex,Delivered
10926,61167,02-11-2024,09-11-2024,fedex,Returned
10927,34644,22-02-2021,,bluedart,Delivered
10928,23159,12-08-2020,,dhl,Delivered
10929,14291,06-02-2023,,fedex,Delivered
10930,44727,22-12-2024,,fedex,Delivered
10931,15679,12-01-2020,26-01-2020,fedex,Returned
10932,40298,29-12-2020,,dhl,Delivered
10933,6694,27-06-2022,,fedex,Delivered
10934,40320,26-02-2022,,dhl,Delivered
10935,53891,28-01-2021,,dhl,Delivered
10936,29966,28-07-2020,,fedex,Delivered
10937,17524,30-07-2022,,delhivery,In Transit
10938,9402,18-09-2023,,fedex,Delivered
10939,70878,20-11-2022,,bluedart,Delivered
10940,43357,13-11-2021,,bluedart,Delivered
10941,15168,02-10-2022,,dhl,Delivered
10942,84551,21-04-2021,,fedex,Delivered
10943,12313,06-02-2022,,bluedart,Cancelled
10944,42765,02-01-2022,,fedex,Delivered
10945,57033,03-06-2022,26-06-2022,fedex,Returned
10946,37101,26-07-2024,,bluedart,Delivered
10947,96519,18-05-2023,,bluedart,Shipped
10948,63316,27-08-2022,,bluedart,Delivered
10949,24129,02-07-2022,,fedex,Delivered
10950,26727,02-05-2020,,fedex,Delivered
10951,29859,22-08-2020,,fedex,Shipped
10952,24138,05-01-2025,,fedex,Delivered
10953,52283,23-08-2020,,delhivery,Delivered
10954,35851,10-07-2022,,fedex,Shipped
10955,4385,19-06-2024,,fedex,Delivered
10956,39168,01-11-2023,,dhl,Delivered
10957,6510,23-09-2022,,delhivery,In Transit
10958,19872,09-09-2022,,fedex,Delivered
10959,74326,09-05-2022,01-06-2022,fedex,Returned
10960,4969,12-07-2024,31-07-2024,dhl,Returned
10961,92762,17-07-2021,,fedex,Delivered
10962,82178,10-06-2020,,dhl,Delivered
10963,66083,24-05-2020,,fedex,Delivered
10964,86041,24-07-2021,,delhivery,Delivered
10965,33256,04-03-2022,,ups,In Transit
10966,8281,25-03-2021,,fedex,Delivered
10967,60984,25-10-2020,,fedex,Delivered
10968,88409,11-04-2023,,fedex,In Transit
10969,56341,31-07-2021,,fedex,Delivered
10970,3483,05-06-2021,,bluedart,Delivered
10971,41018,26-05-2021,13-06-2021,dhl,Returned
10972,96923,16-09-2024,,fedex,Shipped
10973,56050,30-06-2024,17-07-2024,fedex,Returned
10974,52218,06-07-2023,,dhl,Delivered
10975,14407,26-01-2020,21-02-2020,fedex,Returned
10976,85995,20-04-2020,,fedex,Delivered
10977,73741,03-10-2023,,dhl,Shipped
10978,98296,18-11-2024,,fedex,Delivered
10979,80710,25-02-2020,,fedex,Delivered
10980,80512,09-03-2021,,usps,Delivered
10981,12637,29-12-2024,,fedex,Shipped
10982,60214,19-11-2020,,fedex,Delivered
10983,63986,19-06-2022,,dhl,Delivered
10984,84588,18-12-2020,,dhl,Delivered
10985,54865,11-10-2020,,dhl,Delivered
10986,55929,22-12-2020,,ups,Delivered
10987,21699,14-05-2023,,bluedart,Delivered
10988,71337,05-12-2022,,fedex,Delivered
10989,10303,29-06-2024,,bluedart,Delivered
10990,46463,09-05-2024,,bluedart,Delivered
10991,73888,03-05-2021,,dhl,Delivered
10992,69477,08-04-2023,,delhivery,Delivered
10993,99058,06-02-2020,,dhl,Delivered
10994,48826,24-10-2022,,fedex,Delivered
10995,9456,19-01-2023,,dhl,Delivered
10996,83139,19-07-2021,,fedex,Delivered
10997,78080,23-05-2023,,fedex,Delivered
10998,61643,17-03-2022,,fedex,In Transit
10999,61604,30-10-2022,,dhl,In Transit
11000,37529,25-12-2022,,dhl,Delivered
11001,89113,28-10-2020,,ups,Delivered
11002,51151,10-11-2024,,fedex,Delivered
11003,28219,04-06-2022,,dhl,Delivered
11004,88261,10-07-2023,,ups,Cancelled
11005,73501,28-09-2023,,dhl,Delivered
11006,75339,29-09-2023,,fedex,Delivered
11007,54375,16-09-2020,,bluedart,Shipped
11008,62920,25-11-2021,,bluedart,Delivered
11009,83775,08-03-2020,,ups,Delivered
11010,40223,07-05-2024,,dhl,Shipped
11011,87232,29-01-2021,,fedex,In Transit
11012,89227,08-08-2022,,dhl,Delivered
11013,41629,25-06-2021,,fedex,Delivered
11014,50803,20-10-2024,31-10-2024,usps,Returned
11015,62148,29-11-2020,,fedex,Delivered
11016,16223,22-12-2020,,dhl,Delivered
11017,53183,16-03-2020,,fedex,Delivered
11018,99110,07-03-2020,,ups,Delivered
11019,27526,27-06-2021,,dhl,Shipped
11020,63771,29-10-2021,,dhl,Cancelled
11021,9976,09-08-2022,,ups,Delivered
11022,91341,22-01-2023,,fedex,Delivered
11023,6883,03-03-2021,,fedex,Delivered
11024,63549,31-08-2023,,bluedart,Delivered
11025,36002,27-05-2023,13-06-2023,bluedart,Returned
11026,2134,28-03-2020,,dhl,Delivered
11027,27429,29-07-2022,,fedex,Delivered
11028,23375,03-07-2023,,ups,Delivered
11029,85943,22-11-2024,,bluedart,Delivered
11030,45950,26-03-2023,,fedex,Delivered
11031,1946,29-10-2020,,fedex,Delivered
11032,45648,21-03-2021,,ups,Delivered
11033,30225,28-11-2022,,dhl,Delivered
11034,48381,05-04-2020,,dhl,Delivered
11035,73152,17-05-2023,,fedex,Delivered
11036,33038,29-06-2024,,ups,Delivered
11037,83483,17-01-2023,,bluedart,Delivered
11038,51934,19-05-2020,,fedex,Delivered
11039,28954,02-12-2024,,dhl,Delivered
11040,20609,12-04-2020,,fedex,Delivered
11041,23734,07-03-2021,17-03-2021,ups,Returned
11042,60889,23-05-2020,,dhl,Delivered
11043,50147,06-07-2021,,fedex,Delivered
11044,80120,08-01-2023,,ups,Shipped
11045,82805,15-03-2021,,ups,In Transit
11046,44948,22-04-2020,,fedex,Delivered
11047,83385,03-06-2020,,ups,Cancelled
11048,6015,21-01-2024,,usps,Delivered
11049,17970,25-01-2023,,fedex,Delivered
11050,54729,13-01-2022,,fedex,Delivered
11051,45708,08-03-2024,,usps,Delivered
11052,28244,16-01-2021,,fedex,Cancelled
11053,63513,02-07-2020,,fedex,In Transit
11054,62067,28-04-2020,,dhl,In Transit
11055,62377,12-05-2024,,dhl,Delivered
11056,98396,14-04-2022,,delhivery,Delivered
11057,9003,21-06-2020,,bluedart,Delivered
11058,98936,30-07-2023,,ups,Delivered
11059,15003,17-05-2022,,dhl,Delivered
11060,39086,28-03-2023,,dhl,Delivered
11061,30304,05-09-2022,,ups,Delivered
11062,55114,19-01-2021,,fedex,Delivered
11063,83567,16-04-2020,,dhl,Delivered
11064,51046,27-04-2023,,fedex,Delivered
11065,75338,01-03-2024,,dhl,Delivered
11066,95915,28-12-2021,,delhivery,Shipped
11067,30826,23-05-2022,,bluedart,Delivered
11068,42738,24-03-2022,,fedex,Delivered
11069,33004,12-10-2020,,fedex,Delivered
11070,8182,14-07-2024,,fedex,Delivered
11071,66600,09-09-2022,,dhl,Delivered
11072,98113,09-05-2024,,ups,Delivered
11073,43719,18-01-2020,,fedex,Delivered
11074,11783,14-12-2022,,fedex,Delivered
11075,87727,03-12-2022,,dhl,Delivered
11076,87161,16-06-2021,,dhl,Delivered
11077,11162,24-08-2024,,fedex,Delivered
11078,84519,24-11-2020,,dhl,Delivered
11079,21974,12-08-2022,,fedex,Delivered
11080,94548,13-05-2023,21-05-2023,fedex,Returned
11081,48177,29-02-2020,,fedex,Shipped
11082,81756,20-07-2021,,bluedart,Cancelled
11083,69643,06-01-2024,,fedex,Delivered
11084,41590,24-03-2022,,ups,Delivered
11085,27581,08-02-2022,,fedex,Shipped
11086,37797,19-11-2020,,fedex,Delivered
11087,23512,25-06-2021,,fedex,Delivered
11088,83187,21-11-2022,,fedex,In Transit
11089,90234,03-10-2020,,dhl,Delivered
11090,4312,05-06-2023,,delhivery,Cancelled
11091,50265,09-05-2020,,usps,Delivered
11092,96008,27-03-2023,,fedex,Cancelled
11093,4164,27-09-2022,,dhl,Delivered
11094,53885,14-07-2023,,dhl,Delivered
11095,94235,26-07-2023,,fedex,Delivered
11096,76801,11-06-2023,,fedex,Delivered
11097,89603,04-04-2022,,ups,Delivered
11098,91952,15-02-2024,,ups,Delivered
11099,73740,24-09-2020,29-09-2020,fedex,Returned
11100,82807,23-03-2024,,dhl,Delivered
11101,65616,27-04-2021,,fedex,Delivered
11102,4437,14-08-2023,,bluedart,Delivered
11103,94803,21-06-2020,,ups,Delivered
11104,74514,04-09-2023,,fedex,In Transit
11105,18133,14-08-2020,,fedex,Delivered
11106,47748,09-02-2023,,delhivery,Delivered
11107,55533,31-12-2021,,fedex,Delivered
11108,22818,09-09-2022,22-09-2022,delhivery,Returned
11109,80165,13-06-2021,,fedex,Delivered
11110,20699,02-07-2024,,bluedart,Delivered
11111,7383,19-02-2023,,fedex,Delivered
11112,48693,03-03-2021,,delhivery,Delivered
11113,43186,03-11-2020,,delhivery,Delivered
11114,60210,19-11-2021,,dhl,Shipped
11115,69757,24-10-2024,,fedex,Shipped
11116,75289,13-06-2023,,ups,Delivered
11117,81425,18-02-2022,,fedex,Delivered
11118,48459,18-05-2023,,bluedart,Delivered
11119,67936,18-10-2020,,fedex,Shipped
11120,4619,06-03-2020,,fedex,Delivered
11121,38709,21-10-2021,,fedex,Cancelled
11122,42525,24-04-2022,,usps,Delivered
11123,71548,13-01-2024,,fedex,Cancelled
11124,15199,22-08-2023,,fedex,Delivered
11125,86516,02-04-2024,10-04-2024,fedex,Returned
11126,10927,17-09-2020,,fedex,Delivered
11127,90484,09-02-2021,,dhl,Delivered
11128,61688,24-07-2024,,fedex,Shipped
11129,51728,12-12-2023,,ups,Delivered
11130,7973,09-09-2023,,ups,Delivered
11131,65879,05-02-2021,,fedex,Delivered
11132,20726,09-03-2021,,fedex,Delivered
11133,73941,16-11-2020,,fedex,In Transit
11134,32533,04-02-2023,,delhivery,Delivered
11135,6735,06-05-2022,,delhivery,Delivered
11136,26257,29-10-2023,,fedex,In Transit
11137,49929,15-03-2022,,fedex,Delivered
11138,91678,07-12-2021,,dhl,Delivered
11139,57468,20-10-2020,,fedex,Delivered
11140,72720,24-09-2021,,fedex,Delivered
11141,46417,23-12-2024,,fedex,Delivered
11142,25215,30-07-2024,,fedex,Delivered
11143,42132,30-01-2022,,fedex,Delivered
11144,15789,14-11-2022,,fedex,In Transit
11145,67930,17-02-2023,,fedex,Delivered
11146,11390,19-04-2023,,fedex,Shipped
11147,39641,21-06-2021,,dhl,Delivered
11148,55511,11-04-2024,,fedex,Delivered
11149,8355,24-04-2022,,fedex,Delivered
11150,38260,19-03-2021,,delhivery,Delivered
11151,63444,20-12-2022,,fedex,Delivered
11152,30673,14-01-2024,,ups,Delivered
11153,47428,30-09-2022,,dhl,Delivered
11154,91555,19-07-2020,,delhivery,Delivered
11155,46595,27-08-2022,,fedex,Delivered
11156,72840,07-11-2020,,fedex,Delivered
11157,3225,10-07-2023,,dhl,Delivered
11158,89035,16-02-2022,,ups,Delivered
11159,67472,16-08-2024,,dhl,Delivered
11160,96958,01-10-2024,,ups,Delivered
11161,73189,10-11-2022,,bluedart,Delivered
11162,89765,07-07-2021,,fedex,Delivered
11163,87571,26-05-2024,,delhivery,Delivered
11164,77410,14-03-2021,,delhivery,Delivered
11165,48906,21-05-2023,,fedex,Delivered
11166,47445,04-08-2024,,bluedart,Delivered
11167,12166,13-08-2024,,fedex,Delivered
11168,58310,10-12-2024,28-12-2024,fedex,Returned
11169,46700,09-08-2024,,fedex,Delivered
11170,2874,30-12-2020,,dhl,Delivered
11171,41142,15-08-2022,,ups,Delivered
11172,38823,01-05-2023,,usps,Cancelled
11173,25063,28-07-2024,,fedex,Delivered
11174,57042,30-10-2023,,bluedart,Delivered
11175,59040,10-03-2020,,ups,Delivered
11176,29400,16-02-2020,,fedex,Shipped
11177,59394,13-11-2022,,dhl,Delivered
11178,62644,02-07-2021,,fedex,Delivered
11179,57360,13-09-2022,,usps,Delivered
11180,54788,12-07-2023,,bluedart,Delivered
11181,79374,11-03-2022,,dhl,Delivered
11182,78291,24-09-2021,,ups,Delivered
11183,26937,03-08-2023,,bluedart,Delivered
11184,40988,12-06-2021,,fedex,Delivered
11185,13090,14-06-2023,,ups,Delivered
11186,93659,19-06-2022,,dhl,Delivered
11187,5413,12-08-2022,,ups,Delivered
11188,12146,26-11-2023,,dhl,Cancelled
11189,81518,08-05-2022,,bluedart,Delivered
11190,71544,02-06-2020,,bluedart,Shipped
11191,2861,02-12-2020,,ups,Delivered
11192,60143,19-09-2023,,usps,Delivered
11193,93391,26-12-2022,,fedex,Delivered
11194,13424,05-06-2024,11-06-2024,fedex,Returned
11195,66855,24-03-2024,,fedex,Delivered
11196,20583,24-03-2023,,fedex,Shipped
11197,43755,19-02-2023,,fedex,Delivered
11198,32841,21-05-2023,,fedex,Delivered
11199,61019,16-05-2022,,dhl,Delivered
11200,58066,05-03-2022,,fedex,Delivered
11201,79025,17-01-2023,,dhl,Delivered
11202,14208,21-02-2020,,fedex,Shipped
11203,38464,15-01-2021,,fedex,Delivered
11204,56561,15-04-2023,,fedex,Delivered
11205,63014,18-06-2023,,bluedart,Shipped
11206,47271,31-07-2024,,dhl,Delivered
11207,16951,05-02-2022,,fedex,Delivered
11208,16819,22-09-2021,,bluedart,Shipped
11209,23497,05-12-2024,,fedex,Delivered
11210,43180,13-07-2023,,ups,Shipped
11211,39711,21-02-2022,,fedex,Delivered
11212,1990,04-05-2021,,fedex,Delivered
11213,78425,30-06-2021,,ups,Delivered
11214,50145,10-02-2020,,delhivery,Delivered
11215,87160,18-07-2024,,dhl,Delivered
11216,8386,29-07-2023,,fedex,Cancelled
11217,81779,07-04-2023,,bluedart,Delivered
11218,5528,31-10-2024,,fedex,Delivered
11219,79052,10-10-2022,,bluedart,Delivered
11220,54488,26-03-2023,,dhl,Delivered
11221,52011,26-04-2021,,ups,Delivered
11222,11536,24-11-2021,,fedex,Delivered
11223,85386,26-09-2021,,usps,Delivered
11224,41425,25-08-2020,06-09-2020,bluedart,Returned
11225,92267,05-10-2022,,fedex,Delivered
11226,51007,29-03-2021,,fedex,Delivered
11227,47412,17-04-2020,,dhl,Delivered
11228,37589,20-05-2021,,fedex,Delivered
11229,52842,21-09-2024,,bluedart,Delivered
11230,91118,23-04-2023,,bluedart,Delivered
11231,25653,21-07-2022,,bluedart,Delivered
11232,88364,30-06-2021,,fedex,Delivered
11233,29632,11-06-2023,06-07-2023,usps,Returned
11234,61497,29-07-2023,,dhl,Delivered
11235,35018,19-02-2021,,delhivery,Delivered
11236,52805,15-12-2021,,fedex,Shipped
11237,41728,29-03-2024,,fedex,In Transit
11238,42054,13-11-2020,,dhl,Delivered
11239,70074,25-01-2021,,dhl,Delivered
11240,37674,02-04-2022,,fedex,Shipped
11241,14051,20-02-2021,,usps,Delivered
11242,77381,07-08-2021,,dhl,Delivered
11243,5236,03-01-2023,,dhl,Shipped
11244,11164,14-09-2023,,fedex,Delivered
11245,70947,06-01-2022,,delhivery,Delivered
11246,47998,01-09-2024,07-09-2024,bluedart,Returned
11247,86675,03-02-2020,,delhivery,Delivered
11248,47485,16-06-2022,,fedex,Delivered
11249,13705,31-03-2024,18-04-2024,fedex,Returned
11250,47732,12-05-2021,,fedex,In Transit
11251,29355,13-09-2022,,bluedart,Delivered
11252,17208,04-09-2022,,dhl,Delivered
11253,93172,29-04-2020,,fedex,Delivered
11254,53501,17-03-2020,,dhl,Delivered
11255,65392,31-05-2021,,fedex,Delivered
11256,12338,10-11-2022,,dhl,Delivered
11257,72499,31-08-2023,,dhl,Delivered
11258,59702,20-12-2024,,fedex,Delivered
11259,74026,31-08-2023,,fedex,Delivered
11260,87540,03-10-2022,,delhivery,Delivered
11261,69584,01-12-2024,,usps,Delivered
11262,72243,30-03-2023,,bluedart,Delivered
11263,9374,23-10-2022,,ups,Shipped
11264,15872,30-10-2023,,fedex,Delivered
11265,92524,22-03-2023,,fedex,Delivered
11266,47123,05-03-2022,,bluedart,Delivered
11267,44784,18-06-2023,,fedex,Delivered
11268,42506,25-02-2022,,fedex,Delivered
11269,31214,19-05-2024,,ups,Delivered
11270,81595,30-12-2024,,fedex,Delivered
11271,12921,06-07-2020,,fedex,Delivered
11272,58536,04-04-2023,,fedex,Delivered
11273,70565,21-05-2022,,fedex,Delivered
11274,95726,19-08-2023,,ups,Delivered
11275,81979,09-07-2024,,dhl,In Transit
11276,6102,27-01-2020,,fedex,Delivered
11277,30403,23-01-2021,,dhl,Delivered
11278,51814,22-10-2020,,fedex,Delivered
11279,3919,02-10-2021,,fedex,Delivered
11280,14102,29-04-2022,,dhl,Delivered
11281,64017,10-09-2023,,fedex,Delivered
11282,85652,17-03-2020,,bluedart,Delivered
11283,34557,28-10-2021,,bluedart,In Transit
11284,9889,04-09-2022,,delhivery,Delivered
11285,81080,23-04-2021,,fedex,Cancelled
11286,51146,11-08-2022,,ups,Shipped
11287,5409,15-12-2021,,fedex,Cancelled
11288,49884,05-02-2020,,delhivery,Delivered
11289,76985,07-03-2021,01-04-2021,bluedart,Returned
11290,28312,19-08-2022,29-08-2022,ups,Returned
11291,82523,16-05-2024,,ups,Delivered
11292,25715,22-12-2021,,fedex,Delivered
11293,43008,13-10-2023,,fedex,Delivered
11294,56264,15-07-2022,,bluedart,Shipped
11295,37366,16-09-2023,,bluedart,Delivered
11296,30634,28-10-2022,,ups,In Transit
11297,65297,28-01-2023,,fedex,Delivered
11298,84447,25-09-2022,,fedex,In Transit
11299,17424,24-11-2024,,bluedart,Delivered
11300,11303,21-09-2021,,fedex,Delivered
11301,11521,19-09-2024,,fedex,Delivered
11302,44788,11-01-2023,,delhivery,Delivered
11303,11668,03-01-2025,,ups,Delivered
11304,50939,03-07-2024,,dhl,Delivered
11305,55298,03-12-2022,18-12-2022,fedex,Returned
11306,78481,03-05-2022,,fedex,Shipped
11307,7526,22-09-2022,,fedex,Delivered
11308,52986,04-02-2023,,dhl,Delivered
11309,37582,17-04-2023,,ups,Delivered
11310,57385,01-11-2020,,ups,Delivered
11311,27609,20-06-2023,,usps,Delivered
11312,1879,16-08-2020,,fedex,Delivered
11313,28085,28-05-2021,,dhl,Delivered
11314,92435,27-08-2022,,fedex,Delivered
11315,75397,07-02-2023,,bluedart,In Transit
11316,96989,17-07-2021,,dhl,Delivered
11317,14182,23-08-2023,,dhl,Delivered
11318,66860,23-09-2021,,bluedart,Delivered
11319,2086,06-07-2024,,dhl,Delivered
11320,24565,02-06-2020,11-06-2020,fedex,Returned
11321,25021,08-04-2024,,ups,Delivered
11322,18891,14-02-2020,,usps,Delivered
11323,5987,13-11-2022,,fedex,Delivered
11324,48581,28-03-2022,,usps,Shipped
11325,91050,16-10-2021,,usps,Delivered
11326,96329,17-11-2024,,fedex,Shipped
11327,71621,22-03-2021,,fedex,Shipped
11328,9474,16-01-2024,,dhl,Delivered
11329,33198,14-07-2023,,bluedart,Delivered
11330,9134,26-10-2024,,fedex,Delivered
11331,15379,19-11-2022,,fedex,Delivered
11332,17581,01-06-2021,,bluedart,Delivered
11333,21585,28-09-2024,,bluedart,Delivered
11334,94295,20-01-2024,,fedex,Delivered
11335,67390,19-08-2021,,fedex,In Transit
11336,99483,06-01-2020,,ups,Delivered
11337,82922,30-08-2022,,usps,Delivered
11338,65110,19-10-2021,,dhl,Delivered
11339,90329,03-04-2023,,fedex,Delivered
11340,75442,31-03-2024,15-04-2024,dhl,Returned
11341,84095,11-11-2022,,fedex,Delivered
11342,35184,26-05-2023,,fedex,Delivered
11343,22622,01-12-2022,,fedex,Delivered
11344,37968,25-03-2022,01-04-2022,fedex,Returned
11345,31371,30-07-2024,,fedex,Delivered
11346,51155,12-06-2020,,delhivery,Delivered
11347,27804,07-06-2024,,fedex,Delivered
11348,67566,19-04-2022,,dhl,Delivered
11349,72246,04-02-2020,13-02-2020,usps,Returned
11350,48719,28-01-2024,,fedex,Delivered
11351,24956,17-01-2023,,fedex,Delivered
11352,92977,25-09-2020,,dhl,Delivered
11353,70748,30-11-2023,,fedex,Delivered
11354,95755,17-08-2020,,fedex,In Transit
11355,98729,22-10-2021,,fedex,Delivered
11356,12435,03-10-2024,,dhl,Shipped
11357,76836,20-02-2022,,dhl,Delivered
11358,85381,07-11-2022,,fedex,Delivered
11359,40062,06-12-2021,,fedex,Delivered
11360,36816,25-07-2021,,bluedart,Delivered
11361,47327,02-06-2024,,fedex,Delivered
11362,18969,25-11-2023,,fedex,Delivered
11363,64157,18-10-2023,,fedex,Delivered
11364,79840,23-12-2024,,dhl,Delivered
11365,76100,19-08-2022,,dhl,Delivered
11366,60639,21-12-2022,,bluedart,Delivered
11367,71683,25-03-2022,,usps,Delivered
11368,17557,29-12-2020,,fedex,Delivered
11369,56919,16-07-2021,,fedex,Delivered
11370,37396,09-11-2021,,fedex,Delivered
11371,93276,21-04-2022,,fedex,Delivered
11372,44402,26-07-2020,,fedex,Delivered
11373,63094,22-11-2021,,fedex,In Transit
11374,90893,28-04-2024,,fedex,Delivered
11375,12225,26-09-2022,,delhivery,Delivered
11376,89065,07-02-2020,,fedex,Delivered
11377,47437,22-03-2022,,dhl,Shipped
11378,22889,14-07-2023,,bluedart,Shipped
11379,27361,09-07-2021,,dhl,Delivered
11380,38686,23-05-2023,,fedex,Delivered
11381,43174,01-06-2020,,fedex,Shipped
11382,44073,13-01-2020,,bluedart,In Transit
11383,76170,27-12-2021,,dhl,Delivered
11384,2564,10-07-2020,,bluedart,Delivered
11385,31425,29-12-2023,,fedex,Delivered
11386,39736,04-04-2022,,fedex,Shipped
11387,73311,30-09-2022,,delhivery,Delivered
11388,17877,28-11-2024,,fedex,Delivered
11389,47325,18-08-2021,,fedex,Cancelled
11390,87569,24-12-2022,,ups,Delivered
11391,55977,24-12-2023,,fedex,Delivered
11392,75902,21-02-2024,,fedex,Delivered
11393,60875,25-03-2021,,fedex,Delivered
11394,71387,13-01-2022,,usps,Delivered
11395,90050,07-02-2020,,dhl,Delivered
11396,43459,12-03-2023,,ups,Delivered
11397,7450,26-12-2023,,dhl,Delivered
11398,48516,20-07-2023,,fedex,Delivered
11399,58806,12-11-2021,,fedex,Delivered
11400,26767,08-12-2021,,usps,Delivered
11401,65367,18-05-2024,,bluedart,Delivered
11402,72660,29-03-2023,,fedex,Delivered
11403,42483,22-02-2022,,dhl,Delivered
11404,86367,10-06-2022,,delhivery,Delivered
11405,35753,01-01-2021,,fedex,Cancelled
11406,12270,16-12-2022,,bluedart,Delivered
11407,92382,26-09-2021,,delhivery,Delivered
11408,98502,19-02-2020,,dhl,Shipped
11409,33285,27-01-2024,,dhl,In Transit
11410,79128,09-04-2022,,fedex,Delivered
11411,73847,07-02-2023,,fedex,Delivered
11412,37506,20-11-2021,,dhl,Delivered
11413,40479,20-07-2023,,bluedart,Delivered
11414,54032,04-12-2023,,bluedart,Shipped
11415,37865,25-10-2024,,dhl,Delivered
11416,29370,01-10-2023,,ups,Delivered
11417,42512,14-06-2022,,fedex,Delivered
11418,63824,16-05-2023,,ups,Delivered
11419,45731,14-04-2020,,fedex,Delivered
11420,97078,26-03-2021,,fedex,Shipped
11421,38829,23-09-2023,,bluedart,Delivered
11422,68157,26-04-2021,,ups,Delivered
11423,96223,26-11-2024,,dhl,Cancelled
11424,18908,14-02-2021,,dhl,Delivered
11425,59974,29-07-2024,,fedex,Delivered
11426,39326,07-08-2022,31-08-2022,bluedart,Returned
11427,31367,25-03-2024,,bluedart,Shipped
11428,26609,24-03-2021,,ups,Delivered
11429,26533,25-02-2021,,dhl,Delivered
11430,91949,07-03-2020,,fedex,Delivered
11431,26221,23-12-2023,,bluedart,Delivered
11432,63972,19-10-2024,,fedex,Delivered
11433,72642,13-10-2020,,fedex,Delivered
11434,53168,19-11-2022,,dhl,Delivered
11435,32917,29-02-2020,,dhl,Cancelled
11436,17278,12-05-2022,,fedex,Delivered
11437,75430,25-01-2021,,fedex,Delivered
11438,18687,13-10-2020,,bluedart,Delivered
11439,66867,09-08-2021,,fedex,Delivered
11440,42258,11-01-2023,,fedex,Delivered
11441,33154,05-10-2024,,fedex,Delivered
11442,20348,02-12-2024,,fedex,Shipped
11443,77006,11-07-2021,,fedex,Shipped
11444,76123,20-03-2021,12-04-2021,fedex,Returned
11445,62595,18-10-2022,,ups,Delivered
11446,27805,02-10-2020,,fedex,Cancelled
11447,9658,09-10-2022,,bluedart,Delivered
11448,52210,25-03-2022,,fedex,Delivered
11449,15636,04-12-2021,,fedex,Delivered
11450,33547,05-06-2023,27-06-2023,bluedart,Returned
11451,32028,19-06-2023,,dhl,Delivered
11452,46861,01-12-2024,,fedex,Shipped
11453,12771,21-08-2022,,fedex,In Transit
11454,86636,13-02-2023,,fedex,Delivered
11455,96910,18-03-2022,,fedex,Delivered
11456,20070,08-04-2022,,dhl,Delivered
11457,66596,02-10-2021,,fedex,Delivered
11458,48256,28-08-2022,,fedex,Delivered
11459,85827,06-06-2023,,dhl,Delivered
11460,20958,12-10-2020,,fedex,Delivered
11461,53353,27-01-2024,,fedex,Delivered
11462,48788,05-09-2020,,bluedart,Delivered
11463,41697,12-03-2020,22-03-2020,dhl,Returned
11464,43630,26-07-2020,,fedex,Delivered
11465,82554,21-11-2022,,fedex,Delivered
11466,19081,06-04-2024,,dhl,Cancelled
11467,88622,03-10-2022,,fedex,Delivered
11468,39159,22-04-2020,,bluedart,In Transit
11469,59140,29-08-2021,,fedex,In Transit
11470,44348,29-03-2022,,dhl,Cancelled
11471,82259,16-07-2024,,bluedart,Delivered
11472,27499,18-09-2021,,bluedart,Delivered
11473,31284,05-09-2020,,dhl,Delivered
11474,93717,18-06-2021,,fedex,Delivered
11475,77960,05-12-2023,,bluedart,Delivered
11476,47429,04-08-2024,,dhl,Delivered
11477,43908,12-12-2024,,fedex,Delivered
11478,76009,09-05-2020,,bluedart,Delivered
11479,2487,13-05-2020,,bluedart,Delivered
11480,4929,27-02-2020,25-03-2020,fedex,Returned
11481,13924,15-06-2021,30-06-2021,usps,Returned
11482,13193,11-06-2020,,fedex,Delivered
11483,9400,18-06-2024,,delhivery,In Transit
11484,71739,31-07-2020,,usps,Delivered
11485,55218,08-03-2020,,bluedart,Delivered
11486,80052,10-12-2024,,bluedart,Delivered
11487,18049,18-01-2022,,ups,Delivered
11488,82713,02-03-2022,,fedex,Delivered
11489,77698,03-08-2023,,fedex,Delivered
11490,94891,23-09-2021,,bluedart,Delivered
11491,35899,11-07-2024,,ups,Shipped
11492,35506,20-07-2022,,fedex,Delivered
11493,66439,20-08-2022,,delhivery,Delivered
11494,34707,07-04-2020,,fedex,Delivered
11495,41565,20-12-2023,,delhivery,Delivered
11496,3795,30-04-2023,,ups,Delivered
11497,56704,25-06-2021,,fedex,Delivered
11498,28991,02-08-2021,,ups,Delivered
11499,25164,13-06-2021,,usps,Delivered
11500,38951,09-12-2022,,bluedart,Delivered
11501,92156,10-12-2020,,fedex,Delivered
11502,89033,19-04-2021,,bluedart,Shipped
11503,38252,10-06-2023,,bluedart,Delivered
11504,16637,17-10-2020,,bluedart,Delivered
11505,52220,16-03-2021,,ups,Delivered
11506,44371,10-06-2021,,fedex,Delivered
11507,66084,30-10-2022,,bluedart,Delivered
11508,67031,21-06-2022,,dhl,Delivered
11509,79992,18-05-2022,,bluedart,Delivered
11510,21843,09-12-2022,,bluedart,In Transit
11511,7948,26-11-2023,,dhl,Cancelled
11512,97544,10-02-2021,,ups,Shipped
11513,54230,23-04-2023,,bluedart,In Transit
11514,19153,09-09-2024,,fedex,Shipped
11515,15973,28-03-2022,,ups,Delivered
11516,63235,24-02-2023,,bluedart,Delivered
11517,78221,27-03-2024,,fedex,Delivered
11518,90378,12-09-2024,,fedex,Delivered
11519,24170,22-04-2020,,fedex,Delivered
11520,83959,23-03-2020,,ups,Cancelled
11521,85808,30-05-2023,,dhl,Delivered
11522,25250,21-01-2020,,fedex,Delivered
11523,99535,02-03-2024,,ups,Delivered
11524,8002,15-06-2020,,fedex,Delivered
11525,61770,19-03-2020,,dhl,Delivered
11526,53894,12-01-2020,,fedex,Delivered
11527,83904,14-01-2021,,fedex,Delivered
11528,98429,23-11-2021,,dhl,Delivered
11529,43915,03-06-2023,,fedex,Delivered
11530,21149,04-01-2024,,dhl,Delivered
11531,65088,26-07-2023,,usps,Delivered
11532,25199,15-06-2021,,fedex,Delivered
11533,28823,21-10-2023,,fedex,Delivered
11534,21187,29-11-2023,,bluedart,Delivered
11535,74721,03-05-2023,12-05-2023,fedex,Returned
11536,32081,25-02-2020,,ups,Delivered
11537,61097,02-06-2020,,delhivery,Shipped
11538,43386,11-06-2023,,fedex,Cancelled
11539,95483,03-07-2021,,fedex,Delivered
11540,78736,03-07-2023,,dhl,Delivered
11541,46340,13-04-2021,21-04-2021,fedex,Returned
11542,78794,21-04-2024,08-05-2024,fedex,Returned
11543,8683,03-06-2024,,bluedart,Delivered
11544,65954,10-03-2021,,dhl,Delivered
11545,27978,23-06-2022,,delhivery,Delivered
11546,76244,16-10-2021,,fedex,Delivered
11547,49166,15-09-2023,,fedex,Delivered
11548,81374,19-07-2022,,fedex,Delivered
11549,55634,10-01-2021,,fedex,Delivered
11550,97936,05-01-2022,,fedex,Delivered
11551,63447,22-11-2022,,bluedart,Delivered
11552,93702,14-05-2023,26-05-2023,fedex,Returned
11553,68552,13-05-2023,,bluedart,Shipped
11554,88295,23-11-2023,,bluedart,Delivered
11555,83966,09-06-2021,,dhl,Delivered
11556,15450,20-12-2024,,fedex,Delivered
11557,6370,22-06-2024,,fedex,Delivered
11558,64517,16-02-2022,,ups,Delivered
11559,49618,19-03-2020,,fedex,Delivered
11560,9081,06-09-2020,,fedex,Delivered
11561,64426,12-10-2022,,fedex,Delivered
11562,55580,24-12-2021,,fedex,Shipped
11563,11040,18-09-2024,,fedex,Delivered
11564,48787,22-05-2022,,fedex,Delivered
11565,31578,11-02-2023,,fedex,In Transit
11566,78495,21-04-2022,,fedex,Delivered
11567,89886,10-08-2023,,dhl,Delivered
11568,94884,20-02-2021,,fedex,Delivered
11569,7784,04-07-2020,,delhivery,Delivered
11570,23872,08-01-2021,,fedex,Delivered
11571,13293,18-12-2020,,fedex,Delivered
11572,66066,28-05-2024,,dhl,Delivered
11573,74587,14-02-2020,,dhl,Delivered
11574,41539,16-08-2024,,fedex,Delivered
11575,7644,20-07-2020,,bluedart,Delivered
11576,93555,05-08-2020,,bluedart,Delivered
11577,65663,14-11-2024,,dhl,Delivered
11578,19033,26-11-2024,,delhivery,Delivered
11579,61480,11-02-2023,,bluedart,Delivered
11580,97650,20-12-2022,,fedex,Shipped
11581,44938,24-11-2024,,ups,Delivered
11582,98290,31-01-2022,,ups,Delivered
11583,63438,03-05-2024,,ups,Shipped
11584,91714,08-02-2023,,fedex,Delivered
11585,32200,11-12-2020,,fedex,Delivered
11586,39801,14-06-2021,,dhl,Delivered
11587,43302,12-10-2020,,fedex,Delivered
11588,4949,23-02-2022,22-03-2022,bluedart,Returned
11589,48609,25-05-2021,,fedex,In Transit
11590,90804,15-08-2023,,ups,Delivered
11591,7764,22-05-2023,,fedex,Delivered
11592,39621,07-04-2020,,dhl,Delivered
11593,84884,17-07-2020,,fedex,Delivered
11594,79486,16-05-2023,,usps,Delivered
11595,45930,02-07-2024,,fedex,Delivered
11596,88765,09-01-2023,,dhl,Delivered
11597,32397,30-03-2020,,bluedart,Delivered
11598,82958,04-06-2021,,fedex,Delivered
11599,23840,26-04-2021,,delhivery,Delivered
11600,41744,08-08-2021,,bluedart,Delivered
11601,71071,28-06-2021,,fedex,Delivered
11602,73398,09-03-2023,,ups,Delivered
11603,21684,23-04-2022,,ups,Delivered
11604,61764,21-12-2020,,fedex,Delivered
11605,87207,17-12-2022,,ups,Delivered
11606,60956,09-07-2024,,ups,Delivered
11607,84259,02-01-2023,,ups,Delivered
11608,20335,06-08-2024,,fedex,Delivered
11609,3280,18-02-2022,,bluedart,Delivered
11610,96129,02-04-2020,,fedex,Delivered
11611,4904,03-10-2022,,delhivery,Cancelled
11612,72351,28-12-2021,,delhivery,Delivered
11613,69591,13-11-2021,,dhl,Delivered
11614,2566,22-04-2020,,dhl,Delivered
11615,84092,26-01-2022,,ups,Delivered
11616,59661,30-03-2022,,dhl,Delivered
11617,30766,28-03-2023,,fedex,Cancelled
11618,66565,27-01-2024,,dhl,Delivered
11619,36407,29-07-2021,,dhl,Delivered
11620,5762,03-01-2020,,dhl,Delivered
11621,32910,30-07-2022,07-08-2022,bluedart,Returned
11622,90654,19-06-2020,,fedex,Delivered
11623,61452,26-03-2021,,dhl,Delivered
11624,10905,02-11-2021,,ups,Delivered
11625,90229,20-06-2021,,fedex,Shipped
11626,44449,29-12-2022,,delhivery,Delivered
11627,88029,10-08-2023,,ups,Delivered
11628,87789,25-01-2020,,fedex,Delivered
11629,30878,17-11-2024,,dhl,Delivered
11630,50657,24-12-2023,,bluedart,Delivered
11631,18262,28-09-2020,,usps,Delivered
11632,10119,24-02-2024,,dhl,Delivered
11633,93501,28-08-2022,15-09-2022,usps,Returned
11634,3785,21-02-2022,,dhl,Delivered
11635,22321,10-08-2020,,dhl,Delivered
11636,69126,04-06-2020,,fedex,Delivered
11637,7699,05-10-2020,,fedex,Cancelled
11638,48917,03-08-2023,,ups,Delivered
11639,4163,13-11-2023,,dhl,Delivered
11640,87888,07-02-2020,,fedex,Cancelled
11641,17540,21-02-2021,,ups,Shipped
11642,53622,18-01-2022,,fedex,Delivered
11643,73088,13-11-2020,,fedex,Delivered
11644,2290,10-03-2021,,fedex,Delivered
11645,24874,22-11-2023,,dhl,Delivered
11646,17392,06-08-2021,,usps,Delivered
11647,79015,27-12-2023,16-01-2024,fedex,Returned
11648,71912,28-11-2023,14-12-2023,fedex,Returned
11649,75280,27-07-2020,,fedex,Delivered
11650,53254,29-08-2023,,fedex,Delivered
11651,53014,17-06-2023,,fedex,Delivered
11652,58676,20-04-2023,30-04-2023,fedex,Returned
11653,20278,11-02-2021,,fedex,Delivered
11654,95239,15-02-2022,,dhl,Delivered
11655,59839,07-03-2021,,fedex,Delivered
11656,45404,30-08-2021,,fedex,Delivered
11657,60559,12-11-2024,,fedex,Delivered
11658,59336,20-11-2020,,ups,Delivered
11659,9566,29-10-2023,,ups,Delivered
11660,77418,03-11-2023,,fedex,Shipped
11661,27011,01-01-2023,,fedex,Shipped
11662,55610,06-02-2020,,fedex,Delivered
11663,29367,28-03-2023,,fedex,Shipped
11664,9714,19-02-2021,,delhivery,Delivered
11665,33521,19-02-2024,,ups,Delivered
11666,46935,31-07-2024,,fedex,Delivered
11667,9573,01-04-2021,,bluedart,Delivered
11668,45785,09-05-2020,,fedex,Delivered
11669,46185,25-04-2021,,usps,Cancelled
11670,12492,10-06-2021,,fedex,In Transit
11671,15841,02-08-2020,,fedex,Delivered
11672,7161,18-03-2024,,ups,Shipped
11673,17782,05-08-2021,,fedex,Delivered
11674,84973,06-01-2021,,ups,Delivered
11675,45696,06-07-2021,,fedex,Delivered
11676,55284,22-07-2024,,bluedart,Delivered
11677,91365,17-03-2024,,bluedart,In Transit
11678,95316,06-11-2021,,dhl,Delivered
11679,51895,12-10-2023,,fedex,Delivered
11680,90166,05-10-2020,,delhivery,Delivered
11681,41266,12-06-2021,,dhl,Shipped
11682,30891,26-02-2021,07-03-2021,bluedart,Returned
11683,8922,01-10-2023,,usps,In Transit
11684,2667,17-07-2020,,delhivery,Delivered
11685,81871,28-11-2023,,dhl,Delivered
11686,16725,16-12-2021,,fedex,Delivered
11687,3085,16-02-2023,,dhl,Delivered
11688,68656,22-03-2022,,dhl,Delivered
11689,53363,15-08-2022,,bluedart,Delivered
11690,8860,01-03-2022,,dhl,Delivered
11691,35729,17-12-2020,,fedex,Shipped
11692,91922,18-04-2023,,dhl,Delivered
11693,3238,15-02-2024,,bluedart,Delivered
11694,86372,12-08-2022,,fedex,Delivered
11695,93241,01-07-2022,,fedex,Delivered
11696,39738,19-11-2021,,delhivery,Delivered
11697,43072,15-03-2020,,fedex,Delivered
11698,59262,15-05-2024,,fedex,Cancelled
11699,42075,20-11-2020,,usps,Delivered
11700,77953,21-01-2020,,dhl,Delivered
11701,54588,12-12-2020,,dhl,Cancelled
11702,66081,14-03-2024,,usps,Delivered
11703,63462,19-01-2024,,bluedart,Cancelled
11704,4279,04-12-2023,,fedex,Delivered
11705,10386,13-01-2021,,fedex,Delivered
11706,46555,25-02-2022,,bluedart,Delivered
11707,45850,23-07-2024,,fedex,Delivered
11708,48420,12-02-2022,,dhl,Delivered
11709,50175,24-07-2020,,fedex,Delivered
11710,32966,22-08-2020,,fedex,Delivered
11711,96860,19-09-2022,,ups,Delivered
11712,9899,08-02-2021,,fedex,Delivered
11713,79019,15-07-2020,,bluedart,Delivered
11714,70272,06-08-2022,,dhl,Shipped
11715,68900,06-11-2020,,dhl,In Transit
11716,99826,12-03-2024,,dhl,Delivered
11717,63973,31-10-2023,,delhivery,Delivered
11718,43787,14-02-2022,,delhivery,In Transit
11719,68487,22-12-2020,,bluedart,Delivered
11720,54338,28-10-2024,,dhl,Delivered
11721,78789,21-09-2024,,fedex,Delivered
11722,24253,17-03-2021,,delhivery,Shipped
11723,75297,03-08-2024,,dhl,Shipped
11724,65886,24-10-2022,,fedex,Delivered
11725,75461,20-01-2023,,bluedart,Delivered
11726,99886,16-10-2021,,fedex,Delivered
11727,19580,09-10-2023,,dhl,Shipped
11728,55996,31-12-2022,,dhl,Delivered
11729,46539,26-02-2020,,dhl,Delivered
11730,55282,06-07-2021,,bluedart,Delivered
11731,87304,28-09-2024,,dhl,Delivered
11732,76949,11-09-2024,,usps,Delivered
11733,31970,11-05-2020,,fedex,Shipped
11734,19543,07-01-2021,,fedex,Delivered
11735,91874,02-03-2024,,fedex,In Transit
11736,74783,24-02-2023,26-03-2023,fedex,Returned
11737,39463,04-10-2021,,bluedart,Delivered
11738,50614,28-03-2021,,dhl,Delivered
11739,5024,28-09-2021,,fedex,Cancelled
11740,32675,18-12-2022,23-12-2022,dhl,Returned
11741,73667,13-05-2022,,fedex,Delivered
11742,43942,13-06-2022,,bluedart,Delivered
11743,27608,14-10-2023,,dhl,Delivered
11744,20341,25-10-2024,,bluedart,Delivered
11745,17543,08-02-2022,,dhl,Delivered
11746,5197,01-06-2024,11-06-2024,delhivery,Returned
11747,52559,10-03-2020,17-03-2020,fedex,Returned
11748,85384,05-07-2024,,dhl,Shipped
11749,95166,21-07-2021,,dhl,Delivered
11750,39543,17-07-2021,,fedex,Delivered
11751,52882,04-01-2020,,dhl,Shipped
11752,25769,24-02-2020,,usps,Delivered
11753,61814,08-06-2022,,bluedart,Shipped
11754,65808,30-09-2024,,ups,Delivered
11755,15273,26-09-2023,,bluedart,Delivered
11756,64874,17-08-2023,,bluedart,Delivered
11757,79354,22-01-2020,,fedex,Shipped
11758,90507,23-11-2023,,fedex,Delivered
11759,57892,22-01-2024,,fedex,Delivered
11760,52177,23-08-2020,,fedex,Delivered
11761,66172,04-12-2020,,fedex,Delivered
11762,37633,07-09-2020,,bluedart,Delivered
11763,7991,01-01-2021,,fedex,Delivered
11764,76519,08-10-2024,,fedex,In Transit
11765,51475,09-08-2022,,fedex,Shipped
11766,84453,02-10-2024,,bluedart,Delivered
11767,65794,06-02-2020,,ups,Delivered
11768,78635,21-01-2022,,usps,Delivered
11769,98581,25-12-2023,13-01-2024,fedex,Returned
11770,84831,05-09-2022,,delhivery,Delivered
11771,62928,31-10-2021,,bluedart,Delivered
11772,60997,29-05-2024,,dhl,Delivered
11773,4625,09-10-2024,,delhivery,Delivered
11774,7320,13-03-2021,,fedex,In Transit
11775,40129,14-03-2024,,fedex,In Transit
11776,86950,15-07-2023,,ups,Delivered
11777,10728,23-04-2020,,fedex,Shipped
11778,20651,08-09-2020,,dhl,Delivered
11779,20822,23-11-2021,,dhl,Delivered
11780,82478,12-07-2024,,bluedart,Delivered
11781,38329,16-04-2024,,bluedart,Delivered
11782,44802,22-03-2023,,bluedart,Delivered
11783,48932,25-07-2024,,dhl,Delivered
11784,5826,22-06-2022,,bluedart,Delivered
11785,19015,15-08-2024,,dhl,Delivered
11786,27233,01-09-2021,,dhl,Delivered
11787,93023,16-11-2022,,bluedart,Delivered
11788,44284,23-12-2023,,ups,Delivered
11789,39877,13-12-2021,,dhl,Delivered
11790,10935,09-11-2023,,ups,Delivered
11791,12454,14-06-2021,,ups,Delivered
11792,82549,25-04-2024,,dhl,Delivered
11793,11071,13-02-2024,,dhl,Delivered
11794,35802,30-05-2021,,fedex,Delivered
11795,12549,25-05-2021,,dhl,Delivered
11796,96610,29-06-2023,,fedex,Delivered
11797,19045,24-08-2020,,dhl,Cancelled
11798,92604,18-12-2023,,bluedart,Delivered
11799,74055,19-10-2021,,ups,Delivered
11800,34953,26-03-2020,,fedex,Delivered
11801,50394,05-08-2024,,ups,Delivered
11802,71049,01-02-2020,,fedex,Delivered
11803,10527,05-04-2024,,dhl,In Transit
11804,30005,17-04-2020,,delhivery,Delivered
11805,1925,04-12-2021,,fedex,Delivered
11806,82982,22-10-2021,,fedex,Delivered
11807,27437,03-11-2022,,dhl,Shipped
11808,87288,08-04-2020,,usps,Shipped
11809,82066,04-08-2024,,dhl,Delivered
11810,21150,18-07-2020,,usps,Cancelled
11811,42979,24-03-2020,,fedex,Delivered
11812,82459,08-06-2022,,dhl,In Transit
11813,61239,23-12-2020,,fedex,Delivered
11814,87431,27-05-2021,,fedex,Delivered
11815,5269,24-12-2020,,fedex,Delivered
11816,73229,07-10-2023,,bluedart,Delivered
11817,82098,11-12-2024,,dhl,Shipped
11818,63550,26-12-2022,01-01-2023,ups,Returned
11819,65417,03-02-2020,,fedex,Delivered
11820,49924,22-11-2021,,bluedart,Delivered
11821,96092,28-03-2024,,bluedart,Delivered
11822,15760,02-12-2021,28-12-2021,fedex,Returned
11823,29887,15-11-2024,,fedex,Delivered
11824,89160,29-10-2021,,dhl,Delivered
11825,71409,11-05-2022,,fedex,Delivered
11826,77561,05-08-2020,,bluedart,Delivered
11827,55858,03-03-2020,,ups,Delivered
11828,34777,22-06-2020,,dhl,Delivered
11829,98978,01-02-2020,,fedex,Delivered
11830,63149,09-12-2022,03-01-2023,fedex,Returned
11831,24703,19-11-2023,,ups,Delivered
11832,20893,24-08-2022,,fedex,Shipped
11833,51295,04-10-2021,,fedex,Delivered
11834,28680,01-12-2022,,bluedart,Delivered
11835,78817,24-05-2021,,fedex,Cancelled
11836,24235,22-03-2020,,dhl,Delivered
11837,48878,26-07-2024,,usps,Delivered
11838,62476,23-07-2021,,fedex,Cancelled
11839,65446,21-03-2022,02-04-2022,fedex,Returned
11840,47303,02-08-2024,,fedex,Delivered
11841,23308,15-10-2020,,dhl,Delivered
11842,93739,06-06-2023,,delhivery,Shipped
11843,36796,31-01-2022,,fedex,Delivered
11844,62246,10-08-2021,,fedex,Delivered
11845,55849,15-12-2021,,fedex,Delivered
11846,71511,05-07-2023,,fedex,Shipped
11847,34025,30-03-2021,,fedex,Delivered
11848,90353,22-04-2024,,fedex,Delivered
11849,18123,06-08-2021,,fedex,Delivered
11850,93359,11-05-2024,,dhl,Delivered
11851,72602,17-08-2020,25-08-2020,fedex,Returned
11852,64213,03-11-2021,,dhl,Delivered
11853,77368,16-12-2022,,usps,Shipped
11854,42958,15-07-2024,,fedex,Shipped
11855,13182,30-07-2022,,fedex,Delivered
11856,4270,02-05-2023,,fedex,Shipped
11857,79636,04-03-2020,,fedex,Delivered
11858,98918,29-09-2021,,bluedart,Delivered
11859,84897,09-01-2023,,fedex,In Transit
11860,77726,18-04-2021,,fedex,Delivered
11861,41191,09-06-2023,,usps,Delivered
11862,75732,23-08-2022,20-09-2022,dhl,Returned
11863,36273,26-10-2020,,ups,Shipped
11864,31339,14-11-2022,,usps,Delivered
11865,13487,05-10-2020,,fedex,Shipped
11866,32756,11-11-2023,,fedex,Delivered
11867,64815,18-11-2020,,fedex,Shipped
11868,2739,04-01-2025,,fedex,Delivered
11869,21665,19-07-2022,,bluedart,Delivered
11870,22659,14-03-2020,,fedex,Delivered
11871,81849,09-04-2022,,fedex,Delivered
11872,80054,06-07-2024,,delhivery,Delivered
11873,8443,23-05-2022,,bluedart,Cancelled
11874,9691,10-12-2024,,ups,Delivered
11875,16768,20-11-2023,27-11-2023,fedex,Returned
11876,18145,26-01-2021,,usps,Delivered
11877,18480,08-11-2020,,fedex,Delivered
11878,79010,20-05-2021,,fedex,Delivered
11879,16269,03-12-2020,,fedex,Delivered
11880,56159,02-11-2020,,ups,Delivered
11881,35053,15-04-2023,,bluedart,Delivered
11882,71630,16-04-2022,,fedex,Delivered
11883,27769,15-09-2023,12-10-2023,bluedart,Returned
11884,19342,13-07-2024,,bluedart,Delivered
11885,53393,07-07-2021,,usps,Delivered
11886,71791,25-01-2022,,bluedart,Delivered
11887,80281,09-12-2021,,ups,Delivered
11888,69068,26-08-2021,05-09-2021,fedex,Returned
11889,37721,31-12-2023,,fedex,Shipped
11890,74327,14-12-2023,,fedex,Delivered
11891,83094,27-01-2023,,dhl,Delivered
11892,53032,04-06-2023,,dhl,Delivered
11893,99015,06-08-2023,,ups,Shipped
11894,30724,06-08-2023,,bluedart,Delivered
11895,7700,18-08-2020,,fedex,Shipped
11896,50598,01-02-2020,,ups,Delivered
11897,6536,22-11-2021,,bluedart,Delivered
11898,7179,21-11-2020,,delhivery,Delivered
11899,3054,28-11-2022,,fedex,Delivered
11900,64608,28-01-2023,,delhivery,Delivered
11901,44783,16-03-2020,,fedex,Delivered
11902,61342,22-07-2020,,fedex,Delivered
11903,56372,01-08-2020,,fedex,Delivered
11904,51541,06-08-2021,,fedex,Delivered
11905,5059,26-04-2020,,fedex,Delivered
11906,64901,05-07-2023,,fedex,Delivered
11907,18642,06-11-2024,,ups,Delivered
11908,77042,04-02-2023,,delhivery,Delivered
11909,51437,12-11-2023,,dhl,Delivered
11910,18980,21-09-2021,,bluedart,Delivered
11911,35848,15-01-2024,,ups,Delivered
11912,9342,25-04-2020,,fedex,Shipped
11913,11807,11-12-2023,,fedex,Delivered
11914,66721,19-05-2024,,fedex,Cancelled
11915,1465,21-07-2021,,dhl,Delivered
11916,90473,26-08-2024,,fedex,Delivered
11917,94922,05-11-2021,,bluedart,Shipped
11918,83219,18-10-2021,,bluedart,Delivered
11919,84128,07-11-2020,,fedex,Delivered
11920,20030,09-02-2024,,delhivery,Delivered
11921,47020,13-06-2024,,ups,Delivered
11922,34619,11-09-2020,,fedex,Delivered
11923,79002,12-01-2022,,dhl,Cancelled
11924,96733,01-04-2023,,ups,Delivered
11925,76313,19-06-2020,,dhl,Delivered
11926,88662,07-11-2021,,fedex,Delivered
11927,77644,26-04-2020,,fedex,In Transit
11928,59204,02-01-2024,,fedex,Delivered
11929,88027,19-01-2023,05-02-2023,fedex,Returned
11930,82773,09-10-2021,,fedex,Shipped
11931,37967,24-09-2023,04-10-2023,dhl,Returned
11932,68732,02-05-2024,,fedex,Shipped
11933,59567,01-12-2024,,fedex,In Transit
11934,22369,17-08-2020,,delhivery,Delivered
11935,34709,01-04-2021,,fedex,Delivered
11936,49267,23-04-2020,,bluedart,Delivered
11937,69163,19-02-2024,,dhl,Delivered
11938,7478,06-03-2022,,delhivery,Shipped
11939,82310,22-05-2023,,fedex,Delivered
11940,32852,07-09-2022,,fedex,Delivered
11941,29867,14-05-2021,,fedex,Delivered
11942,98566,26-12-2023,,fedex,Delivered
11943,99126,03-11-2021,,fedex,Delivered
11944,95440,10-07-2021,,usps,Delivered
11945,12401,16-02-2024,,usps,Delivered
11946,57594,17-12-2020,,fedex,Delivered
11947,40284,13-07-2024,02-08-2024,bluedart,Returned
11948,47078,02-06-2020,,fedex,Delivered
11949,68124,07-06-2024,,dhl,Cancelled
11950,62225,23-03-2021,,ups,Delivered
11951,60897,15-09-2023,,fedex,Delivered
11952,5940,03-08-2023,,fedex,Cancelled
11953,14325,23-09-2022,,bluedart,Delivered
11954,95033,21-06-2024,,fedex,Delivered
11955,39560,09-01-2021,28-01-2021,ups,Returned
11956,45786,04-08-2023,,fedex,Delivered
11957,82735,26-02-2023,,bluedart,Delivered
11958,13437,15-03-2024,,fedex,Delivered
11959,99051,09-08-2021,,fedex,Delivered
11960,50133,31-12-2020,,bluedart,Delivered
11961,31569,09-11-2020,,dhl,In Transit
11962,10040,23-02-2021,,fedex,Delivered
11963,42019,05-11-2023,,dhl,Delivered
11964,1875,18-08-2020,,fedex,Delivered
11965,54276,17-06-2021,,dhl,Delivered
11966,27780,19-11-2024,,delhivery,Delivered
11967,92673,11-10-2022,,dhl,Delivered
11968,62201,29-01-2024,,fedex,Delivered
11969,32517,06-06-2021,,ups,Shipped
11970,3644,16-12-2020,,ups,Delivered
11971,13659,28-04-2022,,fedex,Delivered
11972,5401,03-05-2024,,bluedart,Cancelled
11973,4506,05-01-2024,,bluedart,Delivered
11974,92681,26-09-2024,,fedex,Delivered
11975,93233,17-11-2021,,ups,Delivered
11976,21012,27-10-2021,,fedex,Delivered
11977,68932,02-12-2023,,fedex,Shipped
11978,1086,19-05-2022,,delhivery,Cancelled
11979,90610,03-11-2022,,fedex,Delivered
11980,48772,05-03-2024,,dhl,Delivered
11981,13180,07-08-2020,,fedex,Cancelled
11982,6005,29-08-2023,,bluedart,Delivered
11983,96105,29-06-2022,,dhl,Delivered
11984,79785,19-01-2023,,fedex,Delivered
11985,82188,13-02-2020,,dhl,Shipped
11986,18819,06-10-2024,,usps,Cancelled
11987,14989,27-12-2021,01-01-2022,fedex,Returned
11988,21315,16-07-2023,,bluedart,Shipped
11989,26492,18-08-2022,,dhl,Delivered
11990,64263,28-01-2024,,bluedart,Delivered
11991,39240,25-10-2022,,ups,Delivered
11992,50234,25-08-2022,01-09-2022,fedex,Returned
11993,72197,17-09-2022,,dhl,Delivered
11994,90639,28-03-2020,,fedex,Delivered
11995,86890,15-09-2020,,fedex,Delivered
11996,97830,19-07-2021,,fedex,Delivered
11997,99298,03-08-2021,,delhivery,In Transit
11998,32181,13-01-2020,,fedex,Delivered
11999,73264,22-05-2022,,fedex,Delivered
12000,56179,23-09-2023,,dhl,Delivered
12001,94093,18-06-2022,,usps,Delivered
12002,91011,26-02-2024,,ups,In Transit
12003,52441,28-09-2024,,ups,Delivered
12004,48378,08-09-2020,,delhivery,Delivered
12005,45750,16-10-2023,,ups,Delivered
12006,74618,20-10-2022,,fedex,Delivered
12007,33020,24-09-2020,,delhivery,Shipped
12008,2295,02-02-2023,,bluedart,Delivered
12009,79077,29-09-2020,,dhl,Delivered
12010,72126,29-03-2021,,fedex,Shipped
12011,98712,14-04-2022,,fedex,Delivered
12012,15858,05-01-2021,,bluedart,Cancelled
12013,57648,10-06-2021,,ups,Delivered
12014,15433,16-06-2021,,fedex,Delivered
12015,58839,17-12-2022,16-01-2023,fedex,Returned
12016,80996,03-06-2023,,fedex,Delivered
12017,78893,11-02-2020,,usps,Shipped
12018,63748,28-03-2024,,dhl,Delivered
12019,24213,15-05-2020,,dhl,In Transit
12020,37755,22-11-2020,,bluedart,Delivered
12021,41059,28-06-2024,,fedex,Delivered
12022,2954,21-10-2023,,ups,Shipped
12023,18187,27-03-2021,,dhl,Shipped
12024,88963,19-10-2020,,dhl,Delivered
12025,18336,07-03-2023,,fedex,Delivered
12026,25134,03-03-2022,,fedex,Delivered
12027,37435,09-02-2022,20-02-2022,fedex,Returned
12028,89525,24-03-2022,,usps,Delivered
12029,45990,15-10-2024,,fedex,Delivered
12030,89060,26-05-2024,,fedex,Delivered
12031,31851,25-04-2021,,ups,Cancelled
12032,96121,04-11-2021,,bluedart,Delivered
12033,46738,21-11-2023,07-12-2023,bluedart,Returned
12034,78862,03-09-2024,,dhl,Delivered
12035,19870,13-12-2023,,fedex,In Transit
12036,47189,27-02-2023,,fedex,Delivered
12037,34679,05-10-2020,,bluedart,Delivered
12038,90615,20-05-2020,,bluedart,Delivered
12039,44345,25-07-2023,,bluedart,Delivered
12040,32766,28-02-2023,,fedex,Cancelled
12041,46188,13-09-2023,,dhl,Delivered
12042,78769,06-08-2022,,fedex,Delivered
12043,37758,28-10-2020,,fedex,Delivered
12044,16900,12-03-2024,,delhivery,Delivered
12045,51243,12-08-2021,,fedex,Delivered
12046,12751,07-11-2022,21-11-2022,fedex,Returned
12047,18827,06-05-2021,,fedex,Delivered
12048,22260,24-06-2020,,fedex,Delivered
12049,20296,08-10-2023,,ups,Delivered
12050,89418,07-05-2024,,bluedart,In Transit
12051,32929,01-07-2024,,fedex,Delivered
12052,5436,21-12-2022,,bluedart,Delivered
12053,48255,09-04-2023,,fedex,In Transit
12054,38737,11-05-2024,,fedex,Delivered
12055,46267,07-10-2022,,fedex,Delivered
12056,45813,02-07-2021,,fedex,Delivered
12057,19549,23-02-2023,,bluedart,Delivered
12058,71151,26-06-2022,,fedex,Shipped
12059,51882,28-12-2022,,fedex,Delivered
12060,98944,19-06-2022,,dhl,Delivered
12061,77722,27-04-2023,,ups,Cancelled
12062,40836,26-03-2022,,delhivery,Delivered
12063,21599,28-09-2024,,ups,Delivered
12064,50404,07-02-2023,,usps,Delivered
12065,51569,03-11-2022,,ups,Delivered
12066,15131,24-02-2024,,ups,Shipped
12067,31976,10-06-2022,,fedex,Delivered
12068,90475,18-12-2022,,dhl,Delivered
12069,44616,14-05-2023,,fedex,Delivered
12070,78357,23-09-2024,,fedex,Delivered
12071,63000,22-06-2020,,dhl,Delivered
12072,19894,07-12-2023,01-01-2024,ups,Returned
12073,1773,02-04-2021,,fedex,Cancelled
12074,14423,03-09-2020,,fedex,Delivered
12075,76683,30-08-2020,,fedex,Cancelled
12076,76162,19-02-2020,,delhivery,Delivered
12077,47182,22-07-2024,,dhl,Delivered
12078,18009,17-09-2021,04-10-2021,fedex,Returned
12079,85555,10-08-2020,,bluedart,Delivered
12080,62817,09-02-2022,,bluedart,Delivered
12081,49572,21-06-2024,,dhl,Delivered
12082,92789,04-03-2024,,bluedart,Delivered
12083,95898,18-01-2022,,fedex,Delivered
12084,90314,05-06-2022,,bluedart,Cancelled
12085,76454,13-04-2020,,dhl,Delivered
12086,68005,04-08-2021,,dhl,Delivered
12087,25922,31-03-2024,,fedex,Delivered
12088,97903,12-04-2024,,fedex,Delivered
12089,91674,16-09-2024,,usps,Delivered
12090,53980,16-06-2020,,fedex,Delivered
12091,83095,05-10-2021,,fedex,Delivered
12092,94618,11-11-2021,,bluedart,Delivered
12093,80682,06-01-2025,,fedex,Delivered
12094,97000,12-03-2024,,bluedart,Delivered
12095,25839,12-02-2022,,dhl,In Transit
12096,42052,09-11-2020,06-12-2020,fedex,Returned
12097,69478,29-10-2020,,fedex,Delivered
12098,23710,16-09-2024,,fedex,Delivered
12099,4875,19-03-2024,,bluedart,Delivered
12100,83066,28-01-2024,,ups,Delivered
12101,45221,06-11-2024,,fedex,In Transit
12102,47348,04-03-2021,,fedex,Delivered
12103,4644,03-11-2022,,fedex,Delivered
12104,64436,08-10-2022,,dhl,Shipped
12105,15524,16-05-2023,,fedex,Delivered
12106,44316,09-08-2021,,dhl,Delivered
12107,85360,24-01-2022,,fedex,In Transit
12108,56932,12-07-2022,,bluedart,Delivered
12109,71031,03-04-2020,,usps,Delivered
12110,70867,06-09-2021,,ups,Delivered
12111,94329,07-05-2023,,dhl,Shipped
12112,37020,06-01-2021,,dhl,Delivered
12113,79063,29-04-2024,,fedex,Delivered
12114,4665,13-07-2020,,fedex,Delivered
12115,51498,16-08-2024,,dhl,Delivered
12116,88835,12-05-2020,,fedex,Delivered
12117,29140,20-10-2022,,fedex,Delivered
12118,5886,28-02-2024,,dhl,Delivered
12119,51282,29-09-2020,,fedex,Delivered
12120,1495,10-04-2023,,dhl,Shipped
12121,16294,19-06-2024,,ups,Delivered
12122,11378,10-09-2020,,dhl,Delivered
12123,2785,31-03-2022,,dhl,Delivered
12124,89807,04-10-2023,,dhl,Delivered
12125,92318,08-07-2020,,fedex,Delivered
12126,49658,25-02-2024,,usps,In Transit
12127,78410,12-05-2022,,fedex,Delivered
12128,1896,27-06-2024,,fedex,Delivered
12129,54951,10-01-2023,,bluedart,Delivered
12130,56803,17-10-2023,,usps,Delivered
12131,7524,11-01-2021,,dhl,In Transit
12132,84854,26-10-2024,,dhl,Shipped
12133,13806,26-09-2022,,fedex,Shipped
12134,72518,30-01-2020,,dhl,Delivered
12135,75867,25-03-2022,,fedex,Delivered
12136,80460,14-11-2024,,fedex,Delivered
12137,68583,16-05-2022,,ups,Delivered
12138,26124,09-07-2024,,dhl,Delivered
12139,19394,16-11-2023,,dhl,Delivered
12140,26856,26-10-2020,,fedex,Delivered
12141,31320,04-02-2021,,ups,Delivered
12142,28406,11-12-2020,,dhl,Delivered
12143,20235,18-10-2023,,fedex,Delivered
12144,60512,09-06-2021,,fedex,Delivered
12145,62805,10-11-2023,,ups,Delivered
12146,8017,11-04-2021,,fedex,Delivered
12147,53629,13-01-2024,,bluedart,Delivered
12148,40791,27-12-2022,,fedex,Delivered
12149,46862,25-12-2021,,bluedart,Delivered
12150,23856,17-10-2021,,fedex,Shipped
12151,80242,27-02-2022,,fedex,Delivered
12152,96903,27-04-2022,,fedex,Delivered
12153,83189,06-03-2020,,dhl,Delivered
12154,53127,29-06-2022,,fedex,Delivered
12155,82639,27-09-2021,,dhl,Cancelled
12156,97974,01-11-2020,,fedex,Delivered
12157,98108,26-07-2022,,fedex,Delivered
12158,37981,15-05-2023,,fedex,Delivered
12159,42796,30-11-2024,,dhl,Delivered
12160,35800,23-02-2021,,fedex,Delivered
12161,45935,20-12-2020,,ups,Delivered
12162,60522,01-09-2024,,fedex,Shipped
12163,31411,30-11-2021,,fedex,Delivered
12164,69895,03-11-2024,,bluedart,Delivered
12165,41282,18-01-2023,16-02-2023,fedex,Returned
12166,6586,12-01-2020,,fedex,In Transit
12167,63804,06-06-2020,,bluedart,Delivered
12168,38566,13-04-2021,,fedex,In Transit
12169,85354,21-04-2023,,fedex,Delivered
12170,18594,16-08-2023,,fedex,Delivered
12171,59260,23-09-2024,01-10-2024,ups,Returned
12172,20111,29-07-2022,16-08-2022,usps,Returned
12173,49283,27-02-2023,,fedex,Delivered
12174,12525,05-06-2024,,fedex,Delivered
12175,85492,15-07-2020,,fedex,Shipped
12176,65861,09-04-2023,,delhivery,Delivered
12177,51511,14-04-2020,,ups,Delivered
12178,37885,27-12-2024,,dhl,Shipped
12179,13606,02-09-2022,,usps,Delivered
12180,41153,25-03-2021,,fedex,Shipped
12181,14273,03-02-2022,,fedex,Cancelled
12182,63611,15-04-2020,,ups,Delivered
12183,42522,09-06-2023,,fedex,Delivered
12184,44553,11-03-2023,,bluedart,In Transit
12185,79309,20-06-2024,,fedex,Delivered
12186,99816,12-02-2022,,delhivery,Delivered
12187,31991,10-10-2020,,dhl,Delivered
12188,4772,09-02-2024,,bluedart,Delivered
12189,15048,01-04-2020,,ups,Shipped
12190,86394,04-02-2024,,dhl,Delivered
12191,24998,27-10-2021,22-11-2021,bluedart,Returned
12192,48262,10-03-2021,,fedex,Delivered
12193,65593,13-12-2020,,bluedart,Delivered
12194,85359,21-06-2023,,fedex,Delivered
12195,32955,30-05-2023,,bluedart,Delivered
12196,36201,20-08-2020,,fedex,Delivered
12197,83435,10-09-2023,,fedex,Delivered
12198,77525,12-02-2023,,ups,Delivered
12199,68478,13-11-2023,,fedex,In Transit
12200,9666,29-01-2021,,fedex,Shipped
12201,41644,23-09-2020,,delhivery,Delivered
12202,64304,30-11-2021,,fedex,Shipped
12203,67470,20-06-2022,,dhl,Delivered
12204,87217,12-12-2022,,ups,Delivered
12205,57939,15-01-2023,,fedex,Delivered
12206,41895,04-10-2024,22-10-2024,fedex,Returned
12207,45906,28-11-2021,,fedex,Delivered
12208,73874,07-05-2021,,fedex,Delivered
12209,92403,27-07-2022,13-08-2022,dhl,Returned
12210,79097,22-11-2021,,fedex,Cancelled
12211,28321,11-06-2024,,fedex,Delivered
12212,57572,25-01-2024,,fedex,Delivered
12213,27187,23-07-2023,,fedex,Shipped
12214,31319,10-05-2020,,ups,Delivered
12215,9071,19-11-2024,,dhl,Shipped
12216,12412,24-08-2020,,dhl,Cancelled
12217,66131,19-01-2023,,bluedart,Shipped
12218,45083,17-04-2021,,fedex,Delivered
12219,68803,07-03-2020,,ups,Shipped
12220,92394,01-04-2023,,fedex,Delivered
12221,86253,03-05-2024,,dhl,Delivered
12222,88482,13-11-2024,,dhl,In Transit
12223,67520,11-01-2024,,ups,Delivered
12224,7027,31-12-2022,,dhl,Delivered
12225,20581,14-10-2022,,fedex,Delivered
12226,32614,22-11-2023,,fedex,Cancelled
12227,69315,12-06-2024,,fedex,Delivered
12228,1259,13-10-2022,,bluedart,Delivered
12229,91348,14-01-2024,09-02-2024,fedex,Returned
12230,35377,31-07-2020,,fedex,Delivered
12231,77170,12-12-2024,,fedex,Shipped
12232,71161,16-11-2023,15-12-2023,fedex,Returned
12233,58289,09-04-2024,,bluedart,Delivered
12234,22478,14-08-2021,,fedex,Delivered
12235,23591,22-03-2023,,dhl,Delivered
12236,58726,16-11-2022,,bluedart,Delivered
12237,94684,04-12-2021,,ups,Delivered
12238,49721,10-06-2024,,ups,Cancelled
12239,37800,22-03-2021,,usps,Delivered
12240,34341,21-01-2020,,fedex,Delivered
12241,55947,19-08-2022,,fedex,Delivered
12242,91650,17-08-2024,,bluedart,Delivered
12243,62718,23-02-2022,,fedex,Delivered
12244,66957,25-05-2023,,fedex,Delivered
12245,3243,18-07-2020,,dhl,In Transit
12246,6223,11-07-2020,24-07-2020,fedex,Returned
12247,77254,03-09-2020,,fedex,Delivered
12248,13305,24-04-2021,,fedex,Cancelled
12249,82288,13-11-2023,,fedex,Delivered
12250,45276,08-07-2021,,dhl,Delivered
12251,71733,24-07-2023,,ups,Delivered
12252,82040,26-01-2022,,dhl,Delivered
12253,75017,25-02-2020,,fedex,Delivered
12254,94448,10-01-2022,,bluedart,Delivered
12255,57561,14-08-2021,,fedex,Delivered
12256,7327,26-04-2021,,bluedart,Cancelled
12257,72791,08-12-2022,,ups,Delivered
12258,55029,29-10-2020,,bluedart,Shipped
12259,60388,27-08-2024,,dhl,Shipped
12260,80056,30-10-2022,,fedex,Delivered
12261,7053,27-04-2023,,usps,Shipped
12262,96046,27-10-2022,,bluedart,Delivered
12263,67014,02-08-2024,,fedex,Cancelled
12264,39656,24-09-2022,,bluedart,Delivered
12265,57967,25-09-2021,,ups,Shipped
12266,99962,17-09-2022,,bluedart,Shipped
12267,2959,01-07-2022,,usps,Delivered
12268,5131,01-04-2024,,dhl,Cancelled
12269,53699,08-03-2023,,dhl,Delivered
12270,52170,16-03-2024,,dhl,Delivered
12271,61456,30-06-2020,,fedex,Delivered
12272,9398,11-12-2024,,dhl,Delivered
12273,98266,21-07-2023,,usps,Delivered
12274,39606,17-04-2024,,delhivery,Delivered
12275,92877,03-03-2021,01-04-2021,dhl,Returned
12276,37198,06-08-2023,,fedex,Delivered
12277,90250,29-11-2023,,ups,Shipped
12278,32324,13-09-2020,,dhl,Delivered
12279,91071,03-11-2021,,ups,Shipped
12280,58968,26-11-2023,,fedex,Delivered
12281,7416,11-01-2023,,bluedart,Delivered
12282,7736,16-10-2022,,bluedart,Delivered
12283,25959,01-08-2021,,dhl,Delivered
12284,67741,21-08-2024,,bluedart,Delivered
12285,91156,06-01-2023,,dhl,Delivered
12286,53854,12-06-2023,,bluedart,Delivered
12287,32361,20-02-2021,,bluedart,Delivered
12288,32118,23-11-2022,,bluedart,In Transit
12289,48192,05-10-2023,,dhl,Delivered
12290,97863,02-02-2024,,fedex,Delivered
12291,38742,19-06-2024,,dhl,Delivered
12292,35180,20-12-2022,,fedex,Delivered
12293,76578,31-01-2021,,delhivery,Delivered
12294,58397,10-01-2020,,fedex,Cancelled
12295,69332,11-05-2020,,fedex,Delivered
12296,25225,27-08-2021,,fedex,Delivered
12297,30125,10-05-2020,,usps,Delivered
12298,86826,02-04-2020,,bluedart,Shipped
12299,50779,13-08-2022,,fedex,Delivered
12300,41814,17-05-2021,,ups,Delivered
12301,75137,21-08-2024,,usps,Cancelled
12302,11434,16-12-2021,,fedex,Delivered
12303,67049,23-03-2023,,fedex,Delivered
12304,73725,03-04-2020,,fedex,Delivered
12305,30041,27-04-2020,,ups,Delivered
12306,57651,17-05-2023,,usps,Delivered
12307,61016,20-02-2024,,delhivery,Delivered
12308,63478,13-03-2020,,fedex,Delivered
12309,74254,01-10-2022,,fedex,Delivered
12310,22268,20-04-2022,,fedex,Delivered
12311,70827,05-03-2024,,delhivery,Delivered
12312,74617,25-07-2023,,dhl,Delivered
12313,40112,20-09-2024,,fedex,Delivered
12314,38441,13-04-2022,,ups,Delivered
12315,42872,02-03-2020,,fedex,Delivered
12316,92384,28-11-2022,,dhl,Delivered
12317,49794,19-09-2023,,delhivery,Delivered
12318,48203,04-04-2022,,dhl,Delivered
12319,30967,07-04-2024,,fedex,Delivered
12320,37078,04-11-2023,,fedex,Delivered
12321,84915,23-02-2020,19-03-2020,ups,Returned
12322,47779,02-01-2024,,fedex,In Transit
12323,74962,15-01-2022,,ups,Delivered
12324,13103,22-12-2024,,bluedart,Delivered
12325,46374,16-08-2024,,delhivery,Delivered
12326,21926,12-09-2020,29-09-2020,dhl,Returned
12327,66541,12-11-2020,,usps,In Transit
12328,12932,28-12-2023,,dhl,Delivered
12329,18369,16-11-2021,,bluedart,Delivered
12330,18903,07-01-2022,,delhivery,Delivered
12331,74863,24-06-2022,,fedex,Delivered
12332,14847,21-11-2022,,fedex,Delivered
12333,88385,15-12-2021,,fedex,Delivered
12334,62938,09-12-2022,23-12-2022,ups,Returned
12335,47696,17-06-2023,,fedex,Delivered
12336,64756,15-12-2022,,fedex,Delivered
12337,19185,27-09-2020,,fedex,Delivered
12338,92136,03-03-2022,,dhl,Delivered
12339,56775,08-03-2020,,fedex,Delivered
12340,89861,02-05-2024,,bluedart,Delivered
12341,99998,12-12-2021,,bluedart,Delivered
12342,9305,21-11-2024,,dhl,Delivered
12343,10186,24-06-2020,,ups,Delivered
12344,19596,11-01-2021,,dhl,Delivered
12345,3469,05-12-2022,,fedex,Delivered
12346,19850,03-12-2023,,ups,In Transit
12347,65994,16-04-2022,,ups,In Transit
12348,2349,24-05-2020,,fedex,Delivered
12349,23188,31-12-2022,,fedex,Delivered
12350,63507,13-08-2021,,fedex,Delivered
12351,4541,26-08-2023,,dhl,Delivered
12352,77955,28-02-2024,,ups,Delivered
12353,84634,13-11-2022,,fedex,Delivered
12354,60377,25-02-2021,,fedex,Delivered
12355,52112,29-01-2022,,dhl,Delivered
12356,56178,13-06-2021,,dhl,Delivered
12357,15476,11-08-2022,,fedex,Delivered
12358,22997,25-01-2022,,delhivery,Delivered
12359,97993,08-07-2023,,fedex,Delivered
12360,73781,31-01-2024,,delhivery,Delivered
12361,42031,11-05-2022,,delhivery,Delivered
12362,14224,26-03-2022,,dhl,Cancelled
12363,99530,06-09-2023,,dhl,Shipped
12364,94485,19-10-2024,,ups,Shipped
12365,40992,01-07-2023,,usps,Delivered
12366,17114,27-03-2022,,fedex,Shipped
12367,88676,24-05-2020,,dhl,Delivered
12368,56789,03-02-2022,01-03-2022,delhivery,Returned
12369,46224,23-12-2023,,dhl,In Transit
12370,87737,18-04-2024,,fedex,Delivered
12371,15570,02-07-2021,,fedex,Delivered
12372,18502,30-09-2024,,ups,Delivered
12373,95086,03-10-2021,27-10-2021,fedex,Returned
12374,85233,25-05-2023,,fedex,Delivered
12375,39918,13-04-2021,,delhivery,Delivered
12376,16596,17-08-2021,,dhl,Delivered
12377,95110,23-09-2023,,fedex,Delivered
12378,52891,15-11-2022,,fedex,Shipped
12379,87977,03-12-2024,,dhl,Delivered
12380,41712,10-01-2021,,bluedart,Delivered
12381,93618,11-02-2021,,fedex,Delivered
12382,4928,25-07-2024,,bluedart,Delivered
12383,53118,07-11-2020,,bluedart,Delivered
12384,36748,24-09-2024,,ups,Delivered
12385,64656,18-09-2023,,dhl,Cancelled
12386,13940,17-10-2021,,bluedart,Delivered
12387,65572,25-08-2023,,fedex,Delivered
12388,61747,01-04-2021,,fedex,Delivered
12389,75620,09-10-2020,,fedex,Delivered
12390,84138,14-10-2021,,bluedart,Delivered
12391,52076,14-03-2020,,fedex,Delivered
12392,11900,06-05-2023,,dhl,Delivered
12393,62764,14-07-2024,,dhl,Delivered
12394,92612,24-11-2024,,bluedart,Shipped
12395,80362,19-01-2024,,dhl,Delivered
12396,38761,01-02-2020,,dhl,Delivered
12397,78186,19-10-2022,,fedex,Delivered
12398,23143,06-09-2022,,dhl,Delivered
12399,49210,30-12-2020,,usps,Delivered
12400,50772,22-08-2020,,fedex,Delivered
12401,42874,08-01-2021,,dhl,Delivered
12402,77322,26-10-2021,,bluedart,In Transit
12403,70765,03-03-2021,,dhl,Delivered
12404,91763,20-12-2022,,fedex,Delivered
12405,15888,05-09-2022,,fedex,Shipped
12406,28834,17-04-2020,,fedex,Delivered
12407,36657,26-09-2024,,bluedart,Delivered
12408,87341,09-06-2021,,fedex,Shipped
12409,10566,31-05-2020,,ups,Shipped
12410,84246,21-04-2021,,bluedart,Delivered
12411,31384,21-04-2021,,fedex,In Transit
12412,7484,10-04-2022,,ups,Delivered
12413,65934,09-12-2020,,fedex,Delivered
12414,25233,17-05-2022,,usps,Delivered
12415,90694,20-06-2022,,ups,Delivered
12416,83036,29-10-2020,,fedex,Delivered
12417,12606,18-06-2024,,dhl,Delivered
12418,5774,08-06-2024,,fedex,Delivered
12419,7704,08-12-2020,,ups,Delivered
12420,75923,11-08-2021,,fedex,Delivered
12421,70742,19-09-2021,,fedex,Delivered
12422,63721,16-05-2024,,dhl,In Transit
12423,41977,25-02-2021,,ups,Delivered
12424,43456,31-12-2022,,dhl,Delivered
12425,49114,20-07-2021,,dhl,Delivered
12426,59753,29-06-2023,07-07-2023,fedex,Returned
12427,3380,12-07-2023,,bluedart,Delivered
12428,7159,15-10-2021,,bluedart,Delivered
12429,30696,06-03-2020,,ups,Delivered
12430,83460,23-08-2020,04-09-2020,fedex,Returned
12431,25092,13-11-2022,,bluedart,Delivered
12432,39169,18-01-2023,,fedex,Cancelled
12433,6066,12-08-2020,,fedex,Delivered
12434,75875,06-03-2024,25-03-2024,fedex,Returned
12435,93939,28-04-2023,,ups,Delivered
12436,60833,15-01-2020,,ups,Delivered
12437,9106,09-10-2020,,fedex,Delivered
12438,20529,13-06-2023,,fedex,Delivered
12439,45295,02-03-2021,,bluedart,Delivered
12440,96880,26-12-2022,,delhivery,Delivered
12441,2173,04-03-2023,14-03-2023,bluedart,Returned
12442,24275,06-10-2020,,fedex,Delivered
12443,94930,26-09-2021,,dhl,Delivered
12444,90136,10-12-2021,,dhl,Delivered
12445,56214,23-07-2024,,fedex,Delivered
12446,63445,11-02-2020,,ups,Delivered
12447,63518,26-10-2023,,dhl,Shipped
12448,80128,10-02-2022,,ups,Cancelled
12449,10532,12-04-2022,,fedex,Delivered
12450,65323,10-07-2023,,fedex,Delivered
12451,54018,26-06-2021,,fedex,Delivered
12452,25159,22-06-2022,,fedex,Shipped
12453,96114,16-01-2022,,ups,Shipped
12454,26613,22-01-2024,,dhl,Cancelled
12455,65275,09-12-2020,,fedex,Delivered
12456,10687,23-11-2023,,delhivery,Delivered
12457,52435,15-12-2021,,fedex,Delivered
12458,55664,17-12-2020,,bluedart,Delivered
12459,18634,07-02-2024,,bluedart,Delivered
12460,18654,28-05-2022,,ups,Delivered
12461,62730,02-07-2022,,fedex,Delivered
12462,42101,05-02-2024,,fedex,Delivered
12463,9932,14-03-2024,,fedex,Delivered
12464,44874,31-01-2022,,fedex,Delivered
12465,18237,03-08-2021,,fedex,Cancelled
12466,35445,10-07-2021,,fedex,In Transit
12467,70855,27-01-2022,,bluedart,Delivered
12468,50352,14-07-2024,,fedex,Delivered
12469,73320,28-08-2020,,bluedart,Delivered
12470,83215,02-06-2023,,fedex,Cancelled
12471,50787,05-06-2020,,ups,In Transit
12472,70227,02-10-2020,,fedex,Delivered
12473,30189,19-04-2021,,fedex,Delivered
12474,77994,04-02-2020,,dhl,Delivered
12475,72535,01-09-2020,,dhl,Cancelled
12476,27012,30-01-2021,,dhl,Delivered
12477,50130,21-02-2021,,fedex,Delivered
12478,20567,26-12-2022,,fedex,Shipped
12479,64467,12-05-2022,,bluedart,In Transit
12480,55821,12-10-2020,,fedex,Delivered
12481,81027,26-11-2021,,fedex,Delivered
12482,96142,01-02-2023,,usps,Delivered
12483,92591,28-06-2022,,ups,Delivered
12484,36937,30-07-2020,,ups,Delivered
12485,48377,17-05-2020,,fedex,Delivered
12486,89055,13-07-2020,,fedex,Shipped
12487,59566,12-05-2022,,fedex,Delivered
12488,51027,10-05-2021,,dhl,Delivered
12489,40302,11-06-2023,,bluedart,Delivered
12490,49598,12-04-2023,,dhl,Delivered
12491,95720,26-12-2020,,fedex,Delivered
12492,71364,16-10-2024,,dhl,Delivered
12493,52593,03-09-2021,,ups,Delivered
12494,94852,27-06-2024,,bluedart,Delivered
12495,17846,29-03-2023,,bluedart,Delivered
12496,12144,09-02-2023,,dhl,Delivered
12497,66156,28-02-2023,,fedex,Delivered
12498,3560,16-06-2023,,ups,In Transit
12499,92417,04-01-2020,,fedex,Delivered
12500,3688,17-05-2020,,ups,Delivered
12501,68486,04-12-2024,,fedex,Delivered
12502,83665,27-11-2021,,bluedart,Delivered
12503,76156,28-04-2023,,dhl,Delivered
12504,35340,28-05-2024,13-06-2024,bluedart,Returned
12505,98077,13-04-2021,,dhl,Delivered
12506,75080,14-05-2024,,dhl,Delivered
12507,34463,13-10-2022,,fedex,Shipped
12508,29016,10-08-2022,,dhl,Delivered
12509,77980,18-08-2023,,fedex,Delivered
12510,49019,17-11-2020,,fedex,Shipped
12511,45250,10-10-2024,,fedex,Delivered
12512,72152,09-04-2021,,ups,Delivered
12513,44932,10-04-2022,,ups,Delivered
12514,39734,31-08-2022,,fedex,Delivered
12515,48660,13-04-2021,,ups,Delivered
12516,35590,26-07-2021,,fedex,Delivered
12517,10206,19-11-2024,,fedex,Delivered
12518,79392,19-12-2022,,fedex,Delivered
12519,86399,08-06-2023,,dhl,Delivered
12520,73155,03-09-2022,23-09-2022,dhl,Returned
12521,43880,10-08-2023,,fedex,Delivered
12522,77487,08-09-2022,,bluedart,Delivered
12523,89357,01-03-2021,,ups,In Transit
12524,2333,06-04-2023,,fedex,Delivered
12525,62302,21-07-2023,,dhl,Shipped
12526,73916,31-05-2022,,fedex,Shipped
12527,13302,07-01-2022,,fedex,Delivered
12528,8010,07-04-2021,,fedex,Delivered
12529,16061,29-07-2020,,ups,Delivered
12530,14531,01-09-2022,,fedex,Delivered
12531,34124,21-04-2024,,usps,Delivered
12532,69496,01-11-2021,,fedex,Delivered
12533,38923,22-04-2020,,fedex,Delivered
12534,49608,15-10-2024,,usps,Delivered
12535,60105,17-11-2022,01-12-2022,delhivery,Returned
12536,38983,16-07-2023,,fedex,Delivered
12537,76803,25-11-2021,,ups,Delivered
12538,59667,22-08-2022,,ups,Delivered
12539,81989,02-08-2022,,dhl,Delivered
12540,33907,22-09-2023,,ups,Delivered
12541,90478,24-10-2024,,dhl,Cancelled
12542,26380,04-03-2022,,bluedart,Delivered
12543,58125,26-02-2024,,fedex,Shipped
12544,58544,19-06-2023,,fedex,Delivered
12545,79142,15-08-2024,,dhl,Delivered
12546,10851,28-10-2023,,ups,Delivered
12547,91793,24-01-2024,,fedex,Delivered
12548,50462,06-11-2020,,ups,Delivered
12549,32632,03-11-2023,,fedex,Delivered
12550,23087,28-05-2024,,dhl,Delivered
12551,90928,15-06-2020,,fedex,Delivered
12552,48055,11-12-2020,,fedex,Delivered
12553,48257,29-06-2023,,fedex,Delivered
12554,19095,24-07-2023,,fedex,Shipped
12555,38235,15-07-2020,,fedex,Delivered
12556,6416,02-07-2022,,dhl,In Transit
12557,79508,04-01-2024,,delhivery,Delivered
12558,70989,05-06-2024,,fedex,Delivered
12559,51494,25-02-2022,,fedex,Delivered
12560,7213,08-02-2021,,dhl,Delivered
12561,21575,25-02-2024,,bluedart,In Transit
12562,54381,25-09-2021,,fedex,Delivered
12563,57846,22-06-2022,,fedex,Delivered
12564,46521,30-12-2022,25-01-2023,fedex,Returned
12565,16916,11-05-2022,,bluedart,In Transit
12566,99104,02-03-2020,,usps,Delivered
12567,4123,05-01-2020,,fedex,Delivered
12568,90886,30-12-2022,,dhl,Shipped
12569,10078,28-02-2021,,fedex,Delivered
12570,8618,06-12-2022,,ups,Delivered
12571,77823,13-10-2023,,delhivery,Delivered
12572,27801,23-05-2023,,usps,Delivered
12573,67734,07-09-2022,13-09-2022,fedex,Returned
12574,45048,17-08-2021,,fedex,In Transit
12575,34388,04-12-2022,,fedex,Delivered
12576,59254,29-01-2021,,usps,In Transit
12577,12836,28-08-2021,,dhl,Delivered
12578,44054,09-09-2024,,dhl,Delivered
12579,47965,06-06-2020,,fedex,Cancelled
12580,89369,04-10-2024,,bluedart,Delivered
12581,99125,02-04-2022,,bluedart,Delivered
12582,52378,04-10-2022,,fedex,In Transit
12583,9535,29-04-2021,,usps,Delivered
12584,89342,06-02-2024,,fedex,Delivered
12585,27205,12-10-2023,,fedex,Delivered
12586,78092,10-08-2023,,dhl,Shipped
12587,67469,18-05-2023,,usps,In Transit
12588,68591,28-09-2023,,dhl,Delivered
12589,77583,25-05-2021,,fedex,Shipped
12590,37524,15-12-2021,,fedex,Delivered
12591,59463,01-11-2023,07-11-2023,delhivery,Returned
12592,38617,07-01-2024,,fedex,Delivered
12593,76099,19-06-2021,,dhl,Delivered
12594,93792,28-04-2021,,ups,Delivered
12595,5125,10-08-2023,,bluedart,Delivered
12596,10443,21-08-2024,,delhivery,Delivered
12597,58723,23-05-2020,,bluedart,Delivered
12598,36018,04-07-2020,,delhivery,Delivered
12599,25688,28-05-2022,13-06-2022,fedex,Returned
12600,29101,05-09-2024,,fedex,Delivered
12601,29446,24-05-2023,,delhivery,Delivered
12602,9695,08-01-2021,,ups,Delivered
12603,36569,13-02-2023,,fedex,Delivered
12604,19871,28-11-2021,,ups,Delivered
12605,48237,11-11-2022,,bluedart,Delivered
12606,72946,15-01-2024,21-01-2024,ups,Returned
12607,47856,19-08-2023,,fedex,Cancelled
12608,89548,19-07-2023,,fedex,Shipped
12609,51069,28-11-2024,,fedex,Cancelled
12610,33319,28-12-2023,,fedex,Delivered
12611,54589,27-04-2023,,dhl,Delivered
12612,79238,02-09-2022,,dhl,Delivered
12613,46960,11-10-2020,,bluedart,Delivered
12614,97129,02-02-2024,,bluedart,Delivered
12615,89487,28-04-2020,,ups,Delivered
12616,92880,04-06-2021,,fedex,Delivered
12617,83762,18-06-2020,04-07-2020,dhl,Returned
12618,78396,23-06-2024,,fedex,Delivered
12619,79105,02-05-2020,,fedex,In Transit
12620,9140,25-03-2021,,dhl,Delivered
12621,47358,19-03-2024,,fedex,Delivered
12622,17889,21-08-2023,,bluedart,Delivered
12623,8528,26-05-2023,,dhl,Cancelled
12624,87174,27-04-2024,,dhl,Delivered
12625,60775,21-07-2023,,fedex,Delivered
12626,21430,24-05-2021,,dhl,Cancelled
12627,82328,25-04-2023,,dhl,Delivered
12628,70516,27-11-2024,,fedex,Delivered
12629,61693,25-08-2023,,bluedart,Delivered
12630,48992,12-08-2021,,dhl,In Transit
12631,8351,23-08-2020,,ups,Delivered
12632,55141,22-01-2021,,ups,Shipped
12633,19204,23-05-2022,,fedex,Delivered
12634,21174,07-12-2020,,fedex,Delivered
12635,11438,11-05-2020,,fedex,Delivered
12636,85120,16-10-2024,,bluedart,Cancelled
12637,69862,19-10-2021,,bluedart,Delivered
12638,50856,25-02-2023,,fedex,Delivered
12639,28509,02-11-2023,28-11-2023,fedex,Returned
12640,45088,08-05-2022,,fedex,Delivered
12641,6376,25-12-2021,,fedex,Shipped
12642,6461,19-07-2022,,dhl,Delivered
12643,75898,28-12-2024,,usps,Delivered
12644,32539,15-11-2021,,fedex,Delivered
12645,24642,25-02-2021,,fedex,Delivered
12646,76282,06-12-2022,,fedex,Delivered
12647,96977,19-02-2024,,fedex,Delivered
12648,5248,22-07-2020,,fedex,Cancelled
12649,44521,08-10-2020,,ups,In Transit
12650,72993,13-01-2022,,fedex,Cancelled
12651,56654,16-10-2020,,fedex,Delivered
12652,28257,03-08-2022,,ups,Delivered
12653,62239,18-06-2021,,fedex,Delivered
12654,29837,03-11-2023,,fedex,Shipped
12655,81968,06-07-2021,,fedex,Delivered
12656,97615,20-08-2024,,bluedart,Delivered
12657,45291,12-05-2023,,bluedart,Delivered
12658,29782,22-05-2023,,dhl,Delivered
12659,25521,21-05-2023,,fedex,Shipped
12660,24685,18-02-2024,,fedex,Delivered
12661,36776,04-07-2020,,fedex,Shipped
12662,59182,04-05-2020,,fedex,Delivered
12663,4082,02-02-2021,,fedex,In Transit
12664,7045,30-12-2022,,fedex,Cancelled
12665,90284,24-08-2023,,fedex,Delivered
12666,97379,08-04-2024,,dhl,Delivered
12667,28904,12-11-2021,,dhl,Delivered
12668,32020,25-10-2023,,bluedart,Delivered
12669,91624,23-11-2020,,fedex,Delivered
12670,10783,10-03-2022,,fedex,Shipped
12671,35756,16-04-2023,,fedex,Delivered
12672,13963,03-05-2024,,dhl,Shipped
12673,53437,06-02-2023,,ups,Delivered
12674,53046,15-11-2021,,fedex,Delivered
12675,66851,26-12-2024,,fedex,Delivered
12676,76665,13-10-2020,,fedex,Delivered
12677,39937,25-03-2024,,bluedart,Delivered
12678,25824,16-10-2022,,bluedart,Cancelled
12679,17856,27-04-2023,,fedex,Delivered
12680,91220,05-03-2021,,dhl,Delivered
12681,53531,20-03-2023,,fedex,Shipped
12682,91756,23-07-2022,,fedex,Delivered
12683,5932,27-01-2020,,dhl,Delivered
12684,7509,26-12-2020,,ups,Delivered
12685,79966,26-10-2022,,fedex,Shipped
12686,86414,16-02-2024,,fedex,Shipped
12687,28643,03-10-2020,,dhl,Delivered
12688,26018,28-02-2022,,fedex,Delivered
12689,69045,09-08-2024,,fedex,Delivered
12690,21605,11-06-2023,,dhl,Delivered
12691,19500,07-11-2022,,ups,Delivered
12692,53602,07-10-2020,,fedex,Delivered
12693,46881,04-01-2021,,fedex,Delivered
12694,24560,28-07-2020,,fedex,Delivered
12695,32551,25-12-2021,,fedex,In Transit
12696,89279,21-07-2023,,dhl,Delivered
12697,27842,05-05-2021,,fedex,Delivered
12698,75405,11-09-2020,,fedex,Shipped
12699,76845,17-12-2022,,fedex,Delivered
12700,95036,29-06-2024,,bluedart,Delivered
12701,9962,22-09-2024,,fedex,Delivered
12702,78746,07-03-2021,,fedex,Cancelled
12703,54723,18-04-2024,,fedex,Delivered
12704,41069,19-10-2021,,bluedart,Delivered
12705,67030,09-04-2023,,delhivery,Cancelled
12706,42580,09-07-2023,,bluedart,Shipped
12707,98106,21-06-2022,,fedex,Delivered
12708,32525,26-04-2024,,fedex,Shipped
12709,48196,26-05-2024,,fedex,Delivered
12710,17722,20-03-2021,,dhl,Delivered
12711,29238,24-06-2022,,usps,In Transit
12712,65473,25-09-2020,,bluedart,Delivered
12713,73808,06-05-2023,,fedex,Delivered
12714,65915,10-05-2020,,fedex,Delivered
12715,43461,04-09-2023,,ups,Shipped
12716,55167,04-01-2023,,dhl,Delivered
12717,18264,10-06-2020,,bluedart,Delivered
12718,95911,06-11-2024,,fedex,Delivered
12719,44393,05-07-2022,,fedex,Delivered
12720,67723,09-04-2021,,fedex,Delivered
12721,80305,10-11-2022,,fedex,Delivered
12722,65356,12-02-2022,,dhl,Delivered
12723,68836,06-02-2021,,fedex,Delivered
12724,87755,02-08-2021,09-08-2021,ups,Returned
12725,36128,24-02-2020,,fedex,Cancelled
12726,60496,11-04-2021,,fedex,Delivered
12727,39574,06-02-2020,,delhivery,Delivered
12728,72999,21-12-2023,,ups,Shipped
12729,9337,22-05-2022,,fedex,Shipped
12730,25574,09-06-2023,,delhivery,Delivered
12731,60852,01-01-2025,,fedex,Delivered
12732,92929,27-05-2021,,dhl,Delivered
12733,83330,10-08-2024,,fedex,Cancelled
12734,80428,05-09-2024,,fedex,Delivered
12735,57254,22-11-2022,13-12-2022,fedex,Returned
12736,98870,31-01-2023,,ups,Delivered
12737,80782,22-09-2020,,usps,Cancelled
12738,30040,13-06-2020,,bluedart,Delivered
12739,88741,28-07-2020,,ups,Shipped
12740,76832,26-05-2021,,fedex,Cancelled
12741,64025,15-10-2022,,ups,Cancelled
12742,98558,19-03-2021,,bluedart,Delivered
12743,39668,30-06-2021,,dhl,Shipped
12744,71814,09-04-2023,,dhl,Delivered
12745,88966,03-06-2022,,fedex,Delivered
12746,99629,19-05-2022,,fedex,Delivered
12747,50094,10-07-2022,,ups,Delivered
12748,83653,05-11-2024,,dhl,Shipped
12749,35118,01-11-2023,,fedex,Shipped
12750,96402,18-11-2021,,dhl,Delivered
12751,32543,08-12-2022,,ups,Delivered
12752,91288,30-01-2021,06-02-2021,fedex,Returned
12753,98363,06-01-2024,,ups,Delivered
12754,67807,23-12-2020,,dhl,Delivered
12755,19950,19-01-2022,,fedex,Delivered
12756,15074,27-06-2021,,delhivery,Delivered
12757,68313,30-01-2021,,delhivery,Delivered
12758,41160,23-11-2023,18-12-2023,dhl,Returned
12759,11975,27-09-2021,,fedex,Delivered
12760,4853,01-01-2023,,dhl,Delivered
12761,98403,01-01-2025,29-01-2025,fedex,Returned
12762,14844,26-10-2023,,delhivery,In Transit
12763,31118,11-11-2023,,dhl,Delivered
12764,39824,09-01-2022,,fedex,Delivered
12765,10058,09-12-2021,,dhl,Delivered
12766,10561,25-02-2021,,dhl,Delivered
12767,80099,19-10-2020,,fedex,Delivered
12768,37540,18-06-2023,,fedex,Delivered
12769,86713,24-10-2020,,usps,Delivered
12770,16861,07-11-2020,,fedex,Delivered
12771,80000,13-07-2023,,ups,Delivered
12772,18335,24-04-2020,,fedex,In Transit
12773,39039,05-03-2023,,usps,Delivered
12774,76788,07-11-2023,,fedex,Cancelled
12775,99913,22-12-2024,,ups,Delivered
12776,85171,17-12-2023,,bluedart,In Transit
12777,92003,07-09-2021,,dhl,Delivered
12778,16608,19-11-2021,,dhl,Delivered
12779,52758,27-02-2021,,bluedart,Delivered
12780,84229,04-10-2022,,fedex,Delivered
12781,82338,24-07-2022,,delhivery,Delivered
12782,32348,06-08-2024,,dhl,Delivered
12783,71832,22-10-2024,,usps,Delivered
12784,37601,11-11-2020,,dhl,Delivered
12785,54952,26-06-2020,,fedex,Delivered
12786,76870,03-09-2023,,fedex,Delivered
12787,57344,05-02-2021,,ups,Delivered
12788,26994,18-09-2022,,fedex,Cancelled
12789,87085,17-04-2020,,fedex,Delivered
12790,56168,05-11-2024,,fedex,Delivered
12791,51294,11-11-2022,,fedex,Delivered
12792,79604,17-12-2021,,bluedart,Delivered
12793,65579,09-03-2020,,bluedart,Delivered
12794,1171,03-01-2021,,ups,Delivered
12795,71802,16-08-2024,,fedex,Delivered
12796,32127,21-02-2020,,dhl,Delivered
12797,90413,08-11-2020,,fedex,Delivered
12798,63416,29-11-2024,,dhl,Shipped
12799,80095,09-07-2020,,ups,Delivered
12800,96056,13-07-2024,,usps,Delivered
12801,58008,28-05-2022,,fedex,Shipped
12802,91641,26-06-2022,,ups,Delivered
12803,77209,12-04-2023,,bluedart,Delivered
12804,21097,27-04-2024,,fedex,Delivered
12805,94611,07-05-2022,,dhl,Delivered
12806,65611,12-12-2020,,fedex,In Transit
12807,97948,07-04-2020,,ups,Delivered
12808,37962,09-05-2022,,fedex,Delivered
12809,25112,30-03-2023,,bluedart,Delivered
12810,69064,14-08-2024,,ups,Cancelled
12811,86498,28-12-2021,,ups,Delivered
12812,87247,22-11-2021,,dhl,Delivered
12813,74132,02-08-2024,,dhl,Delivered
12814,32823,19-01-2021,,bluedart,Delivered
12815,97132,28-02-2020,,delhivery,Cancelled
12816,4820,07-12-2021,23-12-2021,delhivery,Returned
12817,90998,29-11-2023,,fedex,In Transit
12818,56810,30-10-2023,17-11-2023,dhl,Returned
12819,59503,23-11-2021,,fedex,Delivered
12820,21528,08-04-2020,,dhl,In Transit
12821,35399,06-09-2021,,fedex,Shipped
12822,49573,05-12-2021,,dhl,Delivered
12823,86034,28-11-2020,,ups,Delivered
12824,61766,22-04-2022,,delhivery,Delivered
12825,76675,22-01-2022,,fedex,Cancelled
12826,81503,29-06-2021,29-07-2021,fedex,Returned
12827,74565,15-06-2023,,fedex,Delivered
12828,5895,24-05-2020,,bluedart,Delivered
12829,4731,25-04-2022,,ups,Delivered
12830,95210,01-03-2021,,fedex,Delivered
12831,45698,24-09-2020,,fedex,Delivered
12832,94124,25-12-2023,,usps,Delivered
12833,74804,28-11-2024,,fedex,Delivered
12834,11982,15-04-2024,,bluedart,Delivered
12835,48455,13-03-2023,,fedex,Delivered
12836,84489,27-11-2022,,fedex,Delivered
12837,27058,22-07-2024,,delhivery,Shipped
12838,66944,19-01-2024,,fedex,Delivered
12839,55917,17-06-2021,,bluedart,Shipped
12840,51516,20-08-2023,,dhl,Shipped
12841,42983,04-04-2020,,dhl,Shipped
12842,89786,12-08-2020,,fedex,Shipped
12843,56991,13-11-2022,,fedex,Delivered
12844,55609,09-09-2024,,fedex,Delivered
12845,80320,01-06-2021,,ups,Delivered
12846,78901,31-10-2023,,bluedart,In Transit
12847,18896,04-03-2021,,dhl,Delivered
12848,80485,28-11-2021,25-12-2021,usps,Returned
12849,43738,22-05-2024,,ups,Delivered
12850,28422,04-02-2024,,fedex,Delivered
12851,93941,20-01-2021,,fedex,Delivered
12852,18680,21-03-2021,,ups,Delivered
12853,65435,20-11-2022,,bluedart,In Transit
12854,77055,16-09-2022,,fedex,Delivered
12855,41372,05-10-2023,,fedex,Delivered
12856,64474,24-10-2020,,delhivery,Delivered
12857,86278,05-04-2024,,fedex,Delivered
12858,21281,10-05-2021,,ups,Delivered
12859,68967,11-08-2020,,fedex,Delivered
12860,69079,18-01-2021,,ups,Delivered
12861,60874,17-05-2022,,dhl,Delivered
12862,4116,20-07-2020,,fedex,Delivered
12863,17683,12-09-2023,,fedex,Delivered
12864,44313,09-03-2024,,fedex,Delivered
12865,6564,26-10-2023,,dhl,Delivered
12866,55363,24-03-2022,,bluedart,Cancelled
12867,11316,20-10-2023,17-11-2023,fedex,Returned
12868,54459,20-09-2021,,fedex,Delivered
12869,89429,13-12-2024,,bluedart,Delivered
12870,1820,29-11-2021,,fedex,Delivered
12871,68706,17-10-2020,,fedex,Delivered
12872,17035,25-09-2023,,bluedart,Delivered
12873,78516,08-06-2022,,usps,Delivered
12874,50289,10-03-2024,,ups,Delivered
12875,59207,19-06-2022,,ups,In Transit
12876,35881,23-07-2020,,dhl,In Transit
12877,59564,07-12-2021,,fedex,Cancelled
12878,98335,30-01-2020,,dhl,Delivered
12879,6367,21-06-2020,,delhivery,In Transit
12880,6315,01-03-2022,,fedex,In Transit
12881,12718,24-10-2022,,fedex,Shipped
12882,53717,30-06-2021,,fedex,Delivered
12883,60401,28-01-2022,,bluedart,Delivered
12884,67603,23-08-2022,,fedex,Shipped
12885,36926,21-07-2022,,usps,Delivered
12886,30755,01-04-2024,19-04-2024,ups,Returned
12887,45085,05-05-2021,,fedex,Delivered
12888,54372,21-10-2023,,bluedart,Delivered
12889,35452,24-04-2024,,usps,Delivered
12890,4844,07-05-2022,,delhivery,Delivered
12891,31827,17-01-2024,,fedex,Delivered
12892,52208,11-06-2020,,ups,Delivered
12893,70884,03-09-2020,,fedex,Delivered
12894,80764,15-03-2020,,fedex,Delivered
12895,74914,07-07-2023,,dhl,Delivered
12896,24544,20-01-2020,,dhl,Delivered
12897,94222,06-12-2020,,dhl,Shipped
12898,25210,06-04-2024,,fedex,Delivered
12899,68773,15-10-2021,,delhivery,Delivered
12900,28913,15-07-2020,,dhl,Delivered
12901,29245,19-08-2024,,fedex,Delivered
12902,79366,20-09-2022,27-09-2022,bluedart,Returned
12903,66472,26-01-2022,,fedex,Delivered
12904,84379,27-12-2021,,fedex,Delivered
12905,66594,25-09-2024,,fedex,Delivered
12906,92841,12-05-2023,,ups,Delivered
12907,28319,17-05-2021,,fedex,Delivered
12908,80142,06-10-2020,,dhl,Delivered
12909,6516,21-07-2023,,fedex,Delivered
12910,17223,07-09-2023,,fedex,Delivered
12911,95300,27-09-2021,,ups,Shipped
12912,34944,14-07-2024,,fedex,Cancelled
12913,75959,18-07-2023,,ups,Delivered
12914,73500,10-05-2022,29-05-2022,fedex,Returned
12915,3106,08-09-2021,,dhl,Cancelled
12916,62438,23-10-2020,,fedex,Delivered
12917,55867,04-09-2021,,bluedart,Delivered
12918,14311,02-08-2024,,usps,Delivered
12919,22545,16-12-2023,,bluedart,Delivered
12920,42746,01-02-2024,,ups,Delivered
12921,90553,08-12-2024,,fedex,Delivered
12922,38692,11-09-2021,,ups,Shipped
12923,91232,16-09-2020,,dhl,Delivered
12924,67269,12-06-2022,,fedex,Cancelled
12925,87916,13-11-2023,,fedex,Shipped
12926,61253,17-08-2022,,bluedart,Delivered
12927,98672,21-07-2023,,fedex,Delivered
12928,63128,25-10-2022,,fedex,Delivered
12929,8575,03-07-2021,,fedex,Delivered
12930,67285,16-12-2024,,ups,Delivered
12931,6407,08-09-2023,,dhl,Shipped
12932,51469,21-02-2020,,fedex,Delivered
12933,64020,13-10-2024,,ups,Delivered
12934,7083,18-03-2022,,ups,Delivered
12935,13863,20-05-2022,,fedex,Delivered
12936,46241,31-01-2020,,bluedart,Shipped
12937,53185,28-04-2020,,fedex,Delivered
12938,42624,16-04-2021,,bluedart,Delivered
12939,80911,30-09-2024,,bluedart,Delivered
12940,29971,01-01-2024,,fedex,Delivered
12941,11840,02-04-2020,25-04-2020,fedex,Returned
12942,84548,22-07-2023,,fedex,In Transit
12943,37336,08-03-2022,,bluedart,Delivered
12944,38540,12-02-2024,,fedex,Delivered
12945,15159,27-02-2024,,fedex,Delivered
12946,68694,09-05-2020,,dhl,Delivered
12947,79082,06-02-2023,,delhivery,Delivered
12948,86976,26-07-2021,,fedex,Delivered
12949,18965,06-12-2022,,ups,Delivered
12950,60160,17-07-2024,,ups,Delivered
12951,78928,22-09-2022,,ups,Delivered
12952,18784,18-03-2024,,dhl,Delivered
12953,94392,06-06-2021,,dhl,Delivered
12954,29158,28-07-2022,,fedex,In Transit
12955,93503,01-09-2023,,fedex,Shipped
12956,13923,17-12-2021,,fedex,Delivered
12957,26203,30-12-2022,,delhivery,Delivered
12958,91165,18-08-2022,16-09-2022,fedex,Returned
12959,59618,05-04-2024,,bluedart,Shipped
12960,22527,13-01-2024,,bluedart,Delivered
12961,79326,30-09-2023,,dhl,Delivered
12962,65777,26-06-2022,,fedex,Delivered
12963,38524,12-10-2024,,fedex,Delivered
12964,14931,21-05-2020,,bluedart,Cancelled
12965,12319,10-09-2024,,usps,Delivered
12966,72488,12-01-2020,,dhl,Shipped
12967,75822,07-03-2023,,fedex,Shipped
12968,82532,11-07-2022,,bluedart,Delivered
12969,19501,14-05-2022,,dhl,Delivered
12970,25445,01-12-2024,,fedex,Delivered
12971,44690,03-03-2020,,dhl,Delivered
12972,4334,03-06-2021,,bluedart,Delivered
12973,82520,12-11-2023,,bluedart,Delivered
12974,52857,26-06-2024,,bluedart,In Transit
12975,33277,17-04-2024,,bluedart,Delivered
12976,55018,21-02-2021,,usps,Delivered
12977,24818,09-06-2024,,fedex,In Transit
12978,38496,18-12-2023,,bluedart,Delivered
12979,12071,02-04-2023,,fedex,Delivered
12980,79625,15-04-2022,,dhl,Delivered
12981,56694,02-09-2021,,bluedart,Delivered
12982,1400,21-07-2024,,bluedart,Delivered
12983,77503,29-06-2023,,fedex,Delivered
12984,96386,18-04-2023,,fedex,Shipped
12985,36984,03-10-2024,,bluedart,Delivered
12986,69109,10-06-2024,,dhl,Shipped
12987,91279,21-06-2023,,bluedart,In Transit
12988,44630,23-11-2022,,fedex,Shipped
12989,78112,14-06-2024,,bluedart,Delivered
12990,4914,12-01-2020,,fedex,Delivered
12991,73024,25-04-2022,,fedex,Delivered
12992,61752,07-12-2022,,fedex,Delivered
12993,8713,15-01-2020,,ups,Delivered
12994,66171,03-01-2025,,fedex,Delivered
12995,47962,28-02-2023,,dhl,Delivered
12996,64574,21-02-2020,,bluedart,Delivered
12997,61315,26-09-2024,,fedex,Delivered
12998,45150,21-06-2021,,fedex,Cancelled
12999,98821,20-10-2023,,fedex,Shipped
13000,91111,28-02-2023,,bluedart,Delivered
13001,21548,13-01-2020,,delhivery,Delivered
13002,34897,09-03-2022,,bluedart,Delivered
13003,95499,26-03-2024,,bluedart,Delivered
13004,87454,16-08-2020,,fedex,Delivered
13005,62579,12-09-2021,,delhivery,Delivered
13006,32939,28-02-2022,,fedex,Delivered
13007,59164,29-05-2022,,fedex,Delivered
13008,40349,19-04-2020,,fedex,Delivered
13009,42137,26-04-2023,,fedex,Delivered
13010,36401,08-05-2021,29-05-2021,dhl,Returned
13011,98408,19-07-2020,,fedex,Delivered
13012,87840,14-04-2020,,dhl,Delivered
13013,45675,01-01-2023,,usps,Cancelled
13014,37493,21-02-2024,,ups,Delivered
13015,81138,18-10-2022,,fedex,Delivered
13016,58161,30-10-2022,,dhl,Delivered
13017,15439,08-07-2024,,bluedart,Delivered
13018,86994,13-12-2021,29-12-2021,ups,Returned
13019,14179,19-09-2022,,fedex,Delivered
13020,18685,28-01-2024,,dhl,Delivered
13021,96886,13-04-2020,,ups,Delivered
13022,12274,25-03-2021,,fedex,In Transit
13023,47954,09-05-2021,,ups,Delivered
13024,81226,30-04-2021,,fedex,Delivered
13025,56558,25-10-2024,,fedex,Delivered
13026,84864,04-05-2020,,dhl,Delivered
13027,5263,28-03-2021,,fedex,In Transit
13028,8998,16-08-2021,,dhl,Cancelled
13029,43000,28-11-2021,,delhivery,Delivered
13030,66336,27-03-2023,,usps,Delivered
13031,30024,23-08-2024,,dhl,Delivered
13032,83384,28-12-2024,,fedex,Delivered
13033,64818,17-08-2023,,bluedart,Cancelled
13034,79853,02-01-2023,,fedex,Delivered
13035,2870,13-03-2022,,bluedart,Delivered
13036,85189,15-07-2024,,bluedart,Delivered
13037,40681,07-08-2022,,fedex,Delivered
13038,69617,15-09-2021,,delhivery,Delivered
13039,1730,18-12-2020,,ups,Cancelled
13040,65580,01-04-2021,,fedex,Delivered
13041,67719,24-02-2023,,fedex,Delivered
13042,9407,08-04-2024,,fedex,Delivered
13043,67211,23-09-2020,,usps,Shipped
13044,13780,03-01-2025,,fedex,In Transit
13045,33540,19-05-2023,,dhl,Delivered
13046,93781,22-04-2024,,delhivery,Delivered
13047,45553,19-09-2021,,bluedart,Shipped
13048,18574,04-09-2022,,ups,Delivered
13049,19538,25-02-2020,,fedex,Delivered
13050,31819,19-03-2020,,fedex,Delivered
13051,25624,17-08-2023,,fedex,Delivered
13052,54549,15-05-2021,,fedex,Delivered
13053,39153,19-04-2022,,fedex,Delivered
13054,34198,29-10-2023,,usps,Delivered
13055,72665,26-11-2022,,dhl,Delivered
13056,10756,18-08-2021,,fedex,Shipped
13057,46012,02-01-2022,,fedex,Delivered
13058,28971,31-10-2021,,fedex,Delivered
13059,89629,28-11-2024,,fedex,Delivered
13060,8874,05-08-2021,,ups,Delivered
13061,73326,03-06-2024,,ups,Delivered
13062,71016,09-03-2024,,dhl,Delivered
13063,92832,28-07-2024,,dhl,Delivered
13064,70387,30-07-2020,,bluedart,Delivered
13065,40446,30-03-2023,,ups,Delivered
13066,53837,29-04-2021,,fedex,Cancelled
13067,49010,01-10-2023,,ups,Cancelled
13068,3682,18-02-2024,,fedex,Delivered
13069,31027,13-07-2021,,fedex,Shipped
13070,6862,30-05-2020,,bluedart,Delivered
13071,30601,15-10-2021,23-10-2021,usps,Returned
13072,79775,11-08-2023,,fedex,Delivered
13073,15110,29-10-2024,,dhl,Shipped
13074,7084,19-07-2024,,fedex,Delivered
13075,79250,15-11-2023,,delhivery,Delivered
13076,54796,08-10-2024,,fedex,Delivered
13077,34566,22-04-2021,,dhl,Delivered
13078,43173,30-08-2023,,dhl,Shipped
13079,65087,16-08-2023,,fedex,Delivered
13080,2684,02-01-2024,,dhl,Delivered
13081,65693,25-09-2024,,fedex,Delivered
13082,22748,20-05-2023,,ups,Delivered
13083,58288,24-08-2023,,fedex,Delivered
13084,6221,03-05-2023,,delhivery,Delivered
13085,78717,29-12-2024,,fedex,Delivered
13086,80424,10-12-2020,,bluedart,Delivered
13087,82959,26-10-2020,,bluedart,In Transit
13088,23631,18-05-2023,09-06-2023,dhl,Returned
13089,5129,15-03-2020,,fedex,Shipped
13090,22197,08-12-2023,,bluedart,Shipped
13091,40683,04-01-2024,,fedex,Delivered
13092,55160,06-03-2022,,fedex,Delivered
13093,89644,25-07-2023,,fedex,Shipped
13094,39107,16-02-2023,,bluedart,Delivered
13095,2177,12-09-2020,,bluedart,In Transit
13096,26234,22-08-2021,,usps,Delivered
13097,21250,05-04-2023,,dhl,Delivered
13098,74460,27-10-2021,,fedex,Delivered
13099,83467,16-01-2021,,dhl,Delivered
13100,34733,28-07-2021,,bluedart,Delivered
13101,73505,27-03-2022,,fedex,Cancelled
13102,47169,12-03-2024,,delhivery,Delivered
13103,49364,08-07-2023,,fedex,Delivered
13104,86501,26-12-2024,,ups,Shipped
13105,67238,26-07-2021,,fedex,Delivered
13106,27986,30-06-2024,26-07-2024,fedex,Returned
13107,77454,27-12-2024,,fedex,Delivered
13108,5243,20-02-2023,,dhl,Delivered
13109,48373,20-09-2024,,bluedart,Delivered
13110,76784,15-07-2021,,fedex,Delivered
13111,43890,20-11-2023,,dhl,Delivered
13112,69869,04-07-2021,,fedex,Delivered
13113,63485,24-12-2021,,fedex,Delivered
13114,55568,23-12-2022,,bluedart,Delivered
13115,34558,21-02-2024,,fedex,Delivered
13116,3104,06-07-2023,,usps,Delivered
13117,61760,23-06-2022,,fedex,Delivered
13118,87397,20-04-2023,,fedex,Delivered
13119,54093,24-11-2022,,fedex,Delivered
13120,60245,25-11-2021,20-12-2021,fedex,Returned
13121,58196,28-04-2023,,usps,Delivered
13122,33535,02-03-2023,,fedex,Delivered
13123,96537,10-11-2020,28-11-2020,usps,Returned
13124,25883,24-01-2024,,usps,Delivered
13125,81245,20-08-2023,,dhl,In Transit
13126,3431,14-01-2024,,ups,Delivered
13127,76120,10-03-2023,,bluedart,Delivered
13128,70601,29-05-2023,,fedex,Delivered
13129,92300,29-06-2021,,dhl,Delivered
13130,1061,04-02-2020,,fedex,Delivered
13131,91610,16-02-2023,,fedex,Delivered
13132,64417,29-08-2022,,usps,Delivered
13133,32191,14-10-2021,,dhl,Delivered
13134,98338,20-09-2020,,fedex,Delivered
13135,29329,26-09-2023,,ups,Delivered
13136,77547,27-02-2024,,fedex,Delivered
13137,88815,05-03-2020,,bluedart,Delivered
13138,52163,17-06-2020,,bluedart,In Transit
13139,1851,11-04-2023,,usps,Cancelled
13140,55338,31-05-2020,,dhl,Delivered
13141,35375,15-08-2020,,fedex,Delivered
13142,64309,27-09-2022,,ups,Delivered
13143,9789,30-11-2021,,dhl,Delivered
13144,73292,31-10-2020,,dhl,Delivered
13145,98497,04-12-2023,,fedex,Delivered
13146,75897,30-05-2024,,delhivery,Delivered
13147,19627,19-09-2021,,delhivery,Delivered
13148,60757,30-08-2020,,fedex,Delivered
13149,83919,15-03-2022,,fedex,Delivered
13150,19656,04-05-2021,,fedex,Delivered
13151,36308,04-06-2021,,fedex,Shipped
13152,86184,19-02-2022,,ups,Delivered
13153,28710,30-10-2024,,dhl,Delivered
13154,98188,12-09-2022,,fedex,Delivered
13155,28010,04-02-2020,,bluedart,Delivered
13156,93245,01-05-2021,,bluedart,Delivered
13157,79068,02-03-2022,,bluedart,Delivered
13158,82226,03-03-2021,,fedex,Shipped
13159,27367,22-10-2024,,ups,Delivered
13160,81539,11-09-2024,,dhl,Delivered
13161,31031,27-09-2024,,fedex,Delivered
13162,35076,15-06-2022,,bluedart,Delivered
13163,91821,07-02-2020,,dhl,Delivered
13164,62196,28-12-2021,,fedex,In Transit
13165,49570,10-07-2023,,dhl,Delivered
13166,70776,23-09-2021,,usps,In Transit
13167,8227,01-11-2023,,dhl,Delivered
13168,35588,04-01-2023,31-01-2023,dhl,Returned
13169,84023,16-03-2021,,fedex,Delivered
13170,38108,07-04-2022,,fedex,Delivered
13171,6786,04-01-2025,,fedex,Delivered
13172,71400,06-08-2021,,dhl,Delivered
13173,57265,29-06-2021,,bluedart,Delivered
13174,91596,10-07-2023,,fedex,Delivered
13175,30220,10-10-2022,,ups,Delivered
13176,17753,14-04-2020,,fedex,Delivered
13177,82177,15-08-2021,,bluedart,Delivered
13178,37449,24-07-2022,,dhl,Delivered
13179,63711,21-07-2022,,fedex,Shipped
13180,9707,07-08-2020,,dhl,Delivered
13181,24529,24-11-2022,,fedex,Delivered
13182,91097,06-06-2020,,fedex,Shipped
13183,21031,18-05-2023,,fedex,Delivered
13184,35529,09-11-2022,,bluedart,Delivered
13185,3026,02-06-2022,,delhivery,Delivered
13186,5096,03-02-2020,,fedex,Delivered
13187,47990,24-03-2024,,fedex,Cancelled
13188,18046,17-12-2020,,dhl,Delivered
13189,9236,09-05-2022,,fedex,Delivered
13190,41054,30-12-2020,,bluedart,Delivered
13191,81025,25-03-2020,,dhl,Shipped
13192,99089,25-09-2024,,bluedart,Delivered
13193,34697,21-05-2023,,delhivery,Delivered
13194,61428,16-06-2023,,ups,Cancelled
13195,33706,27-12-2022,,dhl,Shipped
13196,81683,08-12-2020,,dhl,Delivered
13197,42742,19-07-2023,,fedex,Delivered
13198,87048,10-01-2020,,usps,Delivered
13199,34847,11-11-2022,,fedex,Delivered
13200,75839,19-12-2024,,fedex,Delivered
13201,84659,09-11-2020,,dhl,Delivered
13202,80367,11-08-2020,,ups,Delivered
13203,37313,10-02-2022,,fedex,Delivered
13204,50515,29-04-2021,,fedex,Delivered
13205,11301,01-05-2021,,fedex,Delivered
13206,69642,07-03-2020,,ups,Delivered
13207,47479,21-04-2021,,fedex,Delivered
13208,19797,18-06-2024,,fedex,In Transit
13209,86948,06-02-2024,,fedex,Delivered
13210,79364,21-07-2022,,ups,In Transit
13211,67948,19-11-2022,,bluedart,Delivered
13212,10068,08-08-2021,,fedex,Delivered
13213,25725,21-11-2021,,delhivery,Delivered
13214,87715,13-12-2022,,fedex,Delivered
13215,44019,13-06-2024,,usps,Delivered
13216,46526,13-01-2021,,fedex,Shipped
13217,92357,31-12-2024,,bluedart,Delivered
13218,54180,30-09-2022,,fedex,Delivered
13219,30095,15-02-2024,,usps,Shipped
13220,63251,16-07-2022,,fedex,Delivered
13221,40773,21-10-2021,,fedex,Delivered
13222,25344,16-09-2023,,fedex,Delivered
13223,10217,16-06-2024,,usps,Delivered
13224,7943,11-01-2021,,bluedart,Delivered
13225,29938,18-05-2023,,fedex,Delivered
13226,17872,29-06-2020,,ups,Delivered
13227,45969,19-11-2020,05-12-2020,fedex,Returned
13228,40618,29-03-2022,,dhl,Shipped
13229,94245,03-06-2021,,fedex,Delivered
13230,39660,03-05-2021,,fedex,Delivered
13231,79660,24-05-2022,,dhl,Delivered
13232,17629,09-06-2024,,fedex,Delivered
13233,84006,10-04-2021,,dhl,In Transit
13234,76563,08-12-2023,,usps,Shipped
13235,92392,19-03-2021,,delhivery,Delivered
13236,17682,14-05-2022,,fedex,In Transit
13237,16854,16-07-2020,,dhl,Delivered
13238,59502,21-02-2023,,fedex,Delivered
13239,46604,24-09-2022,,bluedart,Shipped
13240,94983,02-01-2021,,fedex,Delivered
13241,31519,10-12-2020,,fedex,Delivered
13242,75758,17-09-2021,,dhl,Cancelled
13243,59694,09-07-2023,,fedex,Delivered
13244,73240,07-10-2022,,fedex,Delivered
13245,62906,26-12-2021,,fedex,Delivered
13246,17263,28-04-2022,,dhl,Delivered
13247,74608,27-08-2021,,ups,In Transit
13248,98830,25-02-2020,,bluedart,Delivered
13249,16622,25-06-2020,,dhl,Delivered
13250,77865,16-07-2021,,fedex,Shipped
13251,8318,07-12-2021,,dhl,Cancelled
13252,36616,04-08-2021,,fedex,Delivered
13253,97312,28-05-2023,,bluedart,Delivered
13254,13333,15-12-2024,,fedex,In Transit
13255,58261,30-09-2023,,bluedart,Delivered
13256,20234,25-09-2021,,fedex,Shipped
13257,16177,20-10-2020,,dhl,In Transit
13258,27741,25-04-2020,,bluedart,Delivered
13259,20053,13-11-2021,,ups,Delivered
13260,39944,03-05-2022,,fedex,Delivered
13261,25340,07-12-2022,,dhl,Delivered
13262,9613,22-09-2020,,bluedart,Shipped
13263,6739,30-05-2021,,fedex,Delivered
13264,18149,09-03-2021,,fedex,Delivered
13265,13903,13-07-2021,,dhl,Delivered
13266,11749,09-09-2022,,ups,In Transit
13267,62150,27-03-2023,,fedex,Delivered
13268,48346,17-11-2022,,bluedart,Delivered
13269,42766,05-07-2022,,dhl,Delivered
13270,83853,07-11-2020,22-11-2020,fedex,Returned
13271,11828,09-10-2022,,dhl,Delivered
13272,84522,25-04-2022,,ups,Delivered
13273,30372,15-09-2023,,ups,Delivered
13274,77780,27-03-2024,,delhivery,Delivered
13275,41152,17-10-2023,,bluedart,Delivered
13276,12870,14-03-2024,,fedex,Delivered
13277,37017,09-11-2023,,delhivery,Delivered
13278,21986,19-01-2022,,fedex,Delivered
13279,47937,01-05-2023,,bluedart,Delivered
13280,1578,11-07-2024,,fedex,Delivered
13281,23572,23-03-2020,,bluedart,Delivered
13282,72387,29-04-2020,,ups,Delivered
13283,61164,31-05-2023,,fedex,Delivered
13284,98328,09-03-2022,,bluedart,In Transit
13285,8271,12-08-2020,,fedex,Delivered
13286,45364,24-01-2023,,fedex,Delivered
13287,51464,05-06-2024,,dhl,Delivered
13288,54973,07-01-2021,,fedex,Delivered
13289,77079,28-07-2023,,fedex,Shipped
13290,62785,30-07-2023,,delhivery,Delivered
13291,67944,05-09-2020,,fedex,Delivered
13292,77035,08-06-2023,,bluedart,Delivered
13293,56784,31-08-2022,,fedex,Delivered
13294,14451,03-04-2021,,dhl,Delivered
13295,43959,05-09-2023,,dhl,Cancelled
13296,4672,23-05-2022,,fedex,In Transit
13297,80622,03-05-2020,,fedex,Delivered
13298,7384,21-10-2023,,bluedart,Delivered
13299,67824,21-01-2021,,fedex,Delivered
13300,86891,29-05-2022,12-06-2022,fedex,Returned
13301,91939,13-03-2023,,fedex,In Transit
13302,44624,16-07-2021,,dhl,Shipped
13303,60285,15-01-2023,,dhl,Delivered
13304,38156,01-05-2024,,fedex,Delivered
13305,2656,11-07-2022,,fedex,Delivered
13306,36152,26-02-2020,,fedex,Delivered
13307,38921,06-01-2021,,ups,Delivered
13308,36674,22-10-2021,,delhivery,Delivered
13309,7442,29-06-2021,,ups,Delivered
13310,89571,08-11-2020,,fedex,Delivered
13311,96363,20-02-2023,,usps,Delivered
13312,19430,18-06-2024,,fedex,Delivered
13313,46884,30-10-2020,,usps,Shipped
13314,31641,25-07-2021,,fedex,Delivered
13315,56549,10-12-2021,,ups,Delivered
13316,63535,25-12-2023,,dhl,Delivered
13317,87231,05-08-2020,,bluedart,Delivered
13318,70059,23-03-2022,,fedex,Delivered
13319,63224,02-08-2021,,usps,Delivered
13320,34381,30-07-2020,,fedex,Delivered
13321,81654,24-12-2022,,dhl,Delivered
13322,47110,03-12-2022,,fedex,Delivered
13323,9325,01-08-2021,,fedex,Delivered
13324,73632,23-07-2022,,fedex,Delivered
13325,99477,13-05-2023,,fedex,Delivered
13326,9099,17-12-2024,,fedex,In Transit
13327,54876,05-03-2020,,fedex,Shipped
13328,61487,08-08-2021,,fedex,Delivered
13329,9020,28-06-2023,,bluedart,Delivered
13330,46109,21-08-2022,,fedex,Delivered
13331,70067,11-11-2020,,fedex,Shipped
13332,15900,12-06-2022,,usps,Delivered
13333,81201,26-03-2024,,bluedart,Delivered
13334,47097,18-02-2023,,delhivery,Delivered
13335,36762,16-02-2024,,fedex,Cancelled
13336,13759,09-06-2024,,bluedart,Cancelled
13337,3830,25-03-2022,,fedex,Delivered
13338,67773,31-03-2023,,ups,Delivered
13339,75431,16-01-2021,,delhivery,Cancelled
13340,45045,08-12-2024,,usps,Delivered
13341,88493,16-02-2024,,bluedart,Delivered
13342,50747,12-11-2023,,delhivery,Delivered
13343,96741,14-06-2024,,fedex,Cancelled
13344,77811,10-11-2022,,ups,Delivered
13345,76215,01-07-2020,,ups,Delivered
13346,36643,12-02-2021,,fedex,Delivered
13347,13931,28-02-2024,,dhl,Delivered
13348,10763,06-06-2021,,usps,Delivered
13349,81819,13-08-2021,,fedex,Delivered
13350,99839,25-11-2024,12-12-2024,fedex,Returned
13351,1295,19-07-2020,,bluedart,Delivered
13352,17316,25-03-2020,,fedex,Delivered
13353,87007,03-06-2021,,fedex,Delivered
13354,62952,30-07-2021,,delhivery,Delivered
13355,77779,20-01-2020,,fedex,Delivered
13356,54307,30-06-2023,16-07-2023,fedex,Returned
13357,25586,25-10-2020,,usps,Delivered
13358,57516,09-09-2023,,fedex,Delivered
13359,45231,22-03-2023,,dhl,Delivered
13360,87932,08-01-2024,,fedex,Cancelled
13361,50617,08-11-2023,,fedex,Shipped
13362,25235,17-06-2023,,fedex,Delivered
13363,48727,12-05-2021,,dhl,Shipped
13364,3673,19-01-2024,,dhl,Delivered
13365,57324,05-08-2023,,delhivery,Shipped
13366,28536,31-07-2022,,fedex,Delivered
13367,10514,25-11-2024,,fedex,Delivered
13368,49246,17-05-2023,,fedex,Delivered
13369,69809,25-02-2024,,dhl,Delivered
13370,2414,19-02-2024,,bluedart,Delivered
13371,28685,30-11-2022,,bluedart,Delivered
13372,79410,27-05-2021,,fedex,Delivered
13373,34608,16-11-2024,,fedex,Delivered
13374,21232,17-08-2023,,fedex,Delivered
13375,24081,28-12-2022,,dhl,Shipped
13376,26819,22-11-2023,17-12-2023,ups,Returned
13377,15736,09-02-2022,,fedex,Delivered
13378,22875,11-11-2024,,dhl,Delivered
13379,4631,25-07-2021,,fedex,In Transit
13380,25166,17-10-2020,,fedex,Cancelled
13381,89733,10-07-2020,,dhl,Delivered
13382,54846,05-01-2024,,dhl,Delivered
13383,98029,04-05-2023,,fedex,Shipped
13384,45858,08-03-2022,,dhl,Delivered
13385,67543,17-04-2022,,fedex,Delivered
13386,32425,03-06-2023,,dhl,Delivered
13387,12594,11-04-2024,,fedex,Delivered
13388,12949,23-06-2020,,bluedart,Delivered
13389,58270,30-07-2022,14-08-2022,dhl,Returned
13390,23849,24-05-2023,,bluedart,Shipped
13391,77907,25-11-2020,,dhl,Delivered
13392,30265,06-11-2023,,usps,Delivered
13393,87946,04-06-2020,,fedex,Delivered
13394,24888,04-04-2024,,fedex,Delivered
13395,31209,16-02-2023,,fedex,Delivered
13396,30287,19-02-2022,,fedex,Delivered
13397,2577,30-04-2024,,fedex,Delivered
13398,18613,10-02-2020,,fedex,Delivered
13399,20711,12-11-2024,,delhivery,Shipped
13400,15961,27-07-2022,,fedex,Delivered
13401,4154,26-06-2021,,fedex,Delivered
13402,9751,26-05-2022,,fedex,Delivered
13403,15834,29-08-2020,,bluedart,Delivered
13404,7443,02-09-2024,,fedex,Delivered
13405,84575,11-03-2020,,bluedart,In Transit
13406,77062,24-07-2023,,delhivery,Delivered
13407,9716,27-05-2022,,dhl,Shipped
13408,69159,21-11-2023,,fedex,Delivered
13409,35429,05-12-2020,12-12-2020,dhl,Returned
13410,95181,09-09-2021,,fedex,Delivered
13411,15602,30-06-2021,,delhivery,Delivered
13412,57903,18-03-2023,,fedex,Delivered
13413,44139,13-07-2021,,fedex,Shipped
13414,87467,14-07-2021,,fedex,Delivered
13415,56738,19-08-2023,02-09-2023,fedex,Returned
13416,33061,07-01-2020,,fedex,Delivered
13417,89049,10-02-2021,,fedex,Delivered
13418,32578,23-12-2021,,ups,Delivered
13419,87032,26-02-2023,,bluedart,Delivered
13420,84108,29-03-2020,,fedex,Delivered
13421,80338,19-04-2022,,fedex,Delivered
13422,52662,29-04-2023,,dhl,Shipped
13423,62288,26-02-2022,,fedex,In Transit
13424,70557,26-08-2020,,dhl,Delivered
13425,71618,21-11-2021,,fedex,Delivered
13426,46824,30-04-2024,,usps,Delivered
13427,81240,01-06-2022,,dhl,Delivered
13428,45260,29-03-2022,,ups,Shipped
13429,30318,30-04-2023,,fedex,Shipped
13430,51576,17-03-2020,,fedex,Delivered
13431,22390,26-06-2022,,dhl,Delivered
13432,12147,29-08-2022,,fedex,Delivered
13433,41312,20-06-2021,25-06-2021,dhl,Returned
13434,90468,02-03-2024,,dhl,In Transit
13435,85909,09-05-2023,,bluedart,Delivered
13436,97128,23-12-2023,,fedex,Delivered
13437,28713,24-08-2023,,bluedart,Delivered
13438,46620,14-06-2024,,fedex,Delivered
13439,3067,02-09-2024,,fedex,Delivered
13440,80669,19-11-2024,19-12-2024,fedex,Returned
13441,84592,26-01-2023,,delhivery,In Transit
13442,72452,15-06-2020,,fedex,Delivered
13443,74798,13-04-2021,,delhivery,Delivered
13444,1273,03-01-2022,,fedex,Delivered
13445,49192,11-11-2020,,fedex,Delivered
13446,84082,07-01-2024,,dhl,Delivered
13447,70578,28-12-2021,,fedex,Cancelled
13448,95973,31-01-2022,,dhl,Delivered
13449,16163,31-01-2021,11-02-2021,fedex,Returned
13450,52057,11-11-2022,,fedex,Shipped
13451,54432,25-08-2022,,ups,Delivered
13452,60643,05-07-2022,,fedex,Delivered
13453,32272,04-06-2023,,bluedart,Delivered
13454,12789,09-08-2021,,fedex,Delivered
13455,74562,06-09-2021,,fedex,Delivered
13456,85718,25-09-2022,,ups,Delivered
13457,83921,07-05-2020,,bluedart,Delivered
13458,46718,22-07-2024,,dhl,Delivered
13459,94311,29-01-2021,,bluedart,Shipped
13460,28745,16-03-2021,,fedex,Delivered
13461,99619,14-09-2021,,fedex,Shipped
13462,10810,01-02-2020,,bluedart,Delivered
13463,72358,24-10-2023,,fedex,Delivered
13464,27923,19-11-2024,,fedex,Delivered
13465,76918,15-04-2024,,dhl,Delivered
13466,21939,15-09-2022,,dhl,In Transit
13467,62855,22-01-2021,,bluedart,Delivered
13468,78275,12-08-2023,,fedex,Delivered
13469,1692,09-02-2021,,bluedart,In Transit
13470,54872,16-05-2024,28-05-2024,dhl,Returned
13471,61550,27-10-2021,,fedex,Delivered
13472,80513,11-09-2022,,fedex,Delivered
13473,71776,19-04-2022,14-05-2022,dhl,Returned
13474,22819,11-09-2021,,fedex,In Transit
13475,41698,13-02-2024,,dhl,Delivered
13476,23818,26-12-2022,,dhl,Delivered
13477,47317,18-08-2023,,fedex,Delivered
13478,92731,20-10-2022,,fedex,Delivered
13479,36066,09-11-2022,,fedex,Delivered
13480,31807,29-06-2020,,fedex,Delivered
13481,60767,26-07-2023,,bluedart,Delivered
13482,82473,22-03-2022,,usps,Delivered
13483,70306,19-12-2022,07-01-2023,fedex,Returned
13484,28390,01-10-2020,,ups,Delivered
13485,15620,09-09-2022,,ups,Delivered
13486,61775,15-12-2021,,dhl,Delivered
13487,48422,15-12-2021,,fedex,In Transit
13488,11518,12-03-2020,,fedex,Shipped
13489,6300,12-08-2023,,ups,Delivered
13490,69234,28-02-2024,,fedex,Delivered
13491,13134,26-06-2024,,bluedart,Delivered
13492,5060,20-08-2023,,fedex,Delivered
13493,99834,11-10-2024,,fedex,Delivered
13494,64154,28-12-2023,,ups,Shipped
13495,33534,20-03-2020,,dhl,Delivered
13496,74086,25-04-2022,,fedex,Delivered
13497,54754,19-10-2021,,ups,Delivered
13498,12193,19-01-2023,,fedex,Delivered
13499,37488,02-01-2024,,fedex,In Transit
13500,34827,21-02-2021,,fedex,Delivered
13501,6579,04-09-2022,,fedex,Delivered
13502,43706,19-07-2024,,fedex,Delivered
13503,99082,06-04-2023,,dhl,Delivered
13504,36562,18-11-2023,,fedex,Delivered
13505,4212,19-06-2024,,dhl,Delivered
13506,48628,04-09-2022,,bluedart,Delivered
13507,97468,05-05-2022,,fedex,In Transit
13508,12382,07-02-2020,,fedex,In Transit
13509,54956,06-04-2024,,fedex,Delivered
13510,62342,01-06-2021,,fedex,Delivered
13511,70955,10-04-2022,,fedex,Delivered
13512,52521,28-02-2023,,fedex,Delivered
13513,23428,28-05-2021,,fedex,Cancelled
13514,57734,10-01-2024,,usps,Shipped
13515,82842,07-11-2020,,ups,Shipped
13516,92328,08-10-2020,,fedex,Delivered
13517,28150,04-12-2020,,fedex,Delivered
13518,11450,28-01-2024,,dhl,Delivered
13519,82319,18-02-2021,,dhl,Delivered
13520,91966,18-07-2022,,delhivery,Delivered
13521,88298,24-03-2021,,fedex,Delivered
13522,54580,07-08-2024,,bluedart,Delivered
13523,95708,01-02-2021,,bluedart,Cancelled
13524,78231,18-07-2023,,ups,Delivered
13525,77048,21-11-2021,,fedex,Delivered
13526,19701,16-03-2020,,fedex,Delivered
13527,40268,25-02-2021,,dhl,Cancelled
13528,75112,25-10-2022,,fedex,Delivered
13529,88245,05-02-2020,,dhl,Delivered
13530,4313,30-01-2023,,bluedart,Delivered
13531,10070,16-09-2024,,dhl,Delivered
13532,16745,26-11-2024,,fedex,Delivered
13533,11445,02-06-2024,,fedex,Delivered
13534,59552,20-04-2021,,ups,Delivered
13535,71559,19-09-2023,,fedex,Shipped
13536,75728,28-12-2024,,fedex,Delivered
13537,87483,10-09-2021,,usps,Delivered
13538,38469,26-02-2022,18-03-2022,bluedart,Returned
13539,48403,09-05-2023,,bluedart,Delivered
13540,3355,31-03-2023,,usps,Delivered
13541,35894,25-02-2020,,fedex,In Transit
13542,47758,11-08-2024,,ups,Delivered
13543,65779,12-08-2022,,delhivery,Delivered
13544,39352,04-04-2023,,fedex,Delivered
13545,34408,18-01-2021,,ups,Cancelled
13546,88327,18-09-2024,12-10-2024,usps,Returned
13547,64249,14-06-2022,,dhl,Shipped
13548,44450,07-04-2023,,usps,Delivered
13549,69259,17-02-2021,,fedex,Delivered
13550,39044,27-05-2023,,dhl,Delivered
13551,17149,11-10-2023,,fedex,Delivered
13552,66841,18-03-2022,,fedex,Delivered
13553,17757,26-07-2021,,fedex,Delivered
13554,94542,18-04-2022,,fedex,Shipped
13555,36582,05-10-2023,,delhivery,Shipped
13556,53442,11-02-2024,,bluedart,Delivered
13557,79707,27-10-2021,,fedex,Delivered
13558,67590,03-01-2022,,fedex,Delivered
13559,2010,28-04-2024,,fedex,Delivered
13560,69551,23-06-2022,,fedex,Shipped
13561,5989,27-03-2020,,bluedart,Delivered
13562,34186,19-01-2024,,dhl,Delivered
13563,11772,17-06-2022,,bluedart,Delivered
13564,18504,20-03-2020,,fedex,Delivered
13565,49348,28-10-2024,,fedex,Cancelled
13566,58781,26-07-2023,,dhl,In Transit
13567,43132,16-12-2020,,fedex,Delivered
13568,57247,04-07-2024,,bluedart,Delivered
13569,60857,28-05-2020,,fedex,Delivered
13570,81699,31-05-2023,,dhl,Delivered
13571,16013,15-06-2022,,bluedart,Delivered
13572,71116,15-09-2023,,fedex,Delivered
13573,26325,29-12-2022,27-01-2023,delhivery,Returned
13574,65873,04-05-2020,,fedex,Delivered
13575,56800,22-03-2022,,dhl,Delivered
13576,3338,13-08-2021,,delhivery,Delivered
13577,86883,07-04-2021,,ups,Delivered
13578,53599,07-12-2021,,bluedart,Delivered
13579,33999,27-04-2022,,fedex,Delivered
13580,55154,24-07-2022,,usps,Delivered
13581,40515,01-03-2024,,fedex,Delivered
13582,5720,17-10-2022,,bluedart,Delivered
13583,18801,29-05-2024,,ups,Delivered
13584,58717,30-09-2021,,ups,Cancelled
13585,88137,30-06-2022,,usps,Shipped
13586,72581,04-08-2020,,dhl,Delivered
13587,73278,06-05-2020,,dhl,Delivered
13588,31794,02-11-2021,,fedex,Delivered
13589,10823,14-06-2023,,dhl,Shipped
13590,77205,13-08-2021,,fedex,Delivered
13591,80476,09-08-2022,14-08-2022,fedex,Returned
13592,84215,22-03-2022,,fedex,Delivered
13593,9702,10-02-2024,,fedex,Delivered
13594,40308,11-10-2021,,ups,Delivered
13595,41171,18-10-2023,,bluedart,Delivered
13596,97401,16-08-2020,,bluedart,Delivered
13597,40486,03-07-2023,,dhl,Delivered
13598,3188,18-11-2023,,fedex,Delivered
13599,28846,28-12-2023,,bluedart,Delivered
13600,25037,02-12-2023,,dhl,Delivered
13601,87687,24-10-2023,,dhl,Delivered
13602,94924,23-04-2021,,dhl,Shipped
13603,66835,19-02-2020,,fedex,Delivered
13604,64625,27-04-2024,,dhl,Delivered
13605,58756,05-02-2020,,usps,Delivered
13606,6725,15-03-2022,,dhl,Delivered
13607,99203,09-04-2022,,delhivery,Delivered
13608,51531,12-09-2024,,fedex,Delivered
13609,92464,27-06-2020,,delhivery,Shipped
13610,32658,05-03-2022,,fedex,Delivered
13611,33342,06-09-2021,,fedex,Delivered
13612,23958,04-01-2024,26-01-2024,dhl,Returned
13613,42383,15-08-2021,,fedex,Delivered
13614,47492,15-05-2020,,fedex,Delivered
13615,45213,08-09-2023,,fedex,Delivered
13616,76436,19-10-2020,,bluedart,Shipped
13617,36922,15-12-2023,,dhl,Delivered
13618,41579,16-12-2021,,ups,Delivered
13619,75482,06-02-2022,,dhl,In Transit
13620,16704,11-12-2022,,fedex,Shipped
13621,22333,15-09-2020,,dhl,Shipped
13622,51445,26-01-2021,,usps,Delivered
13623,15882,31-12-2020,,bluedart,Delivered
13624,67396,19-04-2022,,ups,Shipped
13625,69447,12-06-2024,,dhl,Delivered
13626,17478,26-02-2021,,dhl,In Transit
13627,78776,13-08-2023,30-08-2023,fedex,Returned
13628,42751,27-09-2024,,bluedart,Delivered
13629,95591,09-07-2021,,dhl,Delivered
13630,21518,22-05-2020,,usps,Delivered
13631,71195,26-06-2022,,fedex,Delivered
13632,25297,17-05-2020,,fedex,Shipped
13633,66891,18-07-2021,,fedex,Cancelled
13634,88454,18-09-2021,,fedex,Delivered
13635,6865,16-01-2022,,delhivery,Delivered
13636,51126,01-07-2022,,ups,Delivered
13637,53275,28-07-2022,,fedex,Delivered
13638,57909,26-11-2020,,fedex,Delivered
13639,9514,28-09-2022,,ups,Cancelled
13640,92229,06-10-2020,,delhivery,Delivered
13641,86902,20-08-2023,,bluedart,Delivered
13642,91668,18-05-2023,,fedex,Delivered
13643,28689,06-02-2021,,fedex,Delivered
13644,57009,12-07-2020,,dhl,Delivered
13645,96042,26-04-2022,,fedex,Delivered
13646,17317,07-11-2022,18-11-2022,fedex,Returned
13647,91236,10-06-2022,,fedex,Delivered
13648,59805,01-11-2023,,bluedart,In Transit
13649,50729,03-03-2020,,fedex,Delivered
13650,51990,01-12-2023,,bluedart,Delivered
13651,64895,06-12-2022,,fedex,Delivered
13652,7692,24-09-2024,,fedex,Delivered
13653,77228,06-12-2023,,bluedart,Delivered
13654,1185,21-07-2023,,fedex,Delivered
13655,54647,04-01-2025,,fedex,Delivered
13656,31480,15-09-2023,,fedex,Delivered
13657,57659,27-01-2024,,ups,Delivered
13658,85096,03-10-2021,,bluedart,Delivered
13659,39998,14-12-2022,,ups,Delivered
13660,77005,26-07-2020,,bluedart,Delivered
13661,94412,23-01-2023,,dhl,Shipped
13662,45529,20-04-2024,,dhl,Delivered
13663,79723,08-06-2022,,fedex,In Transit
13664,15472,05-11-2023,,fedex,Delivered
13665,64738,27-07-2020,,fedex,Delivered
13666,81151,11-05-2022,,fedex,Delivered
13667,24158,06-09-2021,,bluedart,Delivered
13668,49167,29-06-2022,,delhivery,Delivered
13669,88728,27-07-2023,,fedex,Shipped
13670,72536,18-11-2023,,fedex,Delivered
13671,76031,04-06-2020,,fedex,Shipped
13672,98600,15-03-2021,,fedex,Delivered
13673,35468,21-10-2023,,usps,Delivered
13674,51779,02-08-2024,,ups,Shipped
13675,76354,14-05-2023,,fedex,Shipped
13676,33520,06-03-2024,,bluedart,Shipped
13677,15969,06-10-2023,,bluedart,Shipped
13678,90819,18-10-2021,,dhl,Delivered
13679,17441,10-06-2022,,bluedart,In Transit
13680,19868,29-05-2022,,dhl,Delivered
13681,41721,16-11-2021,,ups,Delivered
13682,7746,10-04-2021,,dhl,Delivered
13683,68786,17-04-2024,,usps,Delivered
13684,61728,23-02-2020,,delhivery,Delivered
13685,89448,23-11-2021,,fedex,Delivered
13686,43781,27-03-2022,,ups,Delivered
13687,10579,04-12-2024,10-12-2024,fedex,Returned
13688,69113,24-07-2022,,bluedart,Delivered
13689,31557,06-07-2024,,fedex,Delivered
13690,30417,10-12-2020,,fedex,Delivered
13691,96787,02-02-2023,,dhl,Delivered
13692,77393,26-01-2021,,dhl,Delivered
13693,51777,19-07-2021,,fedex,Delivered
13694,4808,09-08-2021,,fedex,Delivered
13695,50508,30-08-2024,,delhivery,Delivered
13696,35078,29-12-2022,,dhl,Delivered
13697,68193,05-12-2024,,fedex,Delivered
13698,17919,04-09-2024,,dhl,Delivered
13699,88944,04-10-2023,,delhivery,Shipped
13700,4933,13-10-2023,,dhl,Shipped
13701,49187,26-11-2024,,ups,Delivered
13702,11519,13-02-2020,,dhl,Delivered
13703,1822,23-12-2022,,fedex,In Transit
13704,36169,24-10-2024,,fedex,Delivered
13705,15885,28-09-2020,,fedex,Delivered
13706,60080,15-06-2022,,fedex,Cancelled
13707,8194,13-05-2023,,fedex,Delivered
13708,22459,04-05-2023,,ups,Delivered
13709,4713,29-06-2023,,fedex,Delivered
13710,43533,15-01-2020,,dhl,Delivered
13711,94426,09-05-2020,,fedex,In Transit
13712,9299,31-10-2022,,ups,Delivered
13713,48555,20-02-2021,,dhl,Delivered
13714,13218,18-03-2022,,bluedart,Shipped
13715,3115,30-03-2021,,bluedart,Delivered
13716,8272,14-01-2022,,usps,Delivered
13717,43655,03-01-2024,,dhl,Delivered
13718,22395,05-01-2021,,fedex,Shipped
13719,91109,30-08-2023,,ups,Delivered
13720,31746,05-05-2024,,dhl,Delivered
13721,61646,28-12-2021,,fedex,In Transit
13722,2563,22-05-2023,,dhl,Delivered
13723,41267,11-01-2023,,fedex,Delivered
13724,66577,12-12-2022,,fedex,Cancelled
13725,5910,11-10-2024,,fedex,Delivered
13726,46979,20-09-2022,,fedex,Delivered
13727,43810,16-09-2024,,fedex,In Transit
13728,92783,27-08-2022,,ups,Delivered
13729,49912,20-10-2020,,bluedart,Delivered
13730,21800,17-12-2020,,ups,Delivered
13731,80276,04-06-2021,,delhivery,Cancelled
13732,70593,03-12-2022,,delhivery,Cancelled
13733,59118,27-06-2020,,fedex,Delivered
13734,89372,08-07-2024,,ups,Shipped
13735,50707,24-11-2021,,fedex,Delivered
13736,6108,12-02-2022,,ups,Delivered
13737,80479,02-10-2021,,dhl,Delivered
13738,21458,19-11-2023,,delhivery,Delivered
13739,14573,29-07-2024,,fedex,Delivered
13740,4009,18-09-2021,,fedex,Delivered
13741,78864,17-09-2023,,fedex,Delivered
13742,46743,02-06-2024,,dhl,In Transit
13743,14565,10-05-2022,,dhl,Delivered
13744,70457,11-08-2024,,ups,Delivered
13745,51842,15-05-2024,,ups,In Transit
13746,71681,19-03-2021,,dhl,Delivered
13747,77472,16-07-2022,02-08-2022,ups,Returned
13748,57030,30-09-2020,,dhl,Shipped
13749,84790,04-05-2020,,fedex,Shipped
13750,45428,04-09-2021,,ups,Cancelled
13751,33929,17-12-2020,,fedex,Delivered
13752,1955,21-04-2022,,delhivery,Delivered
13753,67476,10-02-2021,,fedex,Delivered
13754,66293,25-09-2024,,dhl,Shipped
13755,89701,27-06-2024,,fedex,Delivered
13756,15475,29-07-2022,20-08-2022,fedex,Returned
13757,36689,03-03-2023,16-03-2023,fedex,Returned
13758,67076,18-08-2021,,fedex,Delivered
13759,9253,12-07-2023,,fedex,Delivered
13760,36231,22-05-2024,,usps,Delivered
13761,4786,03-11-2020,,delhivery,Cancelled
13762,28654,28-07-2022,,fedex,Delivered
13763,77027,07-01-2021,,usps,Delivered
13764,44928,17-07-2022,,ups,Delivered
13765,56782,05-10-2023,,delhivery,Delivered
13766,85084,05-07-2022,,fedex,Shipped
13767,35598,07-01-2022,,fedex,Delivered
13768,51593,17-03-2021,,fedex,Delivered
13769,64197,06-03-2022,,fedex,Delivered
13770,88414,28-11-2020,,delhivery,Delivered
13771,91335,02-05-2024,,dhl,Cancelled
13772,41838,03-10-2023,,fedex,Cancelled
13773,38623,05-10-2020,,delhivery,Delivered
13774,14570,07-08-2022,,bluedart,Delivered
13775,55254,23-03-2022,,fedex,Delivered
13776,22049,16-06-2023,,usps,Delivered
13777,3313,09-09-2021,,fedex,Delivered
13778,37318,31-12-2023,,ups,Delivered
13779,30057,30-05-2020,,fedex,Delivered
13780,33701,10-12-2023,,fedex,Delivered
13781,3733,13-04-2021,,fedex,Cancelled
13782,25219,03-01-2021,,ups,Delivered
13783,63831,30-09-2023,,fedex,Shipped
13784,93605,05-01-2021,,fedex,Delivered
13785,15072,02-02-2020,,delhivery,Delivered
13786,97661,02-03-2020,,dhl,Delivered
13787,73251,13-01-2021,,bluedart,Delivered
13788,88723,28-12-2022,,fedex,Delivered
13789,66465,05-02-2020,,fedex,Cancelled
13790,97350,23-06-2022,,dhl,Shipped
13791,6022,25-03-2022,,ups,Delivered
13792,9184,30-01-2024,,fedex,Delivered
13793,49631,27-04-2020,,fedex,Delivered
13794,13125,21-09-2023,,fedex,Shipped
13795,62634,01-05-2024,,dhl,Delivered
13796,96015,13-11-2020,,bluedart,Delivered
13797,35222,08-09-2020,,ups,Delivered
13798,96925,31-10-2022,,dhl,Delivered
13799,90710,30-03-2020,,fedex,Delivered
13800,35803,05-11-2024,,usps,Delivered
13801,51264,07-06-2023,,bluedart,Delivered
13802,46560,06-11-2023,,dhl,Delivered
13803,73341,23-04-2023,,ups,Shipped
13804,37975,17-05-2024,,fedex,Delivered
13805,55023,08-03-2023,,fedex,Shipped
13806,12842,17-11-2024,,bluedart,Delivered
13807,59215,03-01-2020,,fedex,Delivered
13808,85900,15-07-2020,,ups,Delivered
13809,71004,21-07-2021,,fedex,Delivered
13810,6630,15-01-2020,,bluedart,Delivered
13811,70349,07-07-2022,,fedex,Delivered
13812,88401,17-05-2023,,fedex,Delivered
13813,86810,31-12-2020,,bluedart,Delivered
13814,73960,14-12-2023,,fedex,Delivered
13815,99569,07-03-2024,,fedex,Delivered
13816,69889,18-02-2022,,fedex,Delivered
13817,43748,16-03-2021,09-04-2021,fedex,Returned
13818,33473,31-07-2022,,dhl,Delivered
13819,9772,07-12-2023,,fedex,In Transit
13820,59803,09-07-2024,,ups,Delivered
13821,95526,18-05-2022,,dhl,Delivered
13822,21924,28-01-2021,,bluedart,Delivered
13823,27853,11-04-2021,,dhl,Delivered
13824,53746,24-11-2021,,fedex,Delivered
13825,79458,24-04-2022,,dhl,Delivered
13826,68653,18-04-2022,,ups,Shipped
13827,51969,24-11-2023,,ups,Delivered
13828,73515,14-03-2021,,fedex,Delivered
13829,49996,24-01-2023,,fedex,Delivered
13830,91370,06-09-2021,,dhl,Shipped
13831,77459,31-07-2021,,ups,Shipped
13832,67659,18-05-2020,,fedex,Shipped
13833,3148,07-06-2020,,fedex,Delivered
13834,42672,23-01-2021,,ups,Delivered
13835,49235,11-12-2023,,fedex,Delivered
13836,50082,15-10-2021,,fedex,Delivered
13837,30619,06-04-2021,,bluedart,Delivered
13838,81609,17-10-2021,,dhl,In Transit
13839,70108,02-09-2023,,bluedart,Delivered
13840,97204,21-01-2024,,bluedart,Delivered
13841,84242,17-08-2020,,dhl,Delivered
13842,20908,28-10-2024,,fedex,Delivered
13843,25091,27-08-2021,,fedex,Delivered
13844,16696,17-03-2024,,fedex,Delivered
13845,97424,04-07-2023,,fedex,Shipped
13846,26796,03-11-2020,,fedex,Delivered
13847,73917,06-08-2021,,fedex,Shipped
13848,80325,03-12-2023,,fedex,Delivered
13849,5799,19-02-2024,,dhl,Delivered
13850,5360,05-04-2020,,fedex,Shipped
13851,88290,01-12-2021,,fedex,Shipped
13852,80011,08-05-2021,,ups,Delivered
13853,96214,24-11-2021,,ups,Shipped
13854,12808,30-04-2020,,ups,Delivered
13855,97220,12-10-2022,19-10-2022,dhl,Returned
13856,43853,07-12-2020,,dhl,Delivered
13857,61655,20-10-2021,,dhl,Cancelled
13858,28887,06-07-2022,,delhivery,Delivered
13859,95242,20-12-2020,,fedex,Shipped
13860,15323,08-04-2023,,fedex,Delivered
13861,61735,21-12-2024,,dhl,Delivered
13862,48999,27-01-2021,,fedex,Delivered
13863,73746,04-09-2023,,fedex,Shipped
13864,14541,07-11-2021,,fedex,Shipped
13865,22346,15-12-2021,,usps,Delivered
13866,25618,28-12-2020,,bluedart,Delivered
13867,81904,27-06-2022,,dhl,Delivered
13868,26245,04-12-2023,,fedex,Shipped
13869,96634,17-01-2023,,ups,Delivered
13870,78785,09-10-2022,,dhl,Delivered
13871,81432,29-03-2024,,fedex,Delivered
13872,41714,24-07-2024,,fedex,Delivered
13873,8378,22-12-2021,,fedex,Delivered
13874,19407,01-01-2023,,dhl,Delivered
13875,51708,15-09-2022,,dhl,Delivered
13876,57186,29-10-2024,,delhivery,Delivered
13877,78843,20-06-2024,07-07-2024,bluedart,Returned
13878,5327,28-03-2022,,fedex,Delivered
13879,24792,18-09-2022,,fedex,Delivered
13880,20289,13-07-2020,,fedex,Delivered
13881,19304,26-04-2022,10-05-2022,usps,Returned
13882,89643,23-04-2021,,fedex,Delivered
13883,30352,17-11-2024,30-11-2024,fedex,Returned
13884,27098,19-05-2024,,dhl,Delivered
13885,62336,16-12-2023,,fedex,In Transit
13886,53871,19-12-2021,,dhl,Delivered
13887,76185,09-09-2022,,usps,Delivered
13888,17626,24-01-2024,,dhl,Delivered
13889,57169,07-10-2022,,dhl,Delivered
13890,34694,08-10-2021,,bluedart,Delivered
13891,60227,25-04-2023,,fedex,Delivered
13892,37718,27-09-2022,,fedex,Delivered
13893,84243,16-11-2021,,dhl,Delivered
13894,53673,13-02-2024,,fedex,Shipped
13895,68225,12-01-2022,,fedex,Delivered
13896,87758,13-04-2022,,fedex,Delivered
13897,17197,27-09-2024,,fedex,Delivered
13898,75149,19-01-2021,,dhl,Delivered
13899,63308,02-10-2024,,bluedart,Delivered
13900,58638,22-11-2023,,dhl,Delivered
13901,23243,11-04-2022,,dhl,Delivered
13902,19601,06-09-2021,,fedex,Delivered
13903,97938,29-03-2020,,fedex,Delivered
13904,49230,30-05-2022,,fedex,Delivered
13905,33543,27-03-2023,,ups,Delivered
13906,16277,19-02-2021,,fedex,Cancelled
13907,46053,16-06-2021,,dhl,Delivered
13908,9135,21-06-2020,,usps,Delivered
13909,91741,10-05-2021,,fedex,Delivered
13910,46615,30-04-2020,,fedex,Delivered
13911,11339,02-04-2022,,fedex,Delivered
13912,94351,15-01-2020,,dhl,Cancelled
13913,90735,26-07-2024,,fedex,Cancelled
13914,70177,22-09-2022,,fedex,Delivered
13915,12668,21-05-2022,,ups,Delivered
13916,42665,20-04-2024,,fedex,Cancelled
13917,39802,25-10-2020,,dhl,Delivered
13918,64237,02-07-2023,,usps,Delivered
13919,65130,03-03-2024,,fedex,In Transit
13920,52224,19-09-2021,,fedex,In Transit
13921,37948,21-01-2022,,fedex,Delivered
13922,47418,12-12-2023,,ups,Delivered
13923,80667,09-04-2023,,usps,Delivered
13924,44903,05-01-2023,,dhl,Delivered
13925,96384,23-05-2021,,ups,In Transit
13926,35167,01-08-2021,,fedex,Delivered
13927,32524,27-09-2023,22-10-2023,dhl,Returned
13928,28903,13-05-2024,,delhivery,Delivered
13929,70966,01-02-2021,,usps,Shipped
13930,27079,26-11-2024,,fedex,Delivered
13931,37915,08-10-2023,,fedex,Delivered
13932,72816,26-08-2022,,dhl,Shipped
13933,80488,14-05-2024,,bluedart,Delivered
13934,48433,01-04-2022,,dhl,Delivered
13935,86417,12-10-2024,,usps,Delivered
13936,20892,18-07-2021,,dhl,Delivered
13937,50121,02-12-2024,,dhl,Delivered
13938,78364,06-04-2024,,fedex,Delivered
13939,59168,24-06-2021,,bluedart,Delivered
13940,87309,06-06-2022,,usps,Delivered
13941,46617,21-03-2020,,delhivery,Delivered
13942,34705,02-08-2024,,dhl,In Transit
13943,62905,05-10-2024,,dhl,Delivered
13944,49004,11-10-2020,16-10-2020,fedex,Returned
13945,47440,29-09-2024,,bluedart,Delivered
13946,99274,30-11-2022,,fedex,Delivered
13947,27222,03-12-2021,,dhl,Shipped
13948,6158,20-07-2022,,dhl,Delivered
13949,99091,29-04-2022,,fedex,In Transit
13950,74138,22-12-2021,,ups,Delivered
13951,79033,30-03-2024,,fedex,Delivered
13952,71128,26-12-2021,24-01-2022,fedex,Returned
13953,17924,14-10-2023,,fedex,In Transit
13954,62961,27-03-2020,,fedex,Delivered
13955,80803,16-11-2020,,fedex,Delivered
13956,13108,13-05-2022,,usps,Delivered
13957,37163,05-12-2020,,fedex,Delivered
13958,7047,14-12-2020,,bluedart,Delivered
13959,87449,25-06-2024,,dhl,In Transit
13960,26713,29-09-2022,,fedex,Cancelled
13961,43577,05-10-2021,,ups,Delivered
13962,25419,04-02-2020,,dhl,Delivered
13963,91561,09-02-2022,,ups,Delivered
13964,27035,26-03-2023,,ups,Delivered
13965,17986,02-11-2020,07-11-2020,fedex,Returned
13966,72898,24-02-2024,,dhl,Delivered
13967,15896,12-08-2024,,fedex,Delivered
13968,53106,24-11-2020,,fedex,Delivered
13969,1487,26-06-2024,,bluedart,Delivered
13970,23456,28-09-2021,,bluedart,Delivered
13971,41876,22-05-2023,,fedex,Delivered
13972,90380,04-05-2022,,fedex,Delivered
13973,17476,03-10-2023,,bluedart,Delivered
13974,72891,13-09-2022,,fedex,Shipped
13975,18301,23-01-2021,,fedex,Delivered
13976,85142,23-12-2022,,ups,Shipped
13977,46075,16-06-2023,,bluedart,Delivered
13978,23137,08-07-2022,,dhl,Delivered
13979,52180,27-11-2020,,bluedart,Delivered
13980,55618,12-02-2024,,bluedart,Delivered
13981,94301,20-06-2020,,fedex,Shipped
13982,54481,12-03-2020,,fedex,Shipped
13983,28397,19-08-2021,,ups,Delivered
13984,95848,10-02-2024,,fedex,Cancelled
13985,6499,25-08-2024,,ups,Delivered
13986,34460,26-04-2021,,fedex,Delivered
13987,40376,01-01-2021,,fedex,Shipped
13988,11415,17-04-2022,,fedex,Delivered
13989,88205,20-10-2024,,fedex,Delivered
13990,21349,23-05-2024,,dhl,Delivered
13991,60753,09-06-2023,01-07-2023,bluedart,Returned
13992,74205,04-06-2021,,ups,Delivered
13993,59723,22-04-2022,,dhl,Delivered
13994,68553,31-12-2022,,delhivery,Shipped
13995,59909,28-07-2020,,dhl,Delivered
13996,94342,06-06-2021,,fedex,Delivered
13997,47855,25-07-2020,,dhl,Delivered
13998,4732,07-07-2023,,fedex,Delivered
13999,26971,19-09-2022,,bluedart,Shipped
14000,55241,01-12-2024,,dhl,Delivered
14001,5772,22-07-2023,,delhivery,Delivered
14002,52685,04-07-2021,,ups,Delivered
14003,62263,23-09-2020,,delhivery,Delivered
14004,11526,23-07-2024,,dhl,Shipped
14005,30561,21-11-2022,,bluedart,Delivered
14006,19927,22-08-2022,,ups,Delivered
14007,25672,26-01-2020,12-02-2020,bluedart,Returned
14008,74096,16-11-2022,,fedex,Shipped
14009,61699,24-06-2024,,fedex,In Transit
14010,44219,28-11-2023,,delhivery,Delivered
14011,3298,09-12-2021,,fedex,Delivered
14012,93028,05-08-2023,,fedex,Shipped
14013,63979,06-08-2024,,ups,Delivered
14014,38882,05-09-2023,,dhl,Delivered
14015,35487,08-06-2024,,ups,Delivered
14016,11399,28-06-2022,,fedex,Delivered
14017,57755,01-08-2021,,ups,Delivered
14018,71694,03-05-2021,,fedex,Delivered
14019,96342,28-12-2021,,delhivery,Delivered
14020,37801,31-12-2020,,fedex,Shipped
14021,76623,30-06-2023,,ups,Delivered
14022,87413,14-11-2021,,usps,Delivered
14023,64241,11-04-2021,,usps,Delivered
14024,79139,15-08-2024,,delhivery,Delivered
14025,60894,09-09-2022,,fedex,In Transit
14026,48344,29-11-2023,,fedex,Delivered
14027,49333,21-08-2022,,delhivery,Shipped
14028,91729,24-01-2023,,ups,Delivered
14029,96913,01-03-2020,,dhl,Shipped
14030,87616,20-09-2020,,fedex,Cancelled
14031,31270,05-04-2023,,dhl,Delivered
14032,21196,22-07-2023,,bluedart,Delivered
14033,8957,31-01-2022,,fedex,Delivered
14034,48897,12-07-2024,,dhl,Delivered
14035,35694,17-01-2024,,dhl,Delivered
14036,11769,14-07-2022,,ups,Delivered
14037,17124,18-11-2020,,fedex,Delivered
14038,36515,19-04-2022,,fedex,Delivered
14039,88456,02-06-2021,,fedex,Delivered
14040,50156,14-01-2020,,fedex,Delivered
14041,86877,21-02-2024,,ups,Delivered
14042,58859,17-11-2021,,dhl,Delivered
14043,64771,15-10-2021,,bluedart,Delivered
14044,55525,08-12-2021,,dhl,Delivered
14045,80183,04-04-2020,,fedex,Delivered
14046,72427,19-11-2022,,fedex,Shipped
14047,53309,08-12-2021,,fedex,Delivered
14048,11714,05-03-2022,,dhl,Delivered
14049,83027,25-02-2021,,fedex,Delivered
14050,40854,20-03-2023,,bluedart,Delivered
14051,34738,22-03-2024,,fedex,Delivered
14052,1770,29-11-2023,,fedex,Delivered
14053,8675,14-03-2020,,fedex,Delivered
14054,69032,27-10-2023,,dhl,Shipped
14055,78224,22-12-2023,,fedex,Delivered
14056,34768,18-08-2022,,ups,Delivered
14057,54845,06-02-2023,,fedex,Delivered
14058,25863,28-05-2020,,fedex,Delivered
14059,15553,13-02-2020,,bluedart,Delivered
14060,19112,24-01-2021,,ups,Delivered
14061,2345,01-08-2021,,bluedart,Delivered
14062,89779,23-07-2023,,usps,Delivered
14063,76023,02-04-2023,,bluedart,Delivered
14064,18322,28-03-2022,,fedex,Delivered
14065,98421,01-01-2023,,dhl,Delivered
14066,77156,10-10-2020,,fedex,Delivered
14067,30406,31-07-2020,,fedex,Delivered
14068,15931,06-02-2023,,usps,Delivered
14069,43710,19-02-2023,,fedex,Delivered
14070,63202,04-05-2020,,fedex,Shipped
14071,5567,06-06-2024,,dhl,Delivered
14072,17867,13-04-2024,,dhl,Delivered
14073,84065,14-03-2022,,usps,Delivered
14074,13190,12-08-2021,,ups,Delivered
14075,14409,03-03-2020,,fedex,Delivered
14076,77100,17-10-2023,,dhl,Delivered
14077,53425,03-09-2024,,dhl,Delivered
14078,67127,27-11-2024,,delhivery,Delivered
14079,69394,12-01-2021,,fedex,Shipped
14080,69839,11-05-2021,,fedex,In Transit
14081,2686,01-08-2023,,fedex,Delivered
14082,65400,11-07-2023,,fedex,Delivered
14083,46272,06-02-2020,,fedex,Delivered
14084,37144,18-03-2022,,bluedart,Delivered
14085,61099,04-03-2023,,dhl,Delivered
14086,99147,20-06-2021,,bluedart,Shipped
14087,32963,01-04-2020,,fedex,Delivered
14088,26963,19-12-2023,,fedex,Delivered
14089,49545,17-05-2020,,fedex,Delivered
14090,6356,16-07-2023,,fedex,Delivered
14091,41879,01-08-2021,,fedex,Delivered
14092,83688,20-11-2020,,fedex,Delivered
14093,86595,22-07-2023,,bluedart,Delivered
14094,75808,08-04-2020,01-05-2020,dhl,Returned
14095,59653,31-03-2024,,dhl,Delivered
14096,88756,17-04-2020,,bluedart,Delivered
14097,98297,04-11-2024,,fedex,Delivered
14098,56765,01-07-2023,,fedex,Delivered
14099,75510,02-05-2021,25-05-2021,delhivery,Returned
14100,65080,03-04-2020,,fedex,Delivered
14101,64647,05-02-2022,,ups,Shipped
14102,90718,28-07-2024,,fedex,Delivered
14103,22573,23-08-2020,,delhivery,Delivered
14104,98186,13-05-2023,,fedex,Delivered
14105,58109,22-06-2023,,usps,Delivered
14106,20439,08-11-2021,,bluedart,Delivered
14107,30156,21-06-2022,,fedex,Shipped
14108,91379,17-08-2023,,fedex,Delivered
14109,3604,14-02-2020,,bluedart,Delivered
14110,37482,19-01-2021,,fedex,Delivered
14111,29524,07-02-2023,,fedex,In Transit
14112,74530,20-07-2024,,ups,Delivered
14113,43028,16-06-2021,,ups,Shipped
14114,93956,06-12-2020,,ups,Delivered
14115,46151,05-11-2024,,fedex,Shipped
14116,78659,11-11-2024,,dhl,Delivered
14117,54373,28-07-2020,,delhivery,Shipped
14118,3837,25-02-2020,,fedex,Delivered
14119,50209,11-04-2022,,fedex,Delivered
14120,34344,22-05-2020,,ups,Delivered
14121,70720,06-01-2021,,bluedart,Delivered
14122,78876,27-07-2021,24-08-2021,fedex,Returned
14123,20947,26-06-2020,,dhl,Cancelled
14124,92766,24-04-2021,,fedex,Delivered
14125,11143,02-05-2023,,dhl,Delivered
14126,74463,16-01-2024,,bluedart,Delivered
14127,34404,09-12-2024,,bluedart,Cancelled
14128,20686,31-03-2020,,fedex,Delivered
14129,47017,21-08-2022,,fedex,Delivered
14130,70763,07-06-2023,,fedex,Cancelled
14131,71307,22-07-2020,,dhl,Delivered
14132,59565,19-11-2021,02-12-2021,fedex,Returned
14133,29181,16-01-2020,,fedex,Delivered
14134,96110,21-10-2021,,bluedart,Delivered
14135,29695,26-04-2023,,dhl,Delivered
14136,61251,26-11-2022,,dhl,Delivered
14137,63437,02-08-2023,,fedex,Delivered
14138,18646,22-12-2023,,fedex,Delivered
14139,80037,11-04-2022,,fedex,Delivered
14140,71940,13-04-2022,,bluedart,Cancelled
14141,59389,10-10-2021,,fedex,Delivered
14142,46829,21-05-2021,,dhl,Delivered
14143,85932,18-10-2021,,fedex,Delivered
14144,32025,21-01-2020,,delhivery,Delivered
14145,23792,10-10-2024,,fedex,Delivered
14146,84338,19-10-2023,,bluedart,Delivered
14147,38784,19-08-2022,,fedex,Cancelled
14148,66942,20-01-2023,,fedex,Delivered
14149,58232,21-08-2021,,dhl,Delivered
14150,78378,17-11-2023,,bluedart,Delivered
14151,99231,30-10-2021,,bluedart,Cancelled
14152,23902,29-01-2022,,bluedart,Delivered
14153,60908,28-05-2021,,bluedart,Shipped
14154,76888,17-07-2023,,fedex,Delivered
14155,36364,01-03-2020,23-03-2020,fedex,Returned
14156,77922,24-10-2024,,dhl,Cancelled
14157,41414,12-06-2022,,fedex,Shipped
14158,80356,06-05-2022,,ups,Delivered
14159,17309,13-11-2024,,dhl,Delivered
14160,77833,22-10-2021,,fedex,Delivered
14161,59916,24-02-2023,,dhl,Delivered
14162,29502,13-12-2023,,fedex,Delivered
14163,81912,14-02-2020,,fedex,Cancelled
14164,79777,17-12-2023,,usps,In Transit
14165,9088,31-01-2020,,bluedart,Delivered
14166,41681,12-11-2021,,fedex,Delivered
14167,58326,21-04-2024,,fedex,Delivered
14168,3815,16-11-2022,,dhl,Delivered
14169,62890,29-07-2022,,delhivery,Delivered
14170,41039,13-12-2023,,dhl,Delivered
14171,92142,05-05-2024,,fedex,Delivered
14172,19025,11-10-2023,,delhivery,Delivered
14173,44501,03-03-2022,,fedex,Delivered
14174,5501,12-06-2024,,bluedart,Shipped
14175,39513,27-09-2023,,bluedart,Delivered
14176,57908,17-05-2020,,ups,Delivered
14177,70948,09-03-2023,,dhl,Delivered
14178,32965,02-03-2021,,fedex,Delivered
14179,57839,16-02-2021,,fedex,Delivered
14180,64480,25-11-2020,,dhl,Shipped
14181,1075,26-03-2024,,fedex,Delivered
14182,31001,09-11-2024,,bluedart,Delivered
14183,36339,14-07-2023,,fedex,Delivered
14184,65174,07-10-2022,,fedex,Delivered
14185,66561,03-10-2023,,fedex,Delivered
14186,21116,04-06-2024,,delhivery,Delivered
14187,71080,31-08-2023,,fedex,Delivered
14188,67639,15-07-2024,,dhl,Delivered
14189,21227,04-02-2020,,ups,Delivered
14190,52788,24-09-2024,,dhl,Delivered
14191,21015,25-06-2024,,bluedart,Delivered
14192,73030,24-07-2020,,bluedart,Delivered
14193,8680,01-04-2020,,fedex,Delivered
14194,38915,12-07-2022,,dhl,Delivered
14195,64734,10-05-2022,,dhl,Delivered
14196,47106,02-10-2024,,fedex,Delivered
14197,54097,27-02-2021,,bluedart,Delivered
14198,1046,03-09-2023,28-09-2023,ups,Returned
14199,44376,15-04-2020,09-05-2020,dhl,Returned
14200,66035,08-07-2022,,fedex,Delivered
14201,23729,05-10-2023,,dhl,Delivered
14202,12123,22-02-2020,,fedex,Delivered
14203,92185,09-10-2024,,bluedart,Delivered
14204,12629,09-09-2022,,fedex,In Transit
14205,30779,22-06-2022,,fedex,Delivered
14206,56307,07-10-2021,,fedex,Delivered
14207,32855,01-11-2020,,ups,Delivered
14208,8101,25-07-2022,,fedex,Delivered
14209,20722,26-03-2023,,ups,Delivered
14210,26239,31-07-2021,,fedex,Delivered
14211,65357,19-12-2024,,fedex,Cancelled
14212,14003,28-04-2024,,ups,Delivered
14213,24152,08-01-2024,,dhl,Delivered
14214,27089,09-02-2021,,ups,Delivered
14215,54297,15-10-2022,,fedex,Delivered
14216,78183,17-12-2021,,dhl,Delivered
14217,44451,16-11-2022,,dhl,Delivered
14218,47593,29-09-2023,,fedex,Delivered
14219,41289,06-04-2021,,bluedart,Cancelled
14220,85779,14-12-2020,,dhl,Delivered
14221,26989,21-06-2023,,ups,Delivered
14222,33782,12-10-2021,,ups,Delivered
14223,70018,26-09-2022,,fedex,Delivered
14224,40468,29-05-2020,,fedex,Delivered
14225,85960,07-10-2023,,ups,Delivered
14226,52716,10-01-2021,,bluedart,Delivered
14227,60890,12-09-2022,,fedex,Delivered
14228,36804,13-10-2022,,bluedart,Shipped
14229,15531,13-12-2020,,usps,Delivered
14230,24794,08-02-2024,,ups,In Transit
14231,74275,12-11-2024,,fedex,Delivered
14232,91614,15-06-2021,,dhl,In Transit
14233,96802,22-08-2023,,dhl,Delivered
14234,44300,16-04-2022,,fedex,Delivered
14235,45181,01-06-2022,,usps,Shipped
14236,87901,26-04-2020,,fedex,Delivered
14237,17976,20-02-2023,,fedex,Cancelled
14238,7181,16-03-2024,,dhl,Delivered
14239,54974,06-11-2022,,fedex,Delivered
14240,41490,29-06-2022,,fedex,Delivered
14241,72964,19-06-2024,,fedex,Delivered
14242,50965,02-03-2020,,fedex,Delivered
14243,36108,13-03-2023,,fedex,In Transit
14244,45369,11-09-2021,,fedex,Delivered
14245,34469,19-03-2022,,fedex,Delivered
14246,61548,09-07-2022,,dhl,Delivered
14247,32992,24-02-2020,,usps,Delivered
14248,60075,19-03-2020,,fedex,Delivered
14249,55136,02-05-2021,,ups,Delivered
14250,79434,14-11-2023,,dhl,Delivered
14251,4010,15-09-2020,,usps,Delivered
14252,67700,09-03-2024,,dhl,Shipped
14253,98641,08-08-2022,,dhl,Delivered
14254,98316,15-10-2020,,ups,Delivered
14255,87331,12-11-2024,,fedex,Delivered
14256,49446,15-04-2021,,fedex,Delivered
14257,53482,18-06-2024,,fedex,In Transit
14258,29463,21-09-2022,,fedex,Delivered
14259,92703,02-01-2022,,dhl,Delivered
14260,4691,23-06-2024,,dhl,Shipped
14261,52625,28-04-2020,,bluedart,Delivered
14262,99618,20-01-2024,,usps,Delivered
14263,55331,11-11-2024,,ups,Cancelled
14264,57332,10-11-2022,,dhl,Delivered
14265,12353,30-12-2020,,fedex,Cancelled
14266,25101,06-07-2021,,fedex,Delivered
14267,76394,12-03-2020,,dhl,Delivered
14268,59759,10-10-2024,,fedex,Shipped
14269,29061,19-04-2020,,fedex,Delivered
14270,46996,04-11-2023,,dhl,Delivered
14271,7198,24-05-2024,,fedex,Delivered
14272,13723,06-04-2024,,usps,Delivered
14273,86408,02-11-2022,,fedex,Delivered
14274,53488,22-12-2022,,fedex,Delivered
14275,21863,07-03-2021,,bluedart,Delivered
14276,33383,27-05-2024,,fedex,Shipped
14277,54345,06-12-2022,,bluedart,Delivered
14278,58422,22-11-2021,,fedex,Delivered
14279,85809,28-10-2020,,fedex,Delivered
14280,53984,06-12-2024,,usps,Delivered
14281,60849,14-10-2021,,fedex,Delivered
14282,87472,09-04-2023,,fedex,Delivered
14283,94914,12-08-2021,,fedex,Delivered
14284,97796,13-11-2022,,fedex,Delivered
14285,16039,30-03-2021,,usps,Delivered
14286,43161,07-09-2024,,fedex,Shipped
14287,27510,10-09-2023,,fedex,Delivered
14288,94338,08-06-2023,,dhl,Delivered
14289,18168,24-12-2024,,bluedart,Delivered
14290,49619,20-08-2024,,fedex,Delivered
14291,17529,12-12-2023,,fedex,Delivered
14292,45093,06-04-2024,,dhl,Shipped
14293,41503,14-02-2023,,fedex,Delivered
14294,52148,10-05-2024,,dhl,Delivered
14295,11531,28-02-2021,23-03-2021,fedex,Returned
14296,58403,04-03-2020,,ups,Delivered
14297,12976,12-04-2024,,fedex,Delivered
14298,71721,26-08-2022,,bluedart,Delivered
14299,45855,18-03-2023,,fedex,Delivered
14300,62235,15-01-2024,,dhl,Delivered
14301,98348,04-11-2024,,bluedart,Delivered
14302,9185,13-10-2023,,delhivery,Delivered
14303,54382,08-09-2022,,usps,Delivered
14304,91688,04-03-2022,,fedex,Delivered
14305,25524,15-03-2020,,fedex,Delivered
14306,10593,20-11-2022,,fedex,Delivered
14307,95601,21-11-2020,,fedex,Delivered
14308,81352,06-02-2024,,ups,Delivered
14309,73107,14-11-2023,,fedex,Delivered
14310,95237,28-06-2023,,fedex,Delivered
14311,59648,09-03-2022,,fedex,Delivered
14312,91479,04-04-2023,15-04-2023,dhl,Returned
14313,41445,19-01-2023,,fedex,Delivered
14314,12664,11-10-2020,,dhl,Delivered
14315,49680,06-01-2020,,fedex,Cancelled
14316,6124,13-01-2023,,dhl,Delivered
14317,6292,26-11-2023,,dhl,Delivered
14318,14416,23-08-2022,,fedex,Delivered
14319,2157,03-11-2023,28-11-2023,bluedart,Returned
14320,67829,22-11-2023,,dhl,Delivered
14321,92127,24-07-2022,,dhl,Delivered
14322,23517,14-09-2020,,ups,Delivered
14323,11135,24-08-2021,,dhl,Shipped
14324,67224,06-01-2023,,ups,Delivered
14325,76868,09-03-2023,,ups,Delivered
14326,39068,18-07-2023,,fedex,Delivered
14327,62691,24-04-2024,,fedex,In Transit
14328,97309,29-10-2023,,fedex,Delivered
14329,21615,12-01-2021,,dhl,Cancelled
14330,67261,06-06-2024,,bluedart,Delivered
14331,22233,27-08-2021,,fedex,Cancelled
14332,88400,14-05-2023,,fedex,Delivered
14333,59038,20-05-2024,,fedex,Delivered
14334,26945,04-08-2022,,fedex,Delivered
14335,78286,10-08-2024,,dhl,Cancelled
14336,56364,18-05-2021,,delhivery,Delivered
14337,88059,01-09-2023,,fedex,Delivered
14338,1393,01-01-2024,,dhl,Shipped
14339,38144,31-10-2021,,usps,Shipped
14340,93174,11-11-2024,,fedex,Delivered
14341,74088,12-04-2021,,fedex,Delivered
14342,57168,31-03-2020,,fedex,Delivered
14343,90341,14-06-2024,,dhl,Delivered
14344,69562,11-01-2024,,bluedart,Delivered
14345,45951,22-12-2023,,bluedart,Delivered
14346,79405,31-10-2022,,delhivery,Cancelled
14347,2453,11-07-2024,,delhivery,Delivered
14348,52597,25-08-2024,21-09-2024,dhl,Returned
14349,85367,22-03-2021,,bluedart,Delivered
14350,46559,13-07-2022,,usps,Delivered
14351,32678,21-05-2023,,fedex,Shipped
14352,72381,30-11-2020,,fedex,Delivered
14353,39375,21-06-2023,,bluedart,Cancelled
14354,53257,04-02-2024,,bluedart,Delivered
14355,69740,01-09-2020,,fedex,Delivered
14356,30705,02-10-2020,,fedex,Shipped
14357,18405,24-08-2024,,fedex,Delivered
14358,67941,27-05-2021,,fedex,Delivered
14359,86588,12-09-2022,,usps,Delivered
14360,62055,11-04-2024,,delhivery,Delivered
14361,33914,01-06-2020,,fedex,Delivered
14362,17695,17-07-2024,,fedex,Delivered
14363,16201,30-06-2021,,fedex,Shipped
14364,16600,14-03-2020,,fedex,Delivered
14365,43716,12-11-2024,,bluedart,Cancelled
14366,81199,04-07-2020,,fedex,Delivered
14367,99300,11-12-2022,,dhl,Shipped
14368,59223,23-09-2022,,dhl,Shipped
14369,73985,25-06-2024,,usps,Shipped
14370,44777,07-06-2021,,fedex,Delivered
14371,90574,30-04-2021,,delhivery,Cancelled
14372,45067,21-12-2022,,fedex,Delivered
14373,56462,12-10-2022,,dhl,Delivered
14374,21482,11-07-2024,,delhivery,Delivered
14375,46162,19-05-2021,,ups,In Transit
14376,17703,29-11-2022,,fedex,Delivered
14377,28972,21-01-2024,,fedex,Delivered
14378,46643,20-12-2020,,fedex,Delivered
14379,71560,15-05-2023,27-05-2023,dhl,Returned
14380,13339,16-09-2022,,fedex,Delivered
14381,86153,16-02-2023,,dhl,Delivered
14382,31725,21-08-2022,,delhivery,Delivered
14383,72002,01-11-2021,,fedex,Delivered
14384,15349,15-04-2021,,bluedart,Delivered
14385,93793,19-03-2024,,fedex,Delivered
14386,25338,17-10-2020,,ups,Delivered
14387,98733,26-05-2022,,bluedart,Delivered
14388,69683,08-06-2024,,ups,Delivered
14389,49350,09-02-2020,,fedex,Delivered
14390,27646,28-11-2020,,fedex,Delivered
14391,32398,25-10-2021,,dhl,Delivered
14392,1165,16-09-2023,,fedex,In Transit
14393,98564,25-10-2020,,fedex,Delivered
14394,4121,06-07-2022,,fedex,Delivered
14395,31063,10-05-2022,,ups,Delivered
14396,78153,05-02-2022,,usps,Shipped
14397,77856,28-01-2023,,fedex,Delivered
14398,22870,03-03-2021,,fedex,Delivered
14399,19531,11-08-2022,,ups,Shipped
14400,63574,05-05-2020,,ups,Delivered
14401,91207,12-03-2020,,ups,Delivered
14402,62763,05-08-2021,,dhl,Delivered
14403,77802,14-10-2020,,fedex,Delivered
14404,13089,30-09-2023,,fedex,Delivered
14405,58138,25-06-2020,,dhl,Delivered
14406,31325,18-04-2020,27-04-2020,delhivery,Returned
14407,75425,19-01-2021,,fedex,Delivered
14408,58295,11-10-2022,,ups,Delivered
14409,33420,18-03-2020,,ups,Delivered
14410,91222,11-03-2020,31-03-2020,bluedart,Returned
14411,44090,01-07-2020,,dhl,Delivered
14412,79275,10-09-2020,,dhl,In Transit
14413,45244,29-03-2024,,bluedart,Delivered
14414,95256,30-08-2024,,fedex,Delivered
14415,9129,01-02-2021,,fedex,Delivered
14416,26590,29-12-2021,,usps,Delivered
14417,37746,21-03-2022,,dhl,Delivered
14418,99024,26-04-2023,,bluedart,Delivered
14419,26699,02-07-2022,13-07-2022,fedex,Returned
14420,62564,14-08-2020,,fedex,In Transit
14421,78168,02-01-2022,17-01-2022,dhl,Returned
14422,14911,02-01-2025,,fedex,Delivered
14423,77132,14-06-2021,,dhl,In Transit
14424,7772,12-02-2024,,fedex,Cancelled
14425,65131,03-07-2021,,ups,Delivered
14426,36805,07-09-2021,,dhl,Delivered
14427,24982,15-11-2022,,fedex,Delivered
14428,66997,28-04-2020,,delhivery,Delivered
14429,7259,16-08-2022,,fedex,Delivered
14430,32995,10-05-2020,,bluedart,Delivered
14431,98449,09-11-2023,,fedex,Delivered
14432,74098,23-08-2020,,dhl,Shipped
14433,43457,02-12-2023,,fedex,Delivered
14434,74012,11-02-2024,,fedex,Delivered
14435,3289,11-08-2023,,usps,Delivered
14436,84914,29-07-2022,12-08-2022,fedex,Returned
14437,59349,12-08-2020,,usps,Shipped
14438,77127,12-12-2024,,dhl,Delivered
14439,97349,12-07-2023,,fedex,Shipped
14440,26046,12-04-2023,,fedex,Delivered
14441,21527,27-02-2023,07-03-2023,fedex,Returned
14442,54362,15-03-2022,29-03-2022,dhl,Returned
14443,38387,16-11-2021,,dhl,Delivered
14444,56103,19-06-2022,,delhivery,Delivered
14445,40609,05-12-2021,,fedex,In Transit
14446,99575,14-02-2023,,dhl,Delivered
14447,75233,29-06-2020,,fedex,Cancelled
14448,32393,10-01-2023,,dhl,Delivered
14449,15626,09-05-2020,,fedex,In Transit
14450,60434,15-03-2021,,fedex,In Transit
14451,41567,17-07-2023,,dhl,Delivered
14452,94141,27-04-2020,,fedex,Shipped
14453,70303,16-11-2023,,dhl,Delivered
14454,76557,10-09-2024,,ups,In Transit
14455,88514,17-03-2023,,bluedart,Delivered
14456,4217,23-09-2023,,fedex,Delivered
14457,62093,13-09-2020,,dhl,Delivered
14458,8036,13-07-2021,,fedex,In Transit
14459,45346,11-07-2024,,dhl,Delivered
14460,99478,12-12-2024,,fedex,In Transit
14461,21216,25-09-2020,,fedex,Delivered
14462,60867,14-12-2020,28-12-2020,fedex,Returned
14463,5395,06-04-2023,,dhl,Shipped
14464,80864,04-10-2023,,dhl,In Transit
14465,94404,03-09-2024,15-09-2024,dhl,Returned
14466,27377,26-11-2021,,bluedart,In Transit
14467,33104,06-06-2023,,fedex,Delivered
14468,31626,15-04-2024,,ups,Delivered
14469,88309,10-03-2020,,dhl,Shipped
14470,94008,27-01-2023,,fedex,Delivered
14471,3187,22-10-2020,,dhl,Shipped
14472,87153,17-03-2022,,fedex,Shipped
14473,80521,18-10-2024,,usps,Delivered
14474,99367,06-05-2022,02-06-2022,dhl,Returned
14475,52442,20-10-2020,,bluedart,Delivered
14476,39036,04-05-2024,,fedex,Cancelled
14477,57419,15-05-2021,,fedex,Delivered
14478,42931,20-11-2023,,dhl,Delivered
14479,28559,06-07-2024,,fedex,In Transit
14480,92359,10-08-2020,,ups,Delivered
14481,81883,11-02-2021,,fedex,Delivered
14482,37516,19-06-2023,,fedex,Delivered
14483,20124,16-12-2023,,bluedart,Delivered
14484,94048,22-11-2023,22-12-2023,bluedart,Returned
14485,40631,20-05-2020,,ups,Delivered
14486,48140,19-08-2020,,fedex,Delivered
14487,11074,03-04-2020,,dhl,Delivered
14488,14156,22-03-2023,,dhl,Delivered
14489,95659,11-10-2023,,dhl,Delivered
14490,44068,26-01-2020,,fedex,Delivered
14491,85620,04-09-2023,,fedex,Delivered
14492,52697,18-02-2021,,fedex,Shipped
14493,75168,02-05-2021,,dhl,Delivered
14494,44799,24-03-2021,,fedex,Delivered
14495,37464,04-12-2021,,fedex,Shipped
14496,82386,05-10-2023,,bluedart,Delivered
14497,70583,14-04-2022,,dhl,Delivered
14498,68984,13-01-2023,,usps,Shipped
14499,69385,20-10-2023,,dhl,Delivered
14500,10955,21-08-2023,,fedex,Delivered
14501,8103,24-06-2021,,bluedart,Delivered
14502,78059,21-11-2024,01-12-2024,dhl,Returned
14503,12289,30-12-2020,,fedex,Delivered
14504,52535,22-10-2023,,fedex,Delivered
14505,42652,04-06-2023,,ups,Delivered
14506,14392,07-03-2022,,ups,Delivered
14507,14295,17-08-2021,,fedex,Delivered
14508,79232,29-08-2024,,bluedart,Delivered
14509,91537,08-07-2020,,fedex,Delivered
14510,43903,10-07-2021,,bluedart,Delivered
14511,25319,27-04-2024,,dhl,Delivered
14512,5678,21-12-2022,,fedex,Cancelled
14513,6631,19-05-2021,,fedex,Delivered
14514,46453,01-04-2022,,dhl,Delivered
14515,11201,28-10-2024,,fedex,Shipped
14516,4600,29-12-2020,,fedex,Delivered
14517,4719,13-02-2021,,delhivery,Delivered
14518,21278,23-09-2021,,fedex,Delivered
14519,27002,15-11-2020,,fedex,Delivered
14520,83901,30-06-2023,,bluedart,Delivered
14521,93292,24-04-2021,,ups,Delivered
14522,18173,19-11-2024,,bluedart,Shipped
14523,76650,18-01-2024,,fedex,Delivered
14524,42926,30-07-2020,,fedex,Delivered
14525,19440,11-02-2023,,bluedart,Delivered
14526,31775,06-06-2021,,dhl,Delivered
14527,89339,08-03-2021,,fedex,Delivered
14528,7293,28-05-2022,,delhivery,Delivered
14529,3938,02-04-2023,26-04-2023,dhl,Returned
14530,42281,28-10-2023,,fedex,Delivered
14531,31971,01-05-2020,,dhl,Delivered
14532,42564,26-02-2023,,fedex,In Transit
14533,51873,25-05-2020,,fedex,Delivered
14534,18835,13-09-2024,,fedex,Delivered
14535,52652,04-03-2022,,dhl,Delivered
14536,35035,26-07-2020,,fedex,Delivered
14537,45059,13-08-2021,10-09-2021,dhl,Returned
14538,29707,13-11-2023,,fedex,Shipped
14539,6769,27-08-2021,,fedex,Delivered
14540,33738,02-03-2024,,delhivery,Delivered
14541,47540,09-02-2020,,fedex,Delivered
14542,13088,17-10-2021,,ups,Delivered
14543,25690,31-12-2020,,usps,Delivered
14544,66231,01-06-2024,,fedex,In Transit
14545,23619,21-11-2022,,bluedart,Delivered
14546,79471,18-10-2021,,fedex,Shipped
14547,7553,30-11-2024,,fedex,Cancelled
14548,32404,24-02-2023,,dhl,Delivered
14549,27651,08-10-2021,,dhl,Delivered
14550,95523,04-04-2023,,dhl,Delivered
14551,77293,21-10-2020,,fedex,Delivered
14552,6602,29-09-2023,,fedex,Delivered
14553,37330,22-11-2021,06-12-2021,ups,Returned
14554,15697,02-11-2024,,bluedart,Cancelled
14555,47375,11-03-2021,,dhl,Delivered
14556,22790,04-08-2021,,dhl,Delivered
14557,13878,05-07-2023,,fedex,Delivered
14558,49704,22-09-2023,,fedex,Delivered
14559,79899,20-09-2022,,dhl,Delivered
14560,18607,20-04-2020,,usps,In Transit
14561,20647,01-12-2023,,fedex,Cancelled
14562,3874,21-04-2020,,dhl,In Transit
14563,1558,22-07-2023,,bluedart,Delivered
14564,61645,22-07-2020,,fedex,Delivered
14565,36646,04-01-2025,15-01-2025,fedex,Returned
14566,27634,07-06-2023,02-07-2023,fedex,Returned
14567,2996,01-01-2025,,dhl,Delivered
14568,21435,09-02-2021,,fedex,Shipped
14569,81666,01-12-2021,,dhl,Delivered
14570,80195,04-05-2021,24-05-2021,ups,Returned
14571,26984,09-03-2020,,fedex,Delivered
14572,85924,10-03-2024,,bluedart,Delivered
14573,93837,12-03-2024,,dhl,Delivered
14574,46644,15-01-2024,,fedex,Delivered
14575,73738,26-01-2024,,fedex,Delivered
14576,62428,06-04-2024,,dhl,Shipped
14577,33157,02-03-2022,,bluedart,Delivered
14578,28779,20-04-2021,,ups,Delivered
14579,11673,22-09-2020,02-10-2020,dhl,Returned
14580,71837,23-08-2024,,dhl,Delivered
14581,14751,26-03-2020,,usps,In Transit
14582,27326,05-05-2020,,usps,Delivered
14583,45490,12-09-2024,,bluedart,Shipped
14584,13972,09-12-2020,,ups,Delivered
14585,94069,14-01-2023,,bluedart,Delivered
14586,52811,18-10-2024,,dhl,In Transit
14587,27218,19-07-2024,28-07-2024,fedex,Returned
14588,2158,31-01-2021,,delhivery,Shipped
14589,24556,13-09-2024,,fedex,Delivered
14590,88292,18-12-2022,,fedex,Delivered
14591,23318,05-11-2024,,dhl,Delivered
14592,53431,11-11-2023,,dhl,Delivered
14593,42043,14-02-2021,,bluedart,Delivered
14594,20493,12-06-2021,,fedex,Delivered
14595,70420,27-08-2023,,fedex,Delivered
14596,95321,18-04-2021,,dhl,Delivered
14597,73433,14-10-2022,,ups,Delivered
14598,7684,17-06-2021,,fedex,Delivered
14599,99675,25-05-2023,,ups,Delivered
14600,44527,06-04-2023,,fedex,In Transit
14601,85326,27-05-2020,,fedex,Delivered
14602,78243,22-01-2024,,dhl,Delivered
14603,18873,14-05-2022,,bluedart,Shipped
14604,23944,28-07-2023,,fedex,In Transit
14605,2356,18-02-2020,,delhivery,Delivered
14606,58547,27-09-2020,,fedex,Delivered
14607,80526,14-12-2023,,delhivery,Delivered
14608,72650,15-07-2021,,ups,Delivered
14609,76355,03-04-2021,,ups,Shipped
14610,84351,26-10-2020,,fedex,Delivered
14611,35049,31-10-2021,,fedex,Delivered
14612,74359,09-05-2020,,bluedart,Delivered
14613,8144,28-01-2023,,fedex,Cancelled
14614,36508,03-08-2020,,dhl,Delivered
14615,10122,30-01-2022,,ups,Delivered
14616,28808,28-04-2022,,fedex,Delivered
14617,4015,24-04-2020,,fedex,Delivered
14618,79655,24-10-2021,,usps,Delivered
14619,39953,21-06-2021,,dhl,Shipped
14620,55322,19-10-2020,,bluedart,Delivered
14621,90294,09-06-2021,,bluedart,Delivered
14622,80938,24-06-2022,,ups,Delivered
14623,24484,12-07-2024,,dhl,Delivered
14624,9340,23-12-2020,,bluedart,Delivered
14625,80854,26-07-2024,,fedex,Delivered
14626,90501,18-02-2022,,fedex,Delivered
14627,69790,02-09-2021,,fedex,Delivered
14628,44323,30-06-2023,,fedex,Delivered
14629,64494,06-04-2021,,bluedart,Delivered
14630,45106,11-02-2022,,fedex,Delivered
14631,87844,19-08-2021,,fedex,Delivered
14632,21163,14-07-2024,,bluedart,Delivered
14633,98891,04-11-2024,,fedex,Delivered
14634,7328,11-02-2023,,dhl,Delivered
14635,92911,29-06-2020,,fedex,In Transit
14636,22310,12-02-2021,,fedex,Delivered
14637,29455,12-04-2023,,bluedart,Delivered
14638,65127,30-09-2022,,delhivery,Delivered
14639,91309,21-03-2024,,ups,Delivered
14640,26251,04-01-2022,26-01-2022,bluedart,Returned
14641,30979,17-11-2021,,dhl,Delivered
14642,2588,22-10-2024,,bluedart,Delivered
14643,64805,30-09-2022,21-10-2022,bluedart,Returned
14644,49186,26-04-2020,,ups,Delivered
14645,80463,11-01-2021,,delhivery,In Transit
14646,50255,12-04-2022,,fedex,Delivered
14647,60863,20-12-2024,,fedex,Delivered
14648,77690,24-07-2024,,fedex,Delivered
14649,99601,28-03-2020,,bluedart,Delivered
14650,63781,26-03-2023,,delhivery,Delivered
14651,34751,26-09-2023,,ups,Delivered
14652,29102,02-12-2021,,fedex,Delivered
14653,79444,29-08-2024,,bluedart,Shipped
14654,87237,24-03-2024,,dhl,In Transit
14655,24892,02-06-2020,,fedex,Delivered
14656,43545,24-04-2020,,bluedart,Delivered
14657,48092,05-09-2023,,bluedart,Delivered
14658,98326,31-05-2021,,fedex,Shipped
14659,52630,17-04-2023,,ups,Delivered
14660,64978,20-05-2021,,delhivery,Delivered
14661,99072,15-06-2022,30-06-2022,fedex,Returned
14662,39730,09-07-2020,,dhl,Delivered
14663,88329,30-11-2020,,delhivery,Delivered
14664,66553,06-01-2024,,dhl,Shipped
14665,58703,11-05-2022,,bluedart,Delivered
14666,28015,25-04-2022,,bluedart,In Transit
14667,23498,04-02-2024,,delhivery,Delivered
14668,55356,07-11-2020,,bluedart,Delivered
14669,65901,16-12-2024,,delhivery,Delivered
14670,2514,30-07-2024,,ups,Cancelled
14671,52397,08-12-2021,,fedex,Delivered
14672,93935,15-12-2024,,ups,Delivered
14673,84055,27-08-2021,,fedex,Delivered
14674,96392,27-05-2024,,dhl,Delivered
14675,13881,26-11-2024,,fedex,Delivered
14676,22440,24-10-2023,,bluedart,Delivered
14677,77263,09-06-2022,,fedex,Delivered
14678,22648,27-01-2023,,fedex,Delivered
14679,76395,19-07-2021,,bluedart,Delivered
14680,62616,24-08-2020,,bluedart,In Transit
14681,24799,21-12-2021,,fedex,Delivered
14682,28889,27-10-2021,,fedex,Delivered
14683,43733,28-02-2023,,fedex,Delivered
14684,77318,20-07-2021,,fedex,Delivered
14685,8126,01-10-2022,,bluedart,Delivered
14686,54328,28-05-2023,06-06-2023,fedex,Returned
14687,92509,19-02-2021,,bluedart,Delivered
14688,13002,26-09-2022,,usps,Delivered
14689,55725,29-10-2021,10-11-2021,delhivery,Returned
14690,5093,14-03-2022,,ups,Delivered
14691,84586,23-04-2024,,usps,Delivered
14692,34713,29-04-2020,,usps,Delivered
14693,12374,26-12-2023,,dhl,Delivered
14694,78137,04-09-2024,,bluedart,Delivered
14695,25888,20-01-2021,,fedex,Delivered
14696,8647,25-05-2020,,fedex,Delivered
14697,26722,30-09-2020,,fedex,Delivered
14698,63759,17-02-2022,16-03-2022,delhivery,Returned
14699,9930,10-09-2020,,fedex,Shipped
14700,43329,09-09-2023,,delhivery,Delivered
14701,56508,09-03-2022,,dhl,Delivered
14702,86032,10-08-2024,,fedex,Delivered
14703,81843,09-02-2021,,fedex,Delivered
14704,49458,29-10-2023,,dhl,Delivered
14705,88474,06-11-2024,,bluedart,In Transit
14706,90286,11-02-2024,,bluedart,Delivered
14707,63703,20-12-2022,,bluedart,Delivered
14708,85103,08-01-2020,,dhl,Delivered
14709,37609,29-12-2022,,dhl,Delivered
14710,29850,06-03-2021,,fedex,Delivered
14711,22668,27-11-2024,,dhl,Delivered
14712,64048,24-08-2024,,bluedart,Cancelled
14713,54990,09-12-2023,,usps,Delivered
14714,1758,23-04-2024,,fedex,Delivered
14715,7504,22-11-2024,,bluedart,In Transit
14716,15020,03-01-2021,,bluedart,Delivered
14717,43917,18-08-2023,,dhl,Delivered
14718,99113,19-08-2020,,fedex,Delivered
14719,72678,05-11-2020,,fedex,Delivered
14720,28486,07-05-2020,,fedex,Delivered
14721,20758,22-09-2023,,dhl,Delivered
14722,6556,02-12-2020,,dhl,Shipped
14723,20694,18-08-2021,,fedex,Delivered
14724,95137,25-09-2023,,dhl,Delivered
14725,23412,21-11-2022,,dhl,Delivered
14726,78026,17-04-2022,,ups,In Transit
14727,58804,10-10-2024,,ups,Delivered
14728,33779,13-03-2022,,bluedart,Delivered
14729,90085,05-12-2020,,fedex,Delivered
14730,50540,06-08-2020,,fedex,Shipped
14731,52138,10-11-2024,,bluedart,Delivered
14732,2166,13-03-2020,,delhivery,Delivered
14733,23826,20-09-2022,,delhivery,Delivered
14734,21656,04-09-2021,,bluedart,Delivered
14735,30004,31-08-2022,,fedex,Delivered
14736,5823,01-05-2024,,fedex,Delivered
14737,18355,13-02-2024,,fedex,Shipped
14738,82570,21-09-2022,,fedex,Delivered
14739,90102,14-02-2024,,bluedart,Delivered
14740,47752,23-04-2024,,bluedart,Delivered
14741,84794,12-01-2020,,dhl,Delivered
14742,49660,15-04-2021,,fedex,Delivered
14743,30882,29-06-2021,,fedex,Delivered
14744,57968,30-01-2023,,bluedart,Delivered
14745,52195,26-06-2023,,ups,Delivered
14746,26612,09-04-2022,,fedex,Delivered
14747,55666,08-07-2020,,fedex,In Transit
14748,3079,31-03-2024,,fedex,Cancelled
14749,28075,18-05-2023,,dhl,Delivered
14750,96941,23-03-2024,,fedex,Delivered
14751,2460,09-05-2022,,delhivery,Delivered
14752,12013,24-05-2023,,usps,Delivered
14753,19519,01-08-2020,30-08-2020,dhl,Returned
14754,30597,21-01-2024,,fedex,Delivered
14755,47709,15-02-2024,,delhivery,Delivered
14756,32600,28-06-2021,,bluedart,Delivered
14757,74880,04-08-2022,18-08-2022,dhl,Returned
14758,34049,23-06-2020,,bluedart,Delivered
14759,4454,20-07-2022,,usps,Delivered
14760,71193,14-11-2022,,fedex,Cancelled
14761,74715,23-12-2020,,usps,Delivered
14762,54329,31-01-2024,,dhl,Shipped
14763,40139,22-10-2023,,ups,Delivered
14764,93320,01-11-2021,,ups,Delivered
14765,74419,13-01-2022,,bluedart,Shipped
14766,35825,29-09-2023,,dhl,Delivered
14767,31337,11-01-2024,,fedex,Delivered
14768,81565,29-11-2023,,bluedart,Delivered
14769,61132,01-07-2020,,fedex,Cancelled
14770,99357,02-05-2022,,fedex,Delivered
14771,52939,04-01-2021,,fedex,Delivered
14772,21819,27-12-2022,,fedex,In Transit
14773,85525,21-07-2020,,usps,Delivered
14774,14195,23-11-2024,,ups,Delivered
14775,38294,14-03-2024,,fedex,Shipped
14776,25506,23-08-2020,,fedex,Shipped
14777,60260,18-11-2021,,fedex,Delivered
14778,33244,01-08-2022,,bluedart,Delivered
14779,84186,26-03-2024,,dhl,Delivered
14780,49332,15-02-2024,,fedex,Delivered
14781,44354,20-07-2024,,fedex,Delivered
14782,84840,16-12-2022,,dhl,Delivered
14783,6302,14-05-2024,,dhl,Delivered
14784,7930,26-08-2021,,bluedart,Delivered
14785,68412,06-11-2022,,fedex,Delivered
14786,5244,16-12-2024,,fedex,Delivered
14787,49561,27-01-2023,,fedex,Delivered
14788,24502,23-06-2024,,fedex,Delivered
14789,60133,16-01-2020,,fedex,Delivered
14790,41268,05-09-2020,,fedex,Delivered
14791,39898,02-12-2024,,dhl,Delivered
14792,49808,25-08-2024,,fedex,Delivered
14793,97082,15-03-2023,,dhl,Cancelled
14794,71577,27-10-2024,,ups,Delivered
14795,94642,17-11-2021,,fedex,Delivered
14796,31608,22-07-2023,,usps,Delivered
14797,57897,06-11-2023,,fedex,Delivered
14798,84346,31-05-2023,,fedex,Delivered
14799,48734,21-07-2021,,dhl,Delivered
14800,5346,02-08-2023,,bluedart,Delivered
14801,78258,16-01-2020,,fedex,Delivered
14802,9527,27-02-2021,28-03-2021,fedex,Returned
14803,2741,04-04-2023,,fedex,Delivered
14804,98182,03-02-2022,,fedex,Delivered
14805,2199,13-01-2023,,dhl,In Transit
14806,66034,16-11-2024,,bluedart,Cancelled
14807,84019,15-03-2023,,fedex,Shipped
14808,6580,25-04-2022,10-05-2022,dhl,Returned
14809,78645,14-06-2020,,dhl,Delivered
14810,53563,28-10-2024,,fedex,Shipped
14811,17396,24-11-2021,,dhl,Delivered
14812,80511,24-12-2022,,fedex,Cancelled
14813,82382,19-02-2023,,fedex,Delivered
14814,16459,30-08-2021,,dhl,Delivered
14815,97986,23-01-2020,,fedex,Delivered
14816,97068,27-01-2023,,dhl,Delivered
14817,66093,13-07-2021,,fedex,Delivered
14818,71494,16-09-2021,,fedex,Shipped
14819,3966,26-05-2022,,dhl,Delivered
14820,9424,22-02-2021,,dhl,Delivered
14821,80948,24-02-2024,,dhl,Shipped
14822,14235,13-02-2021,,fedex,Delivered
14823,17072,16-07-2023,,fedex,Delivered
14824,92397,15-02-2021,,dhl,Delivered
14825,45891,23-05-2022,,fedex,Delivered
14826,4318,19-08-2020,,fedex,Delivered
14827,58072,10-05-2021,,dhl,In Transit
14828,4363,25-11-2023,,bluedart,Delivered
14829,14968,23-07-2022,,bluedart,Delivered
14830,23652,05-03-2024,,ups,Delivered
14831,84466,02-01-2024,,fedex,Shipped
14832,48340,29-09-2020,,bluedart,Delivered
14833,6807,14-01-2023,,bluedart,Delivered
14834,94947,04-02-2021,,dhl,Delivered
14835,7825,14-10-2022,,ups,Delivered
14836,6828,23-03-2020,,fedex,Delivered
14837,12508,06-12-2023,,fedex,Delivered
14838,49773,20-03-2024,,fedex,Delivered
14839,42806,24-10-2021,,fedex,Delivered
14840,87180,01-06-2021,,fedex,Delivered
14841,42920,29-01-2022,,ups,Delivered
14842,42276,06-08-2023,,fedex,Delivered
14843,74396,11-07-2022,,fedex,Delivered
14844,71316,10-01-2021,,fedex,Delivered
14845,42728,20-05-2024,,fedex,Delivered
14846,76887,20-05-2023,,fedex,In Transit
14847,99131,28-08-2020,,fedex,Shipped
14848,59186,29-11-2024,,bluedart,Shipped
14849,51907,17-11-2021,,fedex,Delivered
14850,8679,08-04-2020,,dhl,In Transit
14851,22812,11-10-2024,,fedex,Delivered
14852,66661,15-07-2024,,fedex,Shipped
14853,16179,10-05-2022,,ups,Delivered
14854,38492,08-08-2023,,fedex,In Transit
14855,84378,18-10-2021,,usps,Delivered
14856,69747,03-07-2020,,fedex,Delivered
14857,54113,21-07-2021,,dhl,Delivered
14858,44969,20-05-2023,,fedex,In Transit
14859,74756,02-02-2023,,fedex,Delivered
14860,9509,22-02-2023,,fedex,Delivered
14861,90629,05-05-2022,,ups,Shipped
14862,41544,01-11-2020,,dhl,Delivered
14863,44290,02-12-2022,,fedex,Delivered
14864,75917,16-05-2022,,dhl,Delivered
14865,38854,13-06-2023,,ups,Cancelled
14866,46146,17-02-2021,,fedex,Delivered
14867,95453,08-03-2021,,dhl,In Transit
14868,90175,22-03-2021,,ups,Delivered
14869,88009,26-08-2023,,fedex,Delivered
14870,51756,20-03-2020,,ups,Delivered
14871,20639,03-09-2020,,bluedart,Delivered
14872,36826,24-02-2022,,dhl,Delivered
14873,24647,17-07-2023,,dhl,Delivered
14874,27520,20-09-2021,,dhl,Delivered
14875,11598,13-04-2024,,dhl,Delivered
14876,20961,04-11-2021,,fedex,Delivered
14877,85281,01-05-2020,,delhivery,Delivered
14878,7600,08-12-2023,19-12-2023,bluedart,Returned
14879,75117,11-10-2020,,delhivery,Delivered
14880,20879,27-01-2023,25-02-2023,fedex,Returned
14881,6635,06-02-2021,,dhl,Delivered
14882,8022,30-03-2022,,fedex,Delivered
14883,90979,02-01-2024,,ups,Delivered
14884,83397,08-12-2022,,dhl,Delivered
14885,16968,10-01-2020,,fedex,Delivered
14886,53852,06-10-2022,,ups,Delivered
14887,41928,12-03-2023,,fedex,Delivered
14888,26345,12-11-2023,,fedex,Delivered
14889,65257,09-08-2022,,bluedart,Delivered
14890,4346,10-12-2022,,fedex,Delivered
14891,43509,16-10-2024,,dhl,Delivered
14892,32312,08-03-2023,,fedex,Shipped
14893,13518,18-11-2020,,fedex,Cancelled
14894,35315,07-01-2021,,dhl,Shipped
14895,84556,23-10-2024,,fedex,Delivered
14896,33648,24-08-2021,,usps,Delivered
14897,10892,17-06-2023,,bluedart,Delivered
14898,51467,05-02-2024,,fedex,Delivered
14899,5260,22-12-2020,,fedex,Delivered
14900,23010,07-05-2023,,dhl,Cancelled
14901,49971,12-05-2023,,ups,Delivered
14902,76360,11-10-2020,,ups,Delivered
14903,97263,18-08-2022,,fedex,Delivered
14904,64406,14-10-2024,,fedex,Delivered
14905,91888,30-11-2022,,ups,Delivered
14906,89519,12-10-2020,,fedex,Cancelled
14907,68088,07-06-2022,,fedex,Delivered
14908,99178,11-01-2024,,dhl,Delivered
14909,90048,14-04-2020,,dhl,Cancelled
14910,35608,28-03-2022,,dhl,Shipped
14911,6637,17-12-2024,,fedex,Delivered
14912,69161,24-07-2021,,bluedart,Delivered
14913,98179,24-03-2024,,bluedart,Delivered
14914,39811,20-12-2024,,ups,Delivered
14915,43815,27-01-2023,,fedex,Delivered
14916,4931,30-07-2020,,fedex,Shipped
14917,55832,21-03-2024,,fedex,Delivered
14918,84763,29-01-2022,,dhl,Delivered
14919,44236,22-07-2020,,bluedart,Shipped
14920,9258,15-05-2020,,dhl,Delivered
14921,14449,10-08-2024,,dhl,Delivered
14922,72239,02-04-2021,,fedex,Delivered
14923,6192,28-02-2022,,bluedart,Delivered
14924,12078,21-02-2022,,dhl,Delivered
14925,75470,16-07-2020,,bluedart,Delivered
14926,89237,13-03-2021,,fedex,Delivered
14927,55778,30-03-2023,,bluedart,Cancelled
14928,25448,21-02-2023,05-03-2023,fedex,Returned
14929,60805,31-05-2024,,fedex,Delivered
14930,83076,02-02-2020,,dhl,Delivered
14931,78154,06-10-2021,26-10-2021,fedex,Returned
14932,93764,08-07-2020,,fedex,Delivered
14933,93094,11-12-2021,,bluedart,Delivered
14934,50500,23-05-2024,,fedex,Delivered
14935,21165,18-11-2021,,dhl,Delivered
14936,12417,13-01-2020,,dhl,Delivered
14937,96486,14-10-2024,,fedex,Shipped
14938,18276,07-10-2020,,bluedart,Delivered
14939,59016,08-10-2024,,fedex,Delivered
14940,2449,16-12-2021,,dhl,Delivered
14941,4692,17-06-2023,,dhl,Delivered
14942,56611,08-11-2020,,usps,Delivered
14943,95348,11-09-2020,,bluedart,Shipped
14944,24886,05-09-2021,,bluedart,Shipped
14945,96141,01-04-2023,,ups,Delivered
14946,66252,05-11-2020,,ups,Delivered
14947,1191,01-10-2024,,bluedart,Delivered
14948,23031,21-01-2021,,dhl,Delivered
14949,31228,26-06-2023,,fedex,Delivered
14950,15334,07-11-2024,,bluedart,Delivered
14951,92196,30-05-2020,,fedex,Shipped
14952,39445,29-08-2022,,ups,Delivered
14953,16431,07-08-2020,,dhl,Delivered
14954,89739,02-10-2022,,bluedart,Delivered
14955,54836,13-09-2021,,dhl,Delivered
14956,97230,16-01-2022,,bluedart,Delivered
14957,88612,24-07-2022,,dhl,Delivered
14958,53047,25-05-2023,,ups,Shipped
14959,84980,14-02-2024,20-02-2024,bluedart,Returned
14960,72639,14-10-2020,,delhivery,Delivered
14961,28543,14-10-2023,,fedex,Delivered
14962,46175,03-11-2023,,usps,Delivered
14963,24706,06-09-2021,,bluedart,Shipped
14964,38922,09-03-2024,,fedex,Delivered
14965,37098,18-01-2022,,fedex,Delivered
14966,91102,23-04-2021,,fedex,Delivered
14967,17386,26-07-2021,,delhivery,Delivered
14968,34759,29-03-2022,,fedex,Delivered
14969,92511,08-12-2022,,bluedart,Delivered
14970,44770,16-03-2023,,fedex,Cancelled
14971,27852,23-08-2023,,bluedart,Cancelled
14972,56850,27-11-2022,,fedex,Shipped
14973,26469,02-01-2021,,dhl,Delivered
14974,62965,22-02-2020,,dhl,Delivered
14975,92881,19-03-2023,,delhivery,Delivered
14976,22218,16-12-2022,,fedex,Delivered
14977,12114,06-11-2023,,ups,Shipped
14978,67711,13-12-2024,,fedex,Delivered
14979,2569,23-09-2023,,dhl,Delivered
14980,88121,22-03-2024,,dhl,Delivered
14981,50786,08-09-2020,,fedex,Delivered
14982,97030,14-01-2024,,bluedart,Delivered
14983,91270,23-04-2021,,dhl,Delivered
14984,67712,08-03-2023,29-03-2023,fedex,Returned
14985,58353,07-07-2024,,dhl,In Transit
14986,38207,01-05-2022,,usps,Delivered
14987,15438,03-05-2024,,bluedart,Delivered
14988,86986,02-05-2020,,fedex,Delivered
14989,72909,16-02-2022,,fedex,Cancelled
14990,45140,27-07-2020,,ups,In Transit
14991,40971,27-08-2022,,dhl,Delivered
14992,69380,02-01-2025,,fedex,Delivered
14993,21553,11-08-2020,,fedex,Delivered
14994,49273,16-08-2024,,fedex,Delivered
14995,57506,20-10-2023,,fedex,Delivered
14996,84463,27-07-2021,,ups,Delivered
14997,66297,09-07-2022,,usps,Delivered
14998,62853,23-01-2024,,dhl,Delivered
14999,49893,05-08-2020,,ups,Delivered
15000,89538,11-07-2022,,dhl,Delivered
15001,28941,16-03-2023,,ups,Delivered
15002,4890,11-12-2020,,bluedart,Delivered
15003,51539,12-10-2024,,fedex,Delivered
15004,13165,15-07-2023,,fedex,Delivered
15005,15431,23-05-2020,,dhl,Delivered
15006,70582,16-04-2020,,dhl,Delivered
15007,63800,28-01-2021,,dhl,Delivered
15008,86046,01-03-2020,,dhl,Delivered
15009,79976,25-08-2023,,fedex,Cancelled
15010,67532,11-10-2021,,fedex,Cancelled
15011,7281,14-06-2020,,fedex,Delivered
15012,30332,11-01-2024,,fedex,Delivered
15013,94568,26-09-2023,,fedex,Shipped
15014,82481,22-09-2024,,dhl,Delivered
15015,24292,09-02-2022,,fedex,Shipped
15016,43865,11-12-2022,,fedex,Delivered
15017,39343,10-09-2024,,fedex,Delivered
15018,58080,13-01-2024,,delhivery,Delivered
15019,23916,18-08-2024,,fedex,Delivered
15020,22605,23-09-2022,,ups,Delivered
15021,12556,29-05-2022,,fedex,Delivered
15022,62345,09-05-2023,,fedex,Delivered
15023,27845,17-10-2023,,fedex,Delivered
15024,82118,22-05-2021,,fedex,Delivered
15025,9951,04-12-2022,,delhivery,Delivered
15026,62865,24-08-2023,,dhl,Delivered
15027,36728,22-09-2023,,dhl,Delivered
15028,45383,12-06-2024,,dhl,Delivered
15029,12818,28-07-2024,,fedex,Delivered
15030,13804,29-08-2020,,bluedart,Shipped
15031,92909,26-11-2022,,dhl,In Transit
15032,16499,30-10-2023,,fedex,Delivered
15033,58112,12-12-2024,,dhl,Delivered
15034,79599,20-09-2021,,fedex,Delivered
15035,85972,24-04-2021,,dhl,Shipped
15036,7899,26-09-2022,,fedex,Delivered
15037,56282,09-02-2020,,fedex,Delivered
15038,17832,28-04-2020,,dhl,Shipped
15039,80026,08-08-2023,,bluedart,Delivered
15040,29640,19-10-2022,,fedex,Cancelled
15041,85113,17-10-2021,,fedex,Shipped
15042,76311,13-08-2024,05-09-2024,fedex,Returned
15043,26617,28-03-2022,,fedex,Delivered
15044,82515,18-03-2020,,fedex,Delivered
15045,77231,10-12-2024,,fedex,Delivered
15046,46986,20-10-2022,,dhl,Delivered
15047,47287,19-10-2024,,bluedart,Delivered
15048,45521,19-12-2023,,fedex,Delivered
15049,88578,18-09-2021,,fedex,Shipped
15050,35681,01-11-2023,,bluedart,Delivered
15051,93370,15-10-2023,,fedex,Cancelled
15052,43118,06-12-2023,,usps,In Transit
15053,43281,13-02-2024,,fedex,Delivered
15054,7790,23-10-2023,,delhivery,Delivered
15055,46717,01-06-2021,,fedex,Delivered
15056,74755,08-01-2025,,fedex,Delivered
15057,11283,14-05-2021,,bluedart,Delivered
15058,17369,02-01-2023,,ups,Delivered
15059,89617,16-01-2022,,fedex,Delivered
15060,94623,01-05-2021,,ups,Shipped
15061,80613,28-05-2023,,fedex,Delivered
15062,25176,17-06-2022,,delhivery,Delivered
15063,7787,20-03-2023,28-03-2023,ups,Returned
15064,67782,08-03-2024,,fedex,Delivered
15065,40469,03-11-2021,,fedex,Delivered
15066,48497,25-02-2022,,fedex,Delivered
15067,85749,09-12-2024,,fedex,Delivered
15068,6778,26-06-2024,,bluedart,Cancelled
15069,80834,05-08-2024,,fedex,Delivered
15070,28295,08-03-2020,,fedex,Delivered
15071,61044,01-02-2020,,dhl,Cancelled
15072,19876,02-04-2020,,delhivery,Delivered
15073,33229,29-11-2020,,fedex,Cancelled
15074,46150,22-01-2021,,dhl,Delivered
15075,79027,14-09-2022,,fedex,Delivered
15076,93280,07-12-2020,,fedex,Delivered
15077,96876,20-05-2024,,bluedart,Delivered
15078,46250,22-01-2020,,dhl,Delivered
15079,67916,09-10-2023,,bluedart,Cancelled
15080,18733,29-03-2021,,fedex,Delivered
15081,25578,17-08-2021,,dhl,Delivered
15082,35812,17-06-2022,,fedex,Delivered
15083,55387,06-04-2024,,fedex,In Transit
15084,34073,22-02-2024,,dhl,Delivered
15085,55158,13-04-2020,,dhl,Delivered
15086,61940,04-08-2020,,bluedart,Delivered
15087,21756,30-04-2024,,fedex,Delivered
15088,38082,10-07-2024,,ups,Shipped
15089,78252,07-01-2021,,bluedart,Delivered
15090,38047,24-10-2022,,ups,Cancelled
15091,97562,28-12-2020,,fedex,Delivered
15092,42134,15-02-2021,,fedex,Delivered
15093,37298,25-11-2024,,fedex,Delivered
15094,62024,30-10-2022,,bluedart,Delivered
15095,40194,07-06-2020,,fedex,Delivered
15096,24317,24-03-2023,,usps,Delivered
15097,17666,15-05-2023,,fedex,In Transit
15098,32723,16-01-2020,,fedex,Shipped
15099,86187,16-01-2024,,fedex,Shipped
15100,6325,16-01-2024,,ups,Shipped
15101,67359,12-03-2024,,fedex,Delivered
15102,37884,17-12-2024,,fedex,Delivered
15103,85601,05-01-2021,,fedex,Delivered
15104,11593,03-12-2020,,dhl,Delivered
15105,16681,13-11-2024,,fedex,Delivered
15106,67530,24-06-2021,,fedex,Delivered
15107,91018,05-05-2024,,bluedart,Delivered
15108,37065,05-12-2021,,ups,Delivered
15109,5982,30-07-2024,,dhl,Delivered
15110,58685,26-06-2021,,bluedart,Delivered
15111,83285,05-10-2024,,fedex,Cancelled
15112,2308,28-04-2023,,fedex,Delivered
15113,17473,13-10-2020,,dhl,Delivered
15114,74194,02-05-2022,,fedex,Delivered
15115,44061,23-07-2023,,usps,Cancelled
15116,95452,29-11-2021,,fedex,Delivered
15117,29001,26-08-2024,,fedex,Delivered
15118,96613,12-01-2020,,fedex,Delivered
15119,70672,15-10-2023,,fedex,Delivered
15120,38083,13-01-2023,,dhl,Delivered
15121,7646,26-09-2021,,fedex,Delivered
15122,19952,19-03-2023,,bluedart,Shipped
15123,80814,20-04-2020,,usps,Delivered
15124,87462,29-10-2024,,fedex,Delivered
15125,4262,21-10-2023,,dhl,Shipped
15126,36411,15-12-2021,,bluedart,Delivered
15127,37400,29-11-2023,,fedex,Delivered
15128,57750,30-09-2023,,fedex,Delivered
15129,18656,09-11-2020,,ups,Delivered
15130,71378,14-12-2021,,ups,Delivered
15131,98638,05-01-2021,17-01-2021,ups,Returned
15132,7224,27-07-2020,,bluedart,Delivered
15133,38531,19-11-2022,,delhivery,Delivered
15134,94168,14-11-2021,,fedex,Delivered
15135,18153,01-02-2022,,dhl,Delivered
15136,6018,08-03-2023,,dhl,Delivered
15137,35204,19-11-2021,,bluedart,Delivered
15138,4084,30-04-2021,,dhl,Delivered
15139,81800,26-09-2022,,usps,Delivered
15140,71437,03-01-2021,,delhivery,Delivered
15141,73616,25-01-2024,,fedex,Cancelled
15142,5373,01-03-2021,,fedex,Delivered
15143,75841,15-02-2022,,dhl,Delivered
15144,99355,08-03-2021,,bluedart,Delivered
15145,99158,24-08-2022,,dhl,Delivered
15146,75994,19-04-2023,,fedex,Delivered
15147,59710,21-04-2020,,fedex,Delivered
15148,52657,29-02-2024,,fedex,Delivered
15149,2847,29-02-2024,,usps,Delivered
15150,99566,13-10-2021,,fedex,Delivered
15151,4888,15-05-2020,,fedex,Delivered
15152,35274,31-08-2024,,fedex,Delivered
15153,19767,29-06-2024,,bluedart,Delivered
15154,23134,19-09-2020,,delhivery,Delivered
15155,62982,14-02-2023,,dhl,Delivered
15156,60604,02-11-2024,08-11-2024,fedex,Returned
15157,4249,10-11-2022,,fedex,Delivered
15158,49874,26-03-2021,,fedex,Delivered
15159,84249,12-02-2024,,fedex,Delivered
15160,87299,03-06-2020,,fedex,Delivered
15161,69160,04-11-2022,,fedex,Shipped
15162,71068,20-11-2024,,dhl,Shipped
15163,95244,09-03-2024,,ups,Delivered
15164,47111,12-02-2023,,fedex,Delivered
15165,38068,22-06-2022,,fedex,Delivered
15166,55403,17-11-2024,,dhl,Delivered
15167,66976,08-12-2023,,fedex,Shipped
15168,52471,01-07-2021,,dhl,Delivered
15169,60293,15-02-2021,,fedex,In Transit
15170,74646,25-01-2021,,bluedart,In Transit
15171,67968,02-12-2024,,fedex,Delivered
15172,85877,29-10-2022,,dhl,Delivered
15173,90643,18-03-2024,,dhl,Delivered
15174,72075,03-10-2022,,fedex,Delivered
15175,15467,22-11-2020,,fedex,Delivered
15176,35405,27-02-2020,,dhl,Delivered
15177,62443,23-02-2020,,bluedart,Delivered
15178,80849,11-08-2024,,fedex,Delivered
15179,90419,26-06-2024,,delhivery,Delivered
15180,84170,17-02-2021,03-03-2021,dhl,Returned
15181,19742,12-06-2023,,bluedart,Shipped
15182,1572,21-10-2021,,fedex,Delivered
15183,22132,26-02-2020,,fedex,Delivered
15184,57881,16-11-2024,,fedex,Delivered
15185,59428,14-04-2023,,bluedart,Delivered
15186,55650,13-10-2021,,fedex,Delivered
15187,79935,26-11-2024,,dhl,Delivered
15188,46583,15-10-2023,,usps,Delivered
15189,69124,08-10-2024,,dhl,Shipped
15190,87043,13-10-2023,,bluedart,Delivered
15191,54191,23-06-2023,,fedex,Delivered
15192,88589,03-09-2020,,bluedart,Delivered
15193,45846,30-03-2020,,fedex,In Transit
15194,61226,15-12-2022,,dhl,Delivered
15195,78448,09-08-2022,,ups,Delivered
15196,26646,16-05-2023,,delhivery,Delivered
15197,4639,24-06-2024,,delhivery,Delivered
15198,11577,16-03-2022,,ups,Shipped
15199,70119,28-10-2021,,fedex,Delivered
15200,65587,31-05-2022,,dhl,Delivered
15201,88938,29-08-2021,,fedex,Cancelled
15202,45204,09-01-2021,,fedex,Delivered
15203,8201,04-02-2022,,fedex,Delivered
15204,66151,22-09-2021,,fedex,In Transit
15205,65546,08-02-2021,,fedex,Delivered
15206,28241,22-03-2023,,fedex,Shipped
15207,63244,06-09-2022,,fedex,Delivered
15208,91768,20-06-2020,,ups,Shipped
15209,26897,25-11-2021,,bluedart,Shipped
15210,8853,10-01-2021,,fedex,Delivered
15211,96637,18-11-2023,,delhivery,Delivered
15212,6230,17-05-2023,,dhl,Delivered
15213,82143,21-10-2024,,fedex,Delivered
15214,46796,08-12-2020,,bluedart,Delivered
15215,55144,04-11-2020,,usps,Cancelled
15216,44984,02-11-2023,,fedex,Delivered
15217,16687,29-07-2021,,fedex,Delivered
15218,79401,10-10-2020,,fedex,Delivered
15219,30392,18-11-2021,,dhl,Delivered
15220,54976,01-12-2021,,delhivery,Delivered
15221,4113,06-04-2021,,delhivery,Shipped
15222,20312,26-07-2020,,fedex,Delivered
15223,42824,07-04-2020,,dhl,Delivered
15224,75591,07-06-2024,,dhl,Delivered
15225,20957,25-05-2022,,delhivery,Delivered
15226,53035,25-10-2021,,dhl,Delivered
15227,61536,14-09-2021,,fedex,Delivered
15228,22013,04-03-2024,,fedex,Delivered
15229,21543,07-06-2020,,bluedart,Cancelled
15230,93127,06-05-2024,,fedex,Shipped
15231,72108,10-03-2021,,bluedart,Delivered
15232,33783,12-10-2024,,fedex,Cancelled
15233,62638,31-12-2022,,dhl,Delivered
15234,29249,28-09-2020,,dhl,Delivered
15235,86502,17-03-2020,,dhl,Delivered
15236,54250,02-09-2022,,fedex,Delivered
15237,65370,03-02-2022,,fedex,Delivered
15238,96436,15-12-2022,,dhl,Delivered
15239,16830,13-06-2023,,dhl,Delivered
15240,78048,17-08-2022,,ups,Delivered
15241,93520,21-01-2024,,fedex,In Transit
15242,21869,05-04-2021,,dhl,Delivered
15243,48223,22-04-2022,,ups,Delivered
15244,34323,08-05-2020,,fedex,Delivered
15245,38575,12-04-2021,,fedex,Delivered
15246,83418,12-02-2024,,ups,In Transit
15247,76423,31-01-2020,,fedex,Delivered
15248,63693,27-12-2023,,dhl,Delivered
15249,83191,01-12-2024,,bluedart,Delivered
15250,38100,23-04-2023,,bluedart,Shipped
15251,18655,01-10-2023,,fedex,Delivered
15252,48925,15-05-2022,,fedex,Shipped
15253,19578,26-09-2023,,dhl,Cancelled
15254,80800,07-12-2021,,dhl,Delivered
15255,16789,09-11-2023,25-11-2023,bluedart,Returned
15256,82589,27-12-2024,,fedex,Delivered
15257,16443,03-04-2024,,usps,Delivered
15258,46503,29-11-2023,,dhl,Delivered
15259,34580,26-12-2024,,delhivery,Delivered
15260,69546,09-12-2021,,dhl,Delivered
15261,94980,01-06-2023,,dhl,Delivered
15262,43270,13-11-2021,,fedex,Cancelled
15263,45646,10-02-2022,,delhivery,Delivered
15264,86515,14-01-2021,19-01-2021,dhl,Returned
15265,5351,25-01-2022,,fedex,Delivered
15266,48520,21-07-2023,,ups,Delivered
15267,12164,17-04-2024,,fedex,Delivered
15268,82663,10-07-2024,,fedex,Delivered
15269,5850,14-03-2020,,fedex,Delivered
15270,32820,03-07-2020,,dhl,Delivered
15271,98487,12-11-2020,,fedex,Delivered
15272,43424,17-06-2022,,fedex,In Transit
15273,86462,06-08-2020,,dhl,In Transit
15274,31112,15-08-2024,,fedex,Delivered
15275,21571,25-02-2022,25-03-2022,fedex,Returned
15276,63158,18-11-2024,,dhl,Delivered
15277,24667,12-09-2021,,dhl,Delivered
15278,31965,21-06-2022,,ups,Delivered
15279,70794,04-06-2024,,delhivery,Delivered
15280,85470,06-03-2020,,delhivery,Delivered
15281,62702,16-06-2023,,fedex,Delivered
15282,75678,26-12-2022,,fedex,Cancelled
15283,45038,14-02-2021,,dhl,Delivered
15284,63750,12-06-2024,,fedex,In Transit
15285,17958,08-03-2020,,dhl,Delivered
15286,93880,28-05-2023,,fedex,Delivered
15287,90337,05-07-2024,,fedex,Cancelled
15288,94862,10-07-2024,,dhl,Shipped
15289,92890,22-05-2024,,fedex,Delivered
15290,94897,23-09-2022,,usps,Delivered
15291,25455,15-11-2020,,bluedart,Delivered
15292,14385,07-11-2021,,dhl,Delivered
15293,81938,26-03-2021,16-04-2021,bluedart,Returned
15294,8570,03-06-2024,,dhl,Delivered
15295,27743,18-01-2020,,dhl,Delivered
15296,6103,26-05-2020,,fedex,Shipped
15297,80873,14-05-2021,,delhivery,Delivered
15298,59398,19-11-2023,,fedex,Delivered
15299,4840,09-08-2021,23-08-2021,dhl,Returned
15300,49866,11-07-2022,,dhl,Delivered
15301,84852,27-05-2022,,fedex,Delivered
15302,28438,27-01-2024,,usps,Delivered
15303,43348,04-12-2020,,fedex,Cancelled
15304,56872,01-04-2023,,fedex,Shipped
15305,16271,28-08-2022,22-09-2022,fedex,Returned
15306,81402,10-01-2021,,dhl,Delivered
15307,21949,13-09-2023,,fedex,Shipped
15308,70308,12-05-2024,,bluedart,Delivered
15309,35595,28-07-2021,,fedex,Cancelled
15310,69157,21-01-2024,,bluedart,Delivered
15311,84283,12-02-2022,,ups,Shipped
15312,47588,01-10-2020,,fedex,Delivered
15313,65268,03-11-2021,20-11-2021,fedex,Returned
15314,65021,05-08-2020,,dhl,Cancelled
15315,2184,05-04-2021,17-04-2021,fedex,Returned
15316,11196,10-02-2020,,ups,Delivered
15317,45351,07-05-2023,,fedex,Delivered
15318,13763,07-06-2024,,ups,Delivered
15319,35617,24-03-2021,,fedex,Delivered
15320,39314,30-06-2024,,fedex,Delivered
15321,57685,23-02-2022,,dhl,Delivered
15322,54465,23-05-2022,,bluedart,Delivered
15323,63707,01-06-2022,,fedex,Delivered
15324,66723,27-11-2022,,dhl,Delivered
15325,75069,07-01-2024,,bluedart,Shipped
15326,49952,13-04-2022,,fedex,Delivered
15327,16535,27-03-2024,,dhl,Delivered
15328,23524,24-11-2020,,fedex,Delivered
15329,3369,03-08-2022,,dhl,Delivered
15330,28611,29-07-2024,10-08-2024,ups,Returned
15331,62268,18-11-2023,,usps,Delivered
15332,70165,21-08-2024,,fedex,Delivered
15333,24259,26-12-2021,,dhl,Shipped
15334,24784,13-06-2022,,fedex,Shipped
15335,20745,01-04-2020,,delhivery,Delivered
15336,88032,04-01-2022,,fedex,Delivered
15337,36635,25-01-2021,,fedex,Delivered
15338,43602,25-07-2021,,fedex,Delivered
15339,61265,08-06-2020,,usps,Delivered
15340,52954,27-12-2022,,fedex,Delivered
15341,27432,01-05-2022,,ups,Delivered
15342,58737,12-06-2023,,fedex,In Transit
15343,71109,24-07-2020,,dhl,Delivered
15344,72033,19-11-2023,,dhl,Delivered
15345,67399,04-07-2024,,delhivery,Delivered
15346,48254,09-06-2023,,fedex,Delivered
15347,71167,04-10-2022,21-10-2022,fedex,Returned
15348,72172,23-10-2023,,dhl,Shipped
15349,92708,18-09-2020,,fedex,Delivered
15350,22672,14-02-2021,,fedex,Delivered
15351,72810,03-04-2022,,bluedart,Shipped
15352,20824,25-12-2024,,fedex,Delivered
15353,64979,10-03-2022,,dhl,Delivered
15354,68829,03-10-2020,,fedex,Delivered
15355,30603,08-11-2020,,delhivery,Delivered
15356,76954,01-11-2023,,bluedart,Delivered
15357,58973,07-12-2021,,fedex,Delivered
15358,23722,12-12-2022,,fedex,Shipped
15359,64318,30-04-2022,,ups,Delivered
15360,40342,05-10-2024,,fedex,Delivered
15361,54799,29-08-2021,,dhl,Delivered
15362,14604,11-04-2024,,bluedart,Delivered
15363,72963,14-12-2022,,fedex,Delivered
15364,54096,29-12-2024,,fedex,Shipped
15365,50324,26-05-2024,,ups,Delivered
15366,95790,13-04-2022,,bluedart,Delivered
15367,74472,02-06-2022,,fedex,Delivered
15368,23820,15-05-2021,,bluedart,Delivered
15369,30847,29-05-2020,,fedex,Delivered
15370,6963,04-02-2020,,fedex,Shipped
15371,52546,03-07-2024,,fedex,Delivered
15372,28969,22-02-2022,,delhivery,Delivered
15373,15528,08-04-2023,,bluedart,Delivered
15374,34499,16-05-2022,,dhl,Delivered
15375,82187,09-07-2020,,fedex,Delivered
15376,78713,31-03-2020,10-04-2020,fedex,Returned
15377,90214,22-06-2024,,fedex,Delivered
15378,54367,28-11-2020,,dhl,Delivered
15379,34820,07-06-2022,,dhl,In Transit
15380,83855,01-12-2022,,fedex,Delivered
15381,38802,22-04-2021,,bluedart,Shipped
15382,57102,06-10-2022,,usps,Shipped
15383,37328,05-04-2024,,bluedart,Delivered
15384,75129,14-01-2024,,dhl,Delivered
15385,62279,20-01-2022,,bluedart,Cancelled
15386,28195,30-03-2023,,fedex,Delivered
15387,27750,01-03-2024,,fedex,Delivered
15388,71513,15-03-2020,,dhl,Delivered
15389,33460,21-02-2024,,fedex,Delivered
15390,83928,04-05-2022,,fedex,In Transit
15391,96765,27-02-2022,,fedex,Delivered
15392,20551,29-01-2024,,bluedart,Delivered
15393,60787,25-02-2022,,fedex,Delivered
15394,66311,29-12-2022,,fedex,Delivered
15395,44435,28-10-2020,,bluedart,Delivered
15396,57543,28-05-2020,,dhl,Delivered
15397,42649,10-11-2024,,fedex,Delivered
15398,14114,24-04-2024,,fedex,Delivered
15399,29394,12-03-2021,,dhl,Delivered
15400,84205,07-06-2023,15-06-2023,dhl,Returned
15401,44681,20-02-2021,,fedex,Delivered
15402,85914,02-11-2020,,usps,Cancelled
15403,5578,04-05-2022,,fedex,In Transit
15404,37059,28-11-2022,,bluedart,Delivered
15405,70769,29-07-2023,05-08-2023,dhl,Returned
15406,83283,09-02-2022,,fedex,Delivered
15407,77921,25-03-2023,,delhivery,Delivered
15408,97071,04-11-2023,,fedex,Delivered
15409,16040,13-10-2022,,delhivery,Delivered
15410,41577,07-11-2020,,fedex,Delivered
15411,79259,18-01-2023,,fedex,Delivered
15412,98990,16-12-2020,,dhl,Delivered
15413,9831,20-06-2024,,bluedart,Shipped
15414,70968,26-10-2021,,fedex,Shipped
15415,34423,21-05-2020,,dhl,Delivered
15416,99286,27-08-2020,,fedex,Delivered
15417,5485,24-03-2022,,fedex,Delivered
15418,78019,14-09-2020,,bluedart,Shipped
15419,30296,11-07-2023,,dhl,Delivered
15420,77109,23-05-2021,,ups,Delivered
15421,26385,23-08-2022,28-08-2022,usps,Returned
15422,7124,10-04-2021,,bluedart,Delivered
15423,53049,20-06-2023,,dhl,Delivered
15424,61074,19-07-2022,,fedex,Delivered
15425,24646,19-08-2022,,dhl,Delivered
15426,14031,20-12-2023,,fedex,Delivered
15427,42208,13-12-2021,,dhl,Delivered
15428,66366,30-07-2022,,fedex,Delivered
15429,44333,08-12-2020,,fedex,Delivered
15430,30951,20-03-2020,,dhl,Cancelled
15431,70190,27-01-2023,,ups,Delivered
15432,26237,16-03-2022,,fedex,Delivered
15433,41696,08-11-2022,,delhivery,Delivered
15434,86467,05-08-2020,,fedex,Delivered
15435,99182,30-05-2020,,fedex,Delivered
15436,16254,30-06-2024,,usps,Delivered
15437,79365,03-05-2020,,fedex,Delivered
15438,49686,06-03-2021,,ups,Delivered
15439,43083,25-04-2022,,fedex,In Transit
15440,97821,02-09-2020,,dhl,Delivered
15441,10018,08-11-2023,,fedex,Delivered
15442,39609,08-05-2022,,fedex,Shipped
15443,27855,28-11-2023,,dhl,Delivered
15444,33979,28-02-2022,,delhivery,Delivered
15445,98734,14-06-2024,,fedex,Delivered
15446,45411,10-10-2020,,fedex,Delivered
15447,39525,07-08-2023,,fedex,In Transit
15448,60413,19-07-2024,05-08-2024,fedex,Returned
15449,34176,16-04-2023,,delhivery,Cancelled
15450,71537,18-10-2024,,fedex,Delivered
15451,51926,02-08-2020,,bluedart,Delivered
15452,99442,21-01-2024,,dhl,Delivered
15453,73800,30-03-2024,,fedex,Delivered
15454,18121,07-09-2024,,fedex,Delivered
15455,38669,07-01-2022,,fedex,Delivered
15456,7494,01-10-2024,,bluedart,Delivered
15457,97855,05-09-2023,,fedex,Cancelled
15458,58126,04-10-2020,21-10-2020,fedex,Returned
15459,33610,08-07-2024,,ups,Delivered
15460,35153,24-02-2020,,dhl,Shipped
15461,31146,12-09-2020,,bluedart,Delivered
15462,81224,04-11-2020,,ups,Delivered
15463,21206,17-06-2022,,dhl,Delivered
15464,3794,29-12-2023,,fedex,Delivered
15465,76860,23-07-2021,,dhl,Delivered
15466,1746,26-09-2020,,usps,Delivered
15467,28252,28-12-2022,,usps,Delivered
15468,88561,10-04-2020,,fedex,In Transit
15469,89491,30-04-2024,,fedex,Delivered
15470,31968,05-01-2023,,dhl,Delivered
15471,40117,20-05-2022,,ups,Delivered
15472,11667,07-03-2022,,dhl,Delivered
15473,59391,01-12-2023,,fedex,Delivered
15474,31935,18-04-2023,,bluedart,Delivered
15475,24729,15-06-2023,,dhl,Delivered
15476,58234,12-12-2023,,fedex,Delivered
15477,56225,21-02-2021,17-03-2021,fedex,Returned
15478,1338,23-03-2023,,bluedart,Delivered
15479,65561,05-10-2023,,fedex,Delivered
15480,30237,26-10-2024,02-11-2024,usps,Returned
15481,26351,23-02-2023,,fedex,Delivered
15482,48248,27-10-2024,,dhl,Delivered
15483,48232,03-05-2022,,ups,Delivered
15484,73783,13-05-2021,,dhl,Cancelled
15485,21280,28-09-2024,,dhl,In Transit
15486,5790,09-01-2020,,fedex,In Transit
15487,95212,22-03-2021,,dhl,Shipped
15488,41045,30-06-2024,,dhl,Delivered
15489,82064,16-07-2021,,fedex,Delivered
15490,63425,07-09-2022,,dhl,Shipped
15491,34642,18-12-2024,,fedex,Delivered
15492,9072,18-10-2021,,dhl,Delivered
15493,75504,12-12-2022,,dhl,Delivered
15494,34189,11-06-2022,,fedex,Delivered
15495,4800,04-12-2024,22-12-2024,fedex,Returned
15496,12334,21-02-2022,,fedex,Delivered
15497,95535,27-01-2022,,fedex,Shipped
15498,23938,28-10-2024,,bluedart,Shipped
15499,64801,24-04-2024,,bluedart,Delivered
15500,8608,11-11-2020,,fedex,Delivered
15501,98353,04-09-2024,,bluedart,Delivered
15502,78856,10-11-2021,,dhl,Delivered
15503,94144,15-03-2020,,fedex,Cancelled
15504,86798,25-02-2024,,dhl,Cancelled
15505,11747,08-10-2023,,usps,Delivered
15506,37588,10-07-2022,,fedex,Delivered
15507,21337,06-06-2021,,fedex,Shipped
15508,40727,03-03-2024,23-03-2024,fedex,Returned
15509,87461,05-07-2021,,bluedart,Delivered
15510,14782,10-10-2024,31-10-2024,dhl,Returned
15511,13185,02-01-2022,,bluedart,Delivered
15512,9489,14-12-2021,,ups,In Transit
15513,31422,10-04-2024,,dhl,Delivered
15514,81045,04-05-2024,,fedex,Delivered
15515,52127,16-11-2021,,fedex,Delivered
15516,97869,22-09-2024,,ups,In Transit
15517,54568,30-05-2024,,fedex,Delivered
15518,32784,01-08-2024,,bluedart,Delivered
15519,72758,13-11-2024,,bluedart,In Transit
15520,21341,14-04-2023,,dhl,Delivered
15521,63233,07-12-2020,,ups,Delivered
15522,7364,08-03-2020,,dhl,Delivered
15523,76648,10-11-2020,,bluedart,Delivered
15524,96895,22-10-2020,,fedex,Delivered
15525,70019,13-02-2021,,fedex,Delivered
15526,91527,05-08-2022,,bluedart,Delivered
15527,69574,03-02-2020,,usps,Delivered
15528,85332,08-01-2023,,fedex,Delivered
15529,55835,08-04-2022,,fedex,Delivered
15530,16488,21-07-2022,,delhivery,Delivered
15531,50498,31-07-2024,,usps,Delivered
15532,27342,14-04-2022,,dhl,Delivered
15533,22145,28-06-2022,,fedex,Delivered
15534,77826,04-03-2021,,fedex,Delivered
15535,54935,01-07-2023,,ups,Cancelled
15536,27559,12-09-2021,,fedex,Delivered
15537,87827,31-03-2020,,fedex,Delivered
15538,48204,09-10-2022,,fedex,Delivered
15539,64618,27-12-2021,,fedex,Delivered
15540,58851,02-05-2021,,fedex,Delivered
15541,25567,06-03-2024,,delhivery,Delivered
15542,48502,03-05-2020,,dhl,Delivered
15543,94433,06-07-2021,,delhivery,Delivered
15544,91267,12-04-2021,,bluedart,Delivered
15545,94185,20-05-2022,,dhl,In Transit
15546,98494,13-04-2020,,usps,Shipped
15547,47206,13-06-2022,,dhl,Delivered
15548,62467,21-08-2022,,usps,Delivered
15549,17268,28-10-2021,,dhl,Delivered
15550,30460,22-02-2021,,delhivery,Delivered
15551,34946,07-02-2023,,fedex,Delivered
15552,49688,14-05-2022,,fedex,Delivered
15553,56615,12-06-2024,04-07-2024,dhl,Returned
15554,25382,08-08-2021,,bluedart,Delivered
15555,28407,21-05-2024,,delhivery,Shipped
15556,85430,12-08-2023,,bluedart,Delivered
15557,74961,12-03-2024,,dhl,Delivered
15558,94123,26-05-2023,,dhl,Cancelled
15559,53979,28-08-2020,,ups,Delivered
15560,25238,07-03-2023,,dhl,In Transit
15561,51740,06-02-2023,,fedex,Delivered
15562,92818,02-10-2024,,fedex,Delivered
15563,95202,10-11-2023,,fedex,Cancelled
15564,64803,10-11-2020,27-11-2020,fedex,Returned
15565,88574,27-03-2023,,fedex,Delivered
15566,34386,26-04-2022,,dhl,In Transit
15567,64522,12-03-2020,,dhl,Shipped
15568,55919,12-09-2022,,delhivery,Delivered
15569,75459,29-12-2021,,fedex,Shipped
15570,39033,06-06-2023,,fedex,Shipped
15571,5264,03-07-2021,,dhl,Delivered
15572,70328,10-11-2020,,delhivery,Delivered
15573,91734,14-06-2024,,fedex,Delivered
15574,30218,22-04-2021,,ups,Delivered
15575,3529,06-05-2020,,delhivery,Delivered
15576,66676,11-11-2020,,bluedart,Delivered
15577,39191,26-07-2023,,ups,Delivered
15578,23595,29-06-2020,,fedex,Delivered
15579,6168,09-04-2020,,fedex,Delivered
15580,81362,18-08-2020,,fedex,Delivered
15581,53053,02-01-2025,,delhivery,Delivered
15582,20079,23-04-2021,,dhl,In Transit
15583,57546,07-07-2023,,fedex,Delivered
15584,84210,10-11-2024,,fedex,In Transit
15585,79563,11-01-2022,,usps,Delivered
15586,52211,29-07-2024,,fedex,Delivered
15587,8965,04-08-2023,,fedex,Delivered
15588,41793,21-05-2022,,fedex,Delivered
15589,56146,24-10-2021,,dhl,Delivered
15590,99972,22-02-2022,,ups,Delivered
15591,99200,27-04-2022,,fedex,Delivered
15592,19449,28-09-2023,,fedex,Delivered
15593,77513,21-07-2020,,fedex,Cancelled
15594,62912,15-12-2024,,fedex,Delivered
15595,2944,16-03-2022,,delhivery,Delivered
15596,42514,17-01-2021,,fedex,Delivered
15597,29187,25-08-2020,,dhl,Shipped
15598,69937,02-04-2020,,delhivery,Delivered
15599,14242,08-03-2021,,dhl,Delivered
15600,36418,07-04-2021,,fedex,Delivered
15601,17334,14-02-2022,25-02-2022,bluedart,Returned
15602,53436,04-02-2023,,fedex,Delivered
15603,15052,27-03-2021,,fedex,Delivered
15604,41601,21-01-2020,,fedex,Delivered
15605,95009,08-12-2023,,bluedart,In Transit
15606,47299,08-02-2022,,fedex,In Transit
15607,44158,25-11-2020,,bluedart,Delivered
15608,60781,14-06-2020,,fedex,Shipped
15609,37096,09-04-2024,,fedex,Delivered
15610,29825,18-01-2021,,fedex,Delivered
15611,7871,10-08-2021,,fedex,Delivered
15612,47743,09-09-2024,,fedex,Delivered
15613,4537,19-11-2020,,dhl,Delivered
15614,50208,12-09-2024,,dhl,Cancelled
15615,60178,18-08-2024,,bluedart,Delivered
15616,51793,30-10-2024,,bluedart,Delivered
15617,61296,28-06-2020,,usps,Delivered
15618,7999,18-07-2023,,dhl,Delivered
15619,62482,01-10-2023,,fedex,Delivered
15620,97295,23-11-2020,,bluedart,Shipped
15621,19119,12-10-2023,,delhivery,In Transit
15622,24570,27-10-2023,,fedex,Delivered
15623,57373,13-07-2023,,dhl,Delivered
15624,15692,25-08-2021,,fedex,Shipped
15625,13905,31-07-2023,,fedex,Delivered
15626,19351,09-09-2024,,fedex,Delivered
15627,77617,26-06-2024,,dhl,Delivered
15628,17824,14-07-2022,,fedex,Delivered
15629,12079,15-11-2020,,bluedart,Cancelled
15630,77758,11-10-2020,,fedex,Delivered
15631,16729,08-03-2023,,fedex,Delivered
15632,87323,10-08-2020,,dhl,Delivered
15633,5999,11-05-2022,,bluedart,Delivered
15634,12685,03-04-2021,,delhivery,Delivered
15635,87348,12-06-2023,,delhivery,Delivered
15636,1834,10-04-2022,,dhl,Delivered
15637,13541,26-01-2024,,fedex,In Transit
15638,79912,13-10-2024,,fedex,Delivered
15639,21270,11-04-2021,,dhl,Delivered
15640,21267,13-11-2022,,fedex,Delivered
15641,77129,19-09-2021,,ups,Delivered
15642,94363,12-05-2022,,fedex,Delivered
15643,64071,20-06-2023,,fedex,Delivered
15644,28374,06-08-2023,,bluedart,Delivered
15645,38710,28-11-2022,,fedex,Shipped
15646,4063,28-08-2024,,fedex,Delivered
15647,35983,24-03-2023,,fedex,Delivered
15648,7081,17-12-2022,,ups,Delivered
15649,75072,16-12-2022,,fedex,Delivered
15650,37047,29-10-2020,,fedex,Delivered
15651,54267,31-03-2022,,delhivery,Delivered
15652,60334,30-09-2023,,bluedart,Delivered
15653,66160,14-06-2020,,bluedart,Delivered
15654,40309,15-06-2020,,fedex,Delivered
15655,4511,25-12-2022,,fedex,Delivered
15656,68010,28-08-2021,,fedex,Delivered
15657,69288,13-10-2022,,fedex,Shipped
15658,76966,02-02-2024,21-02-2024,usps,Returned
15659,54346,30-10-2022,,dhl,Delivered
15660,57987,30-07-2024,,bluedart,Delivered
15661,59931,01-06-2021,,bluedart,Delivered
15662,23426,24-04-2021,,fedex,Delivered
15663,63026,13-02-2022,,fedex,Delivered
15664,85542,02-09-2021,,dhl,Shipped
15665,1449,03-01-2025,,fedex,Delivered
15666,38753,11-11-2022,,fedex,Delivered
15667,38645,14-06-2022,,fedex,Delivered
15668,70310,16-08-2020,,dhl,Delivered
15669,15240,15-07-2020,,delhivery,Delivered
15670,5112,24-01-2023,,dhl,Shipped
15671,50429,18-04-2023,,delhivery,Delivered
15672,16582,23-03-2023,,dhl,Delivered
15673,17878,19-09-2021,,fedex,Delivered
15674,43195,07-02-2024,23-02-2024,fedex,Returned
15675,91649,29-11-2020,,usps,Shipped
15676,11311,20-12-2022,,bluedart,Delivered
15677,59917,28-06-2023,,dhl,Delivered
15678,93130,09-01-2023,,dhl,Delivered
15679,69718,09-06-2021,,dhl,Delivered
15680,86298,21-01-2024,,fedex,Delivered
15681,83784,22-12-2024,,fedex,Delivered
15682,33091,24-01-2024,,ups,Delivered
15683,79716,10-11-2021,,ups,Delivered
15684,25054,26-03-2023,16-04-2023,fedex,Returned
15685,29860,05-01-2023,,bluedart,Delivered
15686,26383,20-08-2022,11-09-2022,dhl,Returned
15687,48638,14-07-2022,,usps,Cancelled
15688,17643,19-03-2022,,bluedart,In Transit
15689,9488,02-12-2020,,usps,In Transit
15690,66707,24-02-2021,,bluedart,Cancelled
15691,89305,09-05-2023,,fedex,Delivered
15692,25759,20-04-2023,,bluedart,Delivered
15693,56096,22-05-2023,,dhl,In Transit
15694,52136,06-09-2023,,fedex,Delivered
15695,24717,31-10-2022,,ups,Delivered
15696,49385,16-02-2023,,bluedart,Shipped
15697,31390,04-05-2023,,fedex,Delivered
15698,25951,24-06-2023,,fedex,Delivered
15699,97719,08-09-2024,,bluedart,Delivered
15700,50064,04-01-2024,,fedex,In Transit
15701,45695,05-01-2024,,fedex,Delivered
15702,31424,24-11-2020,,dhl,Delivered
15703,1571,29-12-2021,,fedex,Delivered
15704,87702,28-07-2020,,bluedart,Delivered
15705,3811,02-06-2020,,fedex,Delivered
15706,60432,11-10-2023,,fedex,Delivered
15707,91393,07-10-2024,,fedex,Cancelled
15708,66251,08-09-2023,,fedex,Delivered
15709,7241,09-01-2024,,dhl,Delivered
15710,30338,22-01-2023,,ups,Delivered
15711,98773,29-05-2022,,bluedart,Delivered
15712,92713,05-04-2024,,ups,In Transit
15713,12165,20-03-2023,,ups,Delivered
15714,45766,07-02-2022,,fedex,Delivered
15715,20588,19-04-2022,,ups,Delivered
15716,42168,28-09-2024,,fedex,Delivered
15717,90392,18-02-2020,,dhl,Delivered
15718,5337,28-11-2022,,dhl,Delivered
15719,4980,27-08-2023,,delhivery,Delivered
15720,26448,17-04-2024,,dhl,Delivered
15721,46205,23-08-2020,,bluedart,Delivered
15722,46061,17-01-2021,,fedex,Shipped
15723,37527,08-04-2021,,usps,Delivered
15724,92259,25-09-2024,,bluedart,Delivered
15725,15216,03-07-2021,,dhl,Shipped
15726,80874,18-07-2020,,fedex,Delivered
15727,57191,01-01-2021,,dhl,Delivered
15728,90160,09-08-2023,,fedex,Delivered
15729,85115,18-10-2020,,bluedart,Delivered
15730,24448,21-08-2022,,fedex,Shipped
15731,77665,19-05-2024,,delhivery,Cancelled
15732,2611,21-08-2024,,ups,Delivered
15733,86142,11-07-2024,,ups,Delivered
15734,78199,28-03-2023,,bluedart,Delivered
15735,63493,15-01-2023,,bluedart,Delivered
15736,82249,01-08-2021,,dhl,Shipped
15737,31699,01-01-2023,,delhivery,Delivered
15738,70109,13-09-2022,,dhl,Shipped
15739,50669,23-02-2020,,fedex,Shipped
15740,54501,04-08-2023,,fedex,Delivered
15741,7706,31-01-2023,,fedex,Delivered
15742,14428,22-10-2022,,dhl,Delivered
15743,42515,21-06-2022,,fedex,Delivered
15744,46017,10-12-2021,,fedex,Delivered
15745,29240,23-07-2022,,dhl,Delivered
15746,97688,13-12-2024,,ups,Delivered
15747,22655,06-06-2024,,dhl,Delivered
15748,76668,14-07-2021,,usps,Delivered
15749,30284,10-03-2020,,bluedart,Delivered
15750,93919,30-09-2020,,fedex,In Transit
15751,30958,08-01-2020,,fedex,Delivered
15752,97166,16-06-2020,,fedex,Delivered
15753,10395,06-10-2024,,ups,Shipped
15754,67982,04-09-2022,,fedex,Cancelled
15755,90435,26-10-2022,,dhl,Delivered
15756,49140,03-01-2022,,fedex,Delivered
15757,96723,31-07-2021,,ups,Delivered
15758,57413,11-05-2024,,fedex,Delivered
15759,60731,24-05-2022,18-06-2022,dhl,Returned
15760,71198,15-04-2021,,fedex,Delivered
15761,84603,18-06-2023,,fedex,Delivered
15762,75978,17-04-2024,,fedex,Delivered
15763,31250,26-10-2023,,bluedart,Delivered
15764,62622,09-02-2020,,fedex,Delivered
15765,30884,02-10-2021,,fedex,Delivered
15766,21416,14-11-2021,,ups,Delivered
15767,10516,18-08-2022,,fedex,Cancelled
15768,4033,04-11-2023,,dhl,Delivered
15769,20233,05-02-2021,,bluedart,Delivered
15770,49871,11-10-2024,,fedex,Delivered
15771,22823,15-10-2021,,fedex,Delivered
15772,9109,05-05-2023,,bluedart,Delivered
15773,1330,23-04-2024,,fedex,Shipped
15774,99548,07-07-2021,,ups,Delivered
15775,66677,14-02-2023,,fedex,Cancelled
15776,12219,25-03-2023,,fedex,Delivered
15777,3097,07-03-2021,,dhl,Delivered
15778,26363,04-06-2020,,bluedart,Delivered
15779,14142,24-01-2022,,delhivery,Shipped
15780,37922,15-02-2020,,dhl,Delivered
15781,99245,08-11-2022,,fedex,Delivered
15782,91956,27-07-2021,,ups,Delivered
15783,4957,17-08-2024,,ups,Delivered
15784,38130,12-07-2023,,ups,Delivered
15785,21109,12-06-2020,,fedex,Delivered
15786,97228,21-06-2022,,delhivery,Delivered
15787,35862,28-07-2020,,fedex,Delivered
15788,54182,29-05-2024,,dhl,Delivered
15789,90591,30-11-2022,,fedex,In Transit
15790,89334,05-02-2023,,fedex,Delivered
15791,56375,17-02-2022,,fedex,Delivered
15792,50724,09-01-2023,,bluedart,Delivered
15793,68027,25-02-2021,,fedex,Delivered
15794,52038,05-06-2021,01-07-2021,fedex,Returned
15795,70663,13-03-2023,28-03-2023,dhl,Returned
15796,41635,11-11-2022,,fedex,Delivered
15797,55178,07-11-2024,,bluedart,Delivered
15798,80194,17-03-2020,,fedex,Delivered
15799,40452,23-10-2020,,fedex,Delivered
15800,59777,10-08-2020,,fedex,Delivered
15801,17901,30-10-2020,,fedex,Delivered
15802,83303,18-09-2021,,fedex,In Transit
15803,17855,20-03-2020,,dhl,Delivered
15804,71566,23-09-2022,,ups,In Transit
15805,56725,28-05-2020,,fedex,Delivered
15806,14429,01-08-2024,,delhivery,Delivered
15807,24869,29-12-2023,,ups,Delivered
15808,21873,23-07-2023,,fedex,Delivered
15809,59811,16-03-2023,12-04-2023,bluedart,Returned
15810,4370,17-10-2023,,fedex,Delivered
15811,62643,22-11-2021,27-11-2021,ups,Returned
15812,26725,29-08-2023,,fedex,Delivered
15813,6474,19-12-2022,,fedex,Delivered
15814,30261,09-09-2022,,ups,Delivered
15815,11330,03-07-2020,,dhl,Delivered
15816,45539,20-09-2023,15-10-2023,dhl,Returned
15817,13166,21-06-2021,,delhivery,Delivered
15818,76012,16-06-2023,,ups,Delivered
15819,48799,01-05-2024,,ups,Delivered
15820,81641,06-01-2025,,fedex,Delivered
15821,41032,10-07-2021,,fedex,Delivered
15822,72260,09-06-2022,08-07-2022,fedex,Returned
15823,53156,30-01-2020,,delhivery,Delivered
15824,93315,21-10-2022,,fedex,Delivered
15825,57935,04-06-2022,,ups,Delivered
15826,60238,25-04-2021,,fedex,Delivered
15827,14093,02-08-2020,,bluedart,Delivered
15828,50827,29-09-2022,,fedex,Delivered
15829,8289,19-01-2024,,bluedart,Delivered
15830,58831,12-09-2021,,fedex,Delivered
15831,42028,14-12-2020,,dhl,Delivered
15832,90675,06-09-2022,,fedex,Delivered
15833,72637,04-08-2024,,fedex,Delivered
15834,98865,23-03-2024,,dhl,Delivered
15835,33976,26-06-2021,,ups,Delivered
15836,33898,06-12-2024,,fedex,Delivered
15837,18823,08-11-2020,,fedex,Delivered
15838,29584,01-08-2024,,fedex,Delivered
15839,42755,10-08-2024,,bluedart,Delivered
15840,7953,25-02-2024,10-03-2024,dhl,Returned
15841,46592,02-12-2024,,fedex,Delivered
15842,63391,21-09-2022,26-09-2022,fedex,Returned
15843,50844,29-10-2022,,ups,Delivered
15844,80538,26-04-2023,,fedex,Delivered
15845,60363,15-05-2023,,dhl,Delivered
15846,45043,13-03-2021,,bluedart,Delivered
15847,16159,27-08-2020,,ups,Delivered
15848,90459,30-10-2022,,usps,Delivered
15849,54841,18-08-2022,,ups,Delivered
15850,64392,30-01-2023,,dhl,Delivered
15851,97070,20-03-2022,,fedex,Delivered
15852,10366,06-01-2024,,bluedart,Delivered
15853,80397,27-11-2024,,fedex,Delivered
15854,88715,29-05-2024,,fedex,Delivered
15855,8024,02-10-2024,,bluedart,Delivered
15856,58250,05-10-2023,,fedex,Delivered
15857,21739,13-06-2020,,dhl,Delivered
15858,7756,12-09-2021,,dhl,Delivered
15859,12946,03-10-2024,,fedex,Delivered
15860,76202,18-03-2021,,bluedart,Delivered
15861,2393,05-08-2021,,ups,Delivered
15862,4934,29-06-2021,,ups,Cancelled
15863,86331,10-08-2024,,bluedart,Delivered
15864,24943,28-04-2021,,fedex,Delivered
15865,65368,12-03-2020,,ups,Delivered
15866,66598,14-05-2021,,dhl,Delivered
15867,5866,18-02-2020,,fedex,Delivered
15868,52782,19-06-2024,,bluedart,Delivered
15869,37814,24-01-2020,,fedex,Delivered
15870,91366,31-01-2021,,fedex,Delivered
15871,25407,24-12-2022,,fedex,Delivered
15872,97845,08-08-2022,,usps,Delivered
15873,63498,16-03-2022,,dhl,In Transit
15874,55993,02-06-2022,,fedex,Delivered
15875,2118,27-06-2023,,ups,Delivered
15876,4700,21-06-2021,,ups,Shipped
15877,17110,21-09-2021,,dhl,Delivered
15878,74840,14-08-2024,,bluedart,Delivered
15879,50298,07-02-2021,,dhl,Delivered
15880,57530,12-12-2022,,fedex,Delivered
15881,41609,08-11-2020,23-11-2020,delhivery,Returned
15882,49111,17-01-2021,,fedex,Delivered
15883,93401,28-12-2023,,usps,Delivered
15884,18295,23-04-2024,,dhl,Delivered
15885,60384,04-07-2024,,usps,Delivered
15886,54621,03-04-2022,01-05-2022,bluedart,Returned
15887,55366,09-06-2024,,ups,Delivered
15888,64317,07-10-2024,,dhl,Delivered
15889,1352,17-05-2024,,fedex,In Transit
15890,90043,06-05-2024,,fedex,Delivered
15891,27580,11-10-2023,,fedex,Delivered
15892,57525,10-10-2020,,fedex,Delivered
15893,21961,19-09-2020,,bluedart,Delivered
15894,13608,19-02-2024,,usps,Delivered
15895,74995,06-10-2020,,fedex,Delivered
15896,55689,03-03-2024,,bluedart,Delivered
15897,37294,05-04-2023,,fedex,Delivered
15898,70916,10-03-2023,,fedex,Delivered
15899,2160,06-07-2024,,fedex,Delivered
15900,14129,18-02-2024,,fedex,Shipped
15901,54582,13-04-2022,,dhl,Delivered
15902,27667,29-05-2023,,fedex,Delivered
15903,51398,08-06-2021,,bluedart,Delivered
15904,37549,11-09-2024,,dhl,Delivered
15905,34187,28-01-2022,,fedex,Delivered
15906,22412,13-02-2024,,fedex,Shipped
15907,17187,16-09-2020,,bluedart,Delivered
15908,61090,26-08-2021,,ups,Cancelled
15909,52031,09-06-2023,,ups,Delivered
15910,52326,06-03-2024,,ups,Delivered
15911,41826,04-06-2023,,fedex,Delivered
15912,43727,20-03-2024,,fedex,In Transit
15913,53004,29-03-2024,,dhl,Delivered
15914,74227,02-11-2022,,fedex,Delivered
15915,20039,05-03-2021,,fedex,Delivered
15916,52252,06-10-2023,,dhl,Delivered
15917,44195,19-04-2020,,fedex,Cancelled
15918,16612,27-09-2024,,ups,In Transit
15919,50416,21-05-2022,,dhl,Shipped
15920,26149,24-09-2024,,fedex,Delivered
15921,42084,11-01-2022,,fedex,Delivered
15922,18709,01-04-2022,09-04-2022,fedex,Returned
15923,11461,16-12-2022,,bluedart,In Transit
15924,43644,04-10-2020,,fedex,Delivered
15925,34996,06-01-2021,,bluedart,Delivered
15926,39550,23-06-2023,,fedex,Delivered
15927,26947,27-09-2022,,bluedart,Cancelled
15928,32491,30-11-2023,,fedex,In Transit
15929,61351,02-02-2020,,bluedart,Shipped
15930,85696,07-11-2020,,fedex,Shipped
15931,35544,06-05-2024,,usps,Delivered
15932,71999,31-03-2024,,delhivery,Delivered
15933,77850,18-08-2021,,bluedart,Delivered
15934,39296,17-06-2020,02-07-2020,fedex,Returned
15935,72578,27-01-2023,,fedex,Delivered
15936,3841,11-04-2021,,bluedart,Delivered
15937,94557,30-08-2023,,delhivery,Delivered
15938,56505,26-12-2024,,dhl,Delivered
15939,98147,08-10-2020,,ups,Delivered
15940,73873,07-01-2022,,fedex,Delivered
15941,17679,17-06-2020,,fedex,Delivered
15942,68173,09-11-2024,,dhl,Delivered
15943,49846,02-02-2023,,fedex,Delivered
15944,85285,03-04-2023,,bluedart,Cancelled
15945,8843,24-12-2020,,fedex,Delivered
15946,86316,04-07-2023,,ups,Delivered
15947,66601,11-07-2023,,bluedart,Delivered
15948,14161,01-12-2020,,dhl,Delivered
15949,18807,27-03-2024,,fedex,In Transit
15950,13172,12-12-2020,,fedex,Delivered
15951,53011,25-07-2020,30-07-2020,fedex,Returned
15952,60175,01-07-2021,,fedex,Delivered
15953,20689,09-03-2020,,dhl,Delivered
15954,20445,17-12-2023,,dhl,Cancelled
15955,16647,22-08-2021,,fedex,Delivered
15956,95404,29-03-2021,,fedex,Delivered
15957,63181,21-06-2020,,fedex,Delivered
15958,88623,12-08-2022,,bluedart,Delivered
15959,63006,15-12-2020,,fedex,Delivered
15960,53390,28-03-2022,,fedex,Delivered
15961,76426,09-07-2024,,bluedart,Delivered
15962,45420,20-10-2020,13-11-2020,fedex,Returned
15963,35779,09-06-2022,,fedex,Delivered
15964,14096,21-02-2022,,dhl,Delivered
15965,89110,20-04-2023,,dhl,Delivered
15966,91564,22-09-2024,,delhivery,Delivered
15967,19917,14-10-2022,,usps,Delivered
15968,56048,30-09-2021,,fedex,Delivered
15969,16866,26-05-2023,,bluedart,In Transit
15970,71327,25-01-2023,10-02-2023,bluedart,Returned
15971,59074,04-09-2022,,fedex,Delivered
15972,2730,05-03-2022,,fedex,Delivered
15973,69682,15-06-2023,,fedex,Delivered
15974,61975,11-10-2022,,ups,Delivered
15975,29185,13-08-2024,,dhl,Delivered
15976,59683,02-03-2023,,delhivery,Delivered
15977,10656,29-08-2023,,bluedart,Delivered
15978,48911,02-10-2021,,ups,Delivered
15979,72302,03-05-2022,,fedex,Delivered
15980,15043,15-12-2021,29-12-2021,dhl,Returned
15981,56767,25-04-2021,,fedex,Shipped
15982,74861,26-12-2023,,usps,Cancelled
15983,36511,21-09-2023,,fedex,Shipped
15984,14767,07-03-2023,,ups,Delivered
15985,52651,09-06-2023,,dhl,Delivered
15986,31447,27-03-2020,,ups,Delivered
15987,47100,01-04-2020,,fedex,Delivered
15988,94836,14-07-2023,,dhl,Delivered
15989,43084,30-03-2024,,fedex,Delivered
15990,66587,01-05-2022,,fedex,Shipped
15991,85221,05-01-2024,,dhl,Delivered
15992,26426,12-11-2022,,bluedart,Delivered
15993,79212,07-08-2020,,bluedart,Delivered
15994,80266,08-09-2022,,fedex,Delivered
15995,30677,06-11-2024,,delhivery,Delivered
15996,56076,09-04-2023,,fedex,Delivered
15997,71172,07-11-2021,,dhl,Delivered
15998,50380,28-11-2021,,fedex,Shipped
15999,26671,09-07-2022,,fedex,Delivered
16000,65486,24-03-2022,,ups,In Transit
16001,3433,18-01-2020,,fedex,Delivered
16002,3783,15-01-2023,,bluedart,Delivered
16003,60026,11-02-2023,,fedex,In Transit
16004,55174,01-02-2020,,fedex,Shipped
16005,97686,10-12-2022,,bluedart,Delivered
16006,8804,10-04-2020,,bluedart,Delivered
16007,33796,14-08-2022,,fedex,Delivered
16008,49288,15-04-2022,,fedex,Delivered
16009,25651,18-11-2022,,bluedart,Delivered
16010,81001,21-06-2024,,bluedart,Delivered
16011,47170,25-07-2020,,usps,Delivered
16012,28246,04-12-2024,,fedex,Delivered
16013,32031,13-04-2024,,fedex,Delivered
16014,45614,21-12-2020,,usps,Delivered
16015,76769,22-10-2024,,fedex,Delivered
16016,83214,22-08-2023,,fedex,Delivered
16017,93282,15-12-2020,,dhl,Delivered
16018,19756,15-08-2023,,fedex,Delivered
16019,16890,06-02-2024,,fedex,Delivered
16020,14145,12-09-2022,08-10-2022,ups,Returned
16021,95275,05-08-2024,01-09-2024,bluedart,Returned
16022,41617,10-09-2022,,fedex,Delivered
16023,56280,08-04-2020,,dhl,Delivered
16024,3503,28-10-2021,,fedex,Delivered
16025,28324,13-02-2022,,bluedart,In Transit
16026,80635,06-10-2023,,fedex,Shipped
16027,38028,04-02-2022,,fedex,Delivered
16028,49751,08-06-2020,,bluedart,Delivered
16029,66552,10-03-2020,,fedex,Delivered
16030,26191,14-07-2020,,usps,Delivered
16031,84849,16-09-2023,,ups,Delivered
16032,21790,05-01-2023,,fedex,Delivered
16033,12294,16-10-2021,01-11-2021,fedex,Returned
16034,16379,15-12-2024,,fedex,Delivered
16035,73617,21-08-2024,,fedex,Delivered
16036,29698,02-08-2023,,delhivery,Delivered
16037,82754,23-07-2022,,ups,Delivered
16038,85567,28-04-2024,,fedex,In Transit
16039,61496,08-04-2022,,fedex,Delivered
16040,93866,12-10-2020,,fedex,Shipped
16041,91926,01-11-2020,,fedex,Delivered
16042,42681,28-06-2023,,fedex,In Transit
16043,36398,17-09-2023,,dhl,Delivered
16044,14820,09-02-2023,,fedex,Delivered
16045,13152,02-02-2021,,fedex,Delivered
16046,79220,14-03-2024,,delhivery,Delivered
16047,94506,03-11-2020,,ups,Delivered
16048,84803,01-05-2023,,fedex,Delivered
16049,55185,03-01-2021,,fedex,Cancelled
16050,42230,13-04-2021,,bluedart,In Transit
16051,13243,10-07-2021,,ups,Shipped
16052,42592,04-05-2022,,ups,Delivered
16053,46867,16-06-2020,,ups,Delivered
16054,43964,20-11-2022,,fedex,Delivered
16055,36155,03-10-2024,,fedex,Shipped
16056,88930,28-06-2021,,fedex,Delivered
16057,75802,24-07-2023,,fedex,Delivered
16058,91437,10-04-2021,,fedex,Delivered
16059,86480,22-10-2024,,fedex,Delivered
16060,54380,02-10-2021,,dhl,Delivered
16061,16627,24-07-2024,,fedex,Delivered
16062,63992,27-06-2020,,dhl,Cancelled
16063,44560,06-05-2020,,ups,Delivered
16064,4211,17-08-2021,,fedex,Delivered
16065,53747,15-07-2021,,ups,Delivered
16066,7017,22-04-2024,,fedex,Delivered
16067,90386,17-06-2024,,dhl,Delivered
16068,55092,30-06-2024,,dhl,Delivered
16069,80807,28-09-2023,,fedex,Delivered
16070,19527,06-07-2023,,usps,Delivered
16071,91030,03-01-2023,,dhl,In Transit
16072,47441,13-07-2022,,fedex,Delivered
16073,36342,12-08-2023,24-08-2023,dhl,Returned
16074,39342,14-03-2020,,fedex,Delivered
16075,70813,24-08-2022,,bluedart,Delivered
16076,18250,01-11-2022,,bluedart,Delivered
16077,31181,07-07-2023,,ups,Delivered
16078,78165,17-11-2021,,delhivery,Delivered
16079,36013,02-08-2024,,fedex,Cancelled
16080,78415,22-08-2021,16-09-2021,fedex,Returned
16081,51455,23-12-2023,,ups,Delivered
16082,24493,17-04-2021,,bluedart,Delivered
16083,94489,24-02-2021,,dhl,Shipped
16084,66085,22-08-2021,,dhl,Delivered
16085,62898,31-03-2020,,fedex,Delivered
16086,20805,22-07-2022,,fedex,Shipped
16087,57989,18-01-2021,,dhl,Delivered
16088,21479,26-06-2022,,fedex,Delivered
16089,54286,11-09-2022,,dhl,Shipped
16090,19514,19-09-2020,,fedex,Cancelled
16091,52948,01-07-2024,,fedex,Delivered
16092,74896,01-04-2024,,fedex,Delivered
16093,20642,14-07-2020,,ups,Shipped
16094,62397,14-07-2023,,dhl,Delivered
16095,40263,25-06-2020,,fedex,Delivered
16096,64839,16-12-2022,,ups,Delivered
16097,15500,07-10-2023,,dhl,Cancelled
16098,49892,09-05-2023,,fedex,Delivered
16099,96507,25-05-2022,,bluedart,Delivered
16100,34005,12-07-2020,,dhl,Delivered
16101,60948,08-05-2022,,fedex,Delivered
16102,65198,03-06-2020,,dhl,Cancelled
16103,62437,31-05-2022,,fedex,Delivered
16104,25684,06-02-2024,,ups,Delivered
16105,7089,10-03-2020,,fedex,Delivered
16106,61716,25-09-2024,,fedex,In Transit
16107,64755,16-11-2021,,fedex,Delivered
16108,23925,21-02-2024,,fedex,Cancelled
16109,13480,12-10-2022,,fedex,Delivered
16110,90976,18-06-2022,11-07-2022,usps,Returned
16111,42099,15-08-2021,,fedex,Delivered
16112,56475,26-03-2023,,dhl,Delivered
16113,78238,28-08-2024,,fedex,Delivered
16114,86848,10-11-2023,,fedex,Delivered
16115,73584,07-04-2023,,dhl,Delivered
16116,63065,12-04-2021,,usps,Shipped
16117,38415,15-07-2023,,usps,Shipped
16118,18140,29-08-2024,,dhl,Delivered
16119,73199,14-07-2022,,fedex,Delivered
16120,80561,06-06-2020,,fedex,Delivered
16121,80062,08-01-2021,,fedex,Cancelled
16122,62862,07-05-2021,,bluedart,Delivered
16123,58301,18-06-2024,,ups,Shipped
16124,70990,06-10-2024,,bluedart,Cancelled
16125,3779,13-05-2024,,dhl,Delivered
16126,88134,03-10-2022,,fedex,Delivered
16127,56986,15-02-2022,,fedex,Delivered
16128,83382,16-03-2022,,fedex,Delivered
16129,33446,22-12-2022,,fedex,Shipped
16130,72149,04-12-2022,,fedex,Shipped
16131,38728,13-03-2021,,dhl,Delivered
16132,62097,23-04-2024,,fedex,Shipped
16133,79057,18-12-2024,,fedex,Delivered
16134,11147,11-07-2024,,fedex,Delivered
16135,20533,06-04-2024,,fedex,Delivered
16136,46734,16-07-2024,,fedex,Delivered
16137,20151,27-08-2024,,bluedart,Delivered
16138,19200,30-12-2021,,fedex,Delivered
16139,46302,24-06-2024,,ups,Delivered
16140,49272,29-08-2021,,fedex,Delivered
16141,45440,06-03-2021,,ups,Shipped
16142,93481,28-04-2023,,ups,Delivered
16143,87667,18-11-2022,,ups,Delivered
16144,21973,30-11-2020,,fedex,Delivered
16145,76799,09-08-2020,,fedex,Delivered
16146,76825,24-10-2024,,delhivery,Shipped
16147,91228,22-06-2021,,fedex,Delivered
16148,45995,22-05-2023,13-06-2023,dhl,Returned
16149,28806,04-01-2024,,fedex,Delivered
16150,24966,17-11-2022,,fedex,Delivered
16151,11102,22-09-2022,,bluedart,In Transit
16152,52851,23-08-2020,,ups,Delivered
16153,48021,02-04-2020,,fedex,Delivered
16154,13803,07-05-2023,13-05-2023,fedex,Returned
16155,31434,02-08-2021,,fedex,Delivered
16156,3775,08-12-2023,,dhl,Delivered
16157,29188,23-06-2022,,dhl,Delivered
16158,55651,16-10-2023,,bluedart,Delivered
16159,60406,22-10-2024,,dhl,Delivered
16160,1107,22-02-2021,,fedex,Shipped
16161,81244,03-01-2024,,bluedart,Delivered
16162,73981,17-12-2023,,dhl,In Transit
16163,87343,17-03-2023,,dhl,Delivered
16164,14100,06-04-2021,,dhl,Delivered
16165,59342,29-03-2024,,fedex,Delivered
16166,62463,24-03-2020,,ups,Shipped
16167,61771,22-03-2023,,fedex,Delivered
16168,91871,15-05-2021,,fedex,Delivered
16169,65894,24-04-2024,,bluedart,Shipped
16170,75710,16-05-2021,,fedex,In Transit
16171,56199,18-05-2022,,bluedart,Delivered
16172,62917,28-08-2021,,usps,Delivered
16173,29701,03-08-2020,,fedex,Shipped
16174,45937,13-05-2023,10-06-2023,ups,Returned
16175,60162,16-01-2023,,dhl,Delivered
16176,72825,28-02-2020,,dhl,Delivered
16177,61599,20-09-2023,,fedex,Delivered
16178,60555,03-07-2024,,fedex,Delivered
16179,49048,06-01-2023,,bluedart,Shipped
16180,22225,12-05-2022,,fedex,Delivered
16181,6072,15-08-2021,,dhl,Cancelled
16182,75364,05-11-2023,,fedex,Delivered
16183,30115,21-06-2024,,fedex,Delivered
16184,84801,05-06-2022,,fedex,In Transit
16185,6382,04-02-2023,,fedex,Delivered
16186,97297,06-02-2021,,fedex,Delivered
16187,28657,13-12-2024,,bluedart,Delivered
16188,32349,20-09-2024,,fedex,Delivered
16189,85351,28-12-2020,09-01-2021,fedex,Returned
16190,31740,26-03-2024,,fedex,Cancelled
16191,57924,07-12-2020,,fedex,Delivered
16192,10202,24-04-2021,,delhivery,Cancelled
16193,50701,18-11-2020,,ups,Delivered
16194,68669,14-03-2023,,bluedart,Delivered
16195,36955,01-12-2022,,dhl,Delivered
16196,51298,20-09-2020,,fedex,Delivered
16197,29093,08-11-2024,15-11-2024,fedex,Returned
16198,50616,07-03-2020,,delhivery,Delivered
16199,36530,24-06-2020,,dhl,Delivered
16200,45919,27-11-2024,,delhivery,Delivered
16201,78434,15-07-2021,,delhivery,In Transit
16202,12881,28-08-2021,,dhl,Delivered
16203,83758,04-06-2024,,bluedart,Delivered
16204,36615,23-01-2020,,fedex,Delivered
16205,92375,02-11-2022,08-11-2022,fedex,Returned
16206,5733,09-11-2020,,dhl,Delivered
16207,10953,26-11-2022,,fedex,Delivered
16208,33791,28-09-2020,,bluedart,Delivered
16209,78917,21-12-2020,,fedex,Delivered
16210,73878,27-11-2023,,bluedart,Delivered
16211,73900,31-07-2021,,fedex,Delivered
16212,2927,10-04-2020,,fedex,Shipped
16213,10979,28-12-2024,,dhl,Delivered
16214,52070,18-01-2024,,dhl,Delivered
16215,20865,23-09-2022,,fedex,Delivered
16216,81403,23-02-2021,,bluedart,Shipped
16217,18321,19-11-2023,,fedex,Delivered
16218,34602,08-05-2024,,bluedart,Delivered
16219,68025,20-01-2024,,dhl,Delivered
16220,62636,09-05-2021,,ups,Delivered
16221,54132,08-03-2022,,fedex,Delivered
16222,19579,15-09-2024,,fedex,Delivered
16223,88461,27-07-2022,,dhl,Delivered
16224,30157,18-11-2023,,fedex,Delivered
16225,55554,25-07-2024,,fedex,Delivered
16226,79860,23-02-2020,,delhivery,Delivered
16227,60225,04-08-2023,,fedex,Delivered
16228,31681,10-08-2024,,dhl,Delivered
16229,88387,07-02-2022,,fedex,Cancelled
16230,89306,02-02-2023,03-03-2023,fedex,Returned
16231,78578,27-12-2022,,fedex,Cancelled
16232,50142,21-11-2021,,bluedart,Delivered
16233,31964,23-12-2024,,ups,Delivered
16234,48444,14-05-2023,,fedex,Delivered
16235,61172,19-12-2021,,ups,Delivered
16236,94915,16-09-2024,,dhl,Shipped
16237,73990,28-10-2023,,usps,Delivered
16238,82388,30-07-2020,,fedex,Delivered
16239,28222,10-05-2020,,dhl,Delivered
16240,96278,12-05-2021,,bluedart,Delivered
16241,10526,29-03-2024,,fedex,Shipped
16242,77764,26-05-2022,,bluedart,Delivered
16243,44128,30-07-2020,,bluedart,Delivered
16244,24365,11-06-2022,,bluedart,Delivered
16245,92709,20-12-2022,,fedex,Delivered
16246,63422,28-12-2022,22-01-2023,ups,Returned
16247,68383,21-03-2022,,dhl,Delivered
16248,83150,13-03-2020,,usps,Delivered
16249,76214,19-02-2022,,fedex,Delivered
16250,11475,30-05-2020,,ups,Shipped
16251,22577,20-01-2024,,ups,Delivered
16252,44438,05-05-2022,,fedex,Cancelled
16253,49247,11-05-2024,,fedex,Delivered
16254,88361,13-11-2020,,bluedart,Delivered
16255,81383,27-10-2021,,fedex,Delivered
16256,13594,14-06-2022,,dhl,Delivered
16257,48173,04-02-2023,,bluedart,Delivered
16258,10321,15-04-2023,,fedex,Delivered
16259,39806,27-11-2021,,fedex,Delivered
16260,40546,30-09-2020,,dhl,Delivered
16261,84184,23-06-2023,,dhl,Delivered
16262,5582,13-06-2023,,fedex,Cancelled
16263,72693,31-12-2020,,fedex,Delivered
16264,56404,03-10-2020,,fedex,In Transit
16265,4954,17-01-2023,,dhl,Shipped
16266,50792,28-04-2024,,bluedart,Cancelled
16267,32106,02-02-2024,,fedex,Delivered
16268,15095,19-09-2020,,dhl,Delivered
16269,2035,21-03-2020,,fedex,Cancelled
16270,74142,14-12-2022,,ups,Delivered
16271,43081,27-01-2021,,fedex,Delivered
16272,54284,20-11-2020,,ups,Delivered
16273,62133,20-11-2024,,fedex,Delivered
16274,10974,19-10-2022,,usps,Delivered
16275,13561,15-11-2023,,bluedart,Delivered
16276,29115,23-09-2023,,dhl,Delivered
16277,47886,13-06-2023,,fedex,Delivered
16278,12151,04-01-2022,,fedex,Delivered
16279,94036,31-03-2021,,usps,In Transit
16280,28107,10-08-2020,,bluedart,Delivered
16281,73609,02-07-2020,,ups,Delivered
16282,37379,27-02-2024,,dhl,Delivered
16283,42687,18-04-2020,,fedex,Delivered
16284,52088,17-12-2021,,fedex,Shipped
16285,93102,11-04-2020,,dhl,Delivered
16286,53931,02-01-2022,,dhl,Delivered
16287,47768,25-09-2022,,fedex,Delivered
16288,22757,28-09-2021,,dhl,Delivered
16289,19706,30-03-2023,27-04-2023,fedex,Returned
16290,49908,07-10-2023,,ups,Delivered
16291,3253,29-06-2024,,fedex,Delivered
16292,22003,20-06-2023,,dhl,Delivered
16293,66129,30-08-2021,,fedex,Delivered
16294,44077,12-11-2020,,fedex,Delivered
16295,16482,06-01-2021,01-02-2021,usps,Returned
16296,11914,28-01-2020,,fedex,Delivered
16297,4788,30-06-2024,,dhl,In Transit
16298,54355,08-05-2024,,ups,Delivered
16299,21218,30-04-2020,,dhl,Delivered
16300,73007,31-05-2023,,dhl,Delivered
16301,8760,28-07-2021,,bluedart,Delivered
16302,21641,10-01-2023,,ups,Delivered
16303,4062,17-08-2021,,bluedart,Delivered
16304,5985,28-06-2024,,fedex,Delivered
16305,97922,14-04-2021,,fedex,Delivered
16306,19690,25-12-2022,,dhl,Delivered
16307,51098,12-10-2022,,dhl,Delivered
16308,76756,16-03-2022,,fedex,Delivered
16309,76738,01-07-2022,,fedex,Delivered
16310,5784,08-10-2022,,delhivery,Delivered
16311,18792,13-02-2020,,fedex,Delivered
16312,55124,24-11-2021,,dhl,Delivered
16313,11953,15-11-2023,,fedex,Delivered
16314,1948,24-03-2020,04-04-2020,dhl,Returned
16315,1918,28-01-2022,,delhivery,Delivered
16316,94869,15-09-2023,,fedex,Delivered
16317,47029,31-12-2020,,ups,Delivered
16318,98451,13-04-2022,,ups,Delivered
16319,65978,07-12-2020,,bluedart,Cancelled
16320,39679,17-06-2022,,bluedart,Delivered
16321,93088,18-06-2023,,fedex,Delivered
16322,50820,22-01-2024,,ups,Delivered
16323,16091,08-01-2023,15-01-2023,ups,Returned
16324,28332,22-06-2024,,dhl,Delivered
16325,42382,27-01-2020,,fedex,Delivered
16326,10315,09-08-2022,,dhl,In Transit
16327,10623,25-01-2021,,fedex,Delivered
16328,87006,29-03-2021,,fedex,Cancelled
16329,63341,31-03-2023,,dhl,Delivered
16330,25443,05-05-2022,,fedex,Shipped
16331,62306,24-12-2020,,bluedart,Delivered
16332,40916,09-07-2024,,ups,Delivered
16333,83335,01-03-2021,,fedex,In Transit
16334,88237,27-11-2021,,dhl,Delivered
16335,2921,22-07-2023,,bluedart,Delivered
16336,61423,29-11-2024,,fedex,Delivered
16337,86682,02-12-2022,,fedex,Shipped
16338,6666,14-05-2023,,fedex,Delivered
16339,15920,23-08-2023,,ups,Delivered
16340,49295,07-10-2022,,usps,Delivered
16341,33941,14-10-2020,,dhl,Delivered
16342,90087,26-09-2023,,dhl,Cancelled
16343,35667,22-09-2021,14-10-2021,delhivery,Returned
16344,68363,07-10-2020,,dhl,Delivered
16345,5973,30-01-2023,,usps,Delivered
16346,87076,16-08-2024,06-09-2024,dhl,Returned
16347,8771,14-08-2023,,dhl,Delivered
16348,74183,21-06-2020,,fedex,In Transit
16349,14793,14-06-2022,,fedex,Delivered
16350,15270,14-03-2020,,fedex,Delivered
16351,94916,09-06-2024,,bluedart,Shipped
16352,54523,31-08-2022,,fedex,Delivered
16353,31730,19-06-2023,,dhl,Delivered
16354,89295,30-05-2020,,fedex,Shipped
16355,81165,20-12-2023,,ups,Delivered
16356,66205,23-07-2020,,bluedart,Delivered
16357,56779,25-04-2022,,fedex,Delivered
16358,24648,28-12-2022,,bluedart,In Transit
16359,38417,01-01-2022,26-01-2022,fedex,Returned
16360,9078,28-08-2024,,bluedart,Delivered
16361,96094,13-05-2021,,fedex,Delivered
16362,25133,26-05-2023,,dhl,Delivered
16363,78113,20-08-2020,,dhl,Delivered
16364,25401,22-07-2023,,delhivery,Cancelled
16365,88201,11-04-2022,,dhl,In Transit
16366,7164,22-03-2023,,fedex,Delivered
16367,31549,06-01-2023,,fedex,Delivered
16368,87806,12-04-2024,,fedex,Delivered
16369,93138,03-12-2022,,ups,Delivered
16370,39010,21-07-2023,,dhl,Delivered
16371,74189,16-09-2022,,ups,Delivered
16372,18282,08-06-2024,,fedex,Delivered
16373,56882,03-04-2024,,dhl,Delivered
16374,15347,26-01-2021,,bluedart,Delivered
16375,30079,21-07-2020,,fedex,Delivered
16376,55720,20-11-2024,,bluedart,Delivered
16377,63978,09-01-2021,,bluedart,In Transit
16378,70070,12-11-2023,,fedex,Delivered
16379,28497,21-06-2021,,fedex,Delivered
16380,96608,06-03-2022,,dhl,Delivered
16381,75828,01-03-2024,,fedex,Delivered
16382,39950,15-03-2020,,fedex,Delivered
16383,90434,27-10-2024,,fedex,Shipped
16384,88767,27-02-2021,,fedex,Delivered
16385,57503,06-08-2022,,fedex,Delivered
16386,87084,27-04-2021,,fedex,In Transit
16387,15566,05-05-2023,,dhl,Delivered
16388,97113,01-04-2020,,dhl,Delivered
16389,14788,31-08-2021,,ups,Delivered
16390,54768,06-04-2021,,ups,Delivered
16391,76664,28-04-2023,,delhivery,Shipped
16392,47484,10-09-2023,,fedex,Delivered
16393,64700,17-08-2022,,usps,Delivered
16394,19468,26-12-2023,,bluedart,In Transit
16395,41035,09-08-2022,,fedex,Delivered
16396,71233,09-01-2024,,dhl,Delivered
16397,71512,19-09-2021,,dhl,Delivered
16398,31808,04-08-2024,,dhl,Delivered
16399,70821,13-01-2021,,bluedart,Delivered
16400,14557,19-12-2023,,fedex,In Transit
16401,60252,30-10-2023,25-11-2023,fedex,Returned
16402,65095,27-04-2021,,bluedart,Shipped
16403,13509,15-12-2022,,usps,Delivered
16404,37052,25-03-2020,,bluedart,Delivered
16405,21354,07-05-2022,,usps,Delivered
16406,73649,24-08-2022,,ups,Delivered
16407,5080,18-07-2021,,ups,Delivered
16408,82065,23-07-2021,,fedex,Delivered
16409,29580,19-04-2023,,ups,Delivered
16410,51608,20-09-2024,,fedex,Delivered
16411,34021,07-07-2021,,dhl,Delivered
16412,94682,07-07-2023,04-08-2023,fedex,Returned
16413,5524,16-07-2023,,fedex,Delivered
16414,50877,14-01-2022,,usps,Delivered
16415,9331,18-08-2020,,dhl,Delivered
16416,75940,29-12-2020,,ups,Delivered
16417,19101,15-08-2023,,bluedart,Delivered
16418,76334,21-06-2021,,bluedart,Delivered
16419,21502,16-09-2020,,fedex,Shipped
16420,55948,09-03-2020,07-04-2020,bluedart,Returned
16421,49575,06-10-2022,,fedex,In Transit
16422,45235,02-01-2025,24-01-2025,dhl,Returned
16423,74725,25-04-2020,,bluedart,Delivered
16424,64271,09-11-2023,,fedex,Delivered
16425,32553,14-05-2023,,fedex,Delivered
16426,60382,12-03-2024,,dhl,Shipped
16427,47098,04-07-2020,,delhivery,Shipped
16428,8705,04-04-2020,,fedex,Delivered
16429,34333,22-04-2023,,fedex,Delivered
16430,53985,20-02-2024,,fedex,Shipped
16431,65355,21-06-2020,,usps,Delivered
16432,17663,16-10-2022,,fedex,Shipped
16433,45210,19-12-2023,,fedex,Delivered
16434,65952,03-06-2022,,fedex,In Transit
16435,99106,31-03-2021,13-04-2021,fedex,Returned
16436,4637,13-06-2023,,ups,Delivered
16437,8539,30-05-2021,,bluedart,Delivered
16438,21987,11-03-2023,,fedex,Delivered
16439,43255,18-08-2024,,dhl,Delivered
16440,22098,07-03-2024,,dhl,Delivered
16441,38946,17-06-2023,,ups,Delivered
16442,11969,23-10-2023,21-11-2023,fedex,Returned
16443,25274,28-03-2021,,delhivery,Delivered
16444,17456,24-03-2024,,fedex,Delivered
16445,74484,29-04-2024,,dhl,Delivered
16446,48386,21-11-2022,,fedex,Cancelled
16447,88758,04-02-2022,,dhl,Delivered
16448,5119,29-05-2021,,fedex,Delivered
16449,97096,01-07-2023,,ups,Delivered
16450,62126,17-06-2020,,bluedart,Delivered
16451,59856,01-04-2024,,fedex,Delivered
16452,95604,16-03-2024,,fedex,Delivered
16453,78107,15-10-2020,,ups,Delivered
16454,9781,10-07-2024,,dhl,Shipped
16455,47310,26-06-2024,,fedex,Shipped
16456,96397,30-08-2020,,bluedart,Delivered
16457,35350,05-10-2022,,fedex,Delivered
16458,79287,12-10-2023,,delhivery,Delivered
16459,9126,26-04-2022,,fedex,Delivered
16460,15708,27-10-2021,,delhivery,Delivered
16461,32058,17-10-2021,,usps,Delivered
16462,69579,29-06-2020,,dhl,Delivered
16463,45217,20-02-2024,,fedex,Delivered
16464,48128,23-03-2024,,dhl,Delivered
16465,25562,29-12-2021,12-01-2022,bluedart,Returned
16466,12792,24-10-2022,,fedex,Cancelled
16467,96041,03-09-2021,,fedex,Delivered
16468,38683,13-07-2020,,fedex,Delivered
16469,25413,24-09-2020,,dhl,Shipped
16470,91594,25-04-2022,,bluedart,Delivered
16471,82528,03-08-2020,,fedex,Delivered
16472,7781,20-09-2022,,fedex,Delivered
16473,60455,25-01-2024,,dhl,Delivered
16474,88601,04-09-2024,,fedex,Delivered
16475,56981,31-10-2020,,bluedart,Delivered
16476,93706,05-05-2020,,fedex,Delivered
16477,69748,02-11-2024,,bluedart,Delivered
16478,70472,10-08-2022,,fedex,Delivered
16479,10005,19-12-2022,,fedex,Delivered
16480,52034,21-04-2024,,fedex,Delivered
16481,11481,11-10-2023,,ups,Delivered
16482,34510,07-10-2022,,delhivery,Delivered
16483,14549,02-08-2021,,dhl,Delivered
16484,23764,22-06-2022,,dhl,In Transit
16485,84175,30-09-2022,,ups,Delivered
16486,32131,30-11-2023,,dhl,Delivered
16487,80501,07-03-2022,,fedex,Cancelled
16488,98062,06-12-2023,,fedex,Delivered
16489,17356,05-02-2024,,ups,In Transit
16490,45686,23-06-2022,,fedex,Delivered
16491,14448,28-08-2020,,fedex,Delivered
16492,47693,20-11-2024,,fedex,Delivered
16493,18040,05-01-2025,,fedex,Delivered
16494,18849,13-11-2023,29-11-2023,fedex,Returned
16495,91562,31-03-2022,,bluedart,Delivered
16496,38408,19-02-2023,,fedex,Delivered
16497,95867,30-08-2023,,fedex,Shipped
16498,99648,17-05-2022,,fedex,Delivered
16499,47008,14-01-2022,01-02-2022,ups,Returned
16500,12159,27-06-2022,,fedex,Delivered
16501,60723,05-08-2022,,usps,Delivered
16502,13169,16-08-2022,,ups,Cancelled
16503,4471,18-04-2023,,fedex,Delivered
16504,14678,05-08-2020,,fedex,Shipped
16505,12590,21-03-2020,,ups,Delivered
16506,25619,27-03-2023,,fedex,Delivered
16507,34890,26-03-2020,,bluedart,Cancelled
16508,71639,16-07-2020,,bluedart,Delivered
16509,68661,25-09-2024,,dhl,Shipped
16510,53530,03-01-2024,,usps,Delivered
16511,94715,08-07-2022,01-08-2022,fedex,Returned
16512,45149,04-12-2020,,fedex,Delivered
16513,33932,20-02-2021,10-03-2021,fedex,Returned
16514,54060,14-09-2021,,delhivery,Delivered
16515,70233,18-03-2024,,fedex,Delivered
16516,56301,06-02-2024,,dhl,Delivered
16517,6083,03-12-2022,,fedex,Shipped
16518,71860,18-05-2021,,fedex,Delivered
16519,33324,02-03-2020,,fedex,Delivered
16520,32587,20-04-2022,,delhivery,Delivered
16521,64983,22-11-2021,,fedex,Delivered
16522,1593,26-08-2024,,ups,Shipped
16523,71546,02-07-2021,,dhl,Delivered
16524,20840,27-08-2020,,fedex,Delivered
16525,81284,03-07-2021,,ups,Shipped
16526,75361,17-05-2020,,dhl,Cancelled
16527,73942,16-06-2023,,bluedart,Delivered
16528,10963,09-05-2022,,fedex,Delivered
16529,64223,01-07-2024,,dhl,Delivered
16530,82931,25-05-2021,,ups,Delivered
16531,51507,05-07-2022,,fedex,Delivered
16532,32752,04-10-2022,,fedex,Delivered
16533,43974,19-03-2024,,fedex,Delivered
16534,79145,01-05-2024,,fedex,Delivered
16535,95883,30-05-2024,,fedex,Delivered
16536,43487,11-01-2024,,fedex,Cancelled
16537,78429,23-09-2023,,dhl,Shipped
16538,1766,24-07-2021,,fedex,Shipped
16539,2366,30-12-2021,,fedex,Delivered
16540,73459,23-04-2020,,dhl,Delivered
16541,92416,29-05-2023,,fedex,Delivered
16542,5239,05-07-2020,,usps,In Transit
16543,94310,20-11-2021,,dhl,Shipped
16544,65819,02-07-2024,,usps,Delivered
16545,9880,27-05-2021,,dhl,Delivered
16546,9144,26-02-2020,,fedex,In Transit
16547,50417,03-09-2023,,bluedart,Delivered
16548,24203,02-03-2024,,bluedart,Delivered
16549,43549,29-03-2023,,dhl,Delivered
16550,8256,19-12-2023,,dhl,Delivered
16551,52777,28-01-2022,,fedex,Delivered
16552,38386,09-01-2023,,fedex,Delivered
16553,64232,31-12-2024,,ups,Delivered
16554,16558,07-12-2024,,fedex,Delivered
16555,59625,03-07-2023,,bluedart,Delivered
16556,39652,20-10-2020,,ups,Delivered
16557,16146,20-07-2020,,bluedart,Delivered
16558,81837,11-08-2024,,fedex,Delivered
16559,73440,02-08-2024,,fedex,Delivered
16560,27864,09-09-2021,,fedex,Delivered
16561,38953,29-11-2022,,fedex,Delivered
16562,92780,20-06-2020,19-07-2020,fedex,Returned
16563,29908,05-07-2021,,dhl,Delivered
16564,25247,01-06-2020,27-06-2020,fedex,Returned
16565,92338,24-02-2024,,fedex,Delivered
16566,74535,12-11-2020,,fedex,Delivered
16567,96412,15-03-2023,,fedex,Shipped
16568,70339,06-06-2021,,dhl,Delivered
16569,98515,02-06-2021,,fedex,Shipped
16570,72636,08-12-2023,,dhl,Delivered
16571,25296,17-05-2020,,delhivery,Delivered
16572,12776,21-01-2024,,delhivery,Delivered
16573,43285,19-12-2021,,bluedart,Delivered
16574,74050,09-12-2023,,usps,Delivered
16575,31101,29-12-2023,,fedex,Delivered
16576,46260,07-10-2023,,fedex,Delivered
16577,43225,11-02-2022,,fedex,Delivered
16578,49268,06-05-2020,,fedex,Delivered
16579,45308,21-09-2024,,dhl,Cancelled
16580,10813,07-01-2023,,dhl,Delivered
16581,84562,28-02-2020,,fedex,Shipped
16582,12527,23-03-2020,08-04-2020,fedex,Returned
16583,1411,24-05-2023,,fedex,Delivered
16584,47365,06-04-2024,,dhl,Delivered
16585,78500,21-07-2021,16-08-2021,fedex,Returned
16586,61788,25-11-2020,,dhl,Delivered
16587,74181,28-02-2024,,bluedart,Delivered
16588,88212,12-12-2023,,fedex,Shipped
16589,48363,30-09-2021,,fedex,Delivered
16590,11962,24-09-2024,,fedex,Delivered
16591,80408,02-08-2022,,dhl,Delivered
16592,23005,27-10-2021,,fedex,Delivered
16593,2022,11-11-2023,,dhl,Delivered
16594,34429,23-04-2024,,bluedart,Delivered
16595,61542,31-07-2024,,fedex,In Transit
16596,62926,13-09-2020,,fedex,Delivered
16597,23096,15-04-2023,,fedex,Delivered
16598,6973,13-05-2024,,fedex,Delivered
16599,95434,15-02-2020,,fedex,Delivered
16600,97130,11-08-2023,,dhl,Delivered
16601,99957,27-08-2021,,fedex,Delivered
16602,80260,01-01-2024,,fedex,Delivered
16603,8034,12-04-2023,,bluedart,Delivered
16604,70289,17-03-2022,,bluedart,Delivered
16605,54626,08-08-2020,,delhivery,Delivered
16606,57980,02-01-2024,,fedex,Delivered
16607,16892,01-02-2022,,dhl,Delivered
16608,25323,13-07-2023,,usps,Delivered
16609,6122,23-08-2023,,dhl,Delivered
16610,78316,20-03-2024,,usps,Delivered
16611,71888,31-01-2021,,fedex,In Transit
16612,58061,24-06-2022,,ups,Shipped
16613,66241,24-09-2022,,bluedart,Delivered
16614,90410,21-06-2021,,fedex,In Transit
16615,22532,08-01-2022,,ups,Delivered
16616,60083,04-12-2022,,fedex,Delivered
16617,6750,28-07-2021,,dhl,Delivered
16618,12533,11-05-2020,16-05-2020,fedex,Returned
16619,93107,03-03-2024,19-03-2024,fedex,Returned
16620,43869,24-01-2022,,dhl,Delivered
16621,35631,06-11-2020,,fedex,Delivered
16622,70164,26-02-2024,,fedex,Delivered
16623,91017,13-07-2021,,dhl,Shipped
16624,15637,06-08-2023,,dhl,Delivered
16625,17267,30-10-2020,,delhivery,Delivered
16626,70766,17-04-2020,,usps,Delivered
16627,73867,03-03-2024,,fedex,Delivered
16628,63681,14-06-2022,,fedex,Cancelled
16629,49719,04-02-2024,,delhivery,Delivered
16630,43779,19-04-2021,,fedex,Delivered
16631,7836,29-09-2024,,usps,Delivered
16632,47371,13-06-2021,,dhl,Delivered
16633,58048,25-07-2021,,bluedart,Delivered
16634,19364,24-11-2023,,fedex,Delivered
16635,92808,16-09-2022,,fedex,Delivered
16636,20580,24-07-2022,,fedex,Cancelled
16637,64331,10-05-2020,,fedex,Delivered
16638,97427,03-05-2023,,bluedart,Delivered
16639,26920,18-11-2020,,fedex,Cancelled
16640,94566,02-06-2020,,bluedart,In Transit
16641,80705,02-11-2023,,fedex,Delivered
16642,73656,05-06-2021,,bluedart,Delivered
16643,71703,18-07-2021,,dhl,Delivered
16644,98337,17-10-2020,,dhl,Delivered
16645,59686,29-11-2024,,bluedart,Delivered
16646,7401,05-01-2022,,fedex,Delivered
16647,6977,22-03-2021,,fedex,Delivered
16648,61464,06-05-2021,,fedex,Delivered
16649,33066,13-01-2022,,fedex,Delivered
16650,64410,13-10-2022,,usps,Delivered
16651,89390,18-05-2024,,dhl,Delivered
16652,51630,17-02-2020,,fedex,Delivered
16653,41917,27-12-2021,,fedex,Delivered
16654,99297,21-07-2022,,fedex,Delivered
16655,80551,08-11-2021,,fedex,Delivered
16656,48781,28-02-2022,,fedex,Delivered
16657,37353,29-05-2023,,fedex,Cancelled
16658,53548,17-09-2021,,fedex,Delivered
16659,52683,23-08-2021,14-09-2021,dhl,Returned
16660,26066,24-02-2021,,fedex,Delivered
16661,26938,18-10-2024,,ups,Delivered
16662,2621,14-06-2020,,fedex,Shipped
16663,27714,01-04-2022,,bluedart,Delivered
16664,77253,13-04-2020,,fedex,Delivered
16665,46911,27-09-2021,,fedex,Delivered
16666,84620,11-05-2024,,fedex,In Transit
16667,87848,18-11-2020,,fedex,Delivered
16668,52500,21-06-2022,,ups,Delivered
16669,10434,01-05-2022,,ups,Cancelled
16670,86758,07-12-2024,28-12-2024,ups,Returned
16671,44427,02-03-2020,,dhl,Delivered
16672,52587,29-07-2024,,bluedart,Delivered
16673,76218,26-03-2021,16-04-2021,dhl,Returned
16674,76972,12-02-2020,,fedex,In Transit
16675,41563,22-04-2022,,delhivery,Delivered
16676,50250,31-12-2022,,usps,Delivered
16677,88211,30-11-2024,,dhl,Delivered
16678,2627,03-07-2022,,ups,Delivered
16679,21017,29-01-2021,,dhl,Delivered
16680,43446,18-02-2021,,fedex,Delivered
16681,65758,22-11-2021,,fedex,Delivered
16682,4898,13-03-2021,,dhl,Shipped
16683,14219,08-12-2022,,fedex,Delivered
16684,26425,25-10-2023,,ups,Delivered
16685,52346,06-12-2023,,ups,Delivered
16686,83781,18-01-2020,,ups,Delivered
16687,6971,13-03-2022,,fedex,Delivered
16688,15252,01-09-2020,,fedex,Delivered
16689,27523,06-12-2023,,fedex,Delivered
16690,72236,03-03-2021,,fedex,Delivered
16691,24812,09-08-2024,,fedex,Delivered
16692,21319,11-05-2022,,fedex,In Transit
16693,60886,16-10-2020,,fedex,Delivered
16694,54363,13-12-2021,28-12-2021,bluedart,Returned
16695,86489,20-01-2022,,fedex,Delivered
16696,49740,12-09-2024,,fedex,Cancelled
16697,48584,04-10-2022,,fedex,Delivered
16698,53853,25-08-2024,,fedex,Delivered
16699,87107,24-08-2024,,fedex,Delivered
16700,58071,17-06-2024,,fedex,Delivered
16701,13801,14-11-2021,,dhl,Delivered
16702,60139,11-01-2021,,usps,Delivered
16703,18495,07-04-2020,,delhivery,In Transit
16704,56973,26-03-2023,,fedex,Delivered
16705,21757,01-02-2021,,ups,Delivered
16706,74428,08-03-2021,,fedex,Delivered
16707,9523,13-04-2023,,fedex,Delivered
16708,85490,20-02-2024,,fedex,Delivered
16709,57347,08-12-2024,,fedex,Delivered
16710,56989,29-04-2024,,dhl,Delivered
16711,32410,23-04-2022,,bluedart,Delivered
16712,2448,08-11-2021,,fedex,Delivered
16713,10887,06-05-2020,,usps,Shipped
16714,4375,21-01-2021,,dhl,Cancelled
16715,9870,23-01-2021,,fedex,Delivered
16716,31496,16-12-2020,,fedex,Delivered
16717,53214,26-04-2021,,ups,Delivered
16718,48823,24-09-2021,,fedex,Shipped
16719,4008,09-09-2023,,fedex,Shipped
16720,76335,02-01-2025,,bluedart,Delivered
16721,29138,09-06-2023,,fedex,Delivered
16722,18779,21-05-2021,,delhivery,Delivered
16723,41788,24-12-2020,,dhl,Delivered
16724,76599,11-10-2024,,fedex,Delivered
16725,48668,04-08-2024,,delhivery,Delivered
16726,46332,25-11-2024,,bluedart,Delivered
16727,74147,30-07-2023,,fedex,Delivered
16728,34071,21-06-2023,13-07-2023,dhl,Returned
16729,38830,28-10-2023,,bluedart,In Transit
16730,62518,11-04-2023,,ups,Shipped
16731,52244,17-08-2022,,fedex,Delivered
16732,48750,05-08-2020,,dhl,Delivered
16733,87505,30-10-2024,,fedex,In Transit
16734,89359,22-12-2021,,ups,Shipped
16735,5672,05-09-2024,,dhl,Cancelled
16736,80252,14-11-2021,,usps,Delivered
16737,98801,17-11-2023,,fedex,Delivered
16738,98196,03-05-2022,,fedex,Delivered
16739,23115,28-11-2022,,delhivery,Delivered
16740,34972,06-12-2024,,fedex,Delivered
16741,61924,12-03-2020,,dhl,Delivered
16742,88133,06-12-2024,,fedex,In Transit
16743,15145,04-05-2022,,ups,Delivered
16744,38427,18-08-2023,,fedex,Shipped
16745,86644,11-11-2024,,usps,Delivered
16746,98249,13-02-2024,,dhl,Delivered
16747,45925,21-06-2022,,ups,Delivered
16748,33051,03-01-2022,,dhl,Delivered
16749,12471,16-06-2022,,fedex,Delivered
16750,45258,04-09-2024,,fedex,Delivered
16751,41304,17-07-2022,,fedex,Delivered
16752,65334,20-08-2022,,fedex,Shipped
16753,25343,13-12-2021,,bluedart,Delivered
16754,94796,10-12-2023,,usps,Delivered
16755,56063,26-06-2020,,bluedart,Shipped
16756,98115,10-07-2022,,fedex,Delivered
16757,64916,03-09-2020,,delhivery,Delivered
16758,99382,22-09-2023,,ups,Delivered
16759,75153,04-01-2024,,fedex,Delivered
16760,22852,20-06-2020,,fedex,Delivered
16761,22878,27-05-2020,,fedex,Delivered
16762,68959,17-10-2021,,bluedart,Delivered
16763,29656,25-07-2021,,fedex,Delivered
16764,2869,02-07-2022,,fedex,Delivered
16765,81124,06-09-2024,,ups,Delivered
16766,11310,21-10-2022,18-11-2022,ups,Returned
16767,33818,18-12-2023,,dhl,Delivered
16768,38967,13-02-2020,,ups,Delivered
16769,33463,02-07-2021,,fedex,Delivered
16770,20303,13-11-2023,28-11-2023,bluedart,Returned
16771,39345,17-07-2020,,dhl,Delivered
16772,44103,01-01-2022,,bluedart,Delivered
16773,47128,28-04-2023,16-05-2023,delhivery,Returned
16774,57124,01-11-2024,,ups,Delivered
16775,54547,15-05-2023,,bluedart,Delivered
16776,81557,02-06-2023,,ups,Delivered
16777,79673,31-12-2023,,fedex,Delivered
16778,2783,25-01-2022,,fedex,Delivered
16779,8174,25-04-2023,,fedex,Delivered
16780,14497,29-12-2020,,fedex,Delivered
16781,51666,31-07-2024,,dhl,Delivered
16782,18500,11-01-2022,,dhl,Shipped
16783,62170,27-03-2024,,dhl,Delivered
16784,31495,15-08-2023,,fedex,Shipped
16785,94879,06-03-2021,,fedex,In Transit
16786,15569,07-03-2021,,fedex,Delivered
16787,79409,26-09-2023,,bluedart,Shipped
16788,59796,16-06-2020,,bluedart,Delivered
16789,72809,20-02-2024,,fedex,Delivered
16790,72688,19-06-2023,24-06-2023,ups,Returned
16791,67710,26-12-2024,,dhl,Shipped
16792,33049,02-09-2020,,fedex,Shipped
16793,76891,20-11-2024,,fedex,Delivered
16794,53148,17-02-2023,,bluedart,Delivered
16795,19753,06-02-2021,,delhivery,In Transit
16796,77321,23-09-2020,,dhl,Delivered
16797,92201,04-04-2024,,dhl,Delivered
16798,48423,14-10-2022,,dhl,Delivered
16799,50469,28-05-2022,,usps,Delivered
16800,72448,22-07-2024,,dhl,Delivered
16801,53756,28-02-2020,,delhivery,Delivered
16802,54724,14-04-2022,14-05-2022,bluedart,Returned
16803,16832,14-02-2022,,bluedart,Delivered
16804,3624,03-03-2023,,ups,Delivered
16805,50045,09-07-2023,,fedex,Delivered
16806,48669,09-03-2022,,dhl,Delivered
16807,81187,11-05-2023,,fedex,Delivered
16808,14756,03-01-2023,,fedex,Delivered
16809,23502,10-03-2023,,fedex,Delivered
16810,39496,08-07-2023,,ups,Delivered
16811,58165,15-01-2023,,bluedart,Delivered
16812,36181,03-04-2023,,fedex,Delivered
16813,40437,13-01-2023,,fedex,Delivered
16814,96087,26-11-2024,,dhl,Delivered
16815,38251,29-06-2021,,fedex,Delivered
16816,23523,26-11-2020,,bluedart,Delivered
16817,57547,14-08-2023,,dhl,Delivered
16818,56025,10-02-2023,28-02-2023,usps,Returned
16819,19722,05-03-2022,,bluedart,Shipped
16820,14086,08-08-2024,,fedex,Delivered
16821,19245,09-06-2024,,bluedart,Delivered
16822,10868,28-05-2024,,usps,Delivered
16823,69359,17-01-2024,,fedex,Delivered
16824,57000,04-07-2024,,dhl,Delivered
16825,47051,19-05-2023,,fedex,Shipped
16826,2105,07-02-2021,,dhl,Cancelled
16827,11675,23-04-2020,,delhivery,Delivered
16828,82836,23-10-2020,,fedex,Delivered
16829,88037,03-07-2024,,usps,Delivered
16830,91186,08-12-2021,,usps,Delivered
16831,44769,14-09-2023,,delhivery,Delivered
16832,89300,08-01-2020,,fedex,Delivered
16833,41102,21-01-2023,,bluedart,Delivered
16834,10604,06-12-2024,,bluedart,Delivered
16835,82144,21-03-2022,,ups,Delivered
16836,28771,24-11-2020,,fedex,Shipped
16837,53620,12-04-2021,,fedex,Delivered
16838,87364,03-05-2021,,dhl,Cancelled
16839,15416,12-11-2020,,fedex,Delivered
16840,21831,07-11-2022,,usps,Shipped
16841,33986,02-07-2020,,fedex,Delivered
16842,47361,18-01-2023,,dhl,Delivered
16843,36261,09-09-2023,,fedex,Delivered
16844,24056,05-09-2020,,dhl,Delivered
16845,44950,19-05-2021,,fedex,Shipped
16846,33121,15-12-2020,,bluedart,Delivered
16847,48094,11-07-2024,,usps,Delivered
16848,46682,08-09-2020,,usps,Delivered
16849,42150,07-04-2023,,fedex,Delivered
16850,72037,31-01-2021,,fedex,In Transit
16851,42419,07-10-2022,,fedex,Delivered
16852,82341,13-08-2022,,ups,In Transit
16853,81039,19-10-2023,,dhl,Delivered
16854,83531,22-06-2021,,fedex,Delivered
16855,69788,23-05-2020,,fedex,Delivered
16856,65337,22-01-2020,,fedex,Cancelled
16857,74712,23-02-2023,,fedex,Delivered
16858,1591,01-01-2022,,fedex,Delivered
16859,48553,29-08-2022,,fedex,Shipped
16860,12981,28-12-2022,,fedex,Shipped
16861,68827,01-03-2024,,fedex,Delivered
16862,3118,10-11-2022,,fedex,Delivered
16863,38002,11-11-2022,,fedex,Delivered
16864,22271,30-04-2023,,fedex,Delivered
16865,63082,04-12-2020,,fedex,Cancelled
16866,9512,26-06-2023,,dhl,Cancelled
16867,50025,06-11-2020,,fedex,Delivered
16868,59445,31-03-2021,,fedex,Delivered
16869,24653,09-10-2021,,usps,Cancelled
16870,1624,27-03-2020,,ups,Delivered
16871,85288,03-03-2024,,bluedart,Delivered
16872,72142,26-06-2020,,fedex,Delivered
16873,52574,08-09-2023,,fedex,Delivered
16874,32751,01-05-2021,,fedex,Delivered
16875,39906,09-03-2024,,dhl,Delivered
16876,28809,15-05-2021,,delhivery,Delivered
16877,64124,19-10-2024,,delhivery,Delivered
16878,32529,11-03-2022,,ups,Delivered
16879,9007,20-08-2022,,delhivery,Delivered
16880,92688,09-02-2024,,fedex,Delivered
16881,75645,12-05-2024,,dhl,Delivered
16882,14229,12-11-2022,,dhl,In Transit
16883,57197,15-04-2021,,fedex,Delivered
16884,9919,21-06-2020,08-07-2020,dhl,Returned
16885,30850,16-10-2023,,ups,In Transit
16886,4965,26-09-2021,,bluedart,Delivered
16887,97682,08-01-2022,,dhl,Delivered
16888,61386,21-06-2023,,dhl,Delivered
16889,73683,04-01-2023,,ups,Shipped
16890,66995,05-01-2024,,dhl,Shipped
16891,8643,24-10-2022,,ups,Delivered
16892,90154,05-10-2020,,usps,Delivered
16893,99146,09-07-2022,,fedex,Delivered
16894,85244,09-07-2021,,fedex,Delivered
16895,9910,01-02-2023,,fedex,Delivered
16896,89809,20-10-2020,,dhl,Delivered
16897,66916,07-04-2023,,bluedart,Shipped
16898,16776,29-07-2021,,dhl,Delivered
16899,29533,22-06-2023,,fedex,Delivered
16900,61822,30-11-2022,,bluedart,Delivered
16901,60676,09-01-2023,,fedex,Shipped
16902,37202,22-03-2024,,bluedart,Shipped
16903,68015,04-12-2020,,dhl,Delivered
16904,64584,21-04-2022,,fedex,In Transit
16905,40281,14-11-2021,08-12-2021,ups,Returned
16906,76768,05-12-2024,,fedex,Delivered
16907,47976,11-11-2024,,ups,Delivered
16908,4943,29-03-2024,,fedex,Delivered
16909,57015,08-03-2024,,ups,Delivered
16910,81944,31-07-2023,,dhl,Delivered
16911,45311,15-03-2021,,usps,Delivered
16912,15220,04-09-2022,,ups,Delivered
16913,93557,03-04-2023,,fedex,Delivered
16914,28017,15-05-2021,,dhl,Delivered
16915,70770,24-10-2020,,fedex,In Transit
16916,6171,16-05-2023,,fedex,Delivered
16917,23948,16-06-2022,,fedex,Delivered
16918,96460,10-07-2021,,bluedart,Delivered
16919,74632,11-06-2021,,fedex,Delivered
16920,43004,29-10-2024,,fedex,Delivered
16921,19828,09-04-2020,,dhl,Cancelled
16922,82204,02-07-2020,,dhl,Delivered
16923,14166,26-07-2020,,dhl,Delivered
16924,90699,29-11-2024,,bluedart,Delivered
16925,11346,20-04-2023,,dhl,Delivered
16926,44015,17-06-2024,,dhl,Delivered
16927,88282,17-01-2022,,fedex,Shipped
16928,71034,11-12-2020,,fedex,Delivered
16929,77881,03-09-2024,,fedex,Delivered
16930,13407,17-01-2020,,fedex,Delivered
16931,41027,27-03-2020,,fedex,Delivered
16932,29473,10-01-2020,,ups,Delivered
16933,60064,29-06-2024,22-07-2024,fedex,Returned
16934,37363,17-05-2023,,usps,Delivered
16935,8535,14-07-2024,,bluedart,Cancelled
16936,29683,06-12-2024,,dhl,Delivered
16937,24971,21-03-2020,,fedex,Delivered
16938,98643,16-12-2024,,ups,Shipped
16939,16229,16-02-2022,,dhl,Delivered
16940,66433,04-04-2022,,fedex,Delivered
16941,61116,30-07-2023,,ups,Delivered
16942,89945,19-07-2021,,delhivery,Shipped
16943,35560,12-07-2024,,bluedart,Shipped
16944,43317,05-11-2024,,usps,Shipped
16945,2925,04-05-2023,,bluedart,Delivered
16946,29617,25-01-2024,04-02-2024,fedex,Returned
16947,92344,03-12-2024,,usps,Delivered
16948,93794,14-11-2024,,fedex,Delivered
16949,19790,06-12-2023,,fedex,Delivered
16950,74993,20-10-2023,,fedex,Cancelled
16951,90014,10-07-2020,,fedex,Delivered
16952,87974,13-10-2021,,delhivery,Delivered
16953,71317,02-10-2020,,fedex,Delivered
16954,62434,14-04-2021,,dhl,Cancelled
16955,97079,22-11-2024,,fedex,Delivered
16956,63221,26-01-2024,,fedex,Delivered
16957,88236,05-11-2024,,fedex,Delivered
16958,77704,11-07-2023,,fedex,Shipped
16959,94878,23-06-2023,,usps,Delivered
16960,2619,25-03-2020,,ups,Delivered
16961,81121,07-03-2022,,fedex,Delivered
16962,65813,26-10-2021,,dhl,Shipped
16963,64454,17-12-2022,,fedex,Delivered
16964,71955,15-04-2021,,dhl,Delivered
16965,50673,12-08-2021,,bluedart,Delivered
16966,4308,23-07-2023,,bluedart,Delivered
16967,34736,03-05-2024,,ups,Delivered
16968,69671,21-10-2021,,dhl,Delivered
16969,98635,21-12-2023,,bluedart,Delivered
16970,53892,30-04-2021,,fedex,Delivered
16971,18023,01-01-2022,25-01-2022,fedex,Returned
16972,95298,07-07-2023,,dhl,Delivered
16973,45294,26-03-2021,,bluedart,In Transit
16974,2212,25-06-2022,,dhl,Delivered
16975,89578,12-05-2024,,fedex,Delivered
16976,90518,13-06-2023,,bluedart,In Transit
16977,69238,13-06-2023,,ups,Cancelled
16978,56461,22-04-2023,,ups,Delivered
16979,88255,08-08-2021,,ups,Delivered
16980,76588,06-03-2023,,ups,Delivered
16981,79946,10-07-2023,,fedex,Delivered
16982,39150,25-12-2023,,fedex,Delivered
16983,14396,27-01-2024,22-02-2024,fedex,Returned
16984,54033,22-07-2020,,dhl,Shipped
16985,57167,16-10-2021,,bluedart,Delivered
16986,27798,14-03-2020,,fedex,Delivered
16987,6004,30-09-2021,,bluedart,Delivered
16988,43077,19-04-2020,,fedex,In Transit
16989,95274,28-02-2023,,bluedart,Delivered
16990,40028,27-02-2024,,bluedart,Cancelled
16991,35144,28-04-2021,,fedex,Delivered
16992,14655,04-12-2020,,fedex,Delivered
16993,9639,15-09-2023,,dhl,Delivered
16994,51750,28-05-2021,,fedex,Delivered
16995,28392,01-02-2020,20-02-2020,usps,Returned
16996,41552,12-08-2020,,fedex,Delivered
16997,99911,09-01-2021,,delhivery,Delivered
16998,44431,30-04-2022,,fedex,Delivered
16999,88485,05-05-2020,,fedex,Delivered
17000,46702,26-04-2020,,fedex,Delivered
17001,72703,18-06-2021,,fedex,Shipped
17002,80748,18-11-2020,,dhl,Delivered
17003,42089,02-11-2024,,dhl,Delivered
17004,7317,16-02-2023,,dhl,Delivered
17005,37422,09-08-2024,,bluedart,Delivered
17006,71009,01-12-2021,,bluedart,Delivered
17007,85538,22-11-2021,,dhl,Delivered
17008,25331,15-06-2024,,fedex,Delivered
17009,80729,26-05-2022,,fedex,Delivered
17010,93680,03-04-2024,,ups,Delivered
17011,51002,16-03-2020,,dhl,Delivered
17012,65092,31-10-2020,,bluedart,Delivered
17013,72146,30-06-2024,,fedex,Delivered
17014,86930,10-09-2022,,dhl,Cancelled
17015,66599,20-02-2023,,fedex,Delivered
17016,90894,26-03-2022,,fedex,Delivered
17017,81528,29-11-2023,,fedex,Delivered
17018,87292,11-06-2023,,bluedart,Delivered
17019,50955,09-02-2023,04-03-2023,fedex,Returned
17020,71973,18-02-2024,,fedex,Delivered
17021,1066,19-12-2020,,bluedart,Delivered
17022,13154,12-03-2020,,usps,In Transit
17023,34010,03-07-2021,,fedex,Delivered
17024,34332,29-06-2023,,fedex,In Transit
17025,5480,29-11-2024,22-12-2024,ups,Returned
17026,38634,22-11-2023,28-11-2023,bluedart,Returned
17027,93686,24-07-2021,,bluedart,Delivered
17028,6598,15-12-2021,29-12-2021,ups,Returned
17029,55891,23-08-2020,,fedex,Cancelled
17030,99593,28-10-2020,,bluedart,Delivered
17031,5731,07-05-2021,,dhl,Delivered
17032,56194,03-11-2021,,fedex,Delivered
17033,56442,23-07-2024,,dhl,Delivered
17034,69721,24-05-2023,,ups,Delivered
17035,52167,13-07-2023,,ups,In Transit
17036,89837,11-02-2020,,dhl,Cancelled
17037,23046,20-02-2021,,delhivery,Delivered
17038,23771,03-10-2022,,bluedart,Delivered
17039,38725,08-03-2021,,delhivery,Delivered
17040,21137,30-03-2022,,fedex,Delivered
17041,43189,11-01-2023,,ups,Delivered
17042,87411,10-11-2023,,fedex,Delivered
17043,20297,18-12-2024,,fedex,Delivered
17044,22385,16-02-2022,,fedex,Delivered
17045,44745,09-07-2023,,fedex,In Transit
17046,96347,18-07-2021,,fedex,Shipped
17047,94860,14-08-2022,,fedex,Delivered
17048,55765,08-04-2023,,usps,In Transit
17049,87933,07-05-2024,,delhivery,Delivered
17050,86442,15-07-2023,,bluedart,Delivered
17051,6434,04-12-2022,,fedex,Delivered
17052,78911,03-06-2023,,fedex,Delivered
17053,13040,10-03-2020,,dhl,Delivered
17054,30829,19-10-2022,,fedex,Delivered
17055,21526,23-04-2021,,bluedart,Delivered
17056,8768,21-01-2022,,fedex,Delivered
17057,61359,12-12-2022,,fedex,Shipped
17058,8779,04-05-2022,,usps,Delivered
17059,60733,25-05-2022,,dhl,Delivered
17060,12583,25-01-2023,,bluedart,Delivered
17061,63209,26-04-2020,,bluedart,Delivered
17062,64199,19-03-2021,,fedex,Delivered
17063,22952,17-07-2023,,fedex,Delivered
17064,81900,24-08-2024,,fedex,Delivered
17065,31767,15-08-2021,25-08-2021,fedex,Returned
17066,49290,05-09-2022,,dhl,Delivered
17067,81125,29-01-2022,,bluedart,Delivered
17068,91799,21-09-2022,,fedex,Delivered
17069,19456,11-09-2020,,fedex,Delivered
17070,51468,31-05-2022,,fedex,Cancelled
17071,97802,07-03-2023,,fedex,Delivered
17072,13994,20-03-2022,,usps,Shipped
17073,8047,16-02-2021,,fedex,Delivered
17074,96385,23-10-2021,,fedex,Delivered
17075,98304,13-01-2024,,fedex,Shipped
17076,83208,02-09-2023,,fedex,Delivered
17077,20705,31-10-2022,,fedex,In Transit
17078,57771,11-06-2021,,dhl,Cancelled
17079,65431,24-06-2021,,bluedart,Delivered
17080,82027,03-05-2021,,bluedart,Delivered
17081,57719,22-08-2022,,fedex,Cancelled
17082,32813,29-08-2022,,dhl,Delivered
17083,95779,15-09-2021,,fedex,Delivered
17084,30723,27-11-2022,,fedex,Delivered
17085,31360,24-03-2020,,fedex,Delivered
17086,97316,30-01-2020,,fedex,Delivered
17087,69656,24-11-2020,,delhivery,Delivered
17088,13324,08-04-2024,,ups,Shipped
17089,97152,16-04-2020,,dhl,Delivered
17090,22785,15-05-2021,,bluedart,Delivered
17091,45920,09-04-2024,,delhivery,Delivered
17092,34530,21-03-2020,,fedex,Shipped
17093,9597,15-05-2023,,usps,Delivered
17094,58224,17-07-2021,,bluedart,Delivered
17095,41470,07-12-2020,,fedex,Delivered
17096,57862,03-06-2023,,fedex,Cancelled
17097,80530,25-12-2023,,dhl,Delivered
17098,57093,26-03-2020,,bluedart,Delivered
17099,87301,26-01-2024,,delhivery,Delivered
17100,33819,03-07-2021,,usps,Delivered
17101,51335,20-12-2022,,usps,Delivered
17102,10220,09-08-2021,,fedex,Cancelled
17103,10269,31-10-2023,,bluedart,Delivered
17104,46952,15-10-2021,,dhl,Delivered
17105,85843,28-03-2021,,dhl,Delivered
17106,8503,09-12-2021,,fedex,Delivered
17107,13756,28-08-2022,,fedex,Delivered
17108,54908,27-06-2024,,dhl,Delivered
17109,20810,04-01-2022,,dhl,Delivered
17110,1212,17-08-2020,,fedex,Delivered
17111,72028,05-02-2020,,dhl,Delivered
17112,24442,05-11-2023,,fedex,Delivered
17113,83053,25-02-2024,,dhl,Delivered
17114,10964,03-04-2022,,fedex,Delivered
17115,87381,11-11-2021,,fedex,Delivered
17116,68770,03-11-2022,,dhl,Delivered
17117,83862,18-04-2023,,fedex,Delivered
17118,66086,16-12-2024,,fedex,Cancelled
17119,2695,14-06-2022,,delhivery,Shipped
17120,68852,20-08-2022,,bluedart,Delivered
17121,86539,06-02-2024,,bluedart,Cancelled
17122,70590,06-06-2024,,fedex,Delivered
17123,39297,15-08-2023,,fedex,Delivered
17124,51503,18-03-2021,,fedex,Delivered
17125,35214,06-11-2022,,fedex,Delivered
17126,17498,01-05-2024,,fedex,Shipped
17127,42164,27-09-2024,,fedex,Delivered
17128,72003,24-12-2021,,usps,Shipped
17129,20955,16-01-2021,,bluedart,Delivered
17130,71042,12-10-2020,,ups,Cancelled
17131,20099,09-09-2020,,usps,Shipped
17132,2958,24-01-2024,,dhl,Cancelled
17133,36725,17-01-2023,,fedex,Delivered
17134,22733,27-09-2024,,usps,Delivered
17135,39027,18-04-2022,,ups,Delivered
17136,83313,19-04-2021,,bluedart,Delivered
17137,40612,11-10-2022,,dhl,Delivered
17138,57732,03-11-2023,,ups,Delivered
17139,64251,22-06-2022,,dhl,Delivered
17140,78771,18-06-2020,,ups,Cancelled
17141,18161,13-02-2020,,fedex,Delivered
17142,11788,21-08-2021,20-09-2021,fedex,Returned
17143,56941,27-03-2023,,fedex,Delivered
17144,56681,25-09-2024,,dhl,Cancelled
17145,71419,28-12-2023,,ups,Delivered
17146,99734,27-02-2022,,ups,Delivered
17147,97998,20-02-2023,01-03-2023,fedex,Returned
17148,20383,16-01-2021,,fedex,Delivered
17149,9913,08-09-2022,,fedex,Delivered
17150,83015,23-07-2024,,dhl,Delivered
17151,44753,07-06-2021,,ups,In Transit
17152,48324,05-01-2023,,fedex,Delivered
17153,19181,12-09-2023,,fedex,Delivered
17154,2899,28-07-2023,,dhl,Delivered
17155,98723,07-05-2020,,fedex,Delivered
17156,10075,24-03-2020,,bluedart,Delivered
17157,92421,22-09-2021,21-10-2021,fedex,Returned
17158,32599,24-08-2022,,fedex,Delivered
17159,89208,15-09-2021,,fedex,Delivered
17160,98582,11-09-2021,,dhl,Delivered
17161,55203,01-08-2023,,bluedart,Delivered
17162,18847,05-02-2021,,fedex,Cancelled
17163,61511,05-09-2021,,fedex,Delivered
17164,28005,11-04-2023,,fedex,Delivered
17165,44278,12-08-2022,27-08-2022,usps,Returned
17166,89425,23-02-2020,,dhl,Delivered
17167,48211,23-04-2021,,ups,Delivered
17168,97973,08-01-2024,,ups,Delivered
17169,18797,24-11-2020,,ups,Delivered
17170,90866,31-03-2022,,dhl,Delivered
17171,29894,16-06-2020,,bluedart,Delivered
17172,99581,13-10-2022,,fedex,Delivered
17173,49130,19-07-2020,06-08-2020,fedex,Returned
17174,38990,21-01-2023,,bluedart,Delivered
17175,27382,02-07-2020,,ups,Delivered
17176,46444,03-01-2023,,fedex,Delivered
17177,80273,15-06-2023,,dhl,Delivered
17178,2233,21-10-2022,,delhivery,Delivered
17179,1651,17-07-2023,,bluedart,Delivered
17180,32189,26-02-2020,,usps,Delivered
17181,12740,26-09-2021,,dhl,Cancelled
17182,88253,31-08-2022,,fedex,Delivered
17183,46344,23-08-2023,,bluedart,Delivered
17184,63720,04-10-2024,,dhl,Delivered
17185,44364,10-09-2020,,fedex,Delivered
17186,77121,09-04-2020,16-04-2020,ups,Returned
17187,69978,05-01-2021,,ups,Shipped
17188,74892,05-08-2023,,bluedart,Delivered
17189,86218,09-05-2024,,fedex,Delivered
17190,67625,24-10-2023,,bluedart,Delivered
17191,29221,24-11-2022,,bluedart,Delivered
17192,89670,08-04-2023,,fedex,Delivered
17193,89568,29-03-2020,,dhl,Delivered
17194,84068,27-09-2020,,ups,Delivered
17195,7933,19-07-2020,,fedex,Delivered
17196,74289,10-03-2020,,dhl,Delivered
17197,74790,10-02-2023,,usps,Delivered
17198,3847,09-06-2022,,fedex,Delivered
17199,64030,18-06-2021,,fedex,Delivered
17200,32877,02-03-2023,,dhl,Delivered
17201,79168,15-12-2023,,fedex,Delivered
17202,3787,28-04-2020,,fedex,Shipped
17203,89714,23-07-2023,,fedex,Delivered
17204,85865,16-04-2022,,bluedart,Delivered
17205,71127,10-11-2024,,fedex,Delivered
17206,67839,06-12-2022,,usps,Delivered
17207,54813,21-11-2022,,fedex,Delivered
17208,19829,07-01-2023,,dhl,Delivered
17209,12725,28-05-2021,,ups,Delivered
17210,96159,30-05-2022,,fedex,Delivered
17211,74554,20-03-2023,,fedex,Delivered
17212,9052,21-06-2024,,ups,Delivered
17213,63866,02-03-2022,,fedex,Delivered
17214,30684,15-05-2021,,fedex,Shipped
17215,15661,29-12-2022,,fedex,Delivered
17216,94388,24-04-2022,,fedex,Delivered
17217,92656,16-06-2021,,dhl,Delivered
17218,36183,07-08-2022,,dhl,Delivered
17219,67492,17-04-2020,01-05-2020,fedex,Returned
17220,97466,10-11-2021,,fedex,Delivered
17221,28731,21-07-2022,,fedex,Delivered
17222,82995,05-10-2021,,ups,Shipped
17223,93741,28-02-2022,,delhivery,Delivered
17224,55036,27-06-2024,,fedex,Delivered
17225,25000,05-07-2021,,bluedart,Delivered
17226,14925,05-11-2020,,dhl,Delivered
17227,10589,08-02-2021,,fedex,Delivered
17228,94189,29-02-2024,,bluedart,Delivered
17229,9048,23-11-2022,,dhl,Shipped
17230,8030,18-07-2024,,fedex,Shipped
17231,90972,12-08-2024,,fedex,Delivered
17232,22779,07-06-2024,,usps,In Transit
17233,70895,30-10-2023,,usps,Delivered
17234,12021,02-11-2020,,ups,Delivered
17235,78475,15-08-2020,,fedex,Delivered
17236,67883,29-10-2022,,ups,Delivered
17237,83167,22-01-2024,,fedex,Delivered
17238,81775,06-06-2021,,bluedart,Delivered
17239,98912,12-12-2021,,fedex,Delivered
17240,8115,19-06-2024,,ups,Shipped
17241,28115,27-02-2022,,ups,Delivered
17242,18436,09-11-2022,,ups,Shipped
17243,51448,06-06-2023,,bluedart,Delivered
17244,23542,01-10-2022,,bluedart,Delivered
17245,89228,24-12-2024,,fedex,Delivered
17246,21727,04-07-2024,,dhl,Delivered
17247,75916,29-06-2022,,bluedart,Delivered
17248,22826,14-05-2021,,delhivery,Shipped
17249,91721,03-01-2024,,fedex,Delivered
17250,43323,16-12-2021,,fedex,Delivered
17251,27406,21-09-2020,,bluedart,Shipped
17252,83732,10-05-2023,,dhl,Delivered
17253,46886,23-06-2023,,fedex,Shipped
17254,88140,28-07-2023,,dhl,Shipped
17255,88828,12-02-2020,,dhl,Delivered
17256,88160,15-07-2022,,bluedart,Delivered
17257,17326,27-10-2021,,dhl,Delivered
17258,62852,16-05-2022,,fedex,Delivered
17259,6491,26-08-2024,,dhl,Delivered
17260,99283,15-10-2022,,ups,Delivered
17261,95826,11-05-2024,,delhivery,Shipped
17262,97290,23-01-2022,,fedex,Delivered
17263,99842,03-03-2020,,ups,Delivered
17264,1325,16-05-2023,,fedex,Delivered
17265,29220,21-07-2021,,ups,Delivered
17266,87975,25-10-2020,,fedex,Shipped
17267,89939,24-05-2023,,dhl,Shipped
17268,1636,18-02-2021,,fedex,Delivered
17269,81619,19-10-2022,,ups,Shipped
17270,67517,18-01-2024,,fedex,Delivered
17271,9146,06-12-2020,,fedex,Shipped
17272,1846,14-01-2023,,bluedart,Delivered
17273,28376,20-01-2023,,fedex,Delivered
17274,68735,06-11-2021,,fedex,Shipped
17275,43160,01-09-2023,,fedex,Delivered
17276,52186,02-05-2020,,dhl,Delivered
17277,78050,27-03-2024,,dhl,Delivered
17278,59459,19-09-2023,,fedex,Delivered
17279,11784,26-01-2021,,fedex,Delivered
17280,23936,14-11-2024,,bluedart,Delivered
17281,94944,05-05-2023,,fedex,Delivered
17282,92672,25-08-2020,,fedex,Delivered
17283,84187,16-12-2022,,bluedart,Delivered
17284,19771,09-06-2024,,fedex,Delivered
17285,74003,31-05-2021,,fedex,Delivered
17286,40307,14-12-2022,,delhivery,Delivered
17287,40837,23-07-2023,,dhl,Delivered
17288,55205,11-05-2022,,bluedart,Delivered
17289,81135,09-07-2023,,fedex,Delivered
17290,4097,22-12-2022,,dhl,Shipped
17291,8563,03-12-2023,,fedex,Delivered
17292,49047,23-05-2022,,fedex,Delivered
17293,19520,22-08-2021,,bluedart,Delivered
17294,40921,01-11-2022,,dhl,Delivered
17295,1923,26-05-2022,,fedex,Delivered
17296,84061,10-08-2020,,fedex,Delivered
17297,78428,09-07-2022,,ups,Delivered
17298,64367,02-03-2020,30-03-2020,fedex,Returned
17299,2827,06-10-2022,,fedex,Delivered
17300,83598,28-05-2023,,fedex,Delivered
17301,46095,22-07-2021,,ups,Delivered
17302,70365,05-06-2022,,fedex,Delivered
17303,1001,23-11-2021,,bluedart,In Transit
17304,75834,05-08-2020,,usps,Delivered
17305,4199,08-10-2021,,fedex,Shipped
17306,7413,01-11-2024,,fedex,Delivered
17307,20128,08-04-2020,,fedex,Delivered
17308,50260,06-06-2021,,fedex,Shipped
17309,15590,12-05-2021,,delhivery,Delivered
17310,99986,09-09-2023,,bluedart,Delivered
17311,67542,28-11-2020,,ups,Delivered
17312,47695,12-10-2023,,bluedart,Delivered
17313,20198,13-08-2023,,fedex,Delivered
17314,23563,26-05-2021,,ups,In Transit
17315,26774,04-09-2023,,fedex,Shipped
17316,44202,29-09-2020,,delhivery,Cancelled
17317,50622,01-10-2024,,fedex,Delivered
17318,75573,10-12-2022,,bluedart,In Transit
17319,4214,02-02-2023,,fedex,Delivered
17320,86681,10-11-2023,,dhl,Delivered
17321,51737,17-06-2023,,ups,Delivered
17322,87990,04-08-2021,,dhl,Delivered
17323,6439,15-08-2020,,fedex,Delivered
17324,20963,16-11-2020,,fedex,Delivered
17325,54052,24-09-2023,,dhl,In Transit
17326,43828,09-05-2020,,ups,Delivered
17327,35808,04-09-2020,,fedex,In Transit
17328,38389,06-12-2020,,bluedart,Delivered
17329,4473,07-07-2024,20-07-2024,fedex,Returned
17330,19545,25-09-2021,,dhl,Delivered
17331,75299,28-09-2021,,fedex,Delivered
17332,76317,11-07-2024,,fedex,Delivered
17333,55607,29-09-2022,,dhl,Shipped
17334,62285,28-08-2020,,dhl,In Transit
17335,16058,24-01-2023,,bluedart,Delivered
17336,43726,16-12-2023,,bluedart,Delivered
17337,66714,04-03-2020,,fedex,Delivered
17338,31984,06-11-2020,,ups,Delivered
17339,99288,09-11-2024,,bluedart,Shipped
17340,5069,26-07-2021,,usps,Shipped
17341,57258,24-10-2022,,usps,Delivered
17342,67597,05-12-2021,,fedex,Delivered
17343,44650,31-05-2023,,usps,Delivered
17344,43436,21-07-2020,,fedex,Delivered
17345,42881,01-09-2024,,dhl,Delivered
17346,68471,27-01-2020,,fedex,Delivered
17347,24598,05-04-2021,,ups,Delivered
17348,53529,28-11-2020,,dhl,Delivered
17349,41586,27-10-2024,,fedex,Delivered
17350,31761,17-03-2024,,fedex,In Transit
17351,73220,10-07-2021,23-07-2021,fedex,Returned
17352,4507,26-08-2024,,bluedart,Delivered
17353,7640,26-11-2020,,bluedart,Shipped
17354,18621,22-08-2022,,dhl,Delivered
17355,53409,26-11-2021,,fedex,Delivered
17356,85037,23-09-2023,,fedex,Delivered
17357,38000,20-10-2024,04-11-2024,fedex,Returned
17358,21439,02-04-2024,,fedex,Delivered
17359,79428,26-11-2020,,ups,Shipped
17360,64620,15-01-2020,,dhl,Delivered
17361,87536,11-04-2021,,fedex,Delivered
17362,13120,17-03-2024,,fedex,Delivered
17363,58653,27-03-2023,,fedex,Delivered
17364,28180,24-11-2021,,bluedart,Delivered
17365,81390,23-09-2021,,fedex,Delivered
17366,66790,13-01-2024,,ups,Delivered
17367,93286,08-07-2023,,bluedart,Shipped
17368,63477,22-11-2022,,fedex,Delivered
17369,44703,25-08-2020,,fedex,Delivered
17370,54272,31-01-2023,,dhl,Delivered
17371,26280,17-06-2024,,fedex,Delivered
17372,78915,11-09-2021,,fedex,Delivered
17373,60370,19-10-2022,,usps,Cancelled
17374,84511,27-11-2021,,ups,Delivered
17375,49526,15-11-2021,,fedex,Delivered
17376,79118,06-10-2021,,fedex,Delivered
17377,20365,08-06-2022,,usps,Delivered
17378,85319,11-05-2021,,delhivery,Delivered
17379,11359,20-12-2023,,ups,Delivered
17380,96935,17-04-2024,,bluedart,Delivered
17381,52228,12-07-2020,,ups,Delivered
17382,86047,31-07-2023,,ups,Delivered
17383,50158,26-06-2020,,ups,Delivered
17384,65450,26-11-2021,,fedex,Delivered
17385,46695,19-09-2024,,fedex,Delivered
17386,1565,01-10-2020,,fedex,Delivered
17387,8130,29-09-2023,,dhl,Delivered
17388,13209,11-08-2024,,fedex,Delivered
17389,93439,12-07-2024,,dhl,Delivered
17390,31940,08-10-2022,,fedex,Delivered
17391,65164,20-07-2022,,fedex,Delivered
17392,44100,11-06-2022,,ups,Delivered
17393,8967,25-01-2021,,dhl,Delivered
17394,96599,20-11-2021,,fedex,Delivered
17395,24863,30-06-2023,,fedex,Delivered
17396,40470,12-06-2021,,dhl,Cancelled
17397,47667,02-07-2024,,fedex,Delivered
17398,4129,27-01-2022,,dhl,Shipped
17399,53566,02-01-2023,,delhivery,Delivered
17400,83566,06-03-2024,,dhl,Delivered
17401,10057,27-07-2021,,fedex,In Transit
17402,68458,15-09-2021,,bluedart,In Transit
17403,69448,03-07-2024,,fedex,Delivered
17404,71954,27-01-2023,,fedex,Delivered
17405,5967,24-01-2023,,bluedart,Delivered
17406,16450,07-12-2020,,bluedart,Delivered
17407,72732,03-12-2022,,fedex,Delivered
17408,46953,03-04-2022,,dhl,Delivered
17409,26471,22-05-2022,,bluedart,Delivered
17410,46006,17-08-2024,,fedex,Delivered
17411,26352,27-06-2021,,fedex,Delivered
17412,29737,30-06-2023,,fedex,Delivered
17413,33094,23-05-2024,,delhivery,Cancelled
17414,28718,26-03-2020,,delhivery,Delivered
17415,30412,24-01-2022,,fedex,Delivered
17416,36614,25-05-2023,,dhl,Delivered
17417,72241,24-03-2021,,delhivery,Delivered
17418,68515,15-09-2023,,usps,Shipped
17419,82727,23-03-2020,16-04-2020,bluedart,Returned
17420,83764,02-06-2022,,fedex,Delivered
17421,55469,31-05-2020,,delhivery,Delivered
17422,79725,31-12-2023,,fedex,Shipped
17423,42948,17-02-2024,,fedex,Shipped
17424,22377,02-12-2024,,fedex,Cancelled
17425,98110,19-06-2021,,bluedart,In Transit
17426,91375,12-07-2020,,dhl,Delivered
17427,90453,31-07-2024,,fedex,Shipped
17428,94670,28-11-2023,,fedex,Delivered
17429,81514,20-12-2023,,ups,Delivered
17430,60469,11-09-2022,,ups,Delivered
17431,99310,14-03-2024,,fedex,Delivered
17432,40746,28-10-2021,,delhivery,Delivered
17433,80193,14-03-2023,,usps,In Transit
17434,22520,26-09-2024,,dhl,Delivered
17435,79575,06-01-2021,,dhl,In Transit
17436,35177,09-08-2023,,fedex,Delivered
17437,26624,22-08-2022,,delhivery,Delivered
17438,52534,23-12-2021,,fedex,Delivered
17439,55536,05-03-2021,,bluedart,Delivered
17440,10932,16-11-2020,,fedex,Cancelled
17441,7957,07-02-2021,,fedex,In Transit
17442,30863,30-12-2021,,ups,Delivered
17443,23758,23-02-2021,,fedex,Shipped
17444,41932,10-02-2021,,dhl,Delivered
17445,76362,26-12-2024,,fedex,Delivered
17446,60398,25-05-2021,,dhl,Delivered
17447,77768,09-03-2024,17-03-2024,fedex,Returned
17448,83322,25-10-2022,,bluedart,Delivered
17449,15051,26-03-2024,,fedex,In Transit
17450,31065,17-12-2024,,fedex,Delivered
17451,15587,25-02-2021,,bluedart,Delivered
17452,65491,16-05-2023,,bluedart,Delivered
17453,17431,14-08-2024,,bluedart,Delivered
17454,23589,03-06-2024,,dhl,Delivered
17455,57094,09-05-2024,,delhivery,Delivered
17456,56082,07-06-2021,,ups,In Transit
17457,13765,02-06-2023,,usps,Delivered
17458,97190,13-12-2023,,fedex,Delivered
17459,34152,13-11-2021,,delhivery,Delivered
17460,56472,27-04-2024,26-05-2024,fedex,Returned
17461,73664,03-05-2020,,dhl,Delivered
17462,2209,30-07-2021,,fedex,Delivered
17463,56824,02-11-2021,,ups,Delivered
17464,15209,02-04-2020,,dhl,Delivered
17465,51840,21-06-2023,02-07-2023,fedex,Returned
17466,39856,07-04-2023,,dhl,Delivered
17467,30205,26-09-2022,,usps,Delivered
17468,86230,15-07-2022,,fedex,Delivered
17469,18759,24-01-2024,,bluedart,Delivered
17470,28488,07-11-2022,,bluedart,Delivered
17471,13260,26-11-2020,,fedex,Delivered
17472,40569,15-10-2020,,bluedart,Cancelled
17473,30185,26-06-2022,,dhl,Delivered
17474,78000,17-08-2023,,ups,Shipped
17475,95712,07-07-2022,,fedex,Shipped
17476,63760,09-07-2021,,fedex,Delivered
17477,21672,18-06-2023,,dhl,Delivered
17478,63770,29-11-2022,,dhl,Delivered
17479,73049,19-05-2023,,fedex,Delivered
17480,90739,09-02-2024,,fedex,Delivered
17481,91325,05-12-2023,,dhl,In Transit
17482,57768,08-01-2023,,usps,Cancelled
17483,65162,05-04-2022,,fedex,Delivered
17484,26952,16-06-2020,,fedex,Delivered
17485,6191,20-01-2020,,fedex,Delivered
17486,1599,26-12-2020,,usps,In Transit
17487,23565,09-10-2023,,delhivery,Delivered
17488,39639,29-12-2022,,bluedart,Shipped
17489,26939,19-08-2022,,fedex,Delivered
17490,9830,22-05-2021,,dhl,Delivered
17491,37681,27-03-2022,,fedex,Delivered
17492,58011,27-01-2021,,fedex,Delivered
17493,49424,12-05-2020,,usps,Delivered
17494,58162,22-10-2023,,fedex,Shipped
17495,28637,08-08-2021,,bluedart,Delivered
17496,98525,26-04-2020,,fedex,In Transit
17497,80307,05-07-2020,,bluedart,Delivered
17498,11414,23-04-2020,05-05-2020,bluedart,Returned
17499,73393,16-02-2024,,bluedart,Delivered
17500,37951,15-10-2024,,dhl,Shipped
17501,68350,01-08-2024,,dhl,Delivered
17502,69073,09-06-2020,,fedex,Delivered
17503,61441,08-04-2021,,fedex,Delivered
17504,88542,06-03-2021,,dhl,Delivered
17505,54717,02-08-2023,,dhl,Delivered
17506,18210,04-10-2024,,fedex,Delivered
17507,5998,04-03-2022,,fedex,Delivered
17508,27835,17-04-2024,,fedex,Delivered
17509,99781,03-08-2021,,dhl,Delivered
17510,92199,13-04-2021,,ups,Delivered
17511,51229,10-04-2024,,fedex,Delivered
17512,75973,30-07-2022,,fedex,Delivered
17513,1006,19-02-2020,,delhivery,In Transit
17514,95133,22-11-2023,17-12-2023,fedex,Returned
17515,82662,15-12-2020,,fedex,Delivered
17516,44398,29-06-2021,,bluedart,Shipped
17517,32940,12-12-2020,,ups,Delivered
17518,87662,25-03-2023,,dhl,Delivered
17519,90445,02-06-2022,,fedex,Delivered
17520,50195,16-12-2020,,fedex,Delivered
17521,84471,28-09-2023,,fedex,Delivered
17522,10459,26-01-2022,,dhl,Delivered
17523,47689,10-04-2020,,dhl,Cancelled
17524,8324,25-07-2020,,dhl,Delivered
17525,23204,18-06-2022,,dhl,Delivered
17526,40066,14-06-2021,,delhivery,Delivered
17527,42304,22-03-2024,,dhl,Delivered
17528,4699,21-06-2023,,fedex,Delivered
17529,80989,27-10-2021,,dhl,Delivered
17530,57837,08-02-2022,,ups,Delivered
17531,59769,17-04-2021,,usps,Delivered
17532,61557,21-03-2023,,fedex,Delivered
17533,67140,26-06-2023,,fedex,Shipped
17534,46045,05-12-2023,,dhl,Delivered
17535,97811,01-07-2021,,fedex,Delivered
17536,70914,30-07-2020,,dhl,In Transit
17537,87849,24-07-2022,,fedex,Delivered
17538,75131,12-04-2020,,fedex,Delivered
17539,22151,08-07-2020,,fedex,Delivered
17540,64347,24-03-2021,,delhivery,Delivered
17541,6269,14-09-2020,,fedex,Delivered
17542,91931,05-06-2023,,bluedart,Delivered
17543,15741,01-11-2020,,dhl,Delivered
17544,24306,16-02-2023,,bluedart,Delivered
17545,75643,22-01-2022,,dhl,Delivered
17546,77299,13-05-2023,,bluedart,Delivered
17547,35102,01-04-2021,,fedex,Cancelled
17548,51609,27-03-2020,,fedex,Delivered
17549,1421,29-05-2024,,fedex,Delivered
17550,79846,26-02-2023,,fedex,Delivered
17551,29213,17-07-2022,,usps,Delivered
17552,45693,04-01-2022,,dhl,Delivered
17553,46857,09-12-2024,,fedex,Delivered
17554,37007,17-04-2024,,dhl,Delivered
17555,3216,05-08-2020,,usps,Delivered
17556,1673,12-04-2020,,fedex,Delivered
17557,43978,19-01-2020,,fedex,Shipped
17558,4161,13-01-2021,21-01-2021,bluedart,Returned
17559,31817,07-02-2020,,dhl,Delivered
17560,26564,02-12-2023,,fedex,Delivered
17561,52245,02-02-2020,,fedex,Cancelled
17562,99407,23-12-2020,,ups,Delivered
17563,44388,02-12-2023,,fedex,In Transit
17564,53311,13-12-2020,,fedex,Delivered
17565,27252,13-07-2023,,fedex,Shipped
17566,98699,04-11-2024,,fedex,Delivered
17567,43385,22-12-2022,,dhl,Delivered
17568,65981,15-07-2022,,fedex,Delivered
17569,95323,18-10-2020,,bluedart,Delivered
17570,74420,11-10-2020,,fedex,Shipped
17571,54171,09-10-2024,,fedex,Delivered
17572,11791,22-06-2021,01-07-2021,ups,Returned
17573,49917,11-08-2021,,dhl,Delivered
17574,31040,06-05-2020,,ups,Delivered
17575,11586,16-07-2020,,fedex,Delivered
17576,44239,04-06-2023,,bluedart,Cancelled
17577,22315,22-02-2020,,bluedart,Delivered
17578,79277,18-04-2023,,bluedart,Delivered
17579,32330,02-12-2024,,fedex,Delivered
17580,87847,24-12-2020,,bluedart,Delivered
17581,86466,08-07-2020,,fedex,Delivered
17582,97205,18-05-2024,,dhl,Delivered
17583,29543,26-08-2023,,fedex,Delivered
17584,85132,04-10-2023,,fedex,Delivered
17585,78760,27-10-2023,,fedex,Delivered
17586,20952,08-05-2021,,bluedart,Delivered
17587,9493,23-03-2021,,fedex,Delivered
17588,47018,03-10-2023,,ups,Cancelled
17589,28919,04-12-2023,,dhl,Delivered
17590,2906,13-08-2021,27-08-2021,fedex,Returned
17591,62162,29-09-2020,,fedex,Delivered
17592,75984,24-05-2024,,fedex,Delivered
17593,16181,11-04-2020,,ups,Cancelled
17594,73080,22-09-2021,,bluedart,Delivered
17595,67144,28-08-2024,,dhl,Delivered
17596,85815,04-01-2023,,bluedart,Delivered
17597,81274,13-01-2021,,fedex,Delivered
17598,45247,28-06-2020,,dhl,Delivered
17599,82005,05-12-2021,,ups,Delivered
17600,96518,03-11-2024,,fedex,Delivered
17601,8418,14-11-2022,,fedex,Shipped
17602,10971,25-12-2020,,ups,Delivered
17603,31202,19-05-2023,,fedex,Shipped
17604,1378,17-06-2021,,dhl,Delivered
17605,62995,04-05-2021,,fedex,Shipped
17606,26620,21-07-2024,,ups,Delivered
17607,90780,30-08-2021,,fedex,Delivered
17608,81332,20-01-2023,,dhl,Delivered
17609,97447,22-05-2020,20-06-2020,dhl,Returned
17610,32471,02-01-2025,,bluedart,Shipped
17611,42032,24-12-2021,,bluedart,Delivered
17612,2871,15-01-2023,,fedex,Delivered
17613,69482,04-08-2024,30-08-2024,fedex,Returned
17614,52920,17-02-2021,,dhl,Delivered
17615,63033,13-11-2022,,fedex,Delivered
17616,68185,20-08-2022,,bluedart,Cancelled
17617,98332,26-05-2023,,ups,Delivered
17618,39793,28-09-2024,,fedex,In Transit
17619,47308,30-08-2023,,fedex,Delivered
17620,44096,11-05-2022,,ups,Delivered
17621,71343,13-01-2022,,fedex,Delivered
17622,96039,14-11-2024,,dhl,Delivered
17623,67518,06-05-2022,,fedex,Delivered
17624,83458,05-12-2023,,bluedart,Delivered
17625,81312,14-03-2023,,dhl,In Transit
17626,28011,16-11-2024,,bluedart,Delivered
17627,27122,03-07-2022,,fedex,Delivered
17628,74024,08-10-2021,,fedex,Delivered
17629,77317,20-10-2022,,fedex,Delivered
17630,68597,26-08-2024,,dhl,Delivered
17631,5780,12-04-2023,,delhivery,Delivered
17632,63841,13-10-2020,,fedex,Delivered
17633,86172,08-01-2020,,dhl,Delivered
17634,50687,27-12-2022,,dhl,Delivered
17635,89607,12-03-2022,,fedex,Cancelled
17636,74251,27-01-2024,,bluedart,Delivered
17637,71897,11-11-2022,,fedex,Delivered
17638,39426,17-08-2023,,fedex,Shipped
17639,61725,10-01-2021,,fedex,In Transit
17640,34455,24-10-2024,,fedex,Delivered
17641,67970,15-03-2021,,fedex,Delivered
17642,94424,10-03-2022,,ups,Shipped
17643,13372,11-03-2024,,usps,Delivered
17644,85405,19-09-2023,,fedex,Shipped
17645,91856,06-03-2021,,fedex,Delivered
17646,97953,17-02-2020,,delhivery,Delivered
17647,33940,24-03-2022,,ups,Delivered
17648,77582,19-06-2024,,usps,Delivered
17649,99460,17-06-2021,,delhivery,Shipped
17650,7737,03-10-2022,,bluedart,Delivered
17651,35028,02-12-2021,,dhl,Cancelled
17652,71247,09-12-2023,,fedex,In Transit
17653,81517,11-04-2024,22-04-2024,dhl,Returned
17654,3518,26-03-2022,,dhl,Delivered
17655,83765,31-08-2024,,dhl,Delivered
17656,71568,18-11-2022,,delhivery,Delivered
17657,18795,09-02-2021,,ups,Delivered
17658,91010,05-03-2022,,fedex,Delivered
17659,51822,03-12-2021,,bluedart,Delivered
17660,12644,17-03-2022,,fedex,Delivered
17661,11053,18-09-2020,,bluedart,Delivered
17662,59288,18-04-2021,,delhivery,Delivered
17663,40705,13-09-2020,,bluedart,Delivered
17664,7344,06-10-2022,,fedex,Delivered
17665,71170,22-06-2021,,fedex,Delivered
17666,5183,13-12-2023,,fedex,Cancelled
17667,84612,20-07-2024,,fedex,Delivered
17668,75778,12-12-2022,,fedex,Delivered
17669,30636,23-12-2020,,dhl,Delivered
17670,95656,17-10-2021,,bluedart,Shipped
17671,64621,31-01-2022,,bluedart,Delivered
17672,8288,18-12-2024,,fedex,Delivered
17673,80657,29-06-2022,,fedex,Delivered
17674,75009,02-11-2023,,dhl,Delivered
17675,23787,29-10-2022,,dhl,Delivered
17676,43737,26-09-2024,,fedex,Delivered
17677,37616,11-01-2023,,fedex,Delivered
17678,70885,17-04-2020,,dhl,Delivered
17679,43290,03-02-2021,,fedex,Delivered
17680,92822,11-08-2020,,dhl,Delivered
17681,57036,28-09-2020,,dhl,Delivered
17682,23454,06-02-2020,,bluedart,In Transit
17683,24073,18-08-2022,,fedex,Delivered
17684,88539,07-04-2020,,fedex,Delivered
17685,82384,17-10-2023,,fedex,Delivered
17686,24597,30-11-2022,,bluedart,Delivered
17687,38889,22-06-2022,,bluedart,Delivered
17688,16728,24-05-2021,,dhl,Delivered
17689,43212,16-10-2023,,ups,Delivered
17690,20516,03-03-2024,,fedex,Delivered
17691,75562,31-10-2023,,bluedart,Delivered
17692,51389,01-03-2023,,dhl,Delivered
17693,60594,10-10-2020,,fedex,Delivered
17694,37023,20-09-2020,,ups,Delivered
17695,45345,22-01-2023,,dhl,In Transit
17696,34044,23-10-2022,,bluedart,Delivered
17697,61883,18-01-2023,,fedex,In Transit
17698,41557,11-04-2024,,dhl,Delivered
17699,1818,11-01-2022,,fedex,Delivered
17700,22398,05-03-2020,,bluedart,Delivered
17701,33268,02-07-2024,,ups,Delivered
17702,61521,04-06-2023,,fedex,Shipped
17703,6764,23-05-2021,,delhivery,Delivered
17704,27102,05-06-2022,,bluedart,Delivered
17705,86703,15-12-2024,,dhl,Delivered
17706,39089,06-03-2023,,fedex,Delivered
17707,61192,22-01-2024,,ups,Delivered
17708,84898,17-02-2020,,dhl,Shipped
17709,58101,08-09-2020,,fedex,Delivered
17710,15554,17-12-2024,,bluedart,Delivered
17711,41302,01-06-2023,,ups,Delivered
17712,30493,04-04-2020,,dhl,Cancelled
17713,20836,13-09-2020,,ups,Shipped
17714,26438,31-01-2021,,dhl,Delivered
17715,73868,14-08-2023,,delhivery,Delivered
17716,55980,13-06-2022,,dhl,Delivered
17717,20209,16-06-2023,,fedex,Delivered
17718,63387,03-09-2022,,fedex,Delivered
17719,82153,02-11-2020,,fedex,Delivered
17720,36989,27-02-2022,,bluedart,Cancelled
17721,82892,07-07-2022,,bluedart,Delivered
17722,79532,25-11-2020,,bluedart,Delivered
17723,91060,07-11-2020,,fedex,Delivered
17724,86411,05-08-2023,,fedex,Delivered
17725,49433,08-08-2023,,fedex,Shipped
17726,6571,25-08-2020,,bluedart,Delivered
17727,9911,04-02-2024,,fedex,Delivered
17728,32854,05-12-2024,,dhl,Delivered
17729,47871,15-07-2022,,fedex,Delivered
17730,35182,25-07-2020,02-08-2020,bluedart,Returned
17731,92481,02-11-2020,,usps,Delivered
17732,81463,13-09-2023,,fedex,Delivered
17733,62355,22-03-2024,,delhivery,Delivered
17734,35446,06-03-2022,,ups,Shipped
17735,42900,10-08-2023,,ups,Delivered
17736,55470,13-05-2021,,dhl,Delivered
17737,40324,12-03-2022,,delhivery,Delivered
17738,16765,31-05-2021,,fedex,Delivered
17739,27439,04-10-2021,,bluedart,Delivered
17740,55471,25-08-2021,,bluedart,Delivered
17741,38980,12-02-2022,23-02-2022,usps,Returned
17742,74269,15-10-2022,,ups,Delivered
17743,64095,05-11-2024,,usps,Delivered
17744,40763,19-03-2021,,fedex,Delivered
17745,39129,30-11-2021,,fedex,Delivered
17746,67118,21-03-2023,,dhl,Delivered
17747,88388,13-05-2024,,bluedart,Delivered
17748,31127,29-11-2022,,fedex,In Transit
17749,42735,02-04-2023,,fedex,Delivered
17750,7279,07-04-2023,,dhl,Delivered
17751,90449,29-10-2022,,fedex,Delivered
17752,69213,17-08-2024,,ups,Delivered
17753,9089,22-08-2022,,fedex,Delivered
17754,5376,09-10-2023,,fedex,Delivered
17755,66979,23-10-2024,,fedex,Delivered
17756,16455,21-04-2024,,dhl,Shipped
17757,48004,06-06-2021,,dhl,Delivered
17758,78502,15-10-2024,,ups,Delivered
17759,89906,14-08-2022,,fedex,Delivered
17760,17175,12-12-2024,,fedex,Delivered
17761,21676,10-07-2021,,fedex,Delivered
17762,52906,14-10-2020,,dhl,Delivered
17763,47802,20-09-2023,,dhl,Delivered
17764,65039,20-03-2024,,fedex,Shipped
17765,44615,26-03-2020,,fedex,Delivered
17766,80219,01-12-2023,,fedex,Delivered
17767,11633,14-09-2020,,usps,Delivered
17768,42610,01-08-2020,20-08-2020,fedex,Returned
17769,27009,10-08-2022,,fedex,Delivered
17770,71293,16-05-2020,,bluedart,Delivered
17771,51276,09-06-2022,,ups,Delivered
17772,64051,24-12-2022,,fedex,Delivered
17773,20600,23-03-2023,,dhl,Delivered
17774,93600,05-06-2020,,bluedart,Delivered
17775,82152,03-05-2023,,ups,Delivered
17776,69022,28-01-2021,,ups,Delivered
17777,31803,27-06-2022,,dhl,Delivered
17778,57043,03-05-2024,,dhl,Delivered
17779,14607,06-01-2021,,dhl,In Transit
17780,85509,10-03-2022,,dhl,Delivered
17781,2408,23-06-2020,,bluedart,Delivered
17782,54271,30-03-2021,06-04-2021,dhl,Returned
17783,84227,25-03-2023,,fedex,Delivered
17784,63735,01-01-2025,,fedex,Delivered
17785,17577,07-06-2023,,dhl,Cancelled
17786,34902,06-01-2023,,fedex,Cancelled
17787,85707,04-08-2024,,usps,Delivered
17788,91531,15-10-2021,31-10-2021,bluedart,Returned
17789,11091,11-11-2022,,fedex,Delivered
17790,93155,29-03-2024,,fedex,Delivered
17791,88595,23-10-2024,,dhl,Delivered
17792,3618,30-09-2024,,fedex,Delivered
17793,97060,01-09-2022,,fedex,Delivered
17794,13879,15-07-2021,,fedex,Cancelled
17795,26808,21-02-2021,,ups,Delivered
17796,52971,17-03-2021,,fedex,Delivered
17797,35030,31-10-2022,,fedex,Shipped
17798,35287,07-03-2023,23-03-2023,fedex,Returned
17799,82797,12-02-2022,,fedex,Delivered
17800,49107,21-11-2023,,dhl,Delivered
17801,26119,18-07-2024,,dhl,Cancelled
17802,51856,25-02-2024,,delhivery,Delivered
17803,54231,26-06-2024,,fedex,Delivered
17804,56352,12-10-2022,,delhivery,Delivered
17805,82480,08-07-2021,,dhl,Shipped
17806,3367,11-01-2024,,fedex,Delivered
17807,46220,26-07-2023,,fedex,Delivered
17808,97549,31-07-2021,,fedex,Delivered
17809,75847,25-07-2024,,fedex,Delivered
17810,68460,19-02-2022,,dhl,Delivered
17811,65077,21-08-2023,,fedex,Shipped
17812,48227,30-07-2024,,fedex,Cancelled
17813,43293,12-08-2020,,fedex,Delivered
17814,40201,14-01-2022,,dhl,Cancelled
17815,76292,10-07-2021,,ups,Delivered
17816,39955,30-03-2020,,ups,Shipped
17817,8204,07-09-2024,,dhl,Delivered
17818,53341,21-04-2022,,fedex,Delivered
17819,26673,28-04-2023,,bluedart,Delivered
17820,93690,22-12-2023,,fedex,Delivered
17821,50241,18-03-2021,,ups,Delivered
17822,69010,30-06-2021,16-07-2021,ups,Returned
17823,41982,29-05-2023,,fedex,Delivered
17824,25148,26-10-2022,,fedex,Delivered
17825,16370,05-08-2024,,fedex,Delivered
17826,78879,07-04-2020,,fedex,Delivered
17827,20866,28-01-2020,,fedex,Delivered
17828,77537,25-08-2023,,bluedart,Cancelled
17829,13913,03-08-2021,,fedex,Delivered
17830,12325,02-11-2020,,fedex,Delivered
17831,93962,27-01-2023,,fedex,Delivered
17832,76941,20-04-2022,,fedex,Delivered
17833,62242,18-07-2023,,fedex,Delivered
17834,71770,18-04-2021,,delhivery,Delivered
17835,42932,04-07-2022,,fedex,Cancelled
17836,24216,08-05-2024,,fedex,Delivered
17837,5908,27-12-2020,,dhl,Shipped
17838,15006,05-10-2024,,usps,Delivered
17839,72278,17-12-2020,,usps,Delivered
17840,52621,27-12-2021,,fedex,Delivered
17841,76069,10-11-2020,,ups,Cancelled
17842,4668,19-05-2022,,fedex,Delivered
17843,95420,02-01-2023,,fedex,Cancelled
17844,11768,25-08-2024,,fedex,Delivered
17845,22401,26-04-2024,,fedex,Shipped
17846,20628,25-06-2023,,bluedart,Shipped
17847,82244,05-03-2023,,dhl,Shipped
17848,57969,25-08-2023,,dhl,Delivered
17849,88587,03-03-2020,,fedex,Delivered
17850,39722,01-12-2023,,ups,Delivered
17851,93454,03-03-2020,,bluedart,Delivered
17852,46003,06-09-2024,,fedex,Delivered
17853,93719,11-05-2024,,dhl,Delivered
17854,68066,23-12-2021,,ups,Delivered
17855,89103,24-08-2020,22-09-2020,fedex,Returned
17856,96007,08-10-2021,,fedex,Shipped
17857,1647,24-09-2020,,fedex,Delivered
17858,96269,18-04-2023,29-04-2023,fedex,Returned
17859,41125,13-11-2021,,ups,Delivered
17860,54429,28-11-2022,,fedex,Cancelled
17861,30138,04-08-2022,,dhl,Delivered
17862,78623,22-12-2021,,fedex,Delivered
17863,61475,28-10-2022,15-11-2022,fedex,Returned
17864,84272,07-08-2024,,usps,Delivered
17865,6664,03-08-2020,,delhivery,Delivered
17866,41756,14-02-2022,,fedex,Delivered
17867,34396,12-06-2021,,fedex,Delivered
17868,33590,26-10-2022,,fedex,Delivered
17869,55869,10-08-2020,,bluedart,Delivered
17870,36312,26-04-2024,,bluedart,Delivered
17871,84479,29-03-2021,22-04-2021,usps,Returned
17872,47969,09-05-2021,,fedex,Delivered
17873,35373,05-06-2023,,dhl,Delivered
17874,85974,05-11-2023,,fedex,Delivered
17875,30362,02-07-2021,,dhl,Delivered
17876,66099,07-06-2022,,ups,Delivered
17877,17749,04-04-2020,,dhl,In Transit
17878,2757,31-12-2021,,delhivery,In Transit
17879,8576,11-01-2023,,bluedart,Delivered
17880,93305,29-10-2022,,usps,Delivered
17881,37133,06-12-2024,,fedex,Delivered
17882,41981,02-10-2021,,fedex,Delivered
17883,5426,30-12-2020,,ups,Delivered
17884,6076,19-07-2023,,fedex,Delivered
17885,64747,24-09-2024,,dhl,Delivered
17886,11408,25-11-2024,,fedex,Delivered
17887,34838,23-01-2022,,ups,Shipped
17888,58943,15-09-2022,,bluedart,Delivered
17889,24019,22-11-2022,,ups,Delivered
17890,93773,08-06-2021,,bluedart,Delivered
17891,33743,12-01-2023,,bluedart,Delivered
17892,74604,11-09-2023,,fedex,Delivered
17893,81427,06-07-2024,,fedex,Delivered
17894,31809,20-12-2023,,dhl,Delivered
17895,4629,17-06-2020,,fedex,Cancelled
17896,15780,19-04-2020,,dhl,Delivered
17897,93661,08-03-2024,,fedex,In Transit
17898,37190,13-02-2022,,ups,Delivered
17899,57371,05-08-2021,,fedex,Delivered
17900,80642,17-03-2020,,dhl,Delivered
17901,13419,04-08-2024,,usps,Delivered
17902,73964,14-10-2023,,fedex,Delivered
17903,30556,24-03-2021,,fedex,Delivered
17904,50522,18-10-2020,01-11-2020,usps,Returned
17905,18082,03-01-2020,,fedex,Delivered
17906,53521,04-11-2020,,ups,Delivered
17907,74869,05-08-2024,,bluedart,Delivered
17908,60199,20-02-2022,,fedex,Delivered
17909,17179,21-10-2020,,fedex,Cancelled
17910,61007,06-08-2022,,fedex,Delivered
17911,32744,12-07-2021,,fedex,Delivered
17912,6540,06-11-2022,,dhl,Shipped
17913,62192,26-10-2021,,dhl,Delivered
17914,40808,03-08-2023,,bluedart,Delivered
17915,14326,25-08-2022,,fedex,Delivered
17916,81336,10-07-2020,,fedex,Shipped
17917,11338,22-04-2024,,fedex,Delivered
17918,88019,25-08-2023,,dhl,Delivered
17919,27568,15-12-2024,,usps,Delivered
17920,81948,29-02-2024,,fedex,Delivered
17921,30807,16-07-2024,,ups,Shipped
17922,34675,07-09-2021,,usps,Delivered
17923,35799,02-05-2024,,fedex,Delivered
17924,62107,23-05-2020,,fedex,Delivered
17925,35736,22-08-2024,,ups,Delivered
17926,68789,29-03-2021,,dhl,Delivered
17927,86971,14-12-2022,,fedex,Delivered
17928,51548,26-05-2020,,fedex,Delivered
17929,52745,28-12-2023,,fedex,Delivered
17930,89219,21-02-2023,,usps,In Transit
17931,70624,30-01-2021,,usps,Delivered
17932,47011,23-02-2024,,dhl,Delivered
17933,33900,29-11-2020,,dhl,Delivered
17934,25207,17-05-2024,,fedex,Cancelled
17935,5040,16-03-2020,,fedex,Delivered
17936,27493,07-09-2021,,fedex,Delivered
17937,77523,19-12-2023,,dhl,Delivered
17938,77605,16-07-2023,,delhivery,Delivered
17939,23268,01-01-2023,,bluedart,Delivered
17940,99825,31-07-2023,,ups,Delivered
17941,22388,01-08-2020,,fedex,Shipped
17942,92092,19-07-2024,,bluedart,In Transit
17943,65887,06-03-2024,,fedex,Delivered
17944,89112,23-06-2021,,fedex,Delivered
17945,46364,08-04-2020,,bluedart,Delivered
17946,43977,11-07-2023,,usps,In Transit
17947,38029,17-12-2020,,dhl,Delivered
17948,12841,01-01-2022,,fedex,Delivered
17949,2855,08-01-2024,,ups,Delivered
17950,85008,13-03-2024,,delhivery,Shipped
17951,56612,05-02-2020,,fedex,Delivered
17952,72191,05-11-2023,,fedex,Delivered
17953,59912,01-08-2023,,fedex,Delivered
17954,61240,22-02-2023,,bluedart,Cancelled
17955,13800,14-09-2023,,fedex,Delivered
17956,13983,13-04-2022,,dhl,In Transit
17957,38690,09-05-2020,,fedex,Delivered
17958,40300,10-09-2023,,fedex,Delivered
17959,97691,02-05-2021,,fedex,Delivered
17960,49356,27-04-2021,,fedex,Delivered
17961,32470,27-01-2021,,fedex,Delivered
17962,14193,22-02-2024,,fedex,Delivered
17963,58350,17-02-2024,,bluedart,Delivered
17964,89619,01-02-2022,,fedex,Delivered
17965,87273,08-06-2020,,bluedart,Delivered
17966,21169,03-03-2021,,dhl,Delivered
17967,7295,23-06-2022,,ups,Delivered
17968,98102,11-10-2020,,dhl,Delivered
17969,68602,13-03-2023,,ups,Cancelled
17970,80659,14-11-2023,,bluedart,Delivered
17971,22741,07-10-2020,,dhl,Delivered
17972,95640,18-04-2023,,dhl,Delivered
17973,16109,21-07-2024,,ups,Delivered
17974,48699,02-12-2024,,fedex,Delivered
17975,10588,09-01-2022,,fedex,Cancelled
17976,53153,25-10-2021,30-10-2021,fedex,Returned
17977,18506,06-03-2023,,ups,Delivered
17978,74561,19-02-2023,,dhl,Shipped
17979,40318,28-04-2020,,bluedart,Delivered
17980,62411,10-01-2020,,fedex,Delivered
17981,20225,27-12-2024,,ups,Delivered
17982,76301,16-11-2022,,fedex,Delivered
17983,30009,22-05-2021,,usps,Delivered
17984,33181,21-02-2024,,fedex,Delivered
17985,44197,08-12-2021,22-12-2021,fedex,Returned
17986,68771,11-10-2020,,fedex,Shipped
17987,11038,23-10-2022,,fedex,Shipped
17988,31046,13-11-2023,,dhl,Delivered
17989,8259,06-11-2023,,usps,Delivered
17990,40319,10-01-2020,,ups,Delivered
17991,81692,18-01-2022,,fedex,Delivered
17992,88640,18-05-2021,,bluedart,Delivered
17993,93228,19-04-2022,,dhl,Delivered
17994,37215,18-09-2022,,fedex,Delivered
17995,86084,17-12-2021,,fedex,Delivered
17996,3854,02-04-2024,,fedex,Shipped
17997,33192,20-04-2024,,bluedart,Delivered
17998,72078,20-09-2023,,fedex,Cancelled
17999,15303,14-04-2022,,fedex,Delivered
18000,92517,23-10-2024,,ups,Delivered
18001,95019,03-09-2020,,fedex,Delivered
18002,5424,08-11-2020,,dhl,Delivered
18003,65498,26-09-2021,,bluedart,Delivered
18004,34255,06-11-2022,,fedex,Delivered
18005,20562,09-11-2020,,fedex,Delivered
18006,58712,10-03-2023,,fedex,Delivered
18007,85335,16-10-2024,,bluedart,Delivered
18008,14213,15-03-2024,,bluedart,Delivered
18009,50017,02-04-2023,,ups,Delivered
18010,60800,28-04-2022,,fedex,Shipped
18011,37809,22-10-2023,,bluedart,Delivered
18012,39148,09-07-2024,,fedex,Shipped
18013,55462,02-12-2021,,fedex,Delivered
18014,11041,30-05-2021,,ups,Delivered
18015,79755,27-02-2021,18-03-2021,dhl,Returned
18016,43920,10-06-2020,,fedex,Delivered
18017,90302,13-10-2024,,fedex,Delivered
18018,77820,06-07-2023,,fedex,Delivered
18019,69547,10-06-2023,,fedex,Delivered
18020,2452,27-02-2020,,bluedart,Shipped
18021,81146,18-12-2022,,fedex,Delivered
18022,33361,18-03-2021,,ups,Cancelled
18023,78144,13-04-2023,,fedex,Delivered
18024,79371,26-02-2023,,dhl,Delivered
18025,92793,03-07-2020,,fedex,Delivered
18026,71852,10-01-2020,,bluedart,Delivered
18027,52885,12-03-2023,,delhivery,In Transit
18028,99229,24-02-2020,,delhivery,Delivered
18029,47178,06-02-2022,,fedex,Delivered
18030,13397,13-02-2020,,dhl,Delivered
18031,21522,02-08-2024,,ups,Delivered
18032,6648,11-01-2023,,dhl,Delivered
18033,29199,14-05-2020,,dhl,Delivered
18034,65752,12-07-2023,04-08-2023,fedex,Returned
18035,21438,18-08-2021,,bluedart,Delivered
18036,32656,05-12-2020,,fedex,In Transit
18037,89236,13-01-2020,,bluedart,Delivered
18038,15179,23-08-2023,,fedex,Delivered
18039,38353,24-06-2020,,dhl,Shipped
18040,94018,27-11-2022,,dhl,Delivered
18041,9322,12-08-2024,,bluedart,Delivered
18042,15664,08-07-2021,,dhl,Delivered
18043,82728,29-12-2022,,fedex,Delivered
18044,85218,22-07-2022,,dhl,Delivered
18045,58827,16-09-2020,,dhl,Shipped
18046,68357,23-01-2020,20-02-2020,dhl,Returned
18047,63612,18-09-2023,,dhl,Delivered
18048,27535,24-11-2020,,fedex,Delivered
18049,69132,22-03-2024,,bluedart,Delivered
18050,80581,27-04-2024,,fedex,Delivered
18051,45074,09-01-2020,,delhivery,Delivered
18052,43071,10-09-2024,,fedex,In Transit
18053,7599,05-10-2020,,ups,In Transit
18054,15684,13-03-2024,,ups,Delivered
18055,24735,08-12-2023,,dhl,Delivered
18056,89076,22-08-2024,,dhl,In Transit
18057,35316,02-07-2023,,dhl,Delivered
18058,63780,28-11-2021,,fedex,Delivered
18059,12558,21-05-2021,,fedex,Shipped
18060,21124,02-08-2020,,dhl,Delivered
18061,41762,17-12-2024,,ups,Delivered
18062,68135,22-04-2022,,ups,Delivered
18063,52183,11-02-2022,,ups,Delivered
18064,48830,06-07-2020,,fedex,Shipped
18065,66016,15-04-2022,,ups,Delivered
18066,6784,11-11-2021,,fedex,Delivered
18067,93336,28-05-2023,,fedex,Shipped
18068,72465,11-10-2021,,dhl,Delivered
18069,42504,03-12-2020,,fedex,Delivered
18070,46995,25-12-2020,,fedex,Delivered
18071,46208,27-04-2023,,fedex,Shipped
18072,99889,07-06-2021,,fedex,Cancelled
18073,26672,10-10-2024,,fedex,Delivered
18074,14493,21-02-2023,,dhl,Cancelled
18075,40369,17-01-2024,,ups,Delivered
18076,30446,04-09-2021,,dhl,Delivered
18077,39721,11-08-2020,,ups,Delivered
18078,44399,24-11-2024,,delhivery,Delivered
18079,29719,06-10-2021,,dhl,Delivered
18080,80088,27-03-2022,,dhl,Delivered
18081,30080,26-09-2021,,fedex,Shipped
18082,2093,09-05-2024,,dhl,Delivered
18083,90203,17-01-2021,,bluedart,Delivered
18084,54656,03-07-2020,,ups,Delivered
18085,46005,18-06-2020,,fedex,In Transit
18086,51711,12-07-2024,,dhl,In Transit
18087,20605,25-03-2023,,fedex,Cancelled
18088,64500,01-09-2022,,dhl,Delivered
18089,90726,16-05-2020,07-06-2020,ups,Returned
18090,27948,11-01-2024,,fedex,Delivered
18091,23965,31-12-2022,,dhl,Delivered
18092,52691,02-06-2021,,dhl,Delivered
18093,15017,30-09-2023,17-10-2023,fedex,Returned
18094,19838,03-12-2020,,fedex,Delivered
18095,26539,31-05-2020,,ups,Shipped
18096,61710,01-06-2024,,fedex,Cancelled
18097,55008,04-05-2020,,usps,Delivered
18098,90809,18-01-2021,,fedex,Delivered
18099,77893,04-07-2024,,ups,Shipped
18100,99431,18-04-2021,,fedex,Delivered
18101,98073,27-11-2021,,usps,Delivered
18102,75888,24-03-2020,,usps,Delivered
18103,28060,28-02-2020,,fedex,Delivered
18104,11827,25-04-2021,,bluedart,Delivered
18105,89675,17-08-2023,,fedex,Cancelled
18106,66549,10-10-2021,,ups,Delivered
18107,17111,16-07-2022,,delhivery,Shipped
18108,44276,28-11-2021,,ups,Delivered
18109,96756,07-10-2022,,dhl,Delivered
18110,37597,18-08-2024,,fedex,Delivered
18111,6702,12-08-2020,,fedex,Shipped
18112,10497,10-06-2020,,dhl,Delivered
18113,13631,22-08-2021,,fedex,Delivered
18114,21342,05-11-2023,,fedex,Delivered
18115,9311,01-08-2022,,fedex,Delivered
18116,19098,29-04-2022,,fedex,Delivered
18117,6361,26-05-2023,,bluedart,Delivered
18118,27313,24-02-2023,,delhivery,Cancelled
18119,34522,12-03-2020,,fedex,Delivered
18120,27626,07-01-2021,,bluedart,Delivered
18121,88185,18-08-2024,,fedex,Delivered
18122,78398,11-07-2020,,dhl,In Transit
18123,27041,28-08-2024,,fedex,Delivered
18124,19704,19-02-2024,,bluedart,Delivered
18125,66491,26-11-2020,,dhl,Delivered
18126,72947,12-05-2024,,dhl,Shipped
18127,51624,08-05-2021,,fedex,Delivered
18128,76279,25-12-2021,,bluedart,In Transit
18129,84037,10-02-2023,,fedex,Delivered
18130,3605,02-12-2021,,fedex,Delivered
18131,76229,16-11-2020,,fedex,Delivered
18132,47260,29-09-2020,,fedex,Delivered
18133,97238,05-01-2020,,fedex,Delivered
18134,90263,16-03-2022,,bluedart,Delivered
18135,58873,11-01-2022,,dhl,Shipped
18136,79459,27-07-2022,,bluedart,Shipped
18137,88184,07-05-2023,,fedex,Shipped
18138,63924,08-03-2021,,fedex,Delivered
18139,84714,22-06-2024,,ups,Shipped
18140,42551,22-04-2021,,fedex,Delivered
18141,6509,08-12-2021,,fedex,Delivered
18142,94405,07-02-2023,,fedex,Delivered
18143,49977,06-06-2024,,fedex,Delivered
18144,2652,17-10-2023,,bluedart,Delivered
18145,74580,04-10-2023,,bluedart,Delivered
18146,81449,18-07-2021,,fedex,Shipped
18147,93131,22-07-2021,,fedex,Delivered
18148,86730,21-09-2021,,dhl,Delivered
18149,72585,11-05-2021,,bluedart,Shipped
18150,79895,07-06-2024,27-06-2024,bluedart,Returned
18151,26423,10-01-2020,,bluedart,In Transit
18152,33892,26-02-2023,,dhl,Delivered
18153,62029,04-06-2022,,ups,Delivered
18154,92610,14-03-2020,,dhl,Delivered
18155,23843,14-06-2020,,fedex,Delivered
18156,12245,04-10-2020,,bluedart,Delivered
18157,19982,18-04-2020,,fedex,Delivered
18158,61131,19-08-2020,,fedex,Delivered
18159,28291,12-07-2022,,fedex,Delivered
18160,23059,16-07-2020,,ups,Cancelled
18161,57146,15-05-2021,,dhl,Delivered
18162,63107,10-06-2024,,bluedart,Delivered
18163,11794,20-02-2020,,fedex,Delivered
18164,82479,20-12-2021,,fedex,Delivered
18165,38269,11-01-2020,,dhl,Delivered
18166,20137,18-08-2022,,fedex,Delivered
18167,70236,16-05-2023,,bluedart,Delivered
18168,10643,16-05-2024,,ups,Delivered
18169,80942,28-03-2023,,dhl,Shipped
18170,53713,31-12-2024,,ups,Delivered
18171,42233,21-10-2020,,dhl,Delivered
18172,34260,03-06-2021,,bluedart,Delivered
18173,36945,04-04-2024,,fedex,Delivered
18174,97886,08-10-2023,,fedex,Delivered
18175,23183,28-04-2022,,fedex,Delivered
18176,23871,02-03-2023,,fedex,Cancelled
18177,16568,17-02-2024,,dhl,Shipped
18178,94977,16-06-2024,,dhl,Delivered
18179,76909,04-11-2021,,bluedart,Delivered
18180,90251,07-10-2021,,dhl,Shipped
18181,53461,25-11-2022,,dhl,Delivered
18182,33582,27-06-2023,,dhl,Delivered
18183,49016,28-02-2020,,dhl,Delivered
18184,3855,05-12-2023,,ups,Delivered
18185,48081,07-03-2020,,fedex,Delivered
18186,80254,21-04-2024,,dhl,Delivered
18187,70522,09-07-2022,,fedex,Delivered
18188,32558,16-10-2020,,bluedart,Delivered
18189,25212,08-08-2020,,bluedart,Delivered
18190,90995,04-12-2021,,dhl,Delivered
18191,76747,08-03-2022,,bluedart,Delivered
18192,53577,14-10-2021,,dhl,Shipped
18193,52712,22-10-2020,,dhl,Delivered
18194,92504,05-10-2020,,dhl,Delivered
18195,28161,05-08-2021,,ups,Delivered
18196,86490,13-04-2022,,usps,Delivered
18197,9504,02-05-2023,,fedex,Delivered
18198,79439,26-04-2020,,bluedart,Delivered
18199,32645,13-06-2024,,dhl,Delivered
18200,63746,13-03-2023,,fedex,Delivered
18201,69025,22-06-2021,,fedex,Delivered
18202,60960,01-08-2021,,dhl,Delivered
18203,52472,28-12-2021,,ups,Delivered
18204,8732,26-09-2023,,bluedart,Delivered
18205,30395,16-06-2020,26-06-2020,bluedart,Returned
18206,75047,12-05-2024,,fedex,Delivered
18207,33573,21-08-2023,02-09-2023,ups,Returned
18208,74342,19-08-2024,,fedex,Delivered
18209,34031,02-04-2023,,fedex,Delivered
18210,53502,22-12-2023,,fedex,Delivered
18211,12321,28-06-2024,,fedex,Delivered
18212,62009,09-10-2024,,usps,Delivered
18213,50315,24-07-2023,30-07-2023,dhl,Returned
18214,71759,22-03-2024,,fedex,Delivered
18215,4126,17-06-2021,,fedex,Delivered
18216,3744,14-06-2024,,usps,Delivered
18217,97591,18-01-2020,,bluedart,Delivered
18218,33450,08-06-2021,,dhl,In Transit
18219,77701,08-08-2023,,fedex,Cancelled
18220,22329,08-04-2020,,usps,Shipped
18221,40303,30-01-2020,,dhl,Cancelled
18222,47268,03-04-2021,,fedex,Delivered
18223,76948,11-05-2023,,bluedart,Shipped
18224,42820,21-05-2024,,bluedart,Shipped
18225,38873,03-03-2022,23-03-2022,fedex,Returned
18226,22552,16-04-2022,16-05-2022,delhivery,Returned
18227,68194,22-10-2021,,dhl,Delivered
18228,25549,15-05-2021,29-05-2021,dhl,Returned
18229,57469,29-03-2023,,bluedart,Delivered
18230,60325,27-04-2020,22-05-2020,dhl,Returned
18231,86114,22-09-2024,,dhl,Delivered
18232,63808,02-09-2021,,fedex,Delivered
18233,1303,14-02-2022,,ups,Delivered
18234,32466,26-01-2021,,bluedart,Delivered
18235,42969,29-09-2024,,bluedart,Delivered
18236,55458,22-01-2024,,fedex,Delivered
18237,86685,20-09-2020,,fedex,Delivered
18238,93844,23-09-2021,,fedex,Shipped
18239,35351,09-02-2022,,dhl,Delivered
18240,10305,06-06-2024,,fedex,Delivered
18241,62286,23-02-2021,,bluedart,Delivered
18242,99497,02-12-2021,31-12-2021,fedex,Returned
18243,84720,02-10-2023,,fedex,Delivered
18244,20677,19-06-2021,,bluedart,Delivered
18245,53486,03-08-2023,,bluedart,Delivered
18246,29410,13-09-2024,,bluedart,Delivered
18247,1959,15-10-2022,,dhl,Shipped
18248,95568,08-09-2024,,fedex,Delivered
18249,83623,06-04-2024,,fedex,Delivered
18250,40064,24-01-2021,,dhl,Delivered
18251,21629,26-02-2022,,fedex,Cancelled
18252,64084,20-09-2021,,delhivery,Delivered
18253,4657,22-10-2024,,bluedart,Delivered
18254,32780,06-11-2024,,usps,Delivered
18255,32957,10-03-2024,,fedex,Cancelled
18256,2736,02-12-2020,,fedex,Delivered
18257,34072,25-11-2023,,fedex,Delivered
18258,22937,15-08-2021,,fedex,Delivered
18259,10402,30-04-2022,,fedex,Delivered
18260,50220,06-10-2023,02-11-2023,fedex,Returned
18261,82508,10-05-2020,,fedex,Delivered
18262,15165,04-01-2023,,fedex,Delivered
18263,43493,13-02-2020,,bluedart,Shipped
18264,97681,11-09-2024,,dhl,Cancelled
18265,31614,18-11-2023,,dhl,Delivered
18266,26444,16-10-2020,,usps,Delivered
18267,3429,02-02-2022,,fedex,Delivered
18268,84017,20-02-2020,,usps,Delivered
18269,23494,11-05-2024,27-05-2024,dhl,Returned
18270,42963,20-08-2020,,ups,Delivered
18271,91585,08-03-2023,,fedex,Delivered
18272,4151,15-03-2020,,fedex,Cancelled
18273,58883,20-03-2023,,dhl,Delivered
18274,55074,11-10-2024,,delhivery,Delivered
18275,21993,26-03-2021,,dhl,Delivered
18276,4021,29-07-2024,,fedex,Cancelled
18277,64126,28-08-2021,,dhl,Delivered
18278,73082,03-02-2024,,delhivery,Delivered
18279,6660,27-07-2022,,fedex,Delivered
18280,87885,10-09-2024,,fedex,Shipped
18281,70562,20-09-2020,,bluedart,Shipped
18282,64514,27-10-2020,,fedex,Shipped
18283,40577,27-01-2021,,delhivery,Delivered
18284,75301,24-05-2023,,fedex,Delivered
18285,30613,20-03-2024,,dhl,Delivered
18286,41489,05-11-2022,,ups,Delivered
18287,97997,15-10-2020,,dhl,Delivered
18288,77997,17-06-2024,,fedex,Delivered
18289,97915,26-09-2021,,ups,Delivered
18290,76903,22-06-2020,,dhl,Delivered
18291,57617,01-07-2022,,delhivery,Delivered
18292,94063,08-12-2021,,fedex,Delivered
18293,48449,24-06-2020,,dhl,Shipped
18294,67512,25-03-2022,,dhl,Delivered
18295,39356,03-09-2020,,dhl,Cancelled
18296,26022,18-04-2020,,delhivery,Delivered
18297,25675,04-09-2022,,dhl,Delivered
18298,69825,20-05-2023,,bluedart,Delivered
18299,4172,16-06-2020,,bluedart,Delivered
18300,62848,18-09-2020,,fedex,Shipped
18301,60419,19-05-2020,,usps,Delivered
18302,86996,28-08-2022,,delhivery,Delivered
18303,40477,11-10-2020,,bluedart,Delivered
18304,91374,02-02-2021,,delhivery,Delivered
18305,49423,13-05-2022,,ups,Delivered
18306,54110,14-11-2020,02-12-2020,fedex,Returned
18307,81495,06-05-2022,,fedex,Delivered
18308,46365,10-12-2020,,bluedart,Delivered
18309,72945,20-06-2023,,fedex,Delivered
18310,46871,31-03-2024,,dhl,Delivered
18311,48315,29-11-2022,,fedex,Delivered
18312,27638,03-08-2020,17-08-2020,bluedart,Returned
18313,74065,13-06-2021,,bluedart,Delivered
18314,39121,25-10-2021,,fedex,Delivered
18315,18985,04-05-2021,,usps,Delivered
18316,68589,04-06-2022,,bluedart,Shipped
18317,96798,10-02-2021,,dhl,Delivered
18318,57917,07-04-2021,,fedex,Delivered
18319,99892,06-01-2022,,bluedart,Delivered
18320,89335,16-02-2021,,bluedart,Delivered
18321,75328,09-07-2024,,dhl,Delivered
18322,18467,17-12-2024,,fedex,In Transit
18323,50231,29-05-2023,,dhl,Shipped
18324,29797,09-07-2021,,fedex,Delivered
18325,85426,01-02-2021,,fedex,Shipped
18326,75740,29-12-2024,,fedex,Delivered
18327,95117,01-09-2021,,bluedart,Delivered
18328,90657,13-02-2020,,bluedart,Delivered
18329,98692,19-10-2020,,dhl,Delivered
18330,41097,05-01-2023,,fedex,Shipped
18331,41346,26-02-2020,,usps,Delivered
18332,35676,24-12-2023,,bluedart,Delivered
18333,19529,10-05-2022,,usps,Delivered
18334,10564,07-08-2022,,dhl,Delivered
18335,49737,23-05-2020,,dhl,Delivered
18336,47567,03-11-2023,,dhl,Delivered
18337,48732,22-10-2022,,dhl,Delivered
18338,78929,03-02-2023,,delhivery,Delivered
18339,85557,25-07-2022,,bluedart,Delivered
18340,30411,20-12-2020,,dhl,Delivered
18341,17005,15-04-2020,,dhl,Delivered
18342,98476,06-03-2020,,bluedart,Delivered
18343,11705,21-05-2024,,delhivery,Delivered
18344,29954,12-07-2024,,dhl,Delivered
18345,29437,18-01-2022,,delhivery,Delivered
18346,14082,04-03-2023,,fedex,Delivered
18347,72573,16-01-2022,,dhl,Delivered
18348,67599,14-03-2020,,dhl,Delivered
18349,18099,23-04-2023,,dhl,Delivered
18350,59688,28-09-2021,,fedex,Delivered
18351,79347,17-12-2021,,delhivery,Delivered
18352,12062,08-01-2021,,bluedart,In Transit
18353,19776,08-11-2023,,dhl,Delivered
18354,50809,29-04-2021,,fedex,Delivered
18355,1738,09-02-2021,,bluedart,Delivered
18356,94334,09-07-2023,,fedex,Shipped
18357,63229,14-02-2021,,bluedart,Shipped
18358,72835,11-03-2023,,usps,Delivered
18359,85468,04-11-2023,,bluedart,Delivered
18360,86445,10-03-2022,,fedex,Delivered
18361,18688,30-07-2020,,usps,Delivered
18362,82621,17-09-2022,,dhl,Delivered
18363,14691,17-09-2020,,fedex,Delivered
18364,38001,12-10-2020,,dhl,Shipped
18365,38402,28-08-2024,14-09-2024,fedex,Returned
18366,33638,08-02-2020,,bluedart,Delivered
18367,36644,20-01-2021,,fedex,Delivered
18368,12387,26-06-2021,,fedex,Delivered
18369,73401,29-12-2021,,bluedart,Delivered
18370,85191,14-10-2023,,ups,Delivered
18371,5803,27-07-2022,,delhivery,Delivered
18372,79526,09-05-2022,,fedex,Shipped
18373,85237,08-04-2022,,fedex,Delivered
18374,19003,23-01-2020,,fedex,Delivered
18375,77110,06-04-2024,,bluedart,Cancelled
18376,25480,10-02-2022,,bluedart,Delivered
18377,2828,21-04-2024,,bluedart,Shipped
18378,13119,16-03-2021,,bluedart,Delivered
18379,7257,19-08-2022,,fedex,Delivered
18380,95920,24-05-2024,,fedex,Delivered
18381,19305,19-11-2024,,ups,Cancelled
18382,20218,25-09-2021,,fedex,Cancelled
18383,99554,12-03-2022,,ups,Shipped
18384,73756,30-03-2020,,fedex,Cancelled
18385,50442,29-05-2020,,bluedart,Delivered
18386,30899,01-01-2023,,dhl,Delivered
18387,87642,07-02-2024,,fedex,Cancelled
18388,29300,30-04-2021,,ups,Delivered
18389,83588,08-12-2024,,fedex,Shipped
18390,81723,28-10-2023,07-11-2023,usps,Returned
18391,25076,28-12-2021,,fedex,Delivered
18392,88377,23-12-2024,,fedex,Delivered
18393,4841,06-11-2022,,fedex,Delivered
18394,85754,12-03-2021,,fedex,Delivered
18395,39008,14-04-2021,22-04-2021,fedex,Returned
18396,19043,18-02-2022,,bluedart,Delivered
18397,81105,04-08-2021,,dhl,Delivered
18398,85536,11-10-2022,,fedex,Delivered
18399,78612,01-09-2024,,dhl,In Transit
18400,58328,10-05-2024,,dhl,Delivered
18401,85849,30-12-2020,,bluedart,Delivered
18402,14749,28-12-2022,,fedex,Delivered
18403,89529,23-02-2020,,dhl,Delivered
18404,88504,01-08-2020,,dhl,Delivered
18405,42385,03-09-2021,,fedex,Delivered
18406,88349,26-01-2022,,delhivery,Delivered
18407,5458,25-12-2023,,ups,Delivered
18408,65457,25-01-2022,,dhl,Delivered
18409,52129,25-12-2021,,bluedart,Delivered
18410,66612,15-07-2021,,fedex,Delivered
18411,65856,11-02-2020,,usps,Delivered
18412,67468,22-02-2022,,usps,Delivered
18413,18789,15-06-2021,,fedex,Shipped
18414,56780,13-12-2020,,fedex,Delivered
18415,78435,13-07-2023,10-08-2023,fedex,Returned
18416,46102,15-07-2022,,bluedart,Delivered
18417,51554,18-04-2020,,bluedart,Shipped
18418,76186,20-12-2023,,bluedart,Delivered
18419,76848,07-07-2022,,ups,Delivered
18420,33977,17-04-2024,,fedex,Delivered
18421,46419,01-08-2020,,dhl,Delivered
18422,91970,12-07-2020,,bluedart,Delivered
18423,29530,31-10-2020,,fedex,Delivered
18424,15879,15-01-2024,,ups,Delivered
18425,35494,07-10-2020,,bluedart,Delivered
18426,19216,27-03-2021,,fedex,Cancelled
18427,96480,10-04-2024,,fedex,Delivered
18428,17368,10-12-2022,,fedex,Cancelled
18429,66776,18-12-2020,,bluedart,Delivered
18430,49506,29-09-2024,08-10-2024,bluedart,Returned
18431,71442,19-05-2020,08-06-2020,fedex,Returned
18432,56038,07-08-2023,,dhl,Delivered
18433,44483,29-12-2021,,fedex,Delivered
18434,68331,24-03-2020,,fedex,In Transit
18435,8691,03-04-2021,,fedex,Delivered
18436,70159,09-06-2024,,dhl,Delivered
18437,81355,24-11-2023,,ups,Delivered
18438,34525,10-02-2020,,fedex,Shipped
18439,10253,07-05-2023,,bluedart,Delivered
18440,96506,01-12-2024,,dhl,Delivered
18441,85756,08-07-2020,,dhl,Delivered
18442,36865,14-05-2023,,fedex,Delivered
18443,30865,02-10-2020,,bluedart,Delivered
18444,22809,22-04-2020,,dhl,Delivered
18445,30359,06-07-2022,,ups,Delivered
18446,8807,22-01-2024,,fedex,Delivered
18447,47663,25-06-2022,,dhl,Shipped
18448,14329,06-04-2021,,ups,In Transit
18449,85256,01-10-2023,,fedex,Shipped
18450,31479,16-09-2021,,fedex,Delivered
18451,24097,10-12-2020,,dhl,Delivered
18452,93236,11-10-2023,,fedex,Delivered
18453,97244,31-03-2022,,delhivery,Shipped
18454,73296,13-03-2020,,fedex,Delivered
18455,13409,20-09-2021,,ups,Delivered
18456,10661,13-04-2020,,dhl,Delivered
18457,69995,06-03-2020,,fedex,Delivered
18458,54834,15-04-2022,,fedex,Delivered
18459,3813,09-12-2021,,fedex,Shipped
18460,58694,25-11-2020,,fedex,Delivered
18461,7171,25-05-2021,,ups,Delivered
18462,84409,20-12-2023,,fedex,Delivered
18463,34183,13-08-2021,,fedex,Delivered
18464,44148,05-11-2020,,dhl,Delivered
18465,1063,29-09-2021,,delhivery,Delivered
18466,31085,09-11-2022,,bluedart,Delivered
18467,4235,15-07-2023,,ups,Delivered
18468,70207,01-10-2022,,bluedart,Delivered
18469,17071,06-12-2022,,usps,Delivered
18470,39024,07-10-2024,,fedex,Delivered
18471,97046,28-03-2020,,fedex,Delivered
18472,19774,11-03-2021,,dhl,Delivered
18473,50375,06-04-2023,,dhl,Delivered
18474,84775,06-12-2023,,dhl,Delivered
18475,80461,14-06-2023,,ups,Delivered
18476,95806,06-06-2022,,bluedart,Delivered
18477,41889,17-04-2022,,fedex,Delivered
18478,27078,04-02-2022,,bluedart,Delivered
18479,79538,26-07-2024,21-08-2024,dhl,Returned
18480,40985,10-10-2022,,delhivery,Cancelled
18481,66332,06-04-2023,,ups,Delivered
18482,96215,28-05-2023,,fedex,In Transit
18483,23445,16-11-2022,,dhl,Delivered
18484,41545,07-11-2021,,bluedart,Delivered
18485,61600,16-12-2024,13-01-2025,fedex,Returned
18486,87455,20-04-2020,,fedex,Delivered
18487,45790,11-05-2023,,fedex,Delivered
18488,48903,13-08-2024,,fedex,Delivered
18489,41017,02-08-2021,,usps,Delivered
18490,62470,22-09-2024,,dhl,Delivered
18491,67496,10-03-2021,,fedex,Delivered
18492,83639,11-09-2021,,fedex,Shipped
18493,29161,28-06-2023,,bluedart,Cancelled
18494,96687,20-09-2023,,bluedart,Delivered
18495,37747,21-04-2021,,fedex,Delivered
18496,51293,15-07-2024,,fedex,Delivered
18497,50073,11-11-2023,,bluedart,Delivered
18498,76634,18-01-2022,,fedex,Delivered
18499,23152,07-10-2023,,fedex,Delivered
18500,81357,06-03-2021,,bluedart,Delivered
18501,26413,05-07-2023,,usps,Delivered
18502,64311,07-10-2024,,ups,Delivered
18503,41575,11-07-2022,,fedex,Delivered
18504,35359,25-10-2024,,fedex,Shipped
18505,56345,11-05-2021,,fedex,Delivered
18506,38744,17-09-2022,,fedex,Delivered
18507,34786,01-08-2024,,fedex,Delivered
18508,18169,04-08-2020,,dhl,Delivered
18509,7729,20-01-2023,,fedex,Delivered
18510,11497,15-10-2020,,fedex,Delivered
18511,34805,02-12-2021,,fedex,Delivered
18512,2515,11-04-2024,,fedex,Cancelled
18513,28425,25-09-2024,,bluedart,Delivered
18514,59351,30-03-2022,,fedex,Delivered
18515,94013,18-10-2024,,ups,Cancelled
18516,83170,04-10-2024,,bluedart,Delivered
18517,21994,13-06-2021,,fedex,Delivered
18518,99503,29-11-2021,,fedex,Delivered
18519,36761,14-06-2024,,dhl,Delivered
18520,6933,03-05-2024,,fedex,Delivered
18521,9498,15-10-2022,,delhivery,Delivered
18522,83610,18-12-2024,,fedex,Delivered
18523,91607,07-12-2023,,usps,Delivered
18524,22895,10-05-2022,,bluedart,Delivered
18525,43516,02-11-2021,,bluedart,Delivered
18526,14307,19-10-2020,,fedex,Delivered
18527,2081,03-03-2022,,dhl,Delivered
18528,21384,16-01-2024,,delhivery,Cancelled
18529,46458,02-05-2024,,fedex,Delivered
18530,78078,12-02-2021,,dhl,Delivered
18531,85984,06-06-2024,,fedex,Delivered
18532,76096,08-07-2022,,bluedart,Delivered
18533,36123,12-03-2020,,fedex,Delivered
18534,52761,06-02-2023,,dhl,Shipped
18535,54476,23-03-2022,,bluedart,Delivered
18536,95372,10-10-2024,,fedex,Delivered
18537,76181,18-04-2024,,bluedart,Delivered
18538,41278,03-08-2024,,ups,Delivered
18539,52496,04-03-2020,,ups,Shipped
18540,23899,31-12-2021,,dhl,Delivered
18541,20561,15-08-2020,,fedex,Delivered
18542,95201,11-06-2021,,fedex,Delivered
18543,4242,05-11-2023,,bluedart,Delivered
18544,22706,01-06-2023,15-06-2023,dhl,Returned
18545,84261,18-01-2020,,ups,Delivered
18546,92869,12-05-2023,,bluedart,Delivered
18547,58727,08-10-2023,,usps,Delivered
18548,32500,07-12-2020,,fedex,Delivered
18549,35867,29-07-2024,,usps,Delivered
18550,55628,13-07-2023,,dhl,Delivered
18551,29468,25-04-2020,,fedex,Delivered
18552,46139,27-12-2023,,usps,Delivered
18553,53822,25-01-2023,,fedex,Delivered
18554,68931,18-11-2023,,dhl,In Transit
18555,67303,26-10-2022,,fedex,Delivered
18556,79464,04-01-2023,,fedex,Delivered
18557,3708,29-06-2023,,bluedart,Cancelled
18558,44269,09-10-2022,,fedex,Delivered
18559,53761,05-03-2022,,fedex,Delivered
18560,3615,28-09-2020,18-10-2020,fedex,Returned
18561,98459,20-12-2020,,fedex,Delivered
18562,56014,08-07-2023,,ups,Delivered
18563,41920,11-05-2023,,ups,In Transit
18564,6881,01-03-2024,,fedex,Delivered
18565,23333,24-11-2022,,dhl,Shipped
18566,70340,11-05-2022,,delhivery,Delivered
18567,69612,05-03-2022,,fedex,Delivered
18568,80117,11-03-2022,,usps,Delivered
18569,90776,28-07-2024,,bluedart,Delivered
18570,45680,28-05-2020,,dhl,Delivered
18571,27515,09-09-2024,,fedex,Delivered
18572,7938,02-11-2022,,fedex,Delivered
18573,93068,06-06-2024,,ups,Delivered
18574,93423,08-02-2021,,fedex,Delivered
18575,91460,06-12-2023,,fedex,Delivered
18576,21746,01-01-2025,,dhl,Delivered
18577,60702,21-02-2022,,ups,Delivered
18578,52100,04-04-2023,,dhl,Cancelled
18579,44883,18-04-2024,,usps,Delivered
18580,95648,08-06-2022,,bluedart,Cancelled
18581,99616,24-01-2024,,fedex,In Transit
18582,85904,27-10-2023,15-11-2023,fedex,Returned
18583,43359,02-01-2023,,bluedart,Cancelled
18584,25516,13-09-2023,,fedex,Delivered
18585,41285,23-12-2021,,bluedart,Delivered
18586,84652,12-11-2023,,delhivery,Delivered
18587,82169,25-09-2024,,delhivery,Delivered
18588,99782,24-11-2022,,fedex,Delivered
18589,60540,23-02-2024,,bluedart,Delivered
18590,65291,20-10-2022,,fedex,Delivered
18591,11375,04-02-2022,,dhl,Delivered
18592,37534,12-08-2020,,bluedart,Delivered
18593,81458,21-03-2023,,fedex,Shipped
18594,51555,14-09-2023,,bluedart,Delivered
18595,11599,27-08-2023,,ups,Delivered
18596,19617,19-03-2024,,usps,Shipped
18597,96126,04-01-2022,,dhl,Delivered
18598,9609,04-05-2024,,dhl,Delivered
18599,27448,01-07-2021,,dhl,Delivered
18600,63661,28-03-2023,,fedex,Delivered
18601,23402,29-01-2021,,dhl,Delivered
18602,57538,09-04-2024,,fedex,Delivered
18603,97439,05-12-2023,,dhl,Shipped
18604,3561,29-01-2022,,bluedart,Delivered
18605,23447,07-07-2020,06-08-2020,bluedart,Returned
18606,71286,14-07-2023,,ups,Delivered
18607,13482,04-12-2024,,fedex,Delivered
18608,98506,22-12-2022,,fedex,Delivered
18609,91009,28-10-2024,,fedex,Delivered
18610,4133,28-05-2020,,fedex,Delivered
18611,35422,20-06-2021,,fedex,Shipped
18612,99404,06-06-2021,,fedex,Delivered
18613,8790,26-06-2022,,dhl,Delivered
18614,7010,11-04-2024,,fedex,Delivered
18615,28405,21-05-2024,,fedex,Delivered
18616,62439,14-03-2023,,fedex,Delivered
18617,95044,20-12-2020,,fedex,Shipped
18618,1880,13-12-2023,,fedex,Delivered
18619,39361,05-07-2024,,dhl,Delivered
18620,22215,15-06-2022,,fedex,Delivered
18621,62340,23-03-2020,,bluedart,Delivered
18622,70370,14-05-2021,,ups,Delivered
18623,58969,24-06-2021,,fedex,In Transit
18624,69188,08-10-2022,,bluedart,Delivered
18625,40381,23-01-2022,21-02-2022,fedex,Returned
18626,51471,06-11-2020,,dhl,Cancelled
18627,8832,22-11-2024,,delhivery,Shipped
18628,60381,13-11-2024,,fedex,Shipped
18629,89836,18-02-2022,,fedex,Delivered
18630,24102,16-01-2022,10-02-2022,dhl,Returned
18631,19948,19-03-2024,,bluedart,Delivered
18632,17027,05-11-2023,,dhl,Delivered
18633,64769,28-03-2022,,fedex,Shipped
18634,88241,15-03-2024,,dhl,Delivered
18635,49066,28-09-2022,,fedex,Delivered
18636,39561,24-11-2020,,usps,Delivered
18637,71724,30-05-2021,,ups,Shipped
18638,2833,02-06-2024,,dhl,Delivered
18639,92639,20-08-2021,,fedex,Delivered
18640,82734,24-03-2023,19-04-2023,usps,Returned
18641,59001,20-06-2024,,bluedart,Delivered
18642,47728,06-09-2022,02-10-2022,dhl,Returned
18643,70852,17-04-2021,,dhl,Delivered
18644,94876,22-11-2023,,bluedart,Delivered
18645,7875,06-07-2022,,dhl,Delivered
18646,71178,21-03-2020,,dhl,Delivered
18647,48018,16-10-2020,,bluedart,Delivered
18648,17133,19-04-2024,,dhl,Delivered
18649,56556,10-12-2020,,usps,In Transit
18650,25303,26-08-2020,,fedex,Delivered
18651,26978,21-08-2021,14-09-2021,fedex,Returned
18652,28118,15-08-2020,,fedex,Delivered
18653,24120,09-10-2024,,delhivery,Shipped
18654,5398,19-05-2022,,dhl,In Transit
18655,73776,04-05-2022,,fedex,Delivered
18656,4975,23-02-2022,,fedex,Delivered
18657,62037,24-09-2020,,fedex,Delivered
18658,36291,12-10-2021,,fedex,Delivered
18659,12988,18-09-2023,,fedex,Delivered
18660,4864,11-11-2023,,fedex,Cancelled
18661,1977,06-12-2024,,fedex,Delivered
18662,77439,10-06-2023,,dhl,Delivered
18663,95384,06-10-2020,,delhivery,Delivered
18664,1511,12-04-2023,,dhl,Delivered
18665,49859,19-09-2020,,bluedart,Delivered
18666,28993,20-02-2022,,bluedart,Delivered
18667,90743,01-08-2024,,dhl,Delivered
18668,43768,18-07-2022,,dhl,Delivered
18669,37620,21-04-2024,,fedex,Delivered
18670,99071,29-12-2020,,fedex,Delivered
18671,94543,13-05-2021,,bluedart,In Transit
18672,34392,19-03-2022,,bluedart,Delivered
18673,98831,21-08-2020,,fedex,Delivered
18674,35291,18-02-2022,,fedex,Shipped
18675,54587,02-01-2023,,fedex,Shipped
18676,5870,07-01-2024,,ups,Delivered
18677,41505,05-01-2024,,fedex,In Transit
18678,88698,14-09-2024,,dhl,Shipped
18679,68500,04-01-2024,,ups,Delivered
18680,47895,06-10-2020,,dhl,Delivered
18681,64501,03-03-2023,14-03-2023,fedex,Returned
18682,23956,09-06-2020,,usps,Delivered
18683,61405,24-07-2020,,dhl,In Transit
18684,59939,21-06-2020,,dhl,Delivered
18685,64917,08-05-2024,,bluedart,Delivered
18686,53352,20-11-2023,,ups,Delivered
18687,92606,04-10-2021,,dhl,Delivered
18688,64403,29-08-2021,,fedex,Delivered
18689,88176,08-07-2020,,bluedart,Cancelled
18690,13122,18-10-2020,,fedex,Delivered
18691,69750,17-11-2021,,dhl,Delivered
18692,1674,26-12-2022,,ups,Delivered
18693,99488,25-09-2024,,fedex,Delivered
18694,69846,16-01-2024,,ups,Delivered
18695,83159,10-06-2020,,ups,Delivered
18696,6729,14-09-2023,,dhl,Delivered
18697,96839,01-02-2024,,bluedart,In Transit
18698,82090,24-01-2021,,dhl,Delivered
18699,77916,06-10-2020,,fedex,Delivered
18700,33072,30-12-2020,,usps,Delivered
18701,44808,12-10-2024,,fedex,Delivered
18702,51685,11-04-2023,,bluedart,Delivered
18703,10596,15-08-2022,,fedex,Delivered
18704,50653,22-07-2023,,bluedart,In Transit
18705,66069,17-09-2020,,ups,Shipped
18706,51890,24-03-2020,,fedex,Delivered
18707,91239,25-08-2024,,fedex,Delivered
18708,37306,02-09-2022,,dhl,Delivered
18709,93585,08-05-2024,,fedex,Delivered
18710,17359,01-08-2021,,dhl,Delivered
18711,37477,07-07-2023,,bluedart,Shipped
18712,9653,13-10-2021,,fedex,Shipped
18713,48427,04-02-2022,,fedex,Delivered
18714,89768,05-01-2024,,fedex,Delivered
18715,80135,31-07-2023,,dhl,Delivered
18716,96410,29-01-2023,,fedex,Delivered
18717,74030,02-04-2021,,fedex,Delivered
18718,17671,13-08-2020,,dhl,Delivered
18719,69295,10-02-2020,,usps,Delivered
18720,26553,06-01-2024,,fedex,Delivered
18721,2632,05-10-2020,,fedex,Delivered
18722,33856,11-02-2020,,ups,Delivered
18723,25689,30-04-2021,,fedex,Delivered
18724,70569,25-06-2024,,bluedart,Delivered
18725,22414,21-03-2020,,bluedart,In Transit
18726,41371,30-07-2023,,fedex,Delivered
18727,97581,12-12-2020,,bluedart,Delivered
18728,56830,24-10-2021,,fedex,Delivered
18729,55723,30-08-2020,,dhl,Shipped
18730,61210,11-09-2023,,bluedart,Delivered
18731,45864,24-01-2023,,fedex,Shipped
18732,31267,07-09-2021,,bluedart,Delivered
18733,69701,06-09-2020,,bluedart,Delivered
18734,49052,15-07-2024,,ups,Delivered
18735,24343,14-02-2022,,delhivery,Delivered
18736,20831,24-03-2021,,fedex,Shipped
18737,58379,27-12-2022,,dhl,Delivered
18738,20837,25-03-2021,,ups,Delivered
18739,49476,13-12-2020,,fedex,Delivered
18740,95262,12-01-2024,,fedex,Delivered
18741,13630,18-08-2020,,fedex,Delivered
18742,79342,07-01-2025,,fedex,Delivered
18743,90932,09-12-2024,,bluedart,Delivered
18744,5876,24-01-2020,,fedex,Delivered
18745,75216,31-07-2022,,fedex,Delivered
18746,32239,29-11-2021,,fedex,Delivered
18747,70448,11-04-2024,,fedex,Delivered
18748,51013,18-02-2022,,usps,Delivered
18749,99662,08-02-2022,,fedex,Delivered
18750,21985,06-02-2023,,dhl,Shipped
18751,60695,20-01-2021,,dhl,Delivered
18752,38819,02-06-2023,,dhl,Delivered
18753,36091,28-10-2024,,ups,Delivered
18754,90481,05-11-2024,,dhl,Delivered
18755,24504,26-02-2022,,fedex,Shipped
18756,53460,23-08-2020,,fedex,Delivered
18757,95956,16-12-2021,,dhl,Delivered
18758,56114,10-10-2024,,dhl,Delivered
18759,47845,14-09-2020,,dhl,Delivered
18760,77851,19-05-2022,,bluedart,Delivered
18761,57172,05-01-2023,,dhl,Delivered
18762,87199,01-09-2024,12-09-2024,ups,Returned
18763,53589,15-03-2022,,fedex,Shipped
18764,10877,20-05-2020,,dhl,Delivered
18765,67672,21-08-2022,,dhl,Delivered
18766,64695,29-07-2023,,ups,Delivered
18767,60606,10-09-2020,,dhl,Delivered
18768,62472,29-12-2022,,fedex,Shipped
18769,9227,07-10-2021,,usps,Delivered
18770,13826,23-01-2021,,fedex,Delivered
18771,44868,17-07-2021,,fedex,Delivered
18772,71572,31-10-2024,,bluedart,Delivered
18773,62493,12-12-2020,,fedex,Delivered
18774,73591,02-01-2023,,dhl,Delivered
18775,28045,18-02-2020,,fedex,Shipped
18776,56490,04-09-2020,,ups,Delivered
18777,81098,11-09-2021,,ups,Delivered
18778,72279,25-09-2022,08-10-2022,fedex,Returned
18779,84079,05-06-2024,,bluedart,Delivered
18780,81380,01-06-2022,,bluedart,Shipped
18781,14453,09-11-2020,,bluedart,Shipped
18782,42333,04-05-2023,,ups,Delivered
18783,26518,31-05-2020,,fedex,Cancelled
18784,95034,04-02-2024,,bluedart,Shipped
18785,98778,26-05-2024,,dhl,Delivered
18786,61623,20-05-2024,,dhl,Delivered
18787,83272,01-05-2021,,dhl,Delivered
18788,59645,21-08-2021,,bluedart,Delivered
18789,52444,03-07-2020,,fedex,Delivered
18790,90590,22-05-2020,,bluedart,Delivered
18791,4947,07-08-2022,,bluedart,Cancelled
18792,21574,19-10-2020,,fedex,Delivered
18793,79937,29-09-2022,,bluedart,Delivered
18794,5434,31-05-2020,,ups,Delivered
18795,97421,14-11-2021,,dhl,Shipped
18796,24627,25-10-2024,,fedex,Delivered
18797,90647,15-10-2023,,delhivery,Delivered
18798,6751,28-08-2020,,bluedart,Delivered
18799,42814,19-01-2023,,fedex,Delivered
18800,13369,22-11-2023,,fedex,Cancelled
18801,74172,18-08-2023,,bluedart,Delivered
18802,35393,23-09-2024,,delhivery,Delivered
18803,77522,14-05-2020,,ups,Delivered
18804,21201,24-07-2023,,bluedart,Delivered
18805,36433,14-08-2020,,fedex,Delivered
18806,51317,12-03-2020,,dhl,Delivered
18807,25408,19-03-2022,,fedex,Delivered
18808,47069,27-10-2021,,fedex,Delivered
18809,53939,22-11-2023,20-12-2023,fedex,Returned
18810,7622,20-04-2023,,fedex,Delivered
18811,63384,31-05-2022,,fedex,Shipped
18812,97874,17-01-2020,,bluedart,Cancelled
18813,48844,07-06-2021,,fedex,Delivered
18814,98837,17-06-2024,,fedex,Delivered
18815,41083,25-08-2023,,dhl,Cancelled
18816,52904,04-01-2022,,dhl,Delivered
18817,20649,05-08-2021,,bluedart,Delivered
18818,38538,19-09-2022,,fedex,Delivered
18819,57075,17-01-2021,,dhl,Delivered
18820,29928,26-02-2021,,fedex,Delivered
18821,28028,11-12-2024,,usps,Delivered
18822,70138,24-09-2021,,fedex,Delivered
18823,47749,14-11-2020,,delhivery,Delivered
18824,24050,05-12-2024,,fedex,Delivered
18825,19198,04-11-2024,,bluedart,Delivered
18826,55344,24-10-2023,,fedex,Delivered
18827,69906,16-07-2022,,fedex,Delivered
18828,82991,16-06-2021,,dhl,Delivered
18829,83915,29-11-2023,,ups,Delivered
18830,79994,22-09-2020,,fedex,Delivered
18831,60433,14-01-2020,,bluedart,Delivered
18832,4560,28-12-2021,,bluedart,Delivered
18833,49682,11-08-2020,,bluedart,Delivered
18834,99966,10-03-2021,,dhl,In Transit
18835,78636,19-04-2023,,dhl,Delivered
18836,52221,11-05-2021,,dhl,Delivered
18837,99009,21-07-2022,,dhl,Delivered
18838,95484,23-06-2020,,delhivery,Delivered
18839,8821,03-11-2023,,usps,Shipped
18840,68266,05-12-2020,,ups,Delivered
18841,80270,27-06-2023,,dhl,In Transit
18842,31441,10-02-2022,,dhl,Cancelled
18843,19121,21-12-2021,,dhl,Shipped
18844,87576,25-02-2024,,fedex,Cancelled
18845,84594,24-10-2021,,dhl,Delivered
18846,29047,06-05-2024,,fedex,Delivered
18847,90315,03-06-2021,,ups,Delivered
18848,54021,11-03-2022,,dhl,Cancelled
18849,8677,23-12-2022,,fedex,Delivered
18850,33895,08-09-2020,,dhl,Delivered
18851,17964,21-10-2024,,fedex,Delivered
18852,80289,26-01-2020,,fedex,Shipped
18853,98815,12-03-2021,,dhl,In Transit
18854,73170,26-01-2024,,fedex,Shipped
18855,84445,03-09-2023,,ups,Delivered
18856,58657,04-03-2021,,dhl,Delivered
18857,69407,23-04-2021,,usps,Delivered
18858,74082,04-09-2020,,dhl,Delivered
18859,46883,26-12-2020,01-01-2021,ups,Returned
18860,90161,31-07-2022,,fedex,Delivered
18861,60501,24-11-2022,,dhl,Delivered
18862,11363,27-06-2020,,fedex,Delivered
18863,1441,03-03-2021,,dhl,Delivered
18864,41541,08-06-2023,,delhivery,Delivered
18865,92775,11-06-2023,,fedex,Delivered
18866,47243,17-09-2024,,bluedart,Delivered
18867,18777,23-05-2021,,fedex,Delivered
18868,71649,20-06-2023,,dhl,Shipped
18869,38848,13-08-2022,,dhl,Cancelled
18870,97434,28-06-2022,,dhl,Delivered
18871,53193,04-08-2022,,dhl,Delivered
18872,76517,07-01-2022,,fedex,Delivered
18873,58621,10-03-2021,,dhl,Delivered
18874,70028,20-07-2020,,fedex,Delivered
18875,59918,27-06-2021,,ups,Delivered
18876,58175,27-01-2023,,ups,Delivered
18877,28549,12-11-2024,,fedex,Delivered
18878,88981,18-06-2021,,fedex,Delivered
18879,21344,14-04-2023,,ups,Delivered
18880,62339,05-07-2024,,bluedart,Delivered
18881,23003,16-11-2024,,dhl,Shipped
18882,71915,30-07-2022,,fedex,Shipped
18883,78349,24-06-2021,,fedex,Delivered
18884,86025,29-06-2022,,fedex,Delivered
18885,42111,23-04-2024,,fedex,Delivered
18886,6714,25-11-2023,21-12-2023,ups,Returned
18887,26499,16-10-2021,23-10-2021,bluedart,Returned
18888,67150,14-03-2023,,fedex,Delivered
18889,15997,24-10-2022,,ups,Delivered
18890,17675,07-12-2024,,bluedart,Shipped
18891,28175,29-03-2021,,usps,Delivered
18892,56067,23-03-2021,,fedex,Delivered
18893,49222,21-11-2022,,ups,Delivered
18894,19184,11-10-2022,,dhl,Shipped
18895,80436,12-07-2020,,dhl,Delivered
18896,64942,23-05-2023,,ups,Delivered
18897,52556,25-03-2020,,dhl,Delivered
18898,5104,28-09-2021,,bluedart,Shipped
18899,56712,18-09-2022,,ups,Delivered
18900,12142,27-09-2023,,dhl,Shipped
18901,23593,24-01-2021,,dhl,Delivered
18902,49931,02-07-2020,,dhl,Delivered
18903,13362,06-04-2021,,usps,Delivered
18904,81215,20-06-2021,,dhl,Delivered
18905,91468,25-05-2021,,dhl,In Transit
18906,82417,09-01-2023,,usps,Shipped
18907,68969,31-01-2020,,dhl,Shipped
18908,78943,06-03-2020,,ups,Delivered
18909,24254,12-04-2021,,ups,Delivered
18910,5602,02-06-2023,,fedex,Delivered
18911,57644,28-12-2022,,fedex,Delivered
18912,93674,20-11-2023,,fedex,Delivered
18913,71487,23-10-2024,,fedex,Shipped
18914,95852,23-08-2021,,fedex,In Transit
18915,66883,27-12-2023,,fedex,Shipped
18916,31709,18-01-2023,,dhl,Delivered
18917,66135,29-07-2020,,ups,Delivered
18918,32683,17-01-2024,,dhl,Delivered
18919,85551,04-11-2023,,dhl,Delivered
18920,6463,12-03-2020,,dhl,Delivered
18921,86156,20-11-2022,,usps,In Transit
18922,18451,02-06-2021,23-06-2021,fedex,Returned
18923,43646,09-08-2020,,fedex,Delivered
18924,26076,11-07-2024,,fedex,Delivered
18925,4510,18-09-2021,,fedex,Delivered
18926,92920,13-01-2022,,bluedart,Cancelled
18927,12689,06-11-2024,,dhl,Delivered
18928,43852,19-12-2021,,fedex,Delivered
18929,89782,29-12-2021,,ups,Delivered
18930,73222,21-08-2024,,dhl,Delivered
18931,28827,26-04-2023,,delhivery,Delivered
18932,72686,14-08-2024,,bluedart,Cancelled
18933,88428,01-06-2023,07-06-2023,fedex,Returned
18934,41043,24-07-2021,,dhl,Delivered
18935,78449,03-10-2023,,fedex,Delivered
18936,5428,22-04-2023,,delhivery,Delivered
18937,52487,07-01-2021,,dhl,Delivered
18938,49959,21-02-2021,,dhl,In Transit
18939,45292,07-05-2024,,dhl,Delivered
18940,94761,30-08-2024,,fedex,Delivered
18941,82756,17-11-2021,,fedex,Delivered
18942,90623,15-07-2021,24-07-2021,bluedart,Returned
18943,93344,17-05-2021,,bluedart,Delivered
18944,85519,28-12-2022,,bluedart,Delivered
18945,42369,21-01-2023,,fedex,Delivered
18946,45358,06-09-2023,,dhl,Delivered
18947,41228,30-07-2024,,usps,Shipped
18948,28604,23-11-2022,,fedex,Delivered
18949,41806,26-03-2020,,fedex,Delivered
18950,97293,12-02-2023,,dhl,Delivered
18951,68024,30-07-2020,,fedex,Delivered
18952,13426,18-01-2020,,bluedart,Delivered
18953,67570,16-02-2023,,fedex,Delivered
18954,92005,12-06-2023,,dhl,Delivered
18955,52303,18-05-2023,,fedex,Delivered
18956,15928,12-02-2024,,fedex,Delivered
18957,80505,15-10-2020,,fedex,In Transit
18958,37381,16-12-2023,,fedex,Delivered
18959,81519,29-03-2021,,fedex,Delivered
18960,63805,24-01-2024,,fedex,Delivered
18961,57224,05-05-2021,,dhl,Delivered
18962,90756,09-08-2022,,dhl,Delivered
18963,52947,22-04-2023,,fedex,Delivered
18964,49099,15-03-2022,,delhivery,Delivered
18965,20693,04-11-2023,19-11-2023,fedex,Returned
18966,39851,31-03-2020,,dhl,Delivered
18967,47391,19-12-2022,,fedex,Delivered
18968,47720,07-02-2020,,fedex,In Transit
18969,12326,26-01-2021,,fedex,Delivered
18970,63198,10-04-2023,,dhl,Delivered
18971,53508,20-09-2020,,dhl,Shipped
18972,43670,05-12-2022,,fedex,Shipped
18973,43330,02-07-2020,,fedex,Shipped
18974,71620,28-08-2020,,bluedart,Delivered
18975,16068,21-06-2023,,bluedart,Delivered
18976,6980,10-01-2023,,dhl,Delivered
18977,66188,28-09-2023,,bluedart,Delivered
18978,52109,20-04-2020,,fedex,Delivered
18979,78344,11-01-2021,,dhl,Delivered
18980,88381,02-04-2022,,fedex,Delivered
18981,54564,11-06-2024,,fedex,Delivered
18982,4525,08-09-2023,,fedex,Delivered
18983,8724,15-04-2024,,fedex,Shipped
18984,71459,06-05-2021,,dhl,Delivered
18985,76206,24-11-2022,,dhl,Delivered
18986,68311,07-02-2020,,dhl,Shipped
18987,71137,30-09-2021,,fedex,In Transit
18988,76619,09-09-2021,,ups,Shipped
18989,22703,02-05-2020,,usps,Delivered
18990,91647,25-01-2024,,dhl,Delivered
18991,47837,13-04-2020,,fedex,Delivered
18992,6861,13-06-2021,,bluedart,Shipped
18993,96462,13-03-2020,,bluedart,Delivered
18994,17059,28-12-2023,,fedex,Delivered
18995,27706,26-03-2023,,fedex,Shipped
18996,67567,14-04-2023,,fedex,Delivered
18997,41757,29-12-2022,,delhivery,Cancelled
18998,99402,01-04-2021,,dhl,Delivered
18999,30617,15-02-2021,,ups,Delivered
19000,60132,06-03-2020,,dhl,Delivered
19001,12749,15-04-2020,,fedex,Delivered
19002,35083,01-12-2023,,delhivery,Delivered
19003,58233,07-11-2024,,bluedart,Delivered
19004,50074,21-02-2023,,dhl,Delivered
19005,36396,01-09-2023,,fedex,Delivered
19006,41558,19-02-2023,,ups,Shipped
19007,24722,14-01-2022,28-01-2022,fedex,Returned
19008,14506,18-03-2024,,fedex,Delivered
19009,34508,18-07-2021,,usps,Delivered
19010,46956,13-12-2023,11-01-2024,fedex,Returned
19011,57141,29-08-2021,,fedex,Delivered
19012,31778,23-03-2022,,fedex,Delivered
19013,98388,31-12-2020,,ups,Delivered
19014,17130,12-10-2024,,dhl,In Transit
19015,10952,17-10-2022,,fedex,Delivered
19016,45659,15-07-2023,,fedex,Delivered
19017,1665,04-07-2023,,ups,Delivered
19018,16037,07-05-2023,31-05-2023,ups,Returned
19019,90687,05-08-2020,,delhivery,Delivered
19020,79470,02-09-2024,,fedex,Delivered
19021,94115,08-11-2021,,bluedart,Delivered
19022,35238,27-02-2020,,fedex,Shipped
19023,43273,13-01-2020,,usps,Shipped
19024,22624,26-12-2024,,dhl,Delivered
19025,80868,17-12-2021,,fedex,Delivered
19026,75585,20-10-2021,,fedex,Cancelled
19027,85741,13-06-2020,,usps,Delivered
19028,88181,02-05-2021,,fedex,In Transit
19029,43525,20-06-2022,,bluedart,Delivered
19030,10494,18-03-2020,,bluedart,Delivered
19031,13566,06-09-2023,,bluedart,Cancelled
19032,56130,27-09-2021,,dhl,Delivered
19033,62081,19-11-2020,,fedex,Shipped
19034,68781,13-03-2022,,dhl,Delivered
19035,45323,15-06-2024,,fedex,Delivered
19036,12930,16-06-2021,,fedex,Shipped
19037,71295,05-09-2021,,bluedart,Delivered
19038,86322,21-12-2020,,fedex,Delivered
19039,98055,20-03-2020,,fedex,Delivered
19040,58423,02-12-2020,,fedex,Delivered
19041,13920,27-08-2023,,bluedart,Delivered
19042,38229,16-09-2024,,dhl,Delivered
19043,44942,24-03-2021,,fedex,Delivered
19044,59984,01-02-2021,,bluedart,Delivered
19045,44266,06-04-2024,,bluedart,Delivered
19046,72780,18-08-2022,01-09-2022,fedex,Returned
19047,6845,28-01-2020,,fedex,Delivered
19048,48492,03-03-2021,,fedex,Cancelled
19049,59842,23-02-2020,,bluedart,Shipped
19050,85681,08-08-2023,,fedex,Delivered
19051,25322,17-04-2020,,fedex,Delivered
19052,43534,25-09-2023,,bluedart,Delivered
19053,9999,26-05-2021,,fedex,Cancelled
19054,85265,16-06-2023,,usps,Delivered
19055,52983,06-10-2024,,fedex,Delivered
19056,8629,12-01-2021,,fedex,Delivered
19057,29391,08-05-2024,,fedex,Delivered
19058,19594,20-01-2022,,fedex,Shipped
19059,55494,29-10-2021,,dhl,Delivered
19060,58216,01-08-2023,,fedex,Delivered
19061,87723,29-12-2020,,fedex,Delivered
19062,45304,05-12-2021,,fedex,Delivered
19063,47104,02-10-2023,,fedex,Delivered
19064,89654,28-04-2020,,bluedart,Delivered
19065,47488,22-04-2021,,dhl,Delivered
19066,34266,24-04-2023,,fedex,Shipped
19067,35137,04-10-2022,,ups,In Transit
19068,85635,15-06-2021,,bluedart,Delivered
19069,73576,19-05-2020,,dhl,Delivered
19070,77843,27-04-2023,,fedex,Delivered
19071,10975,26-06-2021,,dhl,Cancelled
19072,6789,29-05-2021,,dhl,Delivered
19073,57522,10-09-2020,,fedex,Delivered
19074,1322,04-08-2024,,ups,Delivered
19075,78232,04-02-2020,,fedex,Delivered
19076,3715,14-10-2023,,fedex,Delivered
19077,88872,06-11-2020,,dhl,Delivered
19078,19312,15-03-2022,,fedex,In Transit
19079,70978,17-02-2024,,fedex,Delivered
19080,44025,08-04-2020,,dhl,Delivered
19081,63629,01-09-2023,,fedex,Delivered
19082,99373,07-12-2024,,ups,Delivered
19083,10777,17-01-2023,,fedex,In Transit
19084,78854,11-07-2022,,usps,Delivered
19085,68811,01-08-2023,22-08-2023,usps,Returned
19086,65418,02-06-2024,,fedex,Delivered
19087,83324,26-04-2022,,bluedart,Delivered
19088,30874,06-06-2023,,fedex,Delivered
19089,57315,01-03-2023,,bluedart,Delivered
19090,67949,21-10-2023,,ups,Delivered
19091,35556,05-07-2021,,fedex,Cancelled
19092,55452,04-08-2024,,dhl,Shipped
19093,60130,20-04-2023,,dhl,Delivered
19094,71192,29-07-2020,,delhivery,Delivered
19095,42891,09-08-2023,,dhl,Shipped
19096,29818,27-04-2024,,fedex,Delivered
19097,30713,18-04-2022,,fedex,Delivered
19098,81862,17-09-2021,,dhl,Cancelled
19099,29027,01-04-2024,,dhl,Shipped
19100,71371,10-08-2024,,bluedart,Delivered
19101,37384,13-03-2021,,fedex,Cancelled
19102,73834,11-05-2020,,dhl,Delivered
19103,40407,01-10-2022,,delhivery,Delivered
19104,88633,14-11-2023,,fedex,Delivered
19105,6148,29-11-2022,,dhl,Delivered
19106,98022,09-03-2023,,dhl,Delivered
19107,47176,19-11-2021,,bluedart,Delivered
19108,89641,03-03-2022,,dhl,Delivered
19109,36300,26-01-2023,,dhl,Delivered
19110,28249,28-10-2020,,dhl,Delivered
19111,71423,13-04-2022,,dhl,Delivered
19112,31077,14-01-2023,,fedex,Shipped
19113,67793,22-06-2021,,fedex,Delivered
19114,83842,06-01-2024,,ups,Delivered
19115,42018,03-12-2022,,fedex,Delivered
19116,35536,09-01-2022,,dhl,Delivered
19117,91155,05-11-2022,,fedex,Delivered
19118,82120,16-05-2020,,fedex,Delivered
19119,43452,22-05-2023,,dhl,Delivered
19120,92587,06-04-2024,,dhl,Delivered
19121,25464,16-10-2024,,fedex,Delivered
19122,50106,17-01-2021,,ups,Delivered
19123,51182,02-12-2020,,dhl,Cancelled
19124,31675,02-05-2022,,bluedart,Delivered
19125,70699,23-01-2022,,fedex,Delivered
19126,33624,15-05-2021,,ups,Shipped
19127,26704,28-11-2024,,fedex,Cancelled
19128,17541,04-08-2020,,fedex,Delivered
19129,91642,07-02-2024,,bluedart,Delivered
19130,12575,28-08-2022,,fedex,Delivered
19131,55668,28-09-2023,09-10-2023,fedex,Returned
19132,54901,04-02-2024,,fedex,Delivered
19133,11274,20-02-2024,13-03-2024,delhivery,Returned
19134,71439,15-05-2021,,bluedart,Delivered
19135,37033,10-02-2022,,fedex,Delivered
19136,64040,15-12-2024,,delhivery,Delivered
19137,85050,07-04-2022,,ups,Shipped
19138,12829,20-02-2022,,fedex,Delivered
19139,52398,25-01-2022,,fedex,Shipped
19140,5603,05-03-2022,,dhl,Delivered
19141,56716,29-08-2022,,ups,Shipped
19142,83278,17-02-2021,,fedex,In Transit
19143,98925,22-10-2023,,fedex,Delivered
19144,45875,23-12-2024,,fedex,Delivered
19145,57665,03-06-2023,,dhl,Delivered
19146,83143,20-10-2022,,fedex,Delivered
19147,59111,09-07-2020,,bluedart,Delivered
19148,72073,02-11-2023,,dhl,Delivered
19149,61250,10-05-2020,,fedex,Delivered
19150,89694,30-09-2020,,fedex,Delivered
19151,5632,15-02-2024,,fedex,Delivered
19152,1630,06-01-2022,,dhl,Delivered
19153,58492,11-08-2024,,dhl,Delivered
19154,99045,05-02-2022,,ups,Delivered
19155,9076,21-04-2023,,fedex,Delivered
19156,17342,27-07-2024,,bluedart,Delivered
19157,57548,17-03-2024,,dhl,Delivered
19158,13181,21-02-2024,,fedex,Delivered
19159,13301,28-04-2020,,bluedart,Delivered
19160,63105,26-08-2021,,ups,Delivered
19161,97178,19-07-2022,,fedex,Delivered
19162,82592,07-02-2023,,fedex,Delivered
19163,19857,14-06-2024,,fedex,Cancelled
19164,52829,03-08-2022,,fedex,Delivered
19165,45368,28-05-2022,,delhivery,Delivered
19166,28924,20-05-2021,,fedex,Cancelled
19167,6184,11-01-2023,,dhl,Delivered
19168,3771,25-04-2023,,fedex,Delivered
19169,53545,31-08-2023,,delhivery,Cancelled
19170,20622,05-10-2021,,fedex,Delivered
19171,52485,10-09-2022,,fedex,In Transit
19172,89074,21-12-2021,,fedex,Delivered
19173,5045,28-05-2021,,bluedart,Delivered
19174,56559,25-01-2024,,dhl,Delivered
19175,35757,16-04-2020,,dhl,Delivered
19176,68421,12-09-2021,,ups,Delivered
19177,70006,18-05-2021,,fedex,Delivered
19178,16793,22-03-2022,,dhl,Delivered
19179,60324,27-08-2022,,fedex,Delivered
19180,1042,02-01-2021,,usps,Delivered
19181,61558,03-05-2023,,dhl,Delivered
19182,72589,19-09-2024,,dhl,Delivered
19183,27574,18-10-2022,,fedex,Delivered
19184,76217,09-09-2023,,fedex,Shipped
19185,16551,04-03-2022,21-03-2022,fedex,Returned
19186,43823,13-09-2022,,fedex,Delivered
19187,38644,15-03-2022,,delhivery,Delivered
19188,57234,02-09-2024,,usps,Delivered
19189,87368,14-05-2022,,ups,Delivered
19190,67317,04-02-2020,,fedex,Delivered
19191,37174,13-01-2021,,usps,Delivered
19192,5167,30-08-2024,,ups,Delivered
19193,8224,09-09-2020,,fedex,Delivered
19194,2488,23-05-2023,,ups,Delivered
19195,38516,26-11-2020,,fedex,Delivered
19196,23560,22-02-2023,,ups,Delivered
19197,65912,18-10-2022,,fedex,Shipped
19198,99137,11-07-2023,,fedex,Delivered
19199,69662,29-09-2024,,bluedart,Delivered
19200,8619,24-03-2022,,delhivery,Delivered
19201,62672,19-08-2020,,ups,Delivered
19202,78437,09-08-2022,,usps,Delivered
19203,51784,03-10-2023,,fedex,Delivered
19204,53076,26-05-2023,,fedex,Shipped
19205,51764,11-01-2020,,ups,Delivered
19206,7072,22-12-2020,,fedex,Delivered
19207,76706,17-08-2021,,ups,Shipped
19208,81254,26-08-2022,,dhl,Delivered
19209,95861,22-08-2023,,fedex,Delivered
19210,60029,11-03-2021,,dhl,Delivered
19211,14125,06-10-2021,,dhl,Delivered
19212,69559,25-08-2024,,fedex,Delivered
19213,95325,25-04-2021,,ups,Delivered
19214,63958,04-07-2024,,bluedart,Delivered
19215,84663,25-10-2023,,fedex,Delivered
19216,72176,16-02-2022,,bluedart,Delivered
19217,7003,24-06-2020,,fedex,Delivered
19218,58805,28-12-2022,,dhl,Delivered
19219,63348,09-12-2023,,fedex,Delivered
19220,8073,23-02-2023,,fedex,Delivered
19221,81797,15-11-2020,,dhl,Delivered
19222,72562,23-02-2021,,bluedart,Delivered
19223,36493,30-05-2022,,dhl,Delivered
19224,7140,19-12-2022,,fedex,Delivered
19225,30272,11-03-2024,,fedex,Delivered
19226,10881,29-04-2023,,bluedart,Delivered
19227,29393,22-06-2022,,bluedart,Delivered
19228,32888,07-11-2023,,usps,Shipped
19229,78202,04-06-2021,,fedex,Delivered
19230,88402,08-03-2020,,fedex,Delivered
19231,33334,25-12-2021,,fedex,Delivered
19232,38940,13-08-2024,,bluedart,Delivered
19233,62507,01-05-2021,,bluedart,Shipped
19234,36999,09-02-2020,,usps,Delivered
19235,42905,04-08-2021,,bluedart,Shipped
19236,62461,13-02-2020,,fedex,Delivered
19237,5766,20-04-2021,,dhl,Delivered
19238,84730,20-11-2021,,bluedart,Delivered
19239,20250,13-10-2022,,dhl,Delivered
19240,84655,16-05-2020,,fedex,Delivered
19241,56158,14-02-2020,,bluedart,Delivered
19242,19691,23-06-2021,,fedex,Delivered
19243,78988,17-08-2020,,delhivery,Delivered
19244,94777,23-01-2021,,fedex,Delivered
19245,35012,10-11-2024,,dhl,Delivered
19246,8397,01-04-2020,,fedex,Shipped
19247,68815,31-01-2021,,fedex,Shipped
19248,40270,24-09-2024,,ups,Delivered
19249,54266,11-03-2024,,bluedart,Delivered
19250,44711,27-12-2022,,fedex,Delivered
19251,14155,01-05-2023,,dhl,Delivered
19252,61547,13-03-2020,,delhivery,Delivered
19253,57919,02-06-2020,,fedex,Delivered
19254,36760,20-05-2021,,dhl,Delivered
19255,75029,19-01-2021,,fedex,Delivered
19256,32029,01-05-2021,,delhivery,Delivered
19257,38092,28-11-2022,,dhl,Delivered
19258,34767,06-10-2021,,fedex,Delivered
19259,62138,17-09-2021,,fedex,Delivered
19260,83756,08-10-2020,,dhl,Delivered
19261,70113,22-12-2020,,fedex,Delivered
19262,67026,03-08-2021,,ups,Delivered
19263,51393,07-06-2023,,dhl,Delivered
19264,73098,14-08-2020,,bluedart,Cancelled
19265,22176,13-09-2022,,fedex,Delivered
19266,84136,18-02-2020,,ups,Delivered
19267,49001,11-05-2020,,fedex,Delivered
19268,93455,21-12-2022,,dhl,Delivered
19269,59722,16-10-2021,,dhl,Delivered
19270,38960,15-02-2021,,usps,In Transit
19271,89520,14-08-2021,,fedex,Delivered
19272,21043,22-06-2024,,fedex,In Transit
19273,31843,31-10-2022,,dhl,Delivered
19274,69306,28-11-2021,,fedex,In Transit
19275,64780,04-04-2020,,fedex,Delivered
19276,1250,27-02-2021,,fedex,Delivered
19277,31595,18-04-2024,,fedex,Delivered
19278,48506,21-06-2021,,bluedart,Shipped
19279,7924,30-04-2024,,fedex,Delivered
19280,77029,27-02-2024,,fedex,Delivered
19281,86418,26-06-2020,,bluedart,Cancelled
19282,44499,04-09-2020,29-09-2020,fedex,Returned
19283,87140,06-12-2021,,fedex,Shipped
19284,15518,19-10-2021,01-11-2021,fedex,Returned
19285,64288,03-09-2021,,ups,Delivered
19286,62123,11-12-2021,,dhl,Delivered
19287,8626,24-08-2022,,fedex,Delivered
19288,48046,21-12-2021,,bluedart,Delivered
19289,73255,04-02-2023,,fedex,Delivered
19290,63344,17-05-2022,,dhl,Delivered
19291,81734,22-05-2024,,delhivery,Delivered
19292,43371,07-03-2024,,dhl,Delivered
19293,82971,07-07-2020,,fedex,Cancelled
19294,11522,09-04-2021,,dhl,Delivered
19295,19630,05-03-2021,21-03-2021,ups,Returned
19296,6604,20-01-2021,,dhl,Delivered
19297,97366,22-06-2020,,fedex,Delivered
19298,65143,30-07-2021,,dhl,Delivered
19299,97163,18-01-2020,,bluedart,Delivered
19300,88657,13-11-2020,,fedex,Shipped
19301,8940,16-06-2020,,fedex,Delivered
19302,23013,30-09-2024,,fedex,Delivered
19303,32505,15-12-2022,,bluedart,Delivered
19304,9711,29-10-2024,,dhl,Delivered
19305,27108,30-06-2024,,bluedart,In Transit
19306,55245,06-05-2024,,fedex,Delivered
19307,74436,04-09-2024,,dhl,Cancelled
19308,59147,17-03-2023,,dhl,Cancelled
19309,25765,09-02-2021,,dhl,Cancelled
19310,29268,30-07-2024,,ups,Delivered
19311,91274,28-07-2023,,dhl,Delivered
19312,28763,13-04-2021,,fedex,Delivered
19313,44058,18-04-2022,,bluedart,Delivered
19314,54053,26-01-2021,,bluedart,Delivered
19315,57345,27-08-2020,,bluedart,Delivered
19316,23249,23-03-2023,,fedex,Delivered
19317,73380,05-12-2020,,fedex,Cancelled
19318,2887,03-12-2021,,ups,Delivered
19319,72476,21-10-2021,,fedex,Delivered
19320,75766,12-08-2022,,usps,Shipped
19321,25476,19-10-2024,,bluedart,Delivered
19322,55624,02-02-2020,,dhl,Delivered
19323,13537,22-07-2023,,fedex,Shipped
19324,73968,10-09-2023,,fedex,Delivered
19325,9860,22-01-2022,,dhl,Delivered
19326,32067,10-03-2023,,bluedart,Delivered
19327,86792,16-10-2021,,fedex,Delivered
19328,46051,10-12-2021,,fedex,Delivered
19329,97550,28-02-2022,,fedex,In Transit
19330,38446,17-07-2023,,bluedart,Cancelled
19331,50485,01-02-2023,,delhivery,Delivered
19332,94640,09-11-2023,,dhl,Shipped
19333,89030,30-06-2022,,fedex,Delivered
19334,29383,22-02-2022,,fedex,Delivered
19335,29239,27-06-2021,,delhivery,Delivered
19336,55443,19-12-2022,,bluedart,Delivered
19337,46895,17-03-2022,,fedex,Delivered
19338,26700,25-02-2021,,dhl,Delivered
19339,64303,23-03-2021,,usps,Delivered
19340,71440,23-04-2024,,bluedart,Delivered
19341,79113,01-11-2023,,fedex,Delivered
19342,9589,28-01-2020,,bluedart,Shipped
19343,97516,08-07-2020,,ups,Delivered
19344,72049,09-04-2023,,fedex,Delivered
19345,71971,20-05-2024,,fedex,Delivered
19346,95389,04-09-2024,,dhl,Delivered
19347,93030,18-07-2022,,dhl,Delivered
19348,1446,09-11-2024,,fedex,Delivered
19349,85640,27-11-2024,,bluedart,Delivered
19350,37743,03-08-2021,,ups,In Transit
19351,37394,01-03-2022,,ups,Shipped
19352,77124,17-08-2022,,fedex,Delivered
19353,76309,18-02-2023,,dhl,Delivered
19354,66059,21-09-2023,,dhl,Delivered
19355,64861,21-09-2022,,bluedart,Delivered
19356,61011,22-08-2020,,fedex,Delivered
19357,67972,29-02-2024,,fedex,Shipped
19358,10751,18-08-2020,,fedex,Delivered
19359,49796,28-11-2023,,fedex,Delivered
19360,40740,06-10-2021,,delhivery,Shipped
19361,44117,12-06-2020,,fedex,Delivered
19362,47133,13-09-2021,,fedex,Delivered
19363,51070,13-05-2023,,delhivery,Delivered
19364,53289,11-11-2020,,usps,Delivered
19365,34841,18-03-2021,,dhl,Cancelled
19366,89959,06-04-2023,,fedex,Delivered
19367,13755,10-05-2024,,dhl,Delivered
19368,10622,09-03-2022,,fedex,Delivered
19369,61101,29-07-2020,,fedex,Delivered
19370,39484,31-12-2023,,dhl,Delivered
19371,66053,19-06-2022,,fedex,Delivered
19372,60425,27-01-2020,,delhivery,Delivered
19373,95448,06-05-2022,,fedex,Delivered
19374,56996,15-07-2020,,usps,In Transit
19375,15673,19-07-2021,,bluedart,Delivered
19376,2584,16-11-2020,,fedex,Delivered
19377,91838,20-04-2024,,fedex,Delivered
19378,50665,21-08-2022,,fedex,Delivered
19379,32836,17-10-2024,,dhl,Delivered
19380,35523,22-12-2023,20-01-2024,dhl,Returned
19381,48054,23-09-2022,,fedex,Delivered
19382,59526,19-09-2022,,fedex,Delivered
19383,65592,07-10-2024,,bluedart,Delivered
19384,72626,13-01-2024,,usps,Delivered
19385,18824,27-07-2021,,bluedart,Shipped
19386,39177,06-05-2024,,fedex,Delivered
19387,32883,21-08-2021,,fedex,Delivered
19388,13791,22-05-2024,,dhl,Cancelled
19389,39115,07-03-2022,,delhivery,Shipped
19390,55010,24-02-2021,,bluedart,Delivered
19391,66359,03-07-2020,,ups,Delivered
19392,14141,27-05-2021,,fedex,Delivered
19393,26692,08-07-2020,,bluedart,Delivered
19394,3130,15-06-2021,,fedex,Delivered
19395,88043,26-04-2021,,bluedart,Delivered
19396,42781,29-04-2024,,fedex,Delivered
19397,45113,29-02-2024,,bluedart,In Transit
19398,6068,20-06-2023,,ups,Delivered
19399,55828,15-11-2022,,dhl,Shipped
19400,32745,12-05-2022,,dhl,Delivered
19401,46681,02-04-2022,,ups,Shipped
19402,83479,06-11-2022,,dhl,Delivered
19403,21532,27-07-2024,,fedex,Shipped
19404,27352,15-03-2023,,bluedart,Delivered
19405,19884,22-12-2020,,fedex,In Transit
19406,35853,19-10-2020,,fedex,Delivered
19407,73449,17-02-2022,,dhl,Delivered
19408,36443,12-01-2020,,dhl,Delivered
19409,54609,14-08-2023,,bluedart,Delivered
19410,74240,01-03-2020,,dhl,Delivered
19411,47270,26-11-2020,,fedex,Delivered
19412,33362,21-07-2024,,fedex,Delivered
19413,17585,09-04-2024,,bluedart,Delivered
19414,77544,14-03-2024,,fedex,Shipped
19415,12242,13-11-2020,,dhl,Delivered
19416,82594,07-01-2024,,fedex,In Transit
19417,52784,12-08-2022,,dhl,Delivered
19418,99094,21-12-2023,,ups,Delivered
19419,77044,31-03-2024,,usps,Delivered
19420,93289,26-06-2024,,fedex,Delivered
19421,11974,07-06-2020,,fedex,Delivered
19422,78329,15-08-2023,,bluedart,Delivered
19423,86963,01-09-2022,,fedex,Delivered
19424,99756,05-12-2022,,usps,Cancelled
19425,50068,03-07-2023,,usps,Delivered
19426,44983,26-12-2024,,bluedart,Delivered
19427,4105,22-05-2022,,bluedart,Delivered
19428,51160,26-08-2023,,ups,Cancelled
19429,20969,01-08-2022,,ups,Delivered
19430,52468,05-04-2022,,ups,Delivered
19431,21670,24-08-2022,21-09-2022,ups,Returned
19432,15087,11-05-2022,,fedex,Delivered
19433,94320,03-01-2023,,fedex,In Transit
19434,56982,09-03-2020,,fedex,Delivered
19435,2340,21-05-2023,,fedex,Delivered
19436,28001,01-09-2020,,ups,Delivered
19437,75768,28-01-2023,,bluedart,Cancelled
19438,26243,20-06-2022,,bluedart,Delivered
19439,59894,03-04-2023,,delhivery,Delivered
19440,1950,07-04-2020,,fedex,Shipped
19441,17287,07-04-2022,01-05-2022,fedex,Returned
19442,7793,03-10-2021,,fedex,Shipped
19443,6470,13-02-2024,,fedex,Delivered
19444,59868,29-09-2023,,usps,Delivered
19445,58052,11-07-2022,,fedex,Delivered
19446,8981,13-05-2022,,ups,Delivered
19447,7375,12-12-2022,,fedex,Delivered
19448,73018,07-10-2023,,dhl,Cancelled
19449,86024,28-03-2021,,ups,Delivered
19450,61852,23-05-2024,,ups,Delivered
19451,30288,26-04-2024,,dhl,In Transit
19452,30479,13-08-2024,,fedex,Delivered
19453,82077,24-08-2024,,dhl,Delivered
19454,23237,11-04-2023,,usps,Delivered
19455,17357,17-03-2021,,ups,Delivered
19456,42654,24-11-2023,,fedex,Delivered
19457,80164,03-03-2024,,fedex,Delivered
19458,43042,03-12-2024,,delhivery,Delivered
19459,7217,13-09-2023,,fedex,Delivered
19460,26676,30-12-2024,,dhl,Delivered
19461,37072,24-01-2023,,fedex,Shipped
19462,79484,02-07-2024,,dhl,Delivered
19463,63511,22-01-2022,,dhl,Cancelled
19464,89000,30-04-2021,,fedex,Delivered
19465,9553,29-12-2024,,fedex,Cancelled
19466,19187,28-10-2023,,bluedart,Cancelled
19467,62426,02-01-2024,,usps,Delivered
19468,5051,03-09-2022,,dhl,Delivered
19469,35020,12-03-2021,,bluedart,Delivered
19470,26782,21-03-2021,,fedex,Delivered
19471,85336,12-04-2022,,ups,Shipped
19472,93120,02-09-2023,,fedex,Delivered
19473,56218,13-03-2020,,dhl,Delivered
19474,23092,15-11-2023,,dhl,Delivered
19475,62642,09-02-2022,,bluedart,Delivered
19476,7019,04-11-2020,,dhl,Delivered
19477,14629,17-03-2023,,ups,Delivered
19478,49983,01-11-2023,,dhl,Shipped
19479,16537,27-08-2024,,dhl,Cancelled
19480,59852,20-06-2022,,fedex,Delivered
19481,67828,06-06-2023,,fedex,Delivered
19482,65407,17-02-2022,,fedex,Shipped
19483,44845,19-11-2022,,fedex,Delivered
19484,13445,11-02-2022,,dhl,Shipped
19485,21219,06-05-2020,,dhl,Delivered
19486,85603,31-12-2023,,dhl,In Transit
19487,73703,24-04-2020,,bluedart,Delivered
19488,61508,10-02-2020,,dhl,Delivered
19489,16914,24-11-2023,,bluedart,Delivered
19490,30199,23-02-2021,,fedex,Delivered
19491,85916,20-04-2023,,dhl,Delivered
19492,7411,01-08-2021,,fedex,Shipped
19493,42902,15-05-2020,,fedex,In Transit
19494,19638,18-08-2023,,fedex,Delivered
19495,93133,03-11-2024,,fedex,Delivered
19496,73476,17-03-2021,,dhl,Delivered
19497,70802,07-02-2023,,ups,Delivered
19498,83144,08-04-2022,,bluedart,Delivered
19499,29931,05-10-2023,,fedex,Shipped
19500,97329,18-05-2020,,dhl,Delivered
19501,29359,14-05-2022,,bluedart,Delivered
19502,57333,11-04-2023,,bluedart,Delivered
19503,62447,10-10-2024,,bluedart,Delivered
19504,4018,03-10-2020,,usps,In Transit
19505,80603,09-10-2020,,fedex,Delivered
19506,99280,25-10-2023,,usps,Shipped
19507,50151,24-04-2020,,delhivery,Delivered
19508,36824,05-02-2020,,ups,Shipped
19509,5917,14-08-2022,,fedex,Delivered
19510,31978,19-08-2021,,dhl,Delivered
19511,36676,11-11-2022,,dhl,Delivered
19512,76883,17-11-2024,,fedex,Delivered
19513,32762,14-04-2024,,fedex,Delivered
19514,62188,17-12-2022,,usps,Delivered
19515,25336,12-04-2021,06-05-2021,dhl,Returned
19516,44087,16-11-2023,,bluedart,Delivered
19517,29535,19-09-2020,,ups,Delivered
19518,58036,31-03-2021,,dhl,Delivered
19519,94378,27-03-2024,,ups,Delivered
19520,31381,13-02-2021,,dhl,Cancelled
19521,21172,20-09-2020,,dhl,Delivered
19522,12546,28-03-2021,,fedex,Delivered
19523,91921,14-05-2021,,bluedart,Cancelled
19524,70707,08-07-2023,15-07-2023,fedex,Returned
19525,92997,23-04-2021,,fedex,Delivered
19526,94984,25-05-2024,,ups,Delivered
19527,9274,11-03-2021,,fedex,Delivered
19528,51994,15-01-2020,,dhl,Delivered
19529,75746,02-12-2023,13-12-2023,dhl,Returned
19530,38601,16-12-2020,,bluedart,Delivered
19531,85195,11-09-2022,,fedex,In Transit
19532,1778,04-02-2021,,ups,Delivered
19533,33407,30-06-2021,,delhivery,Shipped
19534,45417,01-07-2024,,fedex,Delivered
19535,58454,11-12-2023,,usps,Delivered
19536,53473,17-10-2024,,dhl,Delivered
19537,38544,20-11-2024,,dhl,Delivered
19538,54835,02-12-2022,,fedex,Delivered
19539,65549,06-12-2022,,dhl,Delivered
19540,30076,25-10-2024,,fedex,Cancelled
19541,73772,18-08-2023,,fedex,Delivered
19542,90572,28-07-2022,,ups,Delivered
19543,50654,04-08-2021,,fedex,Delivered
19544,85549,05-09-2024,,ups,Delivered
19545,37199,22-04-2022,,bluedart,In Transit
19546,83463,07-04-2023,,dhl,Shipped
19547,78595,09-06-2024,,fedex,Delivered
19548,10280,25-02-2021,,ups,Delivered
19549,17977,11-12-2020,,bluedart,In Transit
19550,8770,17-07-2024,,fedex,Delivered
19551,21214,24-12-2023,,usps,Delivered
19552,90206,20-01-2023,,fedex,Shipped
19553,45303,30-01-2023,,fedex,Shipped
19554,36770,19-08-2023,,dhl,Cancelled
19555,66353,18-12-2024,,fedex,Delivered
19556,29911,16-07-2020,,dhl,Delivered
19557,77399,19-12-2021,,dhl,Delivered
19558,92350,18-01-2024,,dhl,Shipped
19559,61314,18-12-2020,,dhl,Shipped
19560,70171,20-06-2024,,fedex,Delivered
19561,79348,21-04-2021,,fedex,Delivered
19562,12192,20-05-2020,,ups,Delivered
19563,24172,09-02-2021,,dhl,Shipped
19564,12380,06-04-2022,,usps,Delivered
19565,68908,23-04-2024,,bluedart,Delivered
19566,30082,14-02-2023,,fedex,Delivered
19567,23004,19-08-2023,,ups,Delivered
19568,71648,28-09-2021,,dhl,Cancelled
19569,79766,10-09-2024,,dhl,Delivered
19570,28944,11-10-2023,,dhl,Delivered
19571,58666,25-08-2024,,fedex,Delivered
19572,3149,01-09-2021,,bluedart,Delivered
19573,61915,24-05-2023,,fedex,Delivered
19574,6205,25-12-2022,,fedex,Delivered
19575,41582,22-01-2021,,fedex,Delivered
19576,20192,07-05-2024,,fedex,Delivered
19577,92223,20-11-2024,,fedex,Delivered
19578,18560,15-03-2023,02-04-2023,fedex,Returned
19579,44076,30-03-2023,,delhivery,Delivered
19580,95245,28-09-2022,,fedex,Delivered
19581,41909,23-11-2020,,fedex,Delivered
19582,46356,27-04-2020,,ups,In Transit
19583,6443,24-06-2021,,dhl,Delivered
19584,74976,24-09-2022,,bluedart,Delivered
19585,58732,17-02-2021,,fedex,Delivered
19586,37057,22-02-2024,,fedex,Delivered
19587,17244,15-10-2020,,dhl,Delivered
19588,3230,04-03-2020,,fedex,Delivered
19589,18550,08-08-2020,,usps,Delivered
19590,58603,24-10-2021,,dhl,Delivered
19591,29100,10-02-2021,,fedex,Delivered
19592,6545,11-02-2021,,dhl,Delivered
19593,56923,18-09-2020,,bluedart,Shipped
19594,58458,30-08-2023,,fedex,Delivered
19595,51785,21-12-2024,,fedex,Delivered
19596,28692,15-10-2023,,usps,Delivered
19597,5691,14-08-2024,,dhl,Delivered
19598,37357,27-10-2021,,ups,Delivered
19599,81306,12-08-2020,,ups,Cancelled
19600,96744,17-09-2023,,dhl,Delivered
19601,41862,09-09-2021,,fedex,Delivered
19602,38976,09-01-2025,,bluedart,Shipped
19603,6798,26-10-2020,,fedex,Delivered
19604,44687,12-10-2023,,fedex,Delivered
19605,21856,29-05-2024,,bluedart,Delivered
19606,57035,13-04-2020,,fedex,Shipped
19607,90277,18-01-2024,25-01-2024,bluedart,Returned
19608,93877,13-12-2021,,delhivery,Delivered
19609,79412,10-06-2024,,bluedart,Delivered
19610,78362,18-04-2024,,fedex,Delivered
19611,62815,08-07-2023,,delhivery,Shipped
19612,13520,21-07-2020,,fedex,Delivered
19613,85728,05-04-2023,,fedex,In Transit
19614,67383,08-02-2022,,dhl,Delivered
19615,91601,21-02-2024,07-03-2024,fedex,Returned
19616,52707,29-03-2023,,bluedart,Cancelled
19617,37575,08-12-2022,,dhl,Delivered
19618,39666,10-06-2024,,fedex,Shipped
19619,83470,15-01-2023,,ups,Delivered
19620,4042,16-03-2023,,fedex,Delivered
19621,79987,09-09-2020,,bluedart,Delivered
19622,57850,11-01-2024,22-01-2024,ups,Returned
19623,54862,21-10-2024,,bluedart,In Transit
19624,8108,16-02-2022,,fedex,Delivered
19625,68373,22-07-2023,,fedex,Shipped
19626,61518,15-05-2022,,fedex,Delivered
19627,51377,21-04-2023,,fedex,Delivered
19628,58534,17-01-2020,,dhl,Delivered
19629,9786,18-11-2024,,fedex,Delivered
19630,24755,12-03-2023,,dhl,Delivered
19631,6657,30-03-2022,,fedex,Delivered
19632,91094,09-07-2020,,fedex,Delivered
19633,76005,26-03-2023,,dhl,Delivered
19634,20633,11-09-2022,,fedex,Delivered
19635,79176,02-05-2023,,fedex,Delivered
19636,58313,03-08-2022,,fedex,Delivered
19637,49663,05-04-2023,03-05-2023,fedex,Returned
19638,52832,23-07-2021,,delhivery,Shipped
19639,55841,06-04-2023,,fedex,Delivered
19640,33679,22-05-2023,,ups,Delivered
19641,98286,17-03-2023,,fedex,Delivered
19642,90414,11-11-2024,24-11-2024,fedex,Returned
19643,59128,22-09-2022,,dhl,Delivered
19644,56586,20-10-2024,,fedex,Delivered
19645,18800,23-11-2023,,dhl,Delivered
19646,59329,10-03-2022,,fedex,Delivered
19647,38820,01-02-2022,,ups,Delivered
19648,13941,24-07-2021,,fedex,Cancelled
19649,88142,10-02-2023,,dhl,Delivered
19650,59362,13-06-2021,,fedex,Delivered
19651,66422,26-09-2023,,fedex,Delivered
19652,86079,06-05-2020,,fedex,Delivered
19653,99772,29-06-2021,,dhl,Delivered
19654,23901,12-05-2024,,fedex,Delivered
19655,73857,10-07-2024,,dhl,Delivered
19656,92755,20-11-2024,,fedex,Delivered
19657,41296,05-08-2024,,fedex,Cancelled
19658,96128,08-02-2021,,fedex,Delivered
19659,40080,03-12-2022,29-12-2022,bluedart,Returned
19660,60119,07-03-2022,,fedex,Shipped
19661,73870,24-09-2021,,fedex,Delivered
19662,90157,29-09-2024,,dhl,Delivered
19663,83563,12-03-2020,,dhl,Shipped
19664,13381,10-12-2020,,fedex,Delivered
19665,55055,12-10-2022,,fedex,Delivered
19666,23073,16-05-2020,,fedex,Delivered
19667,35546,03-03-2023,,bluedart,Delivered
19668,20097,09-01-2021,,fedex,Delivered
19669,62771,24-05-2022,12-06-2022,fedex,Returned
19670,78655,04-01-2022,,fedex,Shipped
19671,93021,16-05-2021,,usps,Delivered
19672,79819,19-02-2022,,usps,Delivered
19673,35392,20-02-2024,,dhl,Delivered
19674,48901,10-01-2022,,dhl,Delivered
19675,47807,29-04-2021,,ups,Shipped
19676,77898,25-01-2023,,fedex,Delivered
19677,58113,04-02-2021,,dhl,Delivered
19678,21475,16-09-2020,08-10-2020,dhl,Returned
19679,88520,16-07-2021,,fedex,Delivered
19680,67730,11-05-2022,,bluedart,Delivered
19681,54637,02-04-2024,,fedex,Delivered
19682,80093,31-03-2024,,ups,In Transit
19683,82084,10-04-2022,,bluedart,Delivered
19684,82704,29-07-2023,,usps,In Transit
19685,81675,03-11-2021,,fedex,Shipped
19686,86567,25-11-2021,,fedex,In Transit
19687,73047,21-08-2020,,ups,Delivered
19688,11008,25-08-2023,,fedex,Cancelled
19689,96238,07-12-2023,,delhivery,Delivered
19690,98997,27-07-2021,08-08-2021,fedex,Returned
19691,70104,30-10-2020,08-11-2020,fedex,Returned
19692,49375,11-02-2022,,dhl,Delivered
19693,85305,19-03-2020,,fedex,In Transit
19694,94931,24-05-2020,,fedex,Delivered
19695,84648,13-09-2022,,dhl,Delivered
19696,74067,31-12-2024,,dhl,Shipped
19697,43898,14-10-2024,24-10-2024,fedex,Returned
19698,21437,18-08-2022,,ups,Delivered
19699,87648,29-05-2024,,fedex,Shipped
19700,14884,03-02-2021,,fedex,Delivered
19701,44807,14-01-2022,,fedex,Delivered
19702,54197,06-04-2021,,dhl,Delivered
19703,95217,18-08-2020,,dhl,Cancelled
19704,79904,19-06-2021,,fedex,Delivered
19705,41781,16-04-2023,,bluedart,Delivered
19706,37936,10-03-2021,,bluedart,Delivered
19707,55448,25-12-2021,,bluedart,Delivered
19708,57757,13-07-2021,,ups,In Transit
19709,5015,17-08-2021,,dhl,Delivered
19710,55340,15-09-2022,,dhl,Delivered
19711,9294,20-07-2022,,fedex,Delivered
19712,12739,14-01-2024,,dhl,Shipped
19713,45103,07-02-2021,,bluedart,Delivered
19714,13736,24-04-2021,,delhivery,Delivered
19715,94244,22-04-2022,,fedex,Delivered
19716,80057,04-01-2024,,bluedart,Delivered
19717,79905,02-08-2022,,fedex,In Transit
19718,76092,21-06-2024,,fedex,Delivered
19719,54155,26-12-2021,,fedex,Delivered
19720,90148,31-03-2022,,fedex,Delivered
19721,91718,05-05-2020,,bluedart,Delivered
19722,95516,14-08-2020,,dhl,Shipped
19723,45123,05-06-2021,,fedex,Delivered
19724,37675,15-11-2023,,delhivery,Delivered
19725,62221,17-07-2023,,delhivery,Delivered
19726,3956,01-03-2023,,fedex,Delivered
19727,32787,05-07-2021,,fedex,Delivered
19728,64994,08-11-2022,,usps,Delivered
19729,32153,07-03-2024,,fedex,Shipped
19730,33034,29-07-2020,,fedex,Delivered
19731,64831,04-10-2021,,dhl,Delivered
19732,1385,25-10-2021,,bluedart,Delivered
19733,23061,11-11-2024,,fedex,Delivered
19734,16397,02-11-2023,11-11-2023,dhl,Returned
19735,54533,29-08-2023,,fedex,Delivered
19736,63017,12-05-2024,,dhl,Delivered
19737,15714,28-11-2021,,fedex,Delivered
19738,59584,18-01-2020,12-02-2020,fedex,Returned
19739,93273,13-04-2023,,bluedart,Cancelled
19740,36608,02-07-2021,,fedex,Cancelled
19741,63245,09-12-2024,20-12-2024,dhl,Returned
19742,23377,24-06-2021,,dhl,Delivered
19743,9285,28-04-2021,,fedex,Delivered
19744,34906,15-03-2020,,ups,Delivered
19745,45509,14-08-2022,,fedex,Delivered
19746,89584,28-08-2024,,fedex,Cancelled
19747,58375,31-07-2023,,delhivery,Delivered
19748,56376,08-03-2020,,fedex,Delivered
19749,66479,05-07-2021,,bluedart,Shipped
19750,74429,04-02-2023,,fedex,Delivered
19751,71013,08-10-2024,,dhl,Delivered
19752,66807,07-06-2023,,dhl,Delivered
19753,90377,08-03-2020,,fedex,Delivered
19754,45536,16-03-2023,,fedex,Delivered
19755,69523,27-10-2023,,fedex,Delivered
19756,35953,12-04-2021,,fedex,Delivered
19757,92020,06-09-2021,,fedex,Delivered
19758,56213,07-06-2023,,delhivery,Delivered
19759,32122,28-02-2024,,fedex,Delivered
19760,74200,12-05-2024,,fedex,Delivered
19761,8816,03-03-2023,,bluedart,Delivered
19762,51315,30-06-2021,,delhivery,Delivered
19763,44437,14-03-2020,,fedex,Delivered
19764,76072,11-01-2022,,ups,Delivered
19765,32030,11-09-2021,,bluedart,Delivered
19766,36095,10-07-2021,,fedex,Delivered
19767,58693,18-09-2020,,bluedart,Delivered
19768,26614,06-07-2020,,delhivery,Delivered
19769,1667,12-11-2021,,dhl,Delivered
19770,79485,18-08-2022,,dhl,Delivered
19771,79556,11-05-2022,,usps,Delivered
19772,36462,01-08-2023,,ups,Delivered
19773,84461,03-05-2020,,fedex,Delivered
19774,44250,26-03-2020,02-04-2020,fedex,Returned
19775,2457,08-12-2023,,dhl,Delivered
19776,58616,04-07-2020,,fedex,Delivered
19777,84424,20-03-2021,,fedex,Delivered
19778,91293,30-05-2024,,fedex,Delivered
19779,40387,01-07-2024,,bluedart,Delivered
19780,80332,20-06-2023,,fedex,Delivered
19781,19017,08-02-2020,,fedex,Delivered
19782,23746,17-02-2022,,fedex,Delivered
19783,89682,24-09-2021,,dhl,Delivered
19784,18005,07-09-2021,,dhl,Delivered
19785,82365,13-05-2021,,ups,Delivered
19786,53572,05-12-2021,,ups,In Transit
19787,74092,24-02-2020,,dhl,Delivered
19788,6686,08-04-2021,,usps,Cancelled
19789,3186,15-10-2022,,fedex,Delivered
19790,84876,31-10-2023,,dhl,Delivered
19791,45624,16-09-2024,,fedex,Delivered
19792,43582,26-01-2021,,fedex,Delivered
19793,70721,27-09-2020,,dhl,Delivered
19794,4976,12-05-2023,,ups,Delivered
19795,50605,03-12-2023,,dhl,Delivered
19796,58013,01-09-2023,,usps,Delivered
19797,14792,18-06-2021,,dhl,Delivered
19798,99099,13-12-2023,,dhl,Delivered
19799,41207,12-03-2023,,ups,Delivered
19800,17176,01-09-2024,,dhl,Shipped
19801,7239,27-01-2023,,fedex,Delivered
19802,37158,04-03-2021,,dhl,Delivered
19803,54716,05-07-2022,,fedex,Delivered
19804,62270,11-03-2022,,bluedart,Delivered
19805,51543,07-09-2024,,fedex,Delivered
19806,61140,23-10-2024,,fedex,Delivered
19807,17418,03-02-2021,,delhivery,Delivered
19808,17633,26-01-2021,,bluedart,Delivered
19809,40904,30-06-2022,,dhl,Delivered
19810,35765,05-12-2023,,fedex,Delivered
19811,4182,14-05-2024,,ups,Delivered
19812,54121,21-12-2023,,fedex,Delivered
19813,48996,28-02-2021,,delhivery,Delivered
19814,8829,16-10-2021,,fedex,Delivered
19815,14651,23-08-2020,,fedex,Delivered
19816,47714,08-12-2022,,ups,Delivered
19817,51242,11-01-2022,,bluedart,Delivered
19818,97779,20-11-2023,,fedex,Delivered
19819,18837,07-07-2024,,fedex,Delivered
19820,29284,14-02-2024,,fedex,Delivered
19821,32354,21-01-2021,,dhl,Delivered
19822,90070,05-06-2021,,fedex,Delivered
19823,75483,29-07-2021,,fedex,Delivered
19824,69003,07-05-2020,,fedex,Delivered
19825,89551,01-02-2020,,dhl,Shipped
19826,74223,02-12-2023,,ups,Delivered
19827,9492,24-03-2023,,fedex,In Transit
19828,10875,06-07-2024,,usps,Delivered
19829,93416,17-03-2022,,fedex,Delivered
19830,16941,30-11-2023,,fedex,Delivered
19831,11600,17-10-2021,,fedex,Delivered
19832,38242,06-08-2022,,bluedart,Delivered
19833,86120,19-11-2021,,bluedart,Delivered
19834,32161,17-03-2021,,bluedart,Delivered
19835,52976,10-05-2020,,fedex,Delivered
19836,94724,29-09-2022,,fedex,Delivered
19837,41678,01-01-2023,,dhl,Shipped
19838,63185,05-04-2022,,bluedart,Delivered
19839,18671,28-02-2022,,ups,Delivered
19840,15120,27-01-2023,,fedex,Shipped
19841,85606,10-06-2023,,fedex,Delivered
19842,83507,01-01-2022,,dhl,Delivered
19843,39072,07-04-2024,,fedex,Cancelled
19844,63106,19-11-2021,,fedex,Delivered
19845,9799,08-12-2020,,dhl,Delivered
19846,30129,15-04-2022,,ups,Delivered
19847,52247,30-04-2022,,ups,Cancelled
19848,83542,21-06-2024,,usps,Delivered
19849,7457,09-05-2024,,dhl,Delivered
19850,85985,17-12-2022,,fedex,Delivered
19851,45192,08-09-2020,,bluedart,Delivered
19852,91481,10-11-2022,,fedex,Shipped
19853,41162,07-02-2024,,ups,Delivered
19854,26070,04-03-2024,,fedex,Delivered
19855,86360,19-09-2024,,bluedart,Shipped
19856,54075,27-01-2023,,fedex,Shipped
19857,25007,22-12-2022,,bluedart,Delivered
19858,92433,22-05-2024,,dhl,Delivered
19859,91193,05-06-2021,,bluedart,Delivered
19860,57929,08-11-2020,,fedex,Delivered
19861,35547,30-09-2021,,dhl,Delivered
19862,62680,03-11-2020,17-11-2020,bluedart,Returned
19863,85938,16-12-2023,,ups,Shipped
19864,47525,28-04-2021,11-05-2021,fedex,Returned
19865,65196,16-03-2023,,dhl,Delivered
19866,37312,05-01-2021,,fedex,Delivered
19867,37941,13-07-2020,,fedex,Delivered
19868,60563,23-09-2024,,fedex,Delivered
19869,98034,23-04-2021,,dhl,Delivered
19870,46576,02-01-2023,,ups,Delivered
19871,66006,11-03-2022,,fedex,Shipped
19872,88734,30-03-2020,,fedex,Shipped
19873,6488,16-05-2024,,fedex,Delivered
19874,85476,02-11-2022,,fedex,Delivered
19875,62171,08-03-2021,,ups,Delivered
19876,47910,11-08-2022,,ups,Shipped
19877,88062,02-01-2025,,fedex,Delivered
19878,85217,31-05-2022,19-06-2022,bluedart,Returned
19879,23832,22-05-2022,,fedex,Delivered
19880,23553,30-10-2024,,dhl,Delivered
19881,21483,13-09-2023,24-09-2023,dhl,Returned
19882,70039,19-08-2020,,fedex,Delivered
19883,54787,15-04-2022,,usps,Delivered
19884,63590,12-06-2020,,delhivery,Delivered
19885,86487,27-12-2024,,fedex,Delivered
19886,35581,18-11-2024,,fedex,Delivered
19887,52960,27-09-2023,,fedex,Delivered
19888,77905,09-02-2021,,delhivery,Delivered
19889,35040,27-01-2020,,fedex,Delivered
19890,8572,05-01-2023,,fedex,Delivered
19891,27680,11-01-2022,,ups,Delivered
19892,25727,19-08-2024,,bluedart,Delivered
19893,79037,15-05-2024,23-05-2024,fedex,Returned
19894,26668,04-09-2023,,fedex,Delivered
19895,10832,04-02-2022,,dhl,Delivered
19896,93136,05-09-2024,,fedex,Delivered
19897,16327,28-12-2021,,usps,Delivered
19898,80920,30-05-2021,,ups,Delivered
19899,89182,16-03-2022,,bluedart,Delivered
19900,22774,20-08-2024,,fedex,Delivered
19901,68698,07-03-2020,,fedex,Delivered
19902,75631,01-02-2020,,dhl,Delivered
19903,94627,03-01-2024,,bluedart,Delivered
19904,19897,28-02-2020,,usps,Delivered
19905,56791,06-12-2024,,fedex,Cancelled
19906,51690,04-04-2022,,fedex,Delivered
19907,39488,28-05-2024,,ups,Delivered
19908,52736,06-06-2021,,dhl,Delivered
19909,98655,24-04-2022,,dhl,Shipped
19910,41538,29-06-2020,,fedex,Delivered
19911,68976,01-02-2020,,usps,Delivered
19912,64313,19-07-2021,29-07-2021,bluedart,Returned
19913,65811,30-10-2022,,fedex,Delivered
19914,24458,12-12-2023,,dhl,Delivered
19915,32767,24-10-2020,,usps,Delivered
19916,95023,08-08-2022,,ups,In Transit
19917,34516,11-09-2021,,fedex,Delivered
19918,11653,27-11-2022,,fedex,Delivered
19919,89935,02-01-2021,,fedex,Delivered
19920,55253,30-01-2024,,fedex,Delivered
19921,73095,27-07-2020,23-08-2020,dhl,Returned
19922,75273,26-03-2023,,fedex,Delivered
19923,12067,20-07-2021,,dhl,Delivered
19924,92722,10-01-2022,,fedex,Delivered
19925,71882,18-09-2024,,ups,Delivered
19926,87094,06-08-2020,,fedex,In Transit
19927,31423,02-06-2023,,bluedart,Delivered
19928,90477,04-07-2022,,dhl,Cancelled
19929,14626,16-09-2024,,dhl,In Transit
19930,8863,08-05-2022,,delhivery,Shipped
19931,84140,15-10-2024,,fedex,Delivered
19932,21991,14-03-2021,,dhl,Delivered
19933,26838,07-02-2023,,fedex,Delivered
19934,55912,15-01-2020,,fedex,Delivered
19935,76448,27-01-2023,,fedex,Delivered
19936,71447,24-11-2022,,fedex,Delivered
19937,23227,08-05-2020,,usps,Cancelled
19938,57076,30-03-2023,,fedex,Delivered
19939,77357,31-10-2023,,dhl,Delivered
19940,99443,13-08-2020,,fedex,Delivered
19941,85089,10-02-2022,,ups,Delivered
19942,90163,18-06-2022,,dhl,Delivered
19943,63596,15-07-2022,,fedex,Delivered
19944,49614,08-02-2024,,fedex,Delivered
19945,49638,06-03-2021,,fedex,Delivered
19946,52660,23-05-2021,,fedex,Delivered
19947,46036,21-04-2024,,fedex,Shipped
19948,83078,19-09-2022,,bluedart,Delivered
19949,69925,21-02-2020,,fedex,Delivered
19950,96641,09-12-2024,,dhl,Delivered
19951,50397,14-06-2021,,dhl,Delivered
19952,12804,08-05-2021,,bluedart,Shipped
19953,1485,27-05-2023,,bluedart,Delivered
19954,57663,19-09-2023,,delhivery,Shipped
19955,36367,26-01-2020,,fedex,In Transit
19956,41440,01-10-2024,,fedex,Delivered
19957,39217,16-01-2021,,dhl,In Transit
19958,78171,14-12-2021,,fedex,Delivered
19959,52808,29-07-2024,,fedex,Delivered
19960,50273,27-04-2023,,fedex,Shipped
19961,19238,21-11-2024,,dhl,Shipped
19962,83067,17-07-2020,,fedex,Shipped
19963,31926,30-06-2022,,fedex,Delivered
19964,22838,10-11-2023,,dhl,In Transit
19965,87446,19-01-2022,,fedex,In Transit
19966,71899,08-10-2020,,fedex,Delivered
19967,80493,22-02-2021,01-03-2021,ups,Returned
19968,68747,17-04-2021,,fedex,Delivered
19969,47604,13-11-2024,,fedex,Delivered
19970,50799,27-07-2022,,fedex,Delivered
19971,71288,01-08-2021,,ups,Delivered
19972,40498,20-11-2022,,fedex,Delivered
19973,60717,07-02-2020,21-02-2020,dhl,Returned
19974,21903,26-08-2021,,fedex,In Transit
19975,24914,17-02-2024,,fedex,Delivered
19976,36940,21-10-2020,17-11-2020,fedex,Returned
19977,55677,20-03-2021,,fedex,Delivered
19978,78710,25-01-2023,,fedex,Delivered
19979,39243,21-03-2020,,fedex,Shipped
19980,84757,06-10-2020,,dhl,Delivered
19981,39982,07-09-2020,,delhivery,Delivered
19982,14933,27-04-2024,,dhl,Delivered
19983,16933,30-06-2021,,ups,Delivered
19984,27254,12-03-2024,,fedex,Delivered
19985,72819,11-06-2023,20-06-2023,bluedart,Returned
19986,83199,27-07-2020,,bluedart,Shipped
19987,59857,21-02-2020,,delhivery,Delivered
19988,55026,14-12-2023,,fedex,Delivered
19989,91507,20-02-2021,,dhl,Delivered
19990,60636,03-03-2024,,dhl,Delivered
19991,26483,29-07-2024,,dhl,Delivered
19992,23482,10-06-2022,,dhl,Delivered
19993,14618,10-11-2022,,bluedart,Cancelled
19994,26541,27-11-2024,,dhl,Delivered
19995,10547,23-05-2022,,ups,Delivered
19996,84888,15-05-2024,,ups,Delivered
19997,61063,10-12-2022,,bluedart,Delivered
19998,62060,13-08-2022,04-09-2022,fedex,Returned
19999,9826,19-02-2022,,ups,Delivered
20000,73662,16-10-2023,,fedex,Delivered
20001,42285,03-10-2020,,bluedart,Delivered
20002,39090,13-07-2024,,bluedart,In Transit
20003,13465,08-07-2021,,fedex,Shipped
20004,10535,28-12-2023,,fedex,Delivered
20005,84688,07-07-2023,,bluedart,In Transit
20006,1428,05-03-2021,,fedex,Delivered
20007,75098,09-04-2020,,fedex,Delivered
20008,64552,11-10-2023,,fedex,Delivered
20009,77591,19-04-2020,,bluedart,Delivered
20010,29678,22-11-2021,,fedex,Shipped
20011,66289,16-07-2024,,delhivery,Delivered
20012,77229,06-10-2023,,fedex,Delivered
20013,53186,29-12-2021,,fedex,Delivered
20014,82737,17-07-2020,,ups,In Transit
20015,97412,31-07-2020,,fedex,Delivered
20016,45683,06-08-2023,,fedex,Shipped
20017,16791,08-05-2020,,ups,Delivered
20018,57256,21-12-2021,,bluedart,Delivered
20019,65618,25-10-2021,,fedex,Delivered
20020,23500,11-02-2023,,fedex,Delivered
20021,45321,19-04-2024,,bluedart,Shipped
20022,37837,01-02-2021,,dhl,Delivered
20023,8696,16-05-2024,,fedex,Delivered
20024,70712,11-08-2023,,fedex,Delivered
20025,50639,17-11-2021,,bluedart,Delivered
20026,89397,23-09-2021,,dhl,Delivered
20027,45078,22-07-2023,,fedex,Delivered
20028,49504,21-02-2021,,fedex,Delivered
20029,91963,15-09-2021,,dhl,Delivered
20030,75890,30-07-2021,,ups,Delivered
20031,63434,27-05-2023,,fedex,Delivered
20032,24488,06-06-2022,18-06-2022,ups,Returned
20033,14990,05-03-2024,,dhl,Delivered
20034,13865,19-01-2023,,dhl,Delivered
20035,35402,10-08-2023,,fedex,Delivered
20036,83813,02-05-2020,,usps,Delivered
20037,76297,08-11-2023,,fedex,Delivered
20038,7785,23-01-2021,,ups,Delivered
20039,10764,08-05-2023,,fedex,In Transit
20040,10435,17-11-2023,,fedex,Delivered
20041,35313,22-10-2020,,fedex,Delivered
20042,85227,06-07-2020,,fedex,Delivered
20043,89327,03-09-2022,,bluedart,Delivered
20044,78657,02-09-2022,,ups,Shipped
20045,80089,14-06-2023,,delhivery,Delivered
20046,18013,11-09-2024,,bluedart,Delivered
20047,38628,16-01-2020,,dhl,Delivered
20048,38626,09-12-2023,,fedex,Delivered
20049,59146,16-07-2020,,fedex,Delivered
20050,10139,09-10-2022,02-11-2022,fedex,Returned
20051,83614,06-12-2024,,fedex,Delivered
20052,33028,14-03-2022,,fedex,Delivered
20053,99921,27-11-2022,,fedex,Delivered
20054,11173,21-01-2021,,usps,Shipped
20055,84206,06-07-2024,,ups,Delivered
20056,11401,28-04-2024,,dhl,Delivered
20057,65905,12-04-2020,,bluedart,Delivered
20058,56091,16-06-2022,30-06-2022,fedex,Returned
20059,73759,07-01-2024,,usps,Delivered
20060,58668,01-01-2021,,dhl,Delivered
20061,73593,29-10-2021,,dhl,Delivered
20062,61746,05-03-2024,,fedex,Delivered
20063,63652,23-11-2024,,bluedart,Delivered
20064,55551,11-12-2020,,dhl,Delivered
20065,31577,07-07-2021,,dhl,Delivered
20066,79490,25-05-2024,,ups,Delivered
20067,48672,23-01-2023,,dhl,Delivered
20068,60494,30-07-2024,,delhivery,Delivered
20069,15025,22-06-2021,,dhl,Shipped
20070,3088,21-09-2021,,fedex,Delivered
20071,72510,01-04-2020,,fedex,Delivered
20072,41844,17-01-2022,,ups,Delivered
20073,78913,30-06-2022,,fedex,Delivered
20074,12980,29-02-2020,,bluedart,Delivered
20075,28716,03-11-2020,,fedex,Cancelled
20076,70036,26-03-2024,,dhl,Delivered
20077,68608,31-12-2024,,fedex,Delivered
20078,3453,19-10-2020,,fedex,Delivered
20079,44906,20-07-2020,,delhivery,Delivered
20080,52023,23-02-2024,,usps,Delivered
20081,94695,31-01-2024,,dhl,Delivered
20082,31261,16-01-2024,,bluedart,Delivered
20083,95827,07-06-2020,,usps,Delivered
20084,85683,08-03-2024,,fedex,Delivered
20085,78960,04-12-2024,,fedex,Shipped
20086,30536,05-12-2021,,fedex,Shipped
20087,6038,02-02-2024,11-02-2024,fedex,Returned
20088,57878,10-10-2023,,ups,Delivered
20089,59781,02-02-2022,,dhl,Delivered
20090,96999,15-03-2021,,bluedart,Delivered
20091,91308,02-08-2022,,fedex,Delivered
20092,88147,16-01-2021,,fedex,Shipped
20093,73420,08-12-2024,,fedex,Delivered
20094,81593,25-05-2022,,fedex,Delivered
20095,48578,15-10-2023,,dhl,Shipped
20096,63861,07-08-2023,,ups,Delivered
20097,39028,24-07-2023,,bluedart,Shipped
20098,84263,25-08-2022,,fedex,Delivered
20099,98037,17-05-2024,,fedex,Delivered
20100,6582,20-03-2023,,ups,Cancelled
20101,43065,21-02-2020,,fedex,Shipped
20102,43562,23-04-2022,,fedex,Shipped
20103,42993,14-11-2021,,fedex,Delivered
20104,6951,18-10-2023,,usps,Cancelled
20105,80504,21-04-2020,,usps,Delivered
20106,93001,23-02-2023,,ups,Shipped
20107,96617,28-05-2024,25-06-2024,fedex,Returned
20108,75861,02-03-2024,,ups,Delivered
20109,13402,27-08-2020,,fedex,Delivered
20110,6248,17-08-2024,,fedex,Shipped
20111,16848,23-02-2024,,dhl,In Transit
20112,42811,11-01-2022,,fedex,Delivered
20113,9437,19-07-2024,,dhl,Delivered
20114,23458,09-01-2020,,dhl,Delivered
20115,70463,07-08-2020,,fedex,Delivered
20116,97813,14-09-2023,,dhl,Delivered
20117,90996,11-03-2020,,fedex,Delivered
20118,8420,01-07-2020,,dhl,Delivered
20119,90089,16-02-2020,,bluedart,Delivered
20120,69529,18-01-2022,,fedex,Delivered
20121,16809,24-12-2024,,fedex,Delivered
20122,39255,05-07-2023,,delhivery,Delivered
20123,11863,18-02-2021,,fedex,Delivered
20124,61120,08-08-2022,,dhl,Delivered
20125,41566,12-11-2022,,usps,In Transit
20126,98083,09-01-2024,,fedex,Shipped
20127,48066,11-01-2021,,fedex,Delivered
20128,1716,15-02-2020,,ups,Shipped
20129,53329,28-04-2024,,ups,Delivered
20130,78444,16-10-2024,,fedex,Delivered
20131,46171,12-04-2020,,fedex,Delivered
20132,29130,01-07-2022,,fedex,Delivered
20133,50327,18-07-2020,,bluedart,Delivered
20134,28477,26-07-2021,,fedex,Shipped
20135,17578,11-06-2021,,dhl,Delivered
20136,41523,18-07-2020,,dhl,In Transit
20137,95903,30-12-2021,,fedex,Delivered
20138,8775,03-04-2023,,fedex,Delivered
20139,76574,11-09-2024,,fedex,Delivered
20140,61399,18-09-2024,,fedex,Delivered
20141,88167,04-06-2022,,usps,Delivered
20142,18664,11-01-2022,10-02-2022,fedex,Returned
20143,83860,08-03-2021,,fedex,In Transit
20144,47071,25-03-2021,,bluedart,Shipped
20145,86385,08-10-2022,,bluedart,Delivered
20146,41146,30-05-2024,,bluedart,Delivered
20147,21992,07-08-2023,,dhl,Delivered
20148,18751,12-01-2023,,fedex,Cancelled
20149,19924,21-01-2020,,fedex,Shipped
20150,15326,18-10-2023,,usps,Delivered
20151,9372,17-06-2021,,ups,Cancelled
20152,5301,20-06-2023,,fedex,Delivered
20153,40459,26-01-2024,,bluedart,Shipped
20154,12726,08-10-2024,,delhivery,Delivered
20155,69057,03-05-2024,,ups,Delivered
20156,87922,25-01-2023,,bluedart,Delivered
20157,68102,08-07-2021,,fedex,Delivered
20158,58746,03-06-2024,,fedex,Delivered
20159,11591,25-03-2022,,fedex,Delivered
20160,79107,12-11-2023,,bluedart,Delivered
20161,36131,07-07-2024,,fedex,Delivered
20162,3102,11-10-2024,,ups,Delivered
20163,83271,11-10-2024,,fedex,Delivered
20164,13448,04-03-2022,,fedex,Delivered
20165,26506,06-12-2020,,dhl,Delivered
20166,98438,01-05-2022,,fedex,Delivered
20167,54669,03-05-2023,,delhivery,Cancelled
20168,25316,24-09-2022,,ups,Delivered
20169,65925,28-03-2021,,fedex,Delivered
20170,41515,14-05-2020,,fedex,Delivered
20171,23039,22-06-2023,,fedex,Delivered
20172,99807,07-01-2024,,fedex,Delivered
20173,94450,29-04-2021,,fedex,Delivered
20174,94680,19-05-2021,,fedex,Delivered
20175,57906,18-09-2023,,fedex,Delivered
20176,93631,08-12-2020,25-12-2020,usps,Returned
20177,4624,15-02-2020,,fedex,Cancelled
20178,79708,22-01-2021,,dhl,Delivered
20179,46080,09-05-2021,,delhivery,Delivered
20180,84457,20-03-2021,,bluedart,Cancelled
20181,59441,22-11-2022,,bluedart,Delivered
20182,87791,08-12-2021,,fedex,Delivered
20183,82617,19-10-2022,,bluedart,Delivered
20184,67903,16-02-2022,,fedex,Delivered
20185,4626,26-04-2022,,ups,Delivered
20186,22004,12-04-2024,,dhl,Delivered
20187,21511,19-02-2023,,dhl,Shipped
20188,37726,02-05-2022,,fedex,Delivered
20189,99472,30-08-2020,,delhivery,Cancelled
20190,43267,22-09-2022,,dhl,Delivered
20191,30800,13-12-2022,,fedex,Delivered
20192,54364,07-01-2024,,fedex,Delivered
20193,69504,15-08-2022,,bluedart,Delivered
20194,6682,10-05-2022,,ups,Shipped
20195,28111,16-12-2021,,ups,Delivered
20196,19809,11-05-2022,,bluedart,Shipped
20197,34437,01-06-2020,,ups,Delivered
20198,21091,05-03-2020,,fedex,Cancelled
20199,5375,10-03-2022,,ups,Delivered
20200,45561,16-08-2023,,fedex,Delivered
20201,21514,26-07-2024,,fedex,Delivered
20202,71730,06-05-2020,,bluedart,Delivered
20203,4296,03-08-2022,,dhl,Delivered
20204,60234,18-06-2023,,fedex,Delivered
20205,9030,21-12-2022,,bluedart,Delivered
20206,50155,15-01-2024,,ups,Delivered
20207,89338,10-11-2023,,fedex,Delivered
20208,81302,29-10-2024,,fedex,Delivered
20209,25471,24-04-2021,,dhl,Delivered
20210,55041,24-10-2021,,fedex,Delivered
20211,51322,05-02-2023,,fedex,Delivered
20212,80666,07-04-2022,,dhl,Delivered
20213,83388,05-10-2022,,bluedart,Delivered
20214,13151,18-08-2024,,fedex,Delivered
20215,28471,29-07-2023,,dhl,Delivered
20216,46456,12-05-2020,,fedex,Delivered
20217,95388,24-02-2020,,fedex,Cancelled
20218,37234,28-06-2023,,fedex,Shipped
20219,23739,12-12-2022,,fedex,Delivered
20220,87980,15-06-2024,,fedex,Delivered
20221,58148,20-01-2023,,delhivery,Delivered
20222,44534,02-08-2023,13-08-2023,ups,Returned
20223,37053,01-05-2024,,dhl,Delivered
20224,70459,20-04-2020,,dhl,Delivered
20225,51941,05-07-2022,,bluedart,Delivered
20226,59143,12-05-2021,,bluedart,Delivered
20227,68211,08-10-2024,,usps,Cancelled
20228,83734,27-09-2022,,fedex,Delivered
20229,69417,11-11-2020,,fedex,Shipped
20230,78070,01-01-2021,09-01-2021,dhl,Returned
20231,55729,24-04-2020,,ups,In Transit
20232,57178,24-08-2021,,bluedart,Delivered
20233,57958,11-05-2022,,fedex,Delivered
20234,46903,17-07-2023,,ups,Delivered
20235,82419,22-05-2020,,fedex,Delivered
20236,29404,18-09-2024,,usps,Delivered
20237,7398,17-05-2020,,fedex,Delivered
20238,93575,16-12-2021,,dhl,Shipped
20239,99679,05-04-2020,,dhl,Delivered
20240,29970,04-03-2024,,dhl,Delivered
20241,50599,05-10-2020,,dhl,Shipped
20242,83221,15-11-2021,,fedex,Delivered
20243,51072,13-05-2022,,dhl,Delivered
20244,42305,02-04-2024,,bluedart,In Transit
20245,18496,15-09-2020,08-10-2020,fedex,Returned
20246,9655,13-03-2020,,fedex,Delivered
20247,11098,28-08-2020,,bluedart,Cancelled
20248,3524,01-12-2021,,dhl,Delivered
20249,57700,27-09-2022,,fedex,Delivered
20250,69597,24-02-2021,,fedex,Delivered
20251,82402,26-12-2023,,fedex,Cancelled
20252,75059,26-04-2023,,fedex,Delivered
20253,10538,09-04-2022,,delhivery,Delivered
20254,36598,11-03-2024,,fedex,Delivered
20255,64471,09-08-2023,,fedex,Delivered
20256,26108,29-09-2020,,fedex,Delivered
20257,91784,23-06-2023,,dhl,Delivered
20258,70964,11-01-2023,,bluedart,Delivered
20259,35244,07-12-2021,,fedex,Delivered
20260,11473,14-02-2021,,fedex,Delivered
20261,72342,10-06-2022,,fedex,Shipped
20262,55336,01-07-2022,,fedex,Delivered
20263,99512,21-10-2024,,fedex,Shipped
20264,90827,11-07-2020,,fedex,Delivered
20265,73093,03-10-2021,,fedex,Delivered
20266,24754,05-06-2022,,fedex,Shipped
20267,68868,15-08-2022,,fedex,Shipped
20268,73488,20-05-2021,,ups,Delivered
20269,92719,01-07-2020,,dhl,Delivered
20270,87318,05-11-2024,,dhl,Delivered
20271,89010,07-07-2020,,dhl,Delivered
20272,94007,10-03-2021,,fedex,Delivered
20273,67380,16-01-2021,,dhl,Delivered
20274,22681,18-09-2021,,ups,Delivered
20275,53781,18-06-2022,,ups,Delivered
20276,79649,09-07-2020,,usps,Shipped
20277,71728,31-12-2021,,dhl,Delivered
20278,66036,11-01-2020,,bluedart,Delivered
20279,53698,07-06-2022,,fedex,Delivered
20280,39099,26-06-2023,,fedex,Shipped
20281,93651,10-01-2022,,ups,Delivered
20282,11959,27-10-2023,,dhl,Delivered
20283,2223,11-06-2021,,fedex,Delivered
20284,25222,25-02-2024,,fedex,Delivered
20285,13619,21-12-2021,,fedex,In Transit
20286,84902,12-05-2024,,fedex,Shipped
20287,39324,05-06-2024,,dhl,Delivered
20288,3301,01-08-2021,,dhl,Delivered
20289,13892,17-11-2020,,dhl,Shipped
20290,82723,03-05-2021,,fedex,Delivered
20291,53354,02-11-2024,,dhl,Delivered
20292,17748,24-02-2020,,fedex,Delivered
20293,29039,11-10-2023,,bluedart,Delivered
20294,33412,29-03-2022,,fedex,Delivered
20295,63210,22-04-2023,,fedex,Shipped
20296,30174,24-05-2021,,fedex,Delivered
20297,39995,03-08-2020,,bluedart,Shipped
20298,65619,06-01-2023,,fedex,Delivered
20299,63666,29-11-2022,,delhivery,Cancelled
20300,22169,10-06-2022,,fedex,Delivered
20301,19437,20-03-2020,,bluedart,Delivered
20302,79798,12-11-2022,,bluedart,Shipped
20303,89997,02-07-2021,,fedex,Delivered
20304,80394,05-12-2023,,fedex,Delivered
20305,77892,31-01-2020,21-02-2020,fedex,Returned
20306,71812,13-09-2024,,fedex,Delivered
20307,54371,25-02-2022,,fedex,Delivered
20308,13388,07-08-2023,,fedex,Delivered
20309,57725,04-11-2021,,dhl,Delivered
20310,96091,26-03-2024,,fedex,Delivered
20311,35859,12-10-2023,,fedex,Delivered
20312,80777,27-03-2021,,fedex,Delivered
20313,45774,12-12-2020,,ups,Delivered
20314,33869,09-02-2022,,dhl,Delivered
20315,48780,28-10-2022,,fedex,Delivered
20316,91631,18-09-2021,,fedex,Delivered
20317,16988,20-05-2020,,dhl,Delivered
20318,55213,16-12-2024,,dhl,Delivered
20319,6377,19-09-2022,,fedex,Delivered
20320,75576,20-08-2023,,fedex,Delivered
20321,49872,12-05-2020,,dhl,Delivered
20322,32479,27-07-2022,,dhl,Delivered
20323,86097,12-09-2021,,usps,Cancelled
20324,33055,06-05-2023,,fedex,Delivered
20325,55577,18-06-2022,,fedex,Delivered
20326,73035,05-09-2020,,fedex,Delivered
20327,18991,25-09-2023,,fedex,Delivered
20328,56980,23-12-2021,,dhl,Delivered
20329,94744,01-04-2024,,fedex,Delivered
20330,26828,16-08-2023,,fedex,Delivered
20331,97140,20-08-2024,,fedex,Delivered
20332,60004,24-04-2023,,fedex,Delivered
20333,99803,26-05-2023,,fedex,Delivered
20334,17434,28-11-2020,,dhl,Delivered
20335,72659,09-03-2022,,fedex,Delivered
20336,22026,28-12-2023,,dhl,Delivered
20337,58885,26-06-2023,,delhivery,Cancelled
20338,56936,03-10-2021,,usps,Cancelled
20339,89196,03-06-2021,,fedex,Delivered
20340,23465,04-05-2020,,dhl,Delivered
20341,15804,06-04-2021,,fedex,Delivered
20342,54390,06-07-2022,,fedex,Delivered
20343,96387,11-01-2021,,fedex,Delivered
20344,76375,18-04-2021,,fedex,Shipped
20345,15397,25-01-2024,,ups,Delivered
20346,50716,21-12-2022,,fedex,Delivered
20347,87665,28-12-2020,,fedex,Delivered
20348,87935,05-08-2022,,fedex,Delivered
20349,2531,17-03-2021,,fedex,Delivered
20350,10702,29-02-2024,,bluedart,Shipped
20351,11972,31-12-2022,30-01-2023,fedex,Returned
20352,21263,25-05-2023,,fedex,Delivered
20353,61450,26-11-2023,,usps,Delivered
20354,51462,29-03-2022,,dhl,Delivered
20355,23149,06-03-2021,,fedex,Delivered
20356,82403,17-10-2020,,dhl,Delivered
20357,77831,24-12-2024,31-12-2024,fedex,Returned
20358,61284,04-06-2021,,fedex,Delivered
20359,80040,28-05-2020,,ups,Delivered
20360,74424,26-03-2024,,dhl,Delivered
20361,34877,23-06-2021,,fedex,Delivered
20362,29893,05-06-2020,,ups,Delivered
20363,14889,23-07-2023,,bluedart,In Transit
20364,67182,19-01-2022,,fedex,Delivered
20365,81915,17-09-2020,,bluedart,Delivered
20366,60891,28-02-2024,,fedex,Shipped
20367,86724,12-09-2024,,bluedart,Delivered
20368,12570,01-08-2022,,fedex,Delivered
20369,5768,10-01-2022,,bluedart,Delivered
20370,9033,30-05-2021,,bluedart,Delivered
20371,70374,14-03-2023,,dhl,Delivered
20372,1120,22-08-2020,,fedex,Cancelled
20373,14744,07-12-2020,,bluedart,Delivered
20374,59346,10-05-2024,,fedex,Delivered
20375,9593,04-09-2023,,bluedart,Delivered
20376,49249,28-08-2024,,dhl,Delivered
20377,73172,29-10-2023,,bluedart,Shipped
20378,91977,04-09-2021,,ups,Delivered
20379,42411,10-11-2020,,fedex,Delivered
20380,43363,17-09-2021,,bluedart,Delivered
20381,3565,04-09-2020,,dhl,Delivered
20382,76577,05-12-2020,19-12-2020,fedex,Returned
20383,45713,10-10-2023,,dhl,Delivered
20384,56533,02-10-2023,,delhivery,Delivered
20385,4222,24-06-2021,,dhl,Delivered
20386,33844,28-06-2020,,fedex,Delivered
20387,1320,13-10-2020,,usps,Cancelled
20388,18662,09-08-2021,16-08-2021,bluedart,Returned
20389,67092,15-02-2023,,dhl,Cancelled
20390,29344,06-06-2020,,bluedart,Delivered
20391,3101,25-02-2021,,fedex,Delivered
20392,33875,09-06-2020,,fedex,Delivered
20393,29597,11-04-2022,,dhl,Shipped
20394,47281,03-12-2024,,fedex,Delivered
20395,33307,06-11-2024,,fedex,In Transit
20396,22825,13-05-2024,,dhl,Delivered
20397,24061,08-10-2020,,fedex,Delivered
20398,36262,29-03-2023,,usps,Delivered
20399,26467,14-12-2023,,delhivery,Delivered
20400,27119,11-11-2021,,fedex,Delivered
20401,25467,09-04-2021,,fedex,Delivered
20402,55097,14-09-2024,,fedex,Delivered
20403,64790,05-10-2023,,fedex,Delivered
20404,40790,11-01-2021,,dhl,Shipped
20405,97331,06-07-2022,,bluedart,Delivered
20406,96355,30-07-2023,,dhl,Delivered
20407,95067,13-12-2024,,bluedart,Delivered
20408,78653,31-08-2023,,fedex,Delivered
20409,47826,15-12-2023,,fedex,Delivered
20410,36016,10-02-2021,,dhl,Delivered
20411,29528,01-01-2024,,fedex,Delivered
20412,22651,06-03-2020,,fedex,Delivered
20413,37073,14-04-2024,,delhivery,Cancelled
20414,35910,27-06-2024,,bluedart,Delivered
20415,46135,04-07-2022,,fedex,Delivered
20416,56270,08-09-2020,,delhivery,Delivered
20417,34387,19-12-2023,,bluedart,Delivered
20418,83349,29-04-2023,,dhl,Delivered
20419,57654,04-11-2023,,fedex,Delivered
20420,34150,04-10-2020,,fedex,Shipped
20421,61375,08-10-2021,,fedex,Delivered
20422,28047,27-11-2021,,fedex,Cancelled
20423,58594,01-06-2022,,dhl,Delivered
20424,77999,07-11-2021,,bluedart,Delivered
20425,29738,26-03-2021,,dhl,Delivered
20426,63906,29-01-2024,,bluedart,Delivered
20427,65464,20-02-2024,,dhl,Delivered
20428,20794,21-01-2021,,fedex,Delivered
20429,95642,17-03-2021,,fedex,Delivered
20430,9766,10-04-2022,,dhl,Delivered
20431,53429,29-03-2021,,delhivery,Shipped
20432,78989,05-05-2020,,fedex,Delivered
20433,89320,16-08-2023,,bluedart,Delivered
20434,78277,22-01-2021,30-01-2021,delhivery,Returned
20435,52798,27-08-2023,,ups,Delivered
20436,36481,18-11-2020,,dhl,In Transit
20437,45585,23-06-2024,12-07-2024,dhl,Returned
20438,19941,03-12-2024,,fedex,Delivered
20439,27104,25-09-2022,,fedex,Delivered
20440,17213,09-05-2020,,dhl,Shipped
20441,63056,25-05-2023,,usps,Delivered
20442,32617,19-11-2020,,fedex,Delivered
20443,9628,26-05-2024,,fedex,Delivered
20444,47450,14-11-2021,,fedex,Delivered
20445,82715,10-05-2022,,delhivery,Delivered
20446,73877,19-06-2024,,fedex,Delivered
20447,21005,26-02-2023,,fedex,Delivered
20448,18360,10-04-2020,,fedex,Delivered
20449,80876,23-01-2024,,fedex,Delivered
20450,8985,25-04-2020,,fedex,Delivered
20451,13093,19-07-2022,,fedex,Delivered
20452,18287,16-04-2021,,fedex,Delivered
20453,92302,05-05-2024,,ups,Delivered
20454,65443,03-09-2022,,bluedart,Delivered
20455,40675,02-07-2021,,fedex,Delivered
20456,29462,25-01-2022,,dhl,Cancelled
20457,15445,28-12-2020,,bluedart,Delivered
20458,40673,19-01-2023,,delhivery,Delivered
20459,17011,26-01-2023,,fedex,Delivered
20460,60397,11-10-2022,,fedex,Delivered
20461,12069,14-08-2022,,fedex,Delivered
20462,53963,31-10-2021,,fedex,Delivered
20463,74042,07-05-2020,,fedex,Cancelled
20464,26475,23-06-2023,,ups,In Transit
20465,34734,15-11-2024,11-12-2024,fedex,Returned
20466,41946,17-09-2022,,usps,Delivered
20467,77161,23-01-2020,,fedex,In Transit
20468,98434,22-09-2024,,fedex,Delivered
20469,47254,12-07-2023,,ups,Delivered
20470,46890,08-03-2023,,fedex,Delivered
20471,69329,24-11-2024,,fedex,Delivered
20472,30323,05-01-2024,,usps,Delivered
20473,46182,01-07-2023,,delhivery,Delivered
20474,70985,27-05-2024,,dhl,Delivered
20475,36006,05-12-2023,24-12-2023,fedex,Returned
20476,63096,28-08-2024,,bluedart,Delivered
20477,39057,13-01-2020,,dhl,Delivered
20478,97024,21-12-2024,,fedex,In Transit
20479,45840,27-12-2021,,bluedart,Delivered
20480,46104,15-07-2023,,fedex,Delivered
20481,98522,26-02-2021,,dhl,Delivered
20482,14757,07-12-2022,02-01-2023,fedex,Returned
20483,8403,30-04-2022,,dhl,Shipped
20484,87743,13-04-2020,,fedex,Delivered
20485,74658,25-06-2021,,ups,Cancelled
20486,24308,15-01-2022,,dhl,Delivered
20487,16987,31-08-2020,16-09-2020,fedex,Returned
20488,95776,28-10-2021,,fedex,Delivered
20489,42096,04-01-2023,,delhivery,Delivered
20490,46454,19-11-2022,,fedex,Shipped
20491,79026,29-01-2024,,fedex,Delivered
20492,78884,21-02-2022,,ups,Delivered
20493,57596,22-02-2020,,fedex,Delivered
20494,61733,25-01-2021,,delhivery,Delivered
20495,56790,28-07-2021,,delhivery,Delivered
20496,61632,20-07-2021,,fedex,Delivered
20497,29423,19-09-2021,,fedex,Delivered
20498,93119,01-12-2021,,dhl,Delivered
20499,41317,29-12-2021,,ups,Delivered
20500,58372,04-02-2020,,dhl,Delivered
20501,45319,30-12-2023,,fedex,Delivered
20502,48260,28-11-2024,,bluedart,Delivered
20503,77446,26-05-2020,,fedex,Delivered
20504,67748,15-05-2023,,delhivery,Delivered
20505,76095,25-07-2021,02-08-2021,fedex,Returned
20506,4277,03-10-2021,,fedex,Delivered
20507,81372,30-08-2023,,bluedart,Delivered
20508,50334,25-01-2023,,fedex,Shipped
20509,45203,25-02-2022,,bluedart,Delivered
20510,83570,02-10-2020,12-10-2020,fedex,Returned
20511,7928,13-11-2020,,ups,Delivered
20512,37146,18-08-2022,,dhl,Delivered
20513,74163,03-11-2020,,bluedart,Delivered
20514,61734,19-02-2024,,fedex,Shipped
20515,33793,28-12-2020,,bluedart,Delivered
20516,47256,08-07-2022,,bluedart,Delivered
20517,53913,21-03-2020,,fedex,Delivered
20518,62395,08-08-2024,,delhivery,Delivered
20519,17250,29-08-2020,,fedex,Cancelled
20520,60461,28-07-2020,,fedex,Delivered
20521,87386,09-03-2022,,fedex,Delivered
20522,10562,08-05-2024,,delhivery,Delivered
20523,32064,28-12-2024,,fedex,Delivered
20524,50271,19-07-2022,,fedex,Shipped
20525,47145,23-12-2022,,usps,Delivered
20526,76964,28-12-2022,,dhl,Delivered
20527,73325,04-07-2022,,dhl,Delivered
20528,29189,24-06-2024,,dhl,Delivered
20529,29150,11-01-2020,,fedex,In Transit
20530,79897,13-07-2021,,fedex,Delivered
20531,25811,08-02-2022,,fedex,Delivered
20532,40590,13-11-2021,,usps,Delivered
20533,85219,05-07-2020,,ups,Delivered
20534,37100,02-04-2023,,dhl,Shipped
20535,35370,07-12-2022,,fedex,Delivered
20536,58793,02-07-2020,,bluedart,In Transit
20537,48590,09-11-2023,,fedex,Delivered
20538,86715,09-03-2022,,fedex,Delivered
20539,28475,13-06-2021,,ups,Delivered
20540,19611,26-01-2021,,ups,Delivered
20541,8722,08-12-2022,,fedex,Delivered
20542,81322,01-08-2022,,fedex,Delivered
20543,46690,28-06-2024,,fedex,Delivered
20544,88030,03-11-2023,,ups,Delivered
20545,65817,30-06-2022,,fedex,Shipped
20546,3305,15-09-2022,,bluedart,Shipped
20547,13258,13-08-2021,,bluedart,Delivered
20548,48947,07-12-2022,,ups,Delivered
20549,38740,27-08-2024,,fedex,Delivered
20550,80694,11-02-2021,,fedex,Delivered
20551,39967,24-11-2022,,ups,Delivered
20552,93921,29-08-2020,,fedex,Cancelled
20553,51922,27-09-2023,,fedex,Delivered
20554,86958,18-11-2021,,dhl,Delivered
20555,82309,06-12-2024,,fedex,Delivered
20556,25111,11-11-2021,,fedex,Shipped
20557,3181,15-05-2020,,fedex,In Transit
20558,45743,16-06-2020,,bluedart,Delivered
20559,65877,11-05-2021,,bluedart,Delivered
20560,82919,31-07-2020,,usps,Delivered
20561,87501,09-03-2022,,bluedart,Cancelled
20562,94528,07-04-2023,,bluedart,Shipped
20563,51921,16-05-2020,,dhl,Delivered
20564,40119,30-01-2020,,fedex,Delivered
20565,40496,09-11-2024,,usps,Delivered
20566,23212,27-11-2021,,fedex,Delivered
20567,2006,28-09-2024,,fedex,Shipped
20568,75128,04-02-2024,,fedex,In Transit
20569,4124,09-06-2024,,fedex,Delivered
20570,15633,09-03-2023,,fedex,Delivered
20571,60115,23-05-2021,,dhl,Delivered
20572,2032,09-08-2023,,fedex,Cancelled
20573,85980,21-05-2021,,fedex,Delivered
20574,81991,01-02-2023,,fedex,Delivered
20575,98103,20-10-2023,,fedex,Delivered
20576,18899,23-06-2020,,fedex,Delivered
20577,26242,20-09-2020,,ups,Delivered
20578,59944,07-12-2020,,delhivery,In Transit
20579,60631,21-06-2022,,ups,Shipped
20580,71853,24-10-2020,,bluedart,Delivered
20581,26633,05-01-2020,,ups,Delivered
20582,86441,06-12-2024,,fedex,Delivered
20583,92305,12-06-2022,,dhl,Delivered
20584,92519,20-07-2024,,usps,Delivered
20585,80393,19-09-2023,,dhl,Delivered
20586,58823,04-07-2021,,ups,Delivered
20587,99265,21-06-2020,,usps,Delivered
20588,17013,22-01-2024,,usps,Delivered
20589,65210,18-03-2021,,fedex,Cancelled
20590,86209,10-11-2023,,fedex,Delivered
20591,3962,01-02-2023,,bluedart,Delivered
20592,10060,15-06-2022,,ups,Delivered
20593,18185,06-11-2022,,ups,Delivered
20594,65867,25-04-2024,,fedex,Delivered
20595,87816,31-05-2021,,fedex,Shipped
20596,4080,02-07-2020,,fedex,Delivered
20597,29902,02-12-2022,,bluedart,In Transit
20598,71469,27-02-2024,,dhl,Delivered
20599,95937,14-08-2022,,fedex,Delivered
20600,83409,27-01-2020,,bluedart,Cancelled
20601,49056,24-11-2022,,ups,Delivered
20602,32554,27-08-2023,,fedex,Delivered
20603,33482,12-02-2020,23-02-2020,delhivery,Returned
20604,13768,16-06-2024,,bluedart,Delivered
20605,19283,31-10-2021,,fedex,Cancelled
20606,81295,26-06-2020,,usps,Delivered
20607,84237,19-02-2021,,dhl,Delivered
20608,12965,28-03-2024,,bluedart,Delivered
20609,78810,12-04-2020,,ups,Delivered
20610,98219,30-01-2024,,dhl,Delivered
20611,85452,16-12-2021,,fedex,Shipped
20612,71063,18-06-2020,,fedex,Delivered
20613,70253,10-10-2024,,bluedart,Cancelled
20614,44880,16-07-2023,,fedex,Delivered
20615,63098,28-05-2024,,dhl,Delivered
20616,62349,14-11-2023,,fedex,Delivered
20617,8163,10-04-2020,,fedex,Delivered
20618,45546,27-06-2020,,bluedart,Delivered
20619,51637,06-08-2024,,dhl,Delivered
20620,26086,01-07-2024,,delhivery,Delivered
20621,47186,06-02-2020,,fedex,Delivered
20622,92561,25-02-2023,,dhl,Delivered
20623,36609,28-12-2022,,bluedart,Delivered
20624,76459,20-08-2023,,fedex,Delivered
20625,19031,20-09-2022,,ups,Delivered
20626,52795,07-05-2020,,bluedart,Delivered
20627,74203,19-04-2020,,dhl,Delivered
20628,80169,23-11-2022,,fedex,Shipped
20629,24162,20-05-2020,,bluedart,Delivered
20630,59724,13-04-2022,,dhl,Delivered
20631,60015,09-02-2020,,ups,Delivered
20632,34295,28-09-2024,,dhl,Delivered
20633,52462,30-12-2021,29-01-2022,fedex,Returned
20634,34171,31-12-2020,24-01-2021,fedex,Returned
20635,81022,08-09-2023,,fedex,Delivered
20636,28325,18-06-2024,,fedex,Delivered
20637,24419,12-09-2020,,ups,Delivered
20638,21966,18-02-2021,,fedex,Delivered
20639,84814,13-04-2020,,fedex,Delivered
20640,15860,05-01-2024,,ups,Shipped
20641,59962,23-06-2023,,bluedart,Delivered
20642,18346,10-04-2021,,bluedart,Cancelled
20643,39847,09-04-2021,,dhl,Delivered
20644,27301,30-12-2023,,bluedart,In Transit
20645,28018,27-12-2024,,fedex,Delivered
20646,87749,08-04-2022,,fedex,Delivered
20647,86978,23-12-2024,,fedex,Delivered
20648,43283,05-10-2021,,dhl,Delivered
20649,78533,05-02-2021,,fedex,Shipped
20650,34313,07-06-2021,,ups,Shipped
20651,16813,21-01-2021,,usps,Delivered
20652,41973,21-11-2024,,fedex,Delivered
20653,34265,04-07-2023,,fedex,Shipped
20654,51989,05-10-2024,,fedex,Delivered
20655,39251,19-03-2023,,dhl,Delivered
20656,45535,15-06-2022,,fedex,Delivered
20657,15579,25-02-2020,,dhl,Delivered
20658,15922,16-04-2023,,bluedart,Delivered
20659,6153,12-11-2022,25-11-2022,dhl,Returned
20660,42430,13-05-2022,30-05-2022,dhl,Returned
20661,41048,19-06-2023,,delhivery,Delivered
20662,63360,22-10-2020,,ups,Delivered
20663,11832,29-07-2022,,delhivery,Shipped
20664,6393,18-12-2021,,fedex,In Transit
20665,47592,19-03-2023,,ups,Delivered
20666,42050,06-06-2024,,fedex,Delivered
20667,61156,27-12-2022,,dhl,Delivered
20668,14197,08-12-2020,,delhivery,Delivered
20669,2096,05-08-2023,,bluedart,Delivered
20670,88776,23-07-2024,,fedex,Delivered
20671,77477,07-11-2022,,dhl,Delivered
20672,89963,22-06-2023,,fedex,Delivered
20673,16090,11-02-2021,,dhl,Delivered
20674,80958,06-03-2024,,fedex,Delivered
20675,75500,06-10-2023,,usps,Delivered
20676,62739,24-12-2022,,ups,Shipped
20677,1469,16-06-2024,,delhivery,Delivered
20678,19542,16-05-2020,09-06-2020,fedex,Returned
20679,6383,16-08-2023,,dhl,Delivered
20680,63373,19-06-2021,,fedex,In Transit
20681,31845,28-07-2022,,dhl,Cancelled
20682,20375,18-10-2020,,usps,Delivered
20683,28592,18-05-2020,,bluedart,Delivered
20684,12925,22-07-2021,,dhl,Delivered
20685,26111,18-01-2022,,fedex,Delivered
20686,18561,07-10-2024,,fedex,Shipped
20687,28988,12-12-2022,,fedex,Shipped
20688,57249,17-08-2020,,dhl,Delivered
20689,9886,04-10-2024,20-10-2024,bluedart,Returned
20690,92545,19-05-2021,,dhl,Delivered
20691,2720,07-11-2021,,dhl,Delivered
20692,29943,05-08-2022,,ups,Delivered
20693,46545,05-11-2022,,ups,Delivered
20694,46770,15-02-2022,,fedex,Delivered
20695,79012,23-02-2024,,dhl,Delivered
20696,53664,10-04-2021,,dhl,In Transit
20697,8371,25-06-2022,,fedex,Delivered
20698,42126,02-01-2024,,ups,Delivered
20699,39863,08-09-2022,,dhl,Delivered
20700,71509,18-06-2020,,dhl,Delivered
20701,7858,18-03-2021,,fedex,Delivered
20702,95555,23-11-2020,,fedex,Delivered
20703,75136,21-02-2021,26-02-2021,fedex,Returned
20704,31528,15-03-2023,,bluedart,Delivered
20705,12450,17-10-2021,,dhl,Delivered
20706,22060,10-02-2023,,bluedart,Delivered
20707,83209,15-06-2022,,bluedart,Delivered
20708,31076,03-05-2024,,fedex,Cancelled
20709,86080,11-12-2022,,bluedart,Delivered
20710,26168,14-11-2021,,fedex,Delivered
20711,98800,13-11-2021,,ups,Delivered
20712,72082,20-07-2022,,fedex,Delivered
20713,31276,22-11-2020,06-12-2020,fedex,Returned
20714,8117,10-12-2024,,delhivery,Delivered
20715,84535,16-08-2023,,bluedart,Delivered
20716,54225,02-02-2024,,fedex,Delivered
20717,17327,09-06-2021,,fedex,Delivered
20718,78808,23-03-2024,,bluedart,Delivered
20719,38143,15-06-2020,,fedex,Delivered
20720,28990,16-05-2022,,fedex,Delivered
20721,51826,16-12-2020,,fedex,Delivered
20722,66830,30-04-2023,,fedex,In Transit
20723,3947,17-12-2024,,fedex,In Transit
20724,79161,12-08-2023,,ups,Delivered
20725,63087,29-12-2023,,ups,Delivered
20726,59646,23-07-2023,,fedex,Delivered
20727,20907,13-04-2021,,bluedart,Cancelled
20728,57282,18-12-2024,,fedex,Delivered
20729,59900,11-12-2021,,fedex,Delivered
20730,83926,02-04-2020,,bluedart,Delivered
20731,33046,21-12-2022,,delhivery,Delivered
20732,16105,18-11-2021,,ups,Delivered
20733,45296,01-07-2020,10-07-2020,fedex,Returned
20734,95512,08-11-2023,,dhl,Delivered
20735,89814,15-10-2024,,bluedart,Delivered
20736,44374,28-02-2021,,fedex,Delivered
20737,17381,17-02-2022,,dhl,Delivered
20738,77500,17-02-2024,,fedex,Delivered
20739,97800,18-06-2022,,bluedart,Delivered
20740,37169,05-04-2021,,fedex,Cancelled
20741,64712,05-08-2023,,fedex,Delivered
20742,67838,07-06-2023,,ups,Delivered
20743,54860,04-12-2020,,fedex,Delivered
20744,62320,18-04-2024,,usps,Delivered
20745,30233,29-11-2024,,fedex,Delivered
20746,91105,03-11-2023,,dhl,In Transit
20747,18283,10-07-2020,,usps,Delivered
20748,43776,17-04-2021,,dhl,Delivered
20749,97065,29-11-2021,,dhl,Delivered
20750,80813,27-06-2022,,dhl,Delivered
20751,24368,24-01-2022,,fedex,Delivered
20752,1326,19-06-2024,,bluedart,Delivered
20753,81337,02-02-2023,,bluedart,Delivered
20754,30215,01-01-2021,,dhl,Delivered
20755,81408,18-12-2021,,usps,Delivered
20756,50496,03-03-2022,,bluedart,Delivered
20757,83405,25-05-2020,,fedex,Delivered
20758,44649,23-08-2021,,fedex,Delivered
20759,15010,28-05-2021,,usps,Delivered
20760,46735,23-12-2023,,dhl,Delivered
20761,52098,05-12-2023,,fedex,Delivered
20762,40077,22-08-2022,,bluedart,Shipped
20763,91692,08-05-2022,,bluedart,Delivered
20764,18919,11-12-2021,,ups,Delivered
20765,76370,22-09-2020,,ups,Delivered
20766,84908,29-10-2023,,bluedart,Delivered
20767,87093,03-04-2022,,fedex,Delivered
20768,1264,30-07-2023,,fedex,Delivered
20769,78957,27-02-2020,,dhl,Delivered
20770,54880,01-06-2021,,dhl,Delivered
20771,12975,30-09-2023,,fedex,Delivered
20772,17454,18-08-2020,,bluedart,Delivered
20773,29921,04-09-2021,,fedex,Delivered
20774,55510,03-03-2024,,fedex,Delivered
20775,41853,21-06-2021,,usps,Delivered
20776,41205,26-11-2020,,fedex,In Transit
20777,92280,12-03-2020,,delhivery,Delivered
20778,60122,08-11-2020,,dhl,Delivered
20779,97239,26-07-2021,,bluedart,Delivered
20780,44003,20-06-2023,,fedex,Delivered
20781,93405,30-10-2022,,fedex,Delivered
20782,8492,09-07-2021,,fedex,Delivered
20783,69428,28-04-2022,,dhl,Delivered
20784,29559,01-08-2024,,fedex,Delivered
20785,92643,24-08-2022,,fedex,Delivered
20786,49650,23-11-2023,,bluedart,Delivered
20787,28819,16-10-2024,,dhl,Delivered
20788,9291,29-10-2022,,bluedart,Delivered
20789,78039,31-08-2021,,ups,Delivered
20790,55044,15-03-2022,,bluedart,Cancelled
20791,14470,14-08-2024,,dhl,Delivered
20792,86373,20-06-2020,,fedex,Delivered
20793,38597,22-05-2023,21-06-2023,usps,Returned
20794,56269,09-04-2021,,fedex,Delivered
20795,64278,26-08-2022,,delhivery,Delivered
20796,63421,28-11-2023,,ups,Delivered
20797,37790,30-11-2021,,fedex,Delivered
20798,85052,10-12-2024,,ups,Delivered
20799,98377,09-06-2023,04-07-2023,bluedart,Returned
20800,97989,19-09-2020,,fedex,Delivered
20801,73441,14-04-2022,,fedex,Delivered
20802,75626,13-08-2021,,fedex,Delivered
20803,58927,18-08-2022,,fedex,Shipped
20804,18878,12-05-2021,,fedex,Delivered
20805,45496,26-03-2024,,dhl,Delivered
20806,71891,09-08-2021,,fedex,Delivered
20807,15077,18-07-2022,,dhl,Delivered
20808,72235,13-08-2023,,fedex,Shipped
20809,64069,14-06-2021,,fedex,Delivered
20810,89488,02-08-2021,,fedex,Delivered
20811,93419,17-03-2020,,fedex,Delivered
20812,89614,28-11-2023,,usps,Delivered
20813,34115,17-04-2023,,fedex,Shipped
20814,30334,24-11-2024,,fedex,Delivered
20815,94343,06-05-2024,,ups,Delivered
20816,7288,12-04-2021,,ups,Delivered
20817,22065,04-06-2022,16-06-2022,ups,Returned
20818,41363,23-02-2021,,fedex,In Transit
20819,53972,16-05-2023,,dhl,Delivered
20820,99625,08-12-2023,,dhl,Shipped
20821,24372,10-12-2020,,dhl,Delivered
20822,10690,11-07-2020,,fedex,Delivered
20823,98829,24-07-2024,,fedex,Delivered
20824,63966,12-11-2020,,bluedart,Shipped
20825,80681,22-06-2021,,ups,Delivered
20826,8473,02-12-2024,,fedex,Delivered
20827,91628,29-04-2020,,fedex,Delivered
20828,2286,22-11-2020,,fedex,Delivered
20829,6152,26-07-2020,,fedex,In Transit
20830,94626,31-07-2021,,dhl,Delivered
20831,80292,20-01-2022,,fedex,Shipped
20832,94268,29-12-2022,,fedex,Shipped
20833,71975,02-12-2023,,bluedart,Delivered
20834,81655,24-03-2024,,bluedart,Delivered
20835,3617,05-06-2021,,usps,Delivered
20836,34202,16-08-2021,,fedex,Delivered
20837,91443,07-10-2021,,dhl,Delivered
20838,83128,12-09-2021,,fedex,Delivered
20839,76553,14-04-2023,,fedex,Shipped
20840,53345,02-05-2022,,delhivery,Delivered
20841,80644,23-04-2020,,ups,Delivered
20842,53720,18-11-2023,,dhl,Delivered
20843,43800,24-03-2020,,fedex,Delivered
20844,66642,24-05-2020,,fedex,Delivered
20845,29769,27-11-2024,,bluedart,Delivered
20846,24801,12-06-2021,,ups,Delivered
20847,80672,13-10-2022,,dhl,Delivered
20848,92542,05-04-2024,,fedex,Delivered
20849,57401,05-04-2022,,ups,Delivered
20850,80771,09-03-2020,,fedex,Shipped
20851,66514,09-03-2023,,dhl,Cancelled
20852,19141,09-08-2022,,fedex,Delivered
20853,48498,17-08-2021,15-09-2021,dhl,Returned
20854,25746,30-08-2023,,fedex,Delivered
20855,55048,30-04-2021,,ups,Delivered
20856,34930,02-06-2022,,fedex,In Transit
20857,45829,16-06-2022,,dhl,Cancelled
20858,76050,09-01-2023,,fedex,Delivered
20859,33947,10-11-2020,,usps,Delivered
20860,56744,02-07-2024,,fedex,Delivered
20861,35744,16-08-2020,,dhl,Delivered
20862,15224,02-10-2022,,delhivery,Delivered
20863,72282,13-06-2020,,bluedart,Delivered
20864,1897,26-10-2023,,dhl,Delivered
20865,64677,07-03-2021,,fedex,Delivered
20866,91436,24-06-2022,,dhl,Delivered
20867,52246,16-08-2024,,ups,Shipped
20868,67728,18-08-2021,,fedex,Delivered
20869,54025,14-10-2021,,fedex,Delivered
20870,73124,06-06-2021,,fedex,In Transit
20871,50089,15-07-2023,,fedex,Delivered
20872,9563,23-05-2020,,bluedart,Delivered
20873,4966,14-07-2020,,fedex,Delivered
20874,86761,30-07-2024,,ups,Delivered
20875,26913,01-05-2020,,bluedart,Delivered
20876,16563,12-11-2021,,bluedart,Shipped
20877,25999,08-06-2024,,dhl,Delivered
20878,3799,29-09-2022,,dhl,Delivered
20879,59450,28-07-2021,,fedex,Delivered
20880,46550,12-12-2023,,fedex,Delivered
20881,86834,30-03-2021,,bluedart,Delivered
20882,92467,18-06-2024,14-07-2024,dhl,Returned
20883,24415,06-04-2021,,dhl,Delivered
20884,49459,24-01-2020,,fedex,Delivered
20885,69888,05-10-2024,,dhl,Shipped
20886,80575,07-10-2024,,bluedart,Delivered
20887,90949,03-03-2023,,fedex,Delivered
20888,54722,21-10-2021,,dhl,Delivered
20889,7394,24-10-2023,,dhl,Cancelled
20890,7265,18-07-2023,,dhl,Delivered
20891,97656,09-12-2022,,ups,Delivered
20892,98446,10-10-2021,,bluedart,Delivered
20893,77437,28-12-2024,,fedex,Delivered
20894,63504,15-07-2020,,ups,Delivered
20895,50006,23-04-2022,,dhl,Shipped
20896,39102,16-01-2024,,fedex,Delivered
20897,42261,21-05-2022,,fedex,Delivered
20898,3700,02-09-2024,,fedex,In Transit
20899,51296,30-04-2024,,fedex,Delivered
20900,66910,17-06-2022,,bluedart,Shipped
20901,89042,20-01-2020,,dhl,Delivered
20902,64180,18-04-2020,,fedex,Delivered
20903,65427,29-07-2022,,dhl,Delivered
20904,43021,21-05-2024,,fedex,Delivered
20905,76333,13-07-2022,,dhl,Shipped
20906,8500,23-03-2022,,dhl,Delivered
20907,24684,25-02-2024,,fedex,Delivered
20908,59802,14-09-2020,,fedex,Delivered
20909,38997,14-07-2021,02-08-2021,bluedart,Returned
20910,64060,22-01-2022,,fedex,Delivered
20911,13234,21-10-2024,,usps,Delivered
20912,56552,05-09-2020,,fedex,Delivered
20913,29551,01-02-2021,,fedex,Delivered
20914,27982,01-07-2022,,dhl,Delivered
20915,74985,22-08-2022,,bluedart,Delivered
20916,94677,04-08-2021,,delhivery,Delivered
20917,30071,15-02-2023,,bluedart,In Transit
20918,79630,20-01-2024,,bluedart,Delivered
20919,92090,21-04-2023,,delhivery,Delivered
20920,14119,20-07-2023,,fedex,Delivered
20921,23664,25-10-2022,,fedex,Cancelled
20922,20997,23-05-2024,,fedex,Shipped
20923,79487,04-09-2024,,dhl,Cancelled
20924,92213,19-07-2020,29-07-2020,fedex,Returned
20925,27347,04-07-2021,,fedex,Delivered
20926,77669,18-10-2024,,fedex,Delivered
20927,75958,25-04-2024,,bluedart,Delivered
20928,99925,18-09-2023,,fedex,Shipped
20929,14217,10-05-2020,,fedex,Delivered
20930,50412,08-10-2020,,ups,Delivered
20931,7077,01-12-2024,,bluedart,Delivered
20932,56193,27-08-2022,,dhl,Delivered
20933,68279,01-07-2022,,fedex,Delivered
20934,40178,29-10-2020,,usps,Delivered
20935,80820,27-05-2021,,bluedart,Delivered
20936,45672,27-04-2021,,dhl,Delivered
20937,82295,03-07-2023,,fedex,Cancelled
20938,50090,04-10-2020,,usps,Delivered
20939,40412,04-01-2023,,ups,In Transit
20940,46819,27-12-2020,,ups,Delivered
20941,42346,02-03-2023,,delhivery,Delivered
20942,57319,27-04-2023,,fedex,In Transit
20943,73745,17-04-2022,,bluedart,Delivered
20944,53645,23-01-2020,,fedex,Delivered
20945,69487,26-12-2022,,usps,Delivered
20946,79512,24-04-2021,,dhl,Shipped
20947,80078,19-02-2021,06-03-2021,fedex,Returned
20948,57934,02-10-2023,,bluedart,Delivered
20949,21675,28-01-2020,,bluedart,Delivered
20950,79674,31-07-2020,,fedex,Delivered
20951,11427,30-11-2023,,delhivery,Delivered
20952,76974,21-11-2021,,fedex,Delivered
20953,4998,10-06-2020,,delhivery,Delivered
20954,93301,29-06-2024,,fedex,Delivered
20955,35295,08-03-2021,,fedex,Shipped
20956,58259,26-05-2022,,bluedart,Shipped
20957,13332,05-03-2020,,ups,In Transit
20958,79675,17-11-2023,,usps,Delivered
20959,21258,23-05-2020,,fedex,Delivered
20960,76531,29-01-2023,,usps,Delivered
20961,96831,05-06-2023,15-06-2023,bluedart,Returned
20962,88302,03-02-2022,,fedex,Delivered
20963,20523,24-01-2023,,fedex,In Transit
20964,25687,10-04-2024,,bluedart,Delivered
20965,26085,19-02-2024,,fedex,Shipped
20966,45243,20-07-2020,,fedex,Delivered
20967,57114,27-08-2024,,dhl,Delivered
20968,13506,09-07-2024,,fedex,Delivered
20969,83406,02-07-2021,,ups,Delivered
20970,40929,13-07-2023,,fedex,Delivered
20971,29386,10-01-2022,,dhl,Shipped
20972,96069,25-02-2023,,fedex,Delivered
20973,20476,30-08-2023,,usps,Shipped
20974,70397,26-11-2022,,bluedart,Delivered
20975,88225,03-02-2020,,dhl,Delivered
20976,46747,01-07-2020,,dhl,Delivered
20977,5121,16-04-2022,,dhl,Shipped
20978,63482,20-02-2024,,fedex,Delivered
20979,95328,29-08-2021,,ups,Delivered
20980,65603,09-02-2022,,dhl,Shipped
20981,2030,30-12-2024,,fedex,Delivered
20982,42717,09-10-2022,,fedex,Delivered
20983,10178,12-07-2020,,dhl,Shipped
20984,25202,24-05-2020,,dhl,Delivered
20985,76709,02-04-2021,,bluedart,Delivered
20986,66133,13-05-2022,,fedex,Shipped
20987,25353,19-07-2024,,fedex,Delivered
20988,15723,25-08-2021,,fedex,Delivered
20989,44901,11-01-2020,,bluedart,Delivered
20990,95745,16-05-2021,,ups,Delivered
20991,4002,24-12-2024,,fedex,Delivered
20992,69310,20-10-2024,,bluedart,Delivered
20993,96758,24-04-2023,,dhl,Delivered
20994,53754,11-10-2022,,fedex,Delivered
20995,92175,21-07-2023,,fedex,Delivered
20996,28356,28-09-2020,,dhl,Shipped
20997,54270,24-02-2020,,bluedart,Delivered
20998,63188,20-06-2021,09-07-2021,fedex,Returned
20999,95129,21-07-2023,,bluedart,Delivered
21000,21474,01-12-2021,,fedex,In Transit
21001,23780,19-07-2022,,fedex,In Transit
21002,95536,02-10-2023,,fedex,Delivered
21003,32037,08-10-2022,18-10-2022,fedex,Returned
21004,40574,14-12-2021,,ups,Delivered
21005,16767,03-04-2021,27-04-2021,bluedart,Returned
21006,58425,14-06-2020,,bluedart,Delivered
21007,65630,16-03-2021,,fedex,Cancelled
21008,43380,04-02-2023,,dhl,Shipped
21009,73148,06-01-2022,,fedex,Delivered
21010,25449,02-11-2021,,fedex,In Transit
21011,73246,10-07-2021,,dhl,Delivered
21012,78346,10-09-2021,,fedex,Delivered
21013,16054,27-05-2023,,fedex,Cancelled
21014,39902,09-10-2021,,dhl,Delivered
21015,44919,01-08-2023,,dhl,Delivered
21016,52516,12-07-2024,,dhl,Shipped
21017,80489,27-09-2021,,dhl,Delivered
21018,13554,13-01-2022,,fedex,Delivered
21019,8197,01-06-2023,,dhl,Cancelled
21020,8934,07-12-2023,,fedex,Delivered
21021,77491,11-08-2021,,dhl,Delivered
21022,32501,30-09-2020,,fedex,Delivered
21023,93891,09-10-2020,,fedex,Delivered
21024,86793,06-04-2024,,fedex,Delivered
21025,26850,29-09-2020,,fedex,In Transit
21026,36902,22-03-2023,,dhl,Delivered
21027,2230,31-10-2024,,fedex,Delivered
21028,14853,20-05-2022,,dhl,Delivered
21029,70050,01-02-2021,,dhl,Delivered
21030,20920,23-01-2023,,bluedart,Delivered
21031,33546,16-09-2022,,fedex,Delivered
21032,43243,15-09-2023,,fedex,Shipped
21033,68349,15-01-2023,,fedex,Delivered
21034,66858,27-10-2023,,dhl,Delivered
21035,84792,05-01-2021,,ups,Delivered
21036,86884,04-07-2023,,fedex,Delivered
21037,75607,26-09-2022,,fedex,Delivered
21038,66925,18-12-2024,,delhivery,Delivered
21039,32241,07-08-2021,,fedex,Delivered
21040,33110,10-11-2024,27-11-2024,dhl,Returned
21041,26020,07-04-2022,,fedex,Delivered
21042,57681,25-10-2024,,usps,Delivered
21043,81657,11-10-2020,,ups,Delivered
21044,35684,13-10-2021,,delhivery,Delivered
21045,77199,01-02-2022,,ups,Delivered
21046,59838,08-04-2022,,ups,Delivered
21047,59045,27-10-2021,,dhl,Delivered
21048,7170,15-12-2022,,fedex,Shipped
21049,10229,26-11-2020,,dhl,Delivered
21050,48607,25-02-2023,,fedex,Delivered
21051,59027,11-12-2023,,ups,Cancelled
21052,39398,02-10-2020,,delhivery,Delivered
21053,58026,14-09-2024,,fedex,Delivered
21054,51805,11-01-2022,,fedex,Delivered
21055,93033,17-12-2024,,fedex,Delivered
21056,80596,27-07-2022,,usps,Delivered
21057,94521,04-04-2023,,fedex,Delivered
21058,71107,09-03-2020,,bluedart,Delivered
21059,47575,10-10-2024,,bluedart,Delivered
21060,94055,20-04-2021,,fedex,Cancelled
21061,46000,14-01-2022,,fedex,Delivered
21062,66546,12-11-2023,,fedex,Delivered
21063,59977,09-08-2020,,bluedart,Delivered
21064,72356,19-01-2024,,fedex,Delivered
21065,49307,21-04-2021,,bluedart,Delivered
21066,94088,16-10-2024,,ups,Shipped
21067,19705,14-04-2024,,fedex,Delivered
21068,49795,22-11-2020,,bluedart,Delivered
21069,24649,22-12-2021,,fedex,Delivered
21070,72777,14-01-2021,,fedex,Delivered
21071,57187,29-04-2024,,bluedart,Delivered
21072,33985,29-12-2021,,fedex,Shipped
21073,40966,05-03-2021,,dhl,Shipped
21074,50446,08-02-2022,,bluedart,In Transit
21075,12970,29-04-2020,,fedex,Delivered
21076,43339,08-05-2024,,fedex,Delivered
21077,57122,22-02-2024,,fedex,Delivered
21078,14340,27-06-2022,,usps,Delivered
21079,93084,26-10-2020,,ups,In Transit
21080,26982,02-07-2022,,fedex,Delivered
21081,96740,20-12-2023,,fedex,Delivered
21082,80384,03-06-2022,,fedex,Delivered
21083,71843,23-06-2020,,bluedart,Delivered
21084,64359,26-02-2022,,delhivery,Delivered
21085,33224,22-06-2020,,fedex,Delivered
21086,41954,04-07-2023,,bluedart,Delivered
21087,74020,06-07-2021,,fedex,Delivered
21088,98144,31-05-2023,,dhl,Delivered
21089,80791,24-01-2023,,fedex,Delivered
21090,88322,10-07-2020,,fedex,Delivered
21091,67670,08-04-2021,,fedex,Delivered
21092,13412,03-02-2020,,fedex,Delivered
21093,83683,12-12-2020,17-12-2020,fedex,Returned
21094,68546,06-11-2023,,usps,Delivered
21095,35298,26-04-2023,,fedex,Delivered
21096,69409,13-03-2020,,fedex,Delivered
21097,21861,10-07-2023,,fedex,Delivered
21098,57411,28-07-2024,,delhivery,Delivered
21099,19463,09-05-2020,,bluedart,Cancelled
21100,2040,27-07-2023,,fedex,Delivered
21101,24414,01-04-2020,,dhl,Shipped
21102,50941,08-08-2021,,fedex,Delivered
21103,65940,01-04-2022,,fedex,Delivered
21104,61331,09-02-2021,,delhivery,In Transit
21105,30782,04-03-2021,,fedex,Delivered
21106,24003,18-02-2020,,delhivery,Delivered
21107,41444,05-10-2020,,delhivery,Delivered
21108,34951,09-11-2023,,fedex,Delivered
21109,31829,23-07-2022,,fedex,Delivered
21110,34556,25-11-2024,,fedex,In Transit
21111,60994,23-02-2023,,fedex,Delivered
21112,43761,23-02-2024,,fedex,Delivered
21113,43887,22-07-2022,,fedex,Shipped
21114,54500,14-04-2024,,fedex,Shipped
21115,16144,01-05-2022,,delhivery,Delivered
21116,29628,03-07-2021,,dhl,Cancelled
21117,69458,04-02-2024,,dhl,Shipped
21118,73466,03-10-2021,,fedex,Delivered
21119,50194,03-10-2024,21-10-2024,fedex,Returned
21120,24894,30-11-2022,,fedex,Delivered
21121,40487,19-01-2022,,dhl,Delivered
21122,6928,16-03-2022,,ups,Delivered
21123,44892,07-11-2024,,fedex,Delivered
21124,37289,08-12-2022,,fedex,In Transit
21125,2178,23-04-2024,,delhivery,In Transit
21126,85645,08-11-2024,,ups,Delivered
21127,73884,19-02-2023,,fedex,Delivered
21128,84708,19-02-2022,,fedex,Delivered
21129,63782,26-01-2020,,fedex,Delivered
21130,78802,16-03-2022,,ups,In Transit
21131,8525,02-03-2022,,dhl,Delivered
21132,21976,29-03-2021,,delhivery,Delivered
21133,97003,16-07-2020,,fedex,Delivered
21134,75042,23-02-2024,,ups,In Transit
21135,83046,23-09-2024,,dhl,Delivered
21136,76925,15-10-2020,,dhl,Delivered
21137,64016,10-02-2023,,dhl,In Transit
21138,26001,17-11-2020,,fedex,Delivered
21139,76195,24-07-2023,,fedex,Delivered
21140,39840,29-05-2020,,fedex,Shipped
21141,10326,19-03-2023,,bluedart,In Transit
21142,4006,25-04-2022,,dhl,Delivered
21143,25387,08-06-2020,,fedex,In Transit
21144,22389,13-07-2023,,bluedart,Delivered
21145,37629,18-05-2024,,fedex,Delivered
21146,53811,19-08-2024,,fedex,Delivered
21147,60364,22-09-2022,,ups,Delivered
21148,12368,01-08-2020,,dhl,Shipped
21149,74212,07-08-2024,,fedex,Delivered
21150,14916,21-12-2022,,fedex,Delivered
21151,15394,20-06-2024,,fedex,Delivered
21152,34984,28-06-2020,,bluedart,Delivered
21153,11866,31-12-2023,,ups,Delivered
21154,53964,22-09-2021,,dhl,Delivered
21155,82158,29-01-2024,,fedex,Delivered
21156,72566,05-09-2023,,fedex,Delivered
21157,19191,19-11-2021,,ups,Delivered
21158,82132,07-03-2020,,bluedart,Delivered
21159,89084,22-08-2020,,ups,Cancelled
21160,17220,31-10-2023,,ups,Delivered
21161,30355,16-11-2021,,delhivery,Cancelled
21162,54453,07-12-2021,,fedex,Delivered
21163,18818,23-11-2020,,fedex,Shipped
21164,35674,11-04-2023,,fedex,Delivered
21165,53573,01-05-2024,,fedex,Delivered
21166,66038,23-12-2022,,bluedart,Delivered
21167,96671,10-09-2023,,ups,Delivered
21168,76929,21-09-2020,03-10-2020,fedex,Returned
21169,61903,20-10-2020,,dhl,Delivered
21170,61323,21-12-2021,,fedex,Delivered
21171,9829,22-09-2024,,fedex,Delivered
21172,58841,12-07-2020,05-08-2020,bluedart,Returned
21173,30600,19-09-2023,,dhl,Delivered
21174,35424,19-08-2020,,dhl,Delivered
21175,4860,22-01-2021,,dhl,Delivered
21176,23912,06-07-2020,,bluedart,Delivered
21177,66499,19-02-2020,19-03-2020,fedex,Returned
21178,72341,24-02-2022,,fedex,Delivered
21179,66143,19-03-2024,,ups,Delivered
21180,53284,29-06-2024,,fedex,Delivered
21181,25410,15-06-2022,,fedex,Delivered
21182,20871,22-11-2021,,delhivery,Shipped
21183,44873,28-09-2023,,bluedart,Delivered
21184,83163,16-03-2022,,ups,Delivered
21185,60552,16-04-2024,,fedex,Delivered
21186,47838,13-08-2020,,bluedart,Delivered
21187,14538,22-08-2021,,ups,Delivered
21188,99112,25-02-2022,,fedex,Delivered
21189,80909,27-07-2021,,dhl,Delivered
21190,58848,24-05-2021,,fedex,Delivered
21191,73555,06-08-2020,,dhl,Delivered
21192,18616,08-11-2024,,dhl,Cancelled
21193,86813,23-06-2023,04-07-2023,usps,Returned
21194,18830,18-10-2022,,dhl,Delivered
21195,1027,09-01-2020,,dhl,Delivered
21196,43821,17-08-2021,,bluedart,Delivered
21197,99936,25-01-2021,04-02-2021,fedex,Returned
21198,82744,10-07-2023,,dhl,Delivered
21199,38035,05-03-2024,,fedex,Delivered
21200,94126,24-11-2023,,fedex,Delivered
21201,6215,19-08-2021,,ups,Delivered
21202,54719,14-01-2023,,fedex,Delivered
21203,5736,04-09-2024,,fedex,Delivered
21204,86206,30-08-2020,,bluedart,Delivered
21205,52768,26-10-2023,09-11-2023,fedex,Returned
21206,38927,01-07-2020,,dhl,Delivered
21207,64329,16-05-2023,,ups,Delivered
21208,6518,11-11-2023,,fedex,Cancelled
21209,70734,30-05-2024,,fedex,Delivered
21210,90304,06-07-2021,,bluedart,Delivered
21211,10037,03-07-2022,,ups,Delivered
21212,94545,19-06-2021,,dhl,Delivered
21213,55790,01-09-2021,11-09-2021,bluedart,Returned
21214,26284,24-06-2022,,fedex,Delivered
21215,90679,24-11-2020,,fedex,Delivered
21216,80116,25-09-2022,,ups,Delivered
21217,39470,30-03-2020,,ups,Delivered
21218,4387,04-11-2020,,bluedart,Delivered
21219,56856,12-08-2020,,usps,Delivered
21220,58867,12-10-2020,,fedex,Delivered
21221,66875,01-09-2022,,fedex,Delivered
21222,23041,06-08-2024,,fedex,Delivered
21223,76773,29-05-2020,,delhivery,Delivered
21224,71321,13-07-2024,,ups,Delivered
21225,24631,03-05-2024,,dhl,Delivered
21226,81728,10-04-2020,,delhivery,Shipped
21227,72906,23-02-2021,,dhl,Shipped
21228,28420,06-06-2021,,dhl,Delivered
21229,37403,11-07-2022,,fedex,Shipped
21230,91496,09-05-2023,,ups,Delivered
21231,28418,24-02-2023,,ups,Delivered
21232,80848,30-07-2023,,usps,Delivered
21233,82157,05-03-2021,,fedex,Delivered
21234,45443,18-01-2022,,dhl,Delivered
21235,40489,17-05-2023,,ups,Delivered
21236,60887,10-04-2024,,usps,Delivered
21237,47846,02-05-2021,,ups,Delivered
21238,5692,10-08-2023,,fedex,Shipped
21239,66703,10-10-2023,,dhl,Delivered
21240,58060,13-02-2020,,ups,Delivered
21241,21022,15-06-2020,,fedex,Delivered
21242,86988,25-08-2021,,fedex,Delivered
21243,56501,24-04-2020,04-05-2020,fedex,Returned
21244,95735,25-04-2020,,dhl,Delivered
21245,57012,01-10-2021,,bluedart,Delivered
21246,58131,14-12-2020,,ups,Delivered
21247,95401,20-01-2023,,fedex,Delivered
21248,97619,23-01-2024,29-01-2024,dhl,Returned
21249,49554,12-12-2021,,fedex,Delivered
21250,24527,17-10-2024,,dhl,Delivered
21251,87991,07-09-2022,,dhl,Delivered
21252,37497,29-04-2020,,dhl,Delivered
21253,12819,23-09-2023,,fedex,In Transit
21254,63571,23-08-2024,,dhl,Delivered
21255,62948,28-04-2023,,dhl,Cancelled
21256,60450,11-11-2024,,dhl,Delivered
21257,50098,12-06-2020,21-06-2020,fedex,Returned
21258,72217,08-07-2020,,fedex,Delivered
21259,30769,11-06-2020,,fedex,Cancelled
21260,46321,25-06-2023,,bluedart,Delivered
21261,88301,07-01-2021,21-01-2021,fedex,Returned
21262,83496,09-12-2022,,bluedart,Delivered
21263,65679,06-11-2022,,bluedart,Delivered
21264,32294,27-11-2024,,usps,Delivered
21265,21180,02-02-2021,19-02-2021,dhl,Returned
21266,4664,09-01-2023,,fedex,Delivered
21267,91450,21-11-2020,,ups,Delivered
21268,10511,14-11-2023,,fedex,Shipped
21269,72830,07-09-2023,,usps,Delivered
21270,34365,20-03-2020,,fedex,Delivered
21271,38580,27-02-2020,,fedex,Delivered
21272,58035,27-01-2020,,fedex,Delivered
21273,9835,23-08-2024,,usps,Delivered
21274,45989,12-06-2021,,dhl,Delivered
21275,42591,12-08-2020,,dhl,Delivered
21276,25628,06-02-2023,,bluedart,Cancelled
21277,31050,10-03-2024,,fedex,Delivered
21278,92406,19-04-2021,,bluedart,Shipped
21279,65327,28-11-2022,,delhivery,Delivered
21280,91844,07-06-2020,,bluedart,Shipped
21281,43777,12-06-2023,,bluedart,Shipped
21282,20382,12-04-2024,,fedex,Delivered
21283,75581,08-08-2020,,bluedart,Delivered
21284,2263,12-10-2023,,fedex,Delivered
21285,54087,09-04-2023,,bluedart,Delivered
21286,57928,28-08-2021,12-09-2021,usps,Returned
21287,56328,01-03-2023,,fedex,Shipped
21288,60839,02-12-2024,,usps,Delivered
21289,35816,12-03-2023,,bluedart,Delivered
21290,94580,05-01-2021,,fedex,Delivered
21291,28303,26-04-2022,,fedex,Delivered
21292,27109,09-03-2022,,usps,Delivered
21293,95474,24-02-2022,,bluedart,Delivered
21294,91360,12-06-2020,,bluedart,Delivered
21295,78027,31-03-2024,,ups,Delivered
21296,7608,08-11-2020,,ups,Delivered
21297,75511,20-07-2020,,ups,Delivered
21298,50428,04-07-2022,16-07-2022,ups,Returned
21299,64527,14-12-2024,,fedex,Delivered
21300,68927,12-04-2024,,dhl,Delivered
21301,87489,07-10-2023,23-10-2023,delhivery,Returned
21302,46663,18-01-2024,,fedex,Delivered
21303,20132,17-12-2022,,ups,Delivered
21304,70469,29-10-2021,,delhivery,Delivered
21305,93044,22-09-2022,,dhl,Delivered
21306,14795,30-08-2023,,dhl,Delivered
21307,18808,01-08-2020,,bluedart,Delivered
21308,82117,17-09-2020,06-10-2020,dhl,Returned
21309,24435,16-12-2023,,dhl,In Transit
21310,6902,12-06-2021,,fedex,Delivered
21311,99591,05-08-2021,,delhivery,Delivered
21312,70126,22-12-2021,,fedex,Delivered
21313,68287,14-03-2020,,bluedart,Delivered
21314,57753,01-12-2024,,fedex,Delivered
21315,50603,12-11-2024,,dhl,Delivered
21316,94756,05-07-2024,,dhl,Delivered
21317,20165,21-11-2023,,fedex,Delivered
21318,93712,24-03-2024,,fedex,Delivered
21319,77759,14-03-2024,,bluedart,Delivered
21320,68182,08-10-2022,,dhl,Delivered
21321,25337,10-05-2020,,fedex,Delivered
21322,67202,28-01-2021,,dhl,Delivered
21323,22934,25-01-2024,,fedex,Delivered
21324,68541,22-07-2021,,ups,Delivered
21325,33366,19-08-2021,,dhl,Shipped
21326,99041,10-11-2021,,fedex,Shipped
21327,27717,11-05-2021,,fedex,Shipped
21328,11988,06-11-2022,,dhl,Delivered
21329,68303,06-05-2021,,delhivery,Delivered
21330,35246,05-11-2024,,ups,Delivered
21331,85010,07-03-2020,,fedex,Shipped
21332,2495,12-12-2020,,dhl,Cancelled
21333,13834,22-06-2020,,bluedart,Delivered
21334,87117,03-04-2024,,dhl,Delivered
21335,54810,28-02-2022,,fedex,Delivered
21336,84895,18-12-2021,,ups,Delivered
21337,37868,04-12-2024,,fedex,Delivered
21338,75452,28-11-2021,,delhivery,Cancelled
21339,98886,29-06-2023,,fedex,Delivered
21340,43907,24-12-2022,,bluedart,Delivered
21341,1389,07-11-2022,,fedex,In Transit
21342,32095,05-06-2024,,usps,Delivered
21343,66765,08-11-2022,,ups,Delivered
21344,46647,21-08-2020,,bluedart,Delivered
21345,35850,19-04-2022,,fedex,Delivered
21346,59106,23-06-2021,,ups,Delivered
21347,80371,17-03-2021,,fedex,Delivered
21348,38556,22-11-2020,,ups,Delivered
21349,96993,24-02-2021,,fedex,Delivered
21350,68459,06-03-2024,,fedex,Cancelled
21351,42661,09-09-2021,,dhl,Delivered
21352,37214,02-09-2024,,dhl,Delivered
21353,76743,26-05-2020,02-06-2020,ups,Returned
21354,52337,20-05-2020,,bluedart,Delivered
21355,56708,12-10-2024,,fedex,Delivered
21356,4561,07-02-2023,,usps,In Transit
21357,67631,28-12-2022,,fedex,Delivered
21358,93122,09-09-2024,,dhl,Delivered
21359,97776,19-05-2024,,fedex,Delivered
21360,24440,09-12-2021,,dhl,Delivered
21361,38043,13-06-2021,,fedex,Delivered
21362,77709,02-04-2020,,dhl,Delivered
21363,25808,14-01-2021,,fedex,Delivered
21364,4427,23-08-2024,,dhl,Delivered
21365,19657,07-12-2023,,fedex,Delivered
21366,48616,06-07-2023,,dhl,In Transit
21367,68035,24-03-2021,,dhl,Delivered
21368,54420,07-05-2020,,fedex,Delivered
21369,60111,24-01-2020,,usps,Delivered
21370,47224,26-11-2020,,dhl,Delivered
21371,70521,20-10-2020,,fedex,Delivered
21372,22327,10-09-2022,,delhivery,Delivered
21373,58027,20-11-2022,,delhivery,Delivered
21374,74784,02-09-2022,,fedex,Delivered
21375,53909,13-10-2023,,bluedart,Delivered
21376,42953,07-03-2021,,bluedart,Delivered
21377,95614,28-04-2021,,bluedart,Delivered
21378,49806,28-08-2024,,fedex,Delivered
21379,5022,11-04-2023,,fedex,Delivered
21380,27255,08-11-2024,17-11-2024,usps,Returned
21381,71557,21-06-2021,,fedex,Delivered
21382,85164,23-02-2023,,fedex,Delivered
21383,28034,20-11-2020,,fedex,Shipped
21384,85513,07-05-2020,,fedex,Delivered
21385,24984,04-05-2024,,delhivery,Shipped
21386,17053,03-05-2024,,fedex,Shipped
21387,46467,27-09-2021,,fedex,Delivered
21388,93229,25-07-2022,,dhl,Delivered
21389,8096,22-03-2023,,dhl,Delivered
21390,88390,10-03-2024,,ups,Delivered
21391,15891,21-01-2023,,usps,Delivered
21392,55799,02-02-2022,,fedex,In Transit
21393,14849,02-04-2024,,fedex,Delivered
21394,18343,12-07-2021,,ups,Delivered
21395,27496,02-10-2020,,dhl,Delivered
21396,99185,01-05-2024,,dhl,Delivered
21397,29261,06-12-2021,,fedex,Delivered
21398,64837,11-05-2024,,dhl,Delivered
21399,81910,24-04-2022,,ups,Delivered
21400,36579,05-04-2023,,dhl,Delivered
21401,18319,06-04-2021,,delhivery,Delivered
21402,78610,09-07-2022,,dhl,Delivered
21403,70414,31-07-2020,,dhl,Delivered
21404,96695,07-09-2021,,bluedart,Delivered
21405,97355,07-08-2021,,fedex,Shipped
21406,34849,26-10-2024,,dhl,Delivered
21407,54208,01-12-2024,,fedex,Delivered
21408,44325,05-03-2022,,fedex,Delivered
21409,11027,18-12-2020,,fedex,Delivered
21410,29546,19-01-2021,07-02-2021,delhivery,Returned
21411,57251,09-11-2023,,fedex,Delivered
21412,29907,15-01-2023,,fedex,Delivered
21413,8184,31-01-2020,,fedex,Delivered
21414,27823,19-02-2024,,bluedart,Delivered
21415,32250,28-05-2022,,fedex,Delivered
21416,20593,09-04-2020,,ups,In Transit
21417,37692,04-09-2020,,bluedart,Delivered
21418,45342,30-09-2023,,fedex,In Transit
21419,95144,14-02-2021,,fedex,Delivered
21420,66697,18-03-2024,,fedex,Delivered
21421,45036,26-06-2020,,dhl,Shipped
21422,36677,27-09-2021,,fedex,Delivered
21423,88893,20-11-2023,,fedex,Delivered
21424,33620,02-08-2022,,fedex,Delivered
21425,82322,22-09-2024,,fedex,Delivered
21426,60725,23-02-2024,,fedex,Delivered
21427,39382,02-11-2024,,bluedart,Shipped
21428,60034,13-04-2023,,bluedart,Delivered
21429,92809,01-08-2022,,usps,Shipped
21430,55860,21-09-2021,,fedex,Delivered
21431,13018,08-09-2021,,usps,Delivered
21432,27620,16-04-2022,,dhl,Delivered
21433,34607,08-05-2022,,dhl,Delivered
21434,99954,27-06-2022,,fedex,Delivered
21435,22486,10-07-2023,,fedex,Delivered
21436,16245,21-08-2023,,fedex,Delivered
21437,67717,14-09-2023,,fedex,Cancelled
21438,42026,11-03-2024,07-04-2024,fedex,Returned
21439,22531,03-09-2021,,fedex,Delivered
21440,61015,26-05-2023,,bluedart,Delivered
21441,64764,19-09-2023,,fedex,Delivered
21442,64681,16-03-2020,,ups,Delivered
21443,42380,27-05-2022,,bluedart,In Transit
21444,28299,22-01-2024,,dhl,Delivered
21445,25596,04-11-2024,,fedex,Delivered
21446,99699,11-04-2022,,fedex,Delivered
21447,70768,06-12-2021,,fedex,Delivered
21448,72182,20-09-2022,,ups,Delivered
21449,45265,24-09-2022,,delhivery,Delivered
21450,38554,21-08-2024,17-09-2024,delhivery,Returned
21451,56289,03-01-2025,,dhl,Shipped
21452,80233,01-05-2021,,dhl,Delivered
21453,65189,23-10-2022,,dhl,Shipped
21454,56899,05-10-2022,,fedex,Delivered
21455,70851,10-03-2020,,fedex,Delivered
21456,77475,05-05-2023,,delhivery,Shipped
21457,2722,29-01-2022,,fedex,Delivered
21458,79351,20-06-2020,,dhl,Delivered
21459,50989,10-12-2024,,usps,Delivered
21460,62558,25-08-2024,,dhl,Delivered
21461,56163,12-01-2024,,ups,Delivered
21462,38872,11-09-2022,,bluedart,Delivered
21463,49951,14-07-2022,,dhl,Delivered
21464,67044,14-11-2021,,fedex,Delivered
21465,18938,18-05-2024,,fedex,Delivered
21466,95715,21-06-2021,,fedex,Delivered
21467,31206,18-11-2024,,bluedart,Delivered
21468,79752,28-10-2020,,ups,Delivered
21469,54603,02-12-2020,,bluedart,Shipped
21470,48443,30-01-2020,,fedex,Delivered
21471,87580,07-01-2025,,bluedart,Delivered
21472,97540,10-11-2023,,dhl,Delivered
21473,72409,03-10-2024,,fedex,Delivered
21474,15066,12-10-2023,,ups,Shipped
21475,53369,02-12-2022,,fedex,Delivered
21476,98049,29-04-2020,,usps,Delivered
21477,51369,29-08-2023,,fedex,Delivered
21478,35510,04-11-2022,,fedex,Shipped
21479,85105,05-05-2022,,fedex,Shipped
21480,64430,25-08-2022,,dhl,Shipped
21481,55421,04-10-2020,,fedex,Shipped
21482,14575,25-10-2021,,bluedart,Delivered
21483,60371,20-12-2021,,ups,Delivered
21484,20821,20-12-2024,,fedex,Delivered
21485,55772,04-08-2021,,bluedart,Delivered
21486,54900,22-07-2020,,bluedart,Delivered
21487,97928,01-12-2023,,fedex,Delivered
21488,2909,23-08-2023,,dhl,Delivered
21489,91040,11-05-2022,,usps,Delivered
21490,19904,16-06-2021,,usps,Delivered
21491,53062,31-08-2024,,fedex,Delivered
21492,30048,29-08-2022,,fedex,Delivered
21493,58033,01-12-2023,,ups,Delivered
21494,82989,12-11-2020,,fedex,Delivered
21495,73912,01-10-2022,,fedex,Delivered
21496,41902,24-11-2021,,bluedart,Delivered
21497,88304,02-03-2020,,fedex,Delivered
21498,72382,16-08-2020,,dhl,Delivered
21499,79195,07-10-2022,,ups,Delivered
21500,19291,10-04-2021,,fedex,Delivered
21501,28116,31-08-2021,24-09-2021,delhivery,Returned
21502,19276,22-03-2021,,dhl,Delivered
21503,69920,06-10-2022,,fedex,Delivered
21504,31485,24-05-2021,,ups,Delivered
21505,31248,04-11-2023,,fedex,Delivered
21506,60779,30-01-2021,,fedex,Delivered
21507,24854,16-10-2024,,fedex,Delivered
21508,17881,21-04-2021,,fedex,Shipped
21509,43297,28-12-2021,,fedex,Delivered
21510,89815,15-01-2023,,ups,Delivered
21511,45166,28-09-2021,07-10-2021,dhl,Returned
21512,72140,16-02-2023,,fedex,Delivered
21513,16985,13-10-2020,,fedex,Delivered
21514,52231,16-03-2020,,fedex,Cancelled
21515,21788,12-01-2020,,bluedart,Delivered
21516,90490,08-06-2024,,dhl,Delivered
21517,74582,14-02-2022,,ups,Delivered
21518,53532,29-04-2021,,fedex,Shipped
21519,98877,27-03-2020,,fedex,Shipped
21520,44246,13-07-2022,,fedex,Delivered
21521,50495,26-05-2022,,fedex,Delivered
21522,26305,13-11-2023,,fedex,Shipped
21523,28453,14-05-2021,,bluedart,Delivered
21524,31303,21-07-2022,,fedex,Delivered
21525,66725,14-07-2020,,fedex,Shipped
21526,67887,03-08-2024,,fedex,Delivered
21527,3057,25-03-2022,,fedex,Delivered
21528,69378,07-12-2023,,fedex,Delivered
21529,3452,25-01-2022,,dhl,Delivered
21530,70841,10-09-2024,,fedex,Delivered
21531,20542,16-07-2021,,bluedart,Shipped
21532,95832,25-06-2024,,dhl,Shipped
21533,53762,05-07-2020,,dhl,Delivered
21534,32335,27-09-2023,,dhl,Delivered
21535,24542,02-01-2021,,fedex,Delivered
21536,46926,04-04-2021,,fedex,Delivered
21537,88688,26-05-2020,,delhivery,Delivered
21538,76511,24-12-2021,,dhl,Shipped
21539,11085,30-05-2020,,fedex,Delivered
21540,14402,01-12-2024,,dhl,Delivered
21541,12993,12-03-2022,,dhl,Shipped
21542,79154,14-09-2023,,dhl,Shipped
21543,76041,20-03-2024,,fedex,Delivered
21544,18597,18-02-2021,,ups,Delivered
21545,20089,12-12-2021,,fedex,Delivered
21546,33009,17-12-2022,,bluedart,Delivered
21547,60823,19-09-2023,,fedex,Delivered
21548,51858,12-06-2024,,delhivery,Delivered
21549,23600,04-11-2022,,usps,Delivered
21550,66122,18-01-2023,,dhl,Delivered
21551,25878,19-06-2020,,bluedart,Delivered
21552,33346,27-08-2024,,fedex,Delivered
21553,44071,05-01-2022,,fedex,Delivered
21554,56961,09-09-2023,,bluedart,Delivered
21555,42960,12-12-2024,,ups,Delivered
21556,30207,29-12-2022,,fedex,Delivered
21557,9542,05-06-2021,,bluedart,Delivered
21558,79411,07-10-2023,,dhl,Delivered
21559,33214,24-06-2024,,fedex,Delivered
21560,9793,08-05-2024,,fedex,Delivered
21561,36665,06-11-2023,,bluedart,Delivered
21562,73944,14-11-2022,,fedex,Delivered
21563,70924,22-12-2022,,dhl,Delivered
21564,2789,28-02-2023,,fedex,Delivered
21565,94509,19-11-2020,,bluedart,Delivered
21566,29173,10-07-2023,,bluedart,Delivered
21567,18219,18-01-2020,,dhl,Cancelled
21568,67366,20-09-2021,,fedex,Delivered
21569,93249,12-04-2020,,dhl,Delivered
21570,4930,19-11-2023,,dhl,Delivered
21571,69814,08-08-2020,,dhl,In Transit
21572,69471,15-05-2021,,fedex,Delivered
21573,95955,27-05-2023,,bluedart,Delivered
21574,76446,14-09-2021,,fedex,Cancelled
21575,80707,09-01-2020,,fedex,Delivered
21576,8143,28-10-2020,,fedex,Delivered
21577,3030,16-07-2023,,bluedart,Delivered
21578,25385,30-12-2021,,delhivery,Delivered
21579,99036,24-04-2021,,fedex,Delivered
21580,92080,23-09-2023,18-10-2023,fedex,Returned
21581,69929,09-09-2020,,usps,Cancelled
21582,19222,30-05-2022,,fedex,Delivered
21583,95074,13-09-2022,,ups,In Transit
21584,38596,28-09-2023,,fedex,Delivered
21585,46393,26-06-2022,,fedex,Cancelled
21586,92711,20-03-2020,,fedex,Cancelled
21587,45240,15-07-2021,,bluedart,Delivered
21588,30656,24-10-2022,,usps,Delivered
21589,21184,02-08-2024,,delhivery,In Transit
21590,22992,04-11-2022,,bluedart,In Transit
21591,47940,11-09-2023,,dhl,Delivered
21592,90285,28-09-2020,,bluedart,Delivered
21593,72136,07-03-2020,,bluedart,Delivered
21594,21896,22-09-2024,,fedex,Delivered
21595,36844,06-08-2024,,dhl,Delivered
21596,99812,24-01-2024,,dhl,Delivered
21597,31312,16-01-2021,,dhl,Delivered
21598,90198,14-01-2021,23-01-2021,fedex,Returned
21599,44731,11-01-2021,,fedex,Delivered
21600,81805,17-07-2023,,ups,In Transit
21601,19232,05-03-2022,,dhl,Delivered
21602,1936,25-03-2022,,fedex,Delivered
21603,58833,12-01-2023,,dhl,Delivered
21604,10941,05-01-2025,,bluedart,Delivered
21605,44369,11-04-2022,,delhivery,Delivered
21606,27400,11-04-2024,,fedex,Delivered
21607,32326,12-06-2024,,usps,Shipped
21608,90211,06-08-2023,,fedex,Delivered
21609,3549,30-08-2020,,fedex,Delivered
21610,1914,14-03-2024,,usps,Delivered
21611,49342,21-03-2020,,fedex,Delivered
21612,65155,03-10-2021,,dhl,Delivered
21613,59170,20-12-2021,,fedex,Delivered
21614,44205,30-01-2021,,fedex,Delivered
21615,80894,23-04-2024,,fedex,Delivered
21616,24492,20-10-2024,,delhivery,Delivered
21617,52410,31-05-2023,,fedex,Delivered
21618,64099,12-02-2020,,bluedart,Delivered
21619,92748,20-04-2024,19-05-2024,fedex,Returned
21620,76477,30-09-2023,,usps,In Transit
21621,2385,15-11-2021,,fedex,Cancelled
21622,47608,17-05-2021,,usps,Shipped
21623,25129,15-02-2023,,fedex,Delivered
21624,11055,22-01-2020,27-01-2020,fedex,Returned
21625,59809,01-07-2024,,fedex,Delivered
21626,80216,20-05-2022,04-06-2022,dhl,Returned
21627,42144,12-12-2022,,fedex,Delivered
21628,16032,02-04-2024,,ups,In Transit
21629,85090,03-11-2024,,ups,Delivered
21630,80536,04-09-2022,14-09-2022,ups,Returned
21631,2510,11-05-2023,,fedex,Delivered
21632,7103,15-05-2021,,delhivery,Delivered
21633,92407,29-09-2020,,fedex,Delivered
21634,50160,13-02-2021,,fedex,Delivered
21635,52558,29-06-2022,,fedex,Delivered
21636,18232,21-04-2023,,bluedart,Delivered
21637,18339,11-06-2023,,bluedart,In Transit
21638,94064,31-03-2022,,dhl,Delivered
21639,73470,22-11-2020,05-12-2020,bluedart,Returned
21640,65034,15-03-2023,,bluedart,Delivered
21641,24716,03-04-2023,,ups,Delivered
21642,57063,17-06-2024,,delhivery,In Transit
21643,49080,27-05-2023,,dhl,In Transit
21644,56760,05-04-2024,,fedex,In Transit
21645,9784,02-01-2025,,usps,Delivered
21646,17916,27-03-2024,,fedex,Shipped
21647,65099,25-09-2020,,ups,Delivered
21648,21948,19-10-2020,,fedex,Delivered
21649,60040,08-08-2023,,fedex,Cancelled
21650,67790,18-03-2023,,fedex,Delivered
21651,3743,15-01-2024,,dhl,Shipped
21652,43567,24-08-2023,,fedex,Delivered
21653,34014,22-07-2020,,dhl,Delivered
21654,82759,19-08-2023,,fedex,Shipped
21655,84393,14-11-2022,,fedex,Delivered
21656,80331,08-04-2021,,fedex,Shipped
21657,70419,26-12-2023,,dhl,Delivered
21658,49176,24-07-2024,,fedex,Cancelled
21659,35326,03-04-2020,,usps,Delivered
21660,6768,30-03-2020,,fedex,Delivered
21661,10743,19-04-2023,,fedex,Shipped
21662,93362,27-11-2022,,dhl,Cancelled
21663,70366,28-02-2021,,ups,Delivered
21664,45993,08-02-2023,,fedex,Shipped
21665,32819,29-03-2024,,fedex,Delivered
21666,7485,12-01-2021,,fedex,Delivered
21667,79577,06-07-2021,,bluedart,Delivered
21668,89099,28-03-2023,23-04-2023,fedex,Returned
21669,24406,30-07-2022,,delhivery,Shipped
21670,44574,23-08-2021,,delhivery,Delivered
21671,49788,10-05-2020,,fedex,Cancelled
21672,21275,30-12-2024,,fedex,Delivered
21673,58967,21-05-2024,,dhl,Delivered
21674,74494,07-04-2024,,fedex,Delivered
21675,74887,05-05-2020,,fedex,Delivered
21676,65900,07-03-2024,,dhl,Delivered
21677,24192,23-11-2023,,bluedart,Delivered
21678,33132,27-05-2022,,fedex,Shipped
21679,95148,05-02-2021,,dhl,Delivered
21680,99809,01-11-2023,,fedex,Delivered
21681,18713,14-10-2023,,fedex,Delivered
21682,76231,06-01-2020,,ups,Delivered
21683,51600,15-03-2021,,fedex,Delivered
21684,77040,16-12-2020,,fedex,Cancelled
21685,66602,09-04-2023,,fedex,Delivered
21686,99295,30-12-2023,,dhl,Delivered
21687,63176,07-12-2023,,fedex,Delivered
21688,54462,12-07-2020,,dhl,Delivered
21689,4735,19-01-2022,,fedex,Delivered
21690,65236,12-01-2020,,dhl,Delivered
21691,38005,04-12-2022,,usps,Delivered
21692,12935,27-12-2020,,bluedart,Delivered
21693,7154,14-04-2023,09-05-2023,dhl,Returned
21694,69549,05-01-2021,,fedex,Cancelled
21695,56683,11-03-2023,,fedex,Delivered
21696,20324,12-11-2020,,dhl,Delivered
21697,5887,15-07-2023,,fedex,Delivered
21698,76483,04-11-2020,,fedex,Delivered
21699,76844,26-11-2022,,dhl,Delivered
21700,82588,03-10-2023,,fedex,Delivered
21701,96712,01-09-2021,,fedex,Delivered
21702,13914,16-07-2020,,fedex,Shipped
21703,87566,15-02-2022,,dhl,Delivered
21704,61792,02-02-2022,,fedex,Cancelled
21705,7422,13-08-2020,04-09-2020,fedex,Returned
21706,93224,25-09-2022,,delhivery,Delivered
21707,86991,19-01-2022,,dhl,Delivered
21708,1640,21-09-2021,,delhivery,Delivered
21709,33531,09-06-2022,,fedex,Delivered
21710,42733,23-02-2023,,dhl,Delivered
21711,53344,28-04-2020,,dhl,Delivered
21712,15191,01-07-2024,,fedex,Shipped
21713,65350,19-02-2021,,fedex,Delivered
21714,71059,03-04-2021,,fedex,Delivered
21715,57202,15-05-2023,,fedex,Delivered
21716,35320,14-11-2022,,fedex,Delivered
21717,42158,04-01-2020,,fedex,Delivered
21718,4463,09-07-2022,,delhivery,Delivered
21719,80244,19-10-2020,,bluedart,In Transit
21720,19201,08-12-2022,,fedex,Shipped
21721,64668,15-12-2024,,usps,Delivered
21722,52020,08-03-2022,03-04-2022,bluedart,Returned
21723,59613,28-05-2022,18-06-2022,bluedart,Returned
21724,46275,02-09-2022,,fedex,Delivered
21725,7530,23-06-2020,,dhl,Delivered
21726,83746,27-08-2023,,usps,Delivered
21727,73356,27-02-2022,,bluedart,Shipped
21728,9876,15-07-2021,,fedex,Delivered
21729,98952,13-06-2023,,dhl,In Transit
21730,22764,07-11-2024,,fedex,Delivered
21731,7562,21-11-2022,,fedex,Delivered
21732,32379,27-01-2020,,fedex,Shipped
21733,39425,29-02-2020,,fedex,Shipped
21734,79843,27-07-2020,,fedex,Delivered
21735,40173,10-05-2023,,dhl,Delivered
21736,89174,18-04-2020,,fedex,Delivered
21737,58269,25-04-2020,,fedex,Delivered
21738,28934,18-09-2021,,fedex,Cancelled
21739,20970,22-03-2020,,fedex,Delivered
21740,42309,25-10-2023,01-11-2023,fedex,Returned
21741,90742,13-07-2022,,ups,Delivered
21742,24977,19-01-2022,,bluedart,Delivered
21743,4806,16-02-2024,24-02-2024,ups,Returned
21744,85805,25-11-2023,,fedex,Delivered
21745,75878,22-03-2021,,ups,Delivered
21746,73247,24-11-2022,,usps,Delivered
21747,9823,06-02-2024,,fedex,Delivered
21748,97979,08-01-2024,,fedex,Delivered
21749,64173,08-08-2024,,bluedart,Delivered
21750,65325,25-11-2020,,dhl,Delivered
21751,18224,23-04-2020,,fedex,Delivered
21752,78715,10-05-2024,,fedex,Shipped
21753,7541,22-07-2023,,fedex,Delivered
21754,2967,30-03-2021,,fedex,Delivered
21755,90297,01-02-2022,,fedex,Shipped
21756,71033,05-04-2023,03-05-2023,dhl,Returned
21757,79950,11-08-2021,,dhl,Cancelled
21758,2130,10-01-2024,,usps,Delivered
21759,99992,10-04-2023,,fedex,Delivered
21760,17159,03-11-2020,,fedex,Cancelled
21761,57521,16-10-2023,,dhl,Delivered
21762,43541,07-06-2024,,delhivery,Delivered
21763,10193,30-07-2021,,bluedart,Shipped
21764,50060,13-01-2020,,fedex,Delivered
21765,4756,14-05-2024,,fedex,Delivered
21766,29745,11-12-2020,25-12-2020,fedex,Returned
21767,4821,13-07-2021,,fedex,Delivered
21768,49371,16-01-2024,,fedex,Delivered
21769,3901,31-07-2024,,fedex,Delivered
21770,30752,26-10-2024,,fedex,Delivered
21771,7056,08-02-2022,,delhivery,Delivered
21772,15635,16-05-2020,,bluedart,Delivered
21773,11955,29-03-2024,,bluedart,Shipped
21774,29821,12-07-2021,,delhivery,Delivered
21775,7857,02-11-2021,,ups,Delivered
21776,76510,02-12-2023,,fedex,Delivered
21777,78438,08-09-2024,,fedex,Delivered
21778,16383,20-11-2020,,fedex,Delivered
21779,30805,10-12-2024,,fedex,Delivered
21780,63953,08-11-2021,,dhl,Delivered
21781,97835,26-08-2021,,fedex,Delivered
21782,91044,16-02-2022,07-03-2022,bluedart,Returned
21783,66254,25-06-2020,,delhivery,Cancelled
21784,77366,17-12-2021,,fedex,Delivered
21785,67215,28-01-2022,,bluedart,Delivered
21786,69883,23-04-2022,,fedex,Delivered
21787,25341,06-02-2023,,dhl,Delivered
21788,72317,01-01-2023,,usps,Delivered
21789,52348,20-11-2024,,ups,Delivered
21790,8630,14-06-2020,,fedex,Delivered
21791,72890,02-06-2020,,delhivery,Delivered
21792,52419,07-10-2021,,dhl,Delivered
21793,47985,10-07-2021,,fedex,Delivered
21794,24274,25-01-2021,,fedex,Delivered
21795,90397,22-05-2021,30-05-2021,fedex,Returned
21796,67821,26-04-2024,,fedex,Shipped
21797,44461,06-01-2023,,bluedart,Delivered
21798,32583,27-12-2023,,usps,Delivered
21799,19013,03-03-2021,,ups,Delivered
21800,47373,16-03-2020,12-04-2020,dhl,Returned
21801,15970,18-05-2021,,ups,Shipped
21802,7590,09-09-2024,,fedex,Shipped
21803,84966,28-07-2022,,delhivery,Delivered
21804,48986,26-11-2024,,usps,Delivered
21805,84257,08-07-2024,,dhl,Delivered
21806,61602,27-07-2023,,fedex,Delivered
21807,15606,13-05-2021,,fedex,Delivered
21808,69760,01-02-2023,,usps,Shipped
21809,81850,31-07-2023,,ups,Delivered
21810,37267,01-01-2024,,dhl,Delivered
21811,57367,10-08-2021,,fedex,Delivered
21812,35228,20-04-2020,,dhl,Shipped
21813,30555,26-10-2020,,fedex,Delivered
21814,27748,25-11-2024,,ups,Delivered
21815,91112,15-04-2020,,fedex,Delivered
21816,24157,26-08-2024,,ups,Delivered
21817,2535,31-12-2020,,delhivery,Delivered
21818,94024,03-09-2022,,fedex,Delivered
21819,42992,21-10-2021,,fedex,Delivered
21820,3382,02-03-2021,,delhivery,Delivered
21821,34334,03-08-2020,,fedex,Delivered
21822,8701,20-01-2023,,usps,Delivered
21823,80471,29-10-2022,,usps,Delivered
21824,26310,03-10-2021,,fedex,Delivered
21825,83261,24-11-2021,,usps,Delivered
21826,38681,19-04-2024,,dhl,Delivered
21827,71386,11-04-2024,,fedex,Delivered
21828,82899,24-01-2021,,fedex,Shipped
21829,73208,25-04-2022,,fedex,Delivered
21830,35174,08-06-2022,,ups,Delivered
21831,9893,09-12-2021,,dhl,Shipped
21832,59824,12-08-2020,,ups,Delivered
21833,58443,15-07-2022,,fedex,Shipped
21834,42222,01-03-2022,,dhl,Delivered
21835,29635,15-05-2024,,usps,Delivered
21836,41404,23-04-2020,,dhl,Delivered
21837,61410,17-01-2024,,fedex,Delivered
21838,99485,15-07-2024,,fedex,Delivered
21839,67022,08-07-2021,,dhl,Delivered
21840,96172,09-03-2024,,usps,Delivered
21841,3021,01-09-2021,,dhl,Shipped
21842,35900,23-08-2020,,bluedart,Delivered
21843,50154,23-10-2022,,fedex,Delivered
21844,20462,03-05-2021,,ups,Delivered
21845,47585,23-02-2022,,fedex,Delivered
21846,15560,26-04-2023,,dhl,Delivered
21847,97851,14-08-2024,,fedex,Delivered
21848,7208,19-07-2020,,bluedart,Delivered
21849,19972,25-06-2023,,bluedart,Delivered
21850,36769,03-09-2021,,delhivery,Delivered
21851,13462,10-11-2020,09-12-2020,fedex,Returned
21852,85866,08-01-2024,,bluedart,Delivered
21853,32536,06-08-2021,,bluedart,Delivered
21854,95649,09-08-2024,,fedex,Delivered
21855,50541,10-01-2024,,fedex,Delivered
21856,37772,02-05-2021,,bluedart,Delivered
21857,96068,19-07-2020,,ups,Delivered
21858,46428,10-01-2020,,dhl,Cancelled
21859,71438,11-05-2020,,fedex,Delivered
21860,42828,29-07-2020,,bluedart,Shipped
21861,32637,22-10-2023,,bluedart,Delivered
21862,84245,27-10-2024,,usps,Shipped
21863,5007,05-01-2024,,bluedart,Cancelled
21864,84505,14-05-2022,,dhl,Shipped
21865,76066,29-09-2020,,delhivery,Shipped
21866,64141,03-12-2022,,fedex,Shipped
21867,87653,15-09-2021,,fedex,Delivered
21868,99377,29-04-2024,,bluedart,Delivered
21869,21175,12-05-2021,,fedex,Delivered
21870,77564,01-05-2022,,bluedart,Delivered
21871,4745,30-11-2020,,bluedart,Shipped
21872,31362,19-05-2023,,dhl,Delivered
21873,4493,15-03-2023,,fedex,Delivered
21874,72700,12-11-2024,,ups,Shipped
21875,31252,09-03-2023,,fedex,Delivered
21876,70863,06-07-2022,,fedex,Delivered
21877,1350,14-04-2022,,dhl,Delivered
21878,30136,27-05-2020,,delhivery,Delivered
21879,16534,28-06-2020,,fedex,Delivered
21880,28413,18-07-2022,,fedex,Delivered
21881,99136,26-06-2022,,dhl,Delivered
21882,73096,30-01-2021,,bluedart,Delivered
21883,76161,05-06-2020,,ups,Shipped
21884,3421,22-01-2021,,fedex,Delivered
21885,97694,04-09-2023,,fedex,Delivered
21886,39091,27-12-2024,,bluedart,Delivered
21887,20220,24-07-2022,,fedex,Delivered
21888,37472,21-08-2024,,fedex,Delivered
21889,85565,17-10-2022,,fedex,Delivered
21890,92573,17-10-2023,,fedex,Cancelled
21891,79569,25-09-2023,,ups,Delivered
21892,1205,11-02-2021,,dhl,Delivered
21893,18555,06-05-2024,,fedex,Delivered
21894,58140,27-02-2023,,fedex,Delivered
21895,85211,27-06-2022,25-07-2022,fedex,Returned
21896,58588,20-04-2020,,dhl,Delivered
21897,94158,30-08-2023,,usps,Delivered
21898,15115,19-06-2020,,bluedart,Delivered
21899,25033,08-02-2024,,dhl,Delivered
21900,14181,09-12-2024,30-12-2024,fedex,Returned
21901,54385,04-04-2021,,fedex,Delivered
21902,34664,17-06-2021,,ups,Delivered
21903,48869,13-05-2020,,fedex,Delivered
21904,6090,05-12-2021,,fedex,Delivered
21905,13326,07-12-2020,,fedex,Delivered
21906,3128,15-01-2022,07-02-2022,dhl,Returned
21907,1951,12-04-2021,,fedex,Delivered
21908,85348,23-06-2024,,fedex,Delivered
21909,13695,07-08-2020,,fedex,Delivered
21910,31974,17-07-2020,,bluedart,Cancelled
21911,67101,19-05-2024,27-05-2024,dhl,Returned
21912,90508,20-03-2022,,fedex,Delivered
21913,57255,26-06-2024,,fedex,Delivered
21914,52193,10-06-2024,,dhl,Delivered
21915,16029,04-07-2023,31-07-2023,delhivery,Returned
21916,28165,01-01-2023,,fedex,Delivered
21917,95677,28-01-2021,,bluedart,Delivered
21918,22153,19-02-2023,,dhl,Shipped
21919,95343,22-03-2022,,bluedart,Delivered
21920,76157,06-11-2022,,fedex,Delivered
21921,83329,02-02-2021,,usps,Delivered
21922,14603,11-09-2024,,dhl,Delivered
21923,97356,21-03-2020,,dhl,Delivered
21924,46358,14-12-2023,,ups,Delivered
21925,3123,29-08-2023,,fedex,Cancelled
21926,59202,27-11-2020,,delhivery,Delivered
21927,20767,20-09-2024,,dhl,Delivered
21928,26337,09-12-2024,,fedex,Delivered
21929,12518,18-06-2022,,fedex,Delivered
21930,13156,09-08-2024,,bluedart,Delivered
21931,36114,04-03-2023,,fedex,Cancelled
21932,22433,06-04-2022,,bluedart,Delivered
21933,16760,27-03-2022,,ups,Delivered
21934,48040,22-06-2023,,fedex,Delivered
21935,96350,14-12-2023,,bluedart,Delivered
21936,65117,27-03-2022,,fedex,Cancelled
21937,84704,30-08-2023,,ups,Delivered
21938,4595,09-01-2020,,fedex,Delivered
21939,92498,12-09-2023,,bluedart,Delivered
21940,3937,09-03-2024,,ups,Delivered
21941,54065,19-06-2020,,fedex,Delivered
21942,10188,03-03-2023,,ups,Delivered
21943,85952,24-06-2023,,fedex,Shipped
21944,7618,15-04-2023,,fedex,Delivered
21945,82930,28-01-2022,,fedex,Delivered
21946,12550,04-09-2022,,fedex,Delivered
21947,51546,18-09-2023,,fedex,Delivered
21948,40041,27-03-2023,,dhl,Delivered
21949,64714,20-06-2020,,dhl,Delivered
21950,79476,04-08-2021,,fedex,Delivered
21951,84819,10-09-2021,,bluedart,Shipped
21952,31891,16-11-2021,,dhl,Delivered
21953,1082,24-05-2022,15-06-2022,dhl,Returned
21954,51792,22-01-2021,,delhivery,Delivered
21955,44611,16-02-2024,,dhl,Delivered
21956,23828,02-11-2021,,fedex,Delivered
21957,69837,19-02-2021,,dhl,Delivered
21958,17311,06-03-2023,,ups,Delivered
21959,29127,07-11-2023,,fedex,Delivered
21960,13045,19-02-2022,,fedex,Delivered
21961,77633,16-02-2023,,ups,Delivered
21962,83003,21-10-2020,,bluedart,Delivered
21963,94379,26-10-2020,,dhl,Delivered
21964,83632,05-03-2021,,fedex,Delivered
21965,49834,15-12-2020,,fedex,Delivered
21966,26894,27-02-2024,,fedex,Delivered
21967,11457,08-03-2020,,fedex,Delivered
21968,25428,15-03-2021,,bluedart,Delivered
21969,39408,08-03-2020,,dhl,Delivered
21970,92385,21-09-2024,,fedex,Delivered
21971,80245,29-08-2024,,fedex,Delivered
21972,82428,20-07-2020,,fedex,Delivered
21973,93430,19-02-2024,,fedex,Delivered
21974,25127,23-09-2021,,ups,Delivered
21975,65408,07-08-2021,,dhl,Delivered
21976,47499,31-03-2022,,ups,Delivered
21977,70357,09-01-2025,,fedex,Delivered
21978,32234,15-05-2020,,bluedart,Delivered
21979,6925,09-10-2020,,dhl,Delivered
21980,51643,22-01-2023,,usps,Cancelled
21981,88413,01-12-2023,,ups,Delivered
21982,77494,25-12-2023,,fedex,Shipped
21983,36732,17-11-2023,,usps,Delivered
21984,83863,27-04-2023,,bluedart,Delivered
21985,72522,09-02-2023,,fedex,Delivered
21986,82139,23-12-2021,,bluedart,Cancelled
21987,41290,25-05-2021,,fedex,Delivered
21988,65401,21-06-2023,,dhl,Delivered
21989,61338,05-01-2021,,bluedart,Delivered
21990,95190,05-06-2024,,ups,Delivered
21991,10712,21-10-2020,,fedex,Delivered
21992,17599,06-02-2021,,bluedart,Delivered
21993,14372,26-02-2021,,bluedart,Delivered
21994,65595,07-04-2020,,fedex,In Transit
21995,85026,09-10-2021,02-11-2021,fedex,Returned
21996,27370,13-10-2021,,fedex,Delivered
21997,95544,07-10-2022,26-10-2022,fedex,Returned
21998,33151,10-06-2020,,fedex,Delivered
21999,29378,10-08-2024,,usps,Shipped
22000,64806,13-05-2023,,fedex,Cancelled
